timestamp,open,high,low,close,volume
2025-11-11 21:15:00+00:00,88895,88943,88705,88710,13.03856474
2025-11-11 21:30:00+00:00,88710,88730,88437,88516,8.21038159
2025-11-11 21:45:00+00:00,88551,88759,88440,88596,6.79232012
2025-11-11 22:00:00+00:00,88580,88753,88470,88689,3.50458797
2025-11-11 22:15:00+00:00,88669,88888,88524,88849,4.04874921
2025-11-11 22:30:00+00:00,88843,88956,88778,88941,0.96226877
2025-11-11 22:45:00+00:00,88931,89013,88845,88898,3.3536679
2025-11-11 23:00:00+00:00,88877,88914,88734,88883,1.34641859
2025-11-11 23:15:00+00:00,88935,89102,88911,89016,2.21884015
2025-11-11 23:30:00+00:00,88927,88946,88741,88908,6.39722818
2025-11-11 23:45:00+00:00,88894,88999,88776,88945,4.42173985
2025-11-12 00:00:00+00:00,88948,89169,88753,88852,6.80591545
2025-11-12 00:15:00+00:00,88823,89072,88805,88962,3.00621524
2025-11-12 00:30:00+00:00,88962,88986,88789,88884,4.21972619
2025-11-12 00:45:00+00:00,88925,88976,88779,88828,5.62153186
2025-11-12 01:00:00+00:00,88824,89115,88665,89082,4.05392402
2025-11-12 01:15:00+00:00,89082,89175,88977,89070,2.75159616
2025-11-12 01:30:00+00:00,89141,89200,89067,89090,0.73180901
2025-11-12 01:45:00+00:00,89077,89256,89077,89184,0.82497813
2025-11-12 02:00:00+00:00,89211,89261,89111,89206,0.80740233
2025-11-12 02:15:00+00:00,89225,89294,89148,89213,1.66323924
2025-11-12 02:30:00+00:00,89187,89187,88909,88941,7.85615994
2025-11-12 02:45:00+00:00,88993,89154,88936,89070,5.53636804
2025-11-12 03:00:00+00:00,89065,89184,89045,89128,2.09998468
2025-11-12 03:15:00+00:00,89116,89256,89114,89206,1.3950709
2025-11-12 03:30:00+00:00,89217,89257,89186,89240,2.07446087
2025-11-12 03:45:00+00:00,89251,89326,89177,89222,3.36361461
2025-11-12 04:00:00+00:00,89225,89330,89154,89330,1.56668896
2025-11-12 04:15:00+00:00,89370,89370,89173,89185,1.88326225
2025-11-12 04:30:00+00:00,89154,89179,89025,89046,0.85533569
2025-11-12 04:45:00+00:00,89062,89217,89027,89213,0.56810245
2025-11-12 05:00:00+00:00,89264,89292,89213,89249,0.63068666
2025-11-12 05:15:00+00:00,89216,89362,89216,89300,5.75737759
2025-11-12 05:30:00+00:00,89281,89321,89208,89321,1.19717126
2025-11-12 05:45:00+00:00,89323,89377,89221,89323,0.64464418
2025-11-12 06:00:00+00:00,89318,89500,89289,89436,3.32010206
2025-11-12 06:15:00+00:00,89420,89534,89388,89431,4.04900407
2025-11-12 06:30:00+00:00,89431,89437,89296,89335,1.29411579
2025-11-12 06:45:00+00:00,89340,89367,89255,89264,3.17209177
2025-11-12 07:00:00+00:00,89259,89398,89229,89358,2.85252914
2025-11-12 07:15:00+00:00,89388,89388,89274,89296,1.25214195
2025-11-12 07:30:00+00:00,89295,89384,89242,89283,1.55707151
2025-11-12 07:45:00+00:00,89283,89283,88990,89041,5.68387482
2025-11-12 08:00:00+00:00,89040,89213,89040,89183,2.64024251
2025-11-12 08:15:00+00:00,89192,89706,89192,89662,8.34032661
2025-11-12 08:30:00+00:00,89706,89979,89580,89818,13.27269041
2025-11-12 08:45:00+00:00,89829,89997,89815,89960,8.19215823
2025-11-12 09:00:00+00:00,89960,90600,89954,90556,10.09980839
2025-11-12 09:15:00+00:00,90563,90794,90500,90503,5.72482126
2025-11-12 09:30:00+00:00,90514,90600,90214,90413,7.1126769
2025-11-12 09:45:00+00:00,90357,90386,90270,90340,5.17873175
2025-11-12 10:00:00+00:00,90359,90571,90350,90555,3.46142505
2025-11-12 10:15:00+00:00,90532,90651,90467,90559,7.17092292
2025-11-12 10:30:00+00:00,90570,90803,90517,90614,2.87712619
2025-11-12 10:45:00+00:00,90624,90706,90589,90669,1.02801841
2025-11-12 11:00:00+00:00,90669,90938,90653,90850,2.69852565
2025-11-12 11:15:00+00:00,90833,90918,90590,90620,3.05804969
2025-11-12 11:30:00+00:00,90576,90712,90547,90558,4.5009281
2025-11-12 11:45:00+00:00,90581,90769,90568,90768,7.36838251
2025-11-12 12:00:00+00:00,90744,90872,90590,90844,7.80876216
2025-11-12 12:15:00+00:00,90847,91000,90671,90687,7.14100684
2025-11-12 12:30:00+00:00,90669,90775,90557,90596,4.713864
2025-11-12 12:45:00+00:00,90588,90794,90585,90706,7.18753929
2025-11-12 13:00:00+00:00,90697,90732,90512,90618,6.09974865
2025-11-12 13:15:00+00:00,90618,90733,90387,90723,7.29202849
2025-11-12 13:30:00+00:00,90709,90897,90607,90815,7.08119634
2025-11-12 13:45:00+00:00,90812,90886,90752,90769,7.06199006
2025-11-12 14:00:00+00:00,90769,90769,90517,90718,10.32596274
2025-11-12 14:15:00+00:00,90718,90761,90576,90593,3.77552629
2025-11-12 14:30:00+00:00,90581,90684,90354,90490,9.0789047
2025-11-12 14:45:00+00:00,90555,90617,89532,89840,23.41840613
2025-11-12 15:00:00+00:00,89843,90103,89604,89606,8.18499698
2025-11-12 15:15:00+00:00,89613,89739,89203,89444,9.6701148
2025-11-12 15:30:00+00:00,89407,89572,88630,88713,12.049141
2025-11-12 15:45:00+00:00,88709,88770,88000,88142,24.6455379
2025-11-12 16:00:00+00:00,88105,88214,87393,87566,24.91750026
2025-11-12 16:15:00+00:00,87505,87890,87505,87833,10.43820276
2025-11-12 16:30:00+00:00,87780,88116,87697,87741,12.75945925
2025-11-12 16:45:00+00:00,87745,87839,87505,87523,6.2317647
2025-11-12 17:00:00+00:00,87532,87838,87500,87598,5.96185443
2025-11-12 17:15:00+00:00,87625,87703,87471,87643,7.83923866
2025-11-12 17:30:00+00:00,87633,88118,87607,87872,6.56130913
2025-11-12 17:45:00+00:00,87878,87883,87623,87784,6.84112218
2025-11-12 18:00:00+00:00,87784,87965,87642,87719,8.70671844
2025-11-12 18:15:00+00:00,87719,87857,87646,87668,5.02631685
2025-11-12 18:30:00+00:00,87664,87858,87564,87574,6.10577909
2025-11-12 18:45:00+00:00,87573,87675,87494,87647,7.00140817
2025-11-12 19:00:00+00:00,87627,87654,87216,87317,13.22859477
2025-11-12 19:15:00+00:00,87317,87455,87013,87262,11.96725651
2025-11-12 19:30:00+00:00,87252,87646,87079,87538,11.09654895
2025-11-12 19:45:00+00:00,87511,87554,87374,87433,3.63537147
2025-11-12 20:00:00+00:00,87400,87660,87307,87569,4.51815179
2025-11-12 20:15:00+00:00,87556,87851,87545,87817,6.18834941
2025-11-12 20:30:00+00:00,87805,87912,87711,87770,6.46068601
2025-11-12 20:45:00+00:00,87760,87806,87586,87633,5.19378942
2025-11-12 21:00:00+00:00,87633,87980,87631,87974,10.13769994
2025-11-12 21:15:00+00:00,87961,87961,87799,87813,2.53518224
2025-11-12 21:30:00+00:00,87814,87985,87814,87889,6.68554735
2025-11-12 21:45:00+00:00,87868,87955,87818,87955,6.02478801
2025-11-12 22:00:00+00:00,87912,87912,87548,87555,2.80842964
2025-11-12 22:15:00+00:00,87569,87806,87559,87745,2.79975403
2025-11-12 22:30:00+00:00,87769,87875,87683,87875,1.38875901
2025-11-12 22:45:00+00:00,87868,88027,87832,88014,2.03525386
2025-11-12 23:00:00+00:00,88009,88009,87673,87812,2.39421053
2025-11-12 23:15:00+00:00,87832,88004,87832,87911,4.67317981
2025-11-12 23:30:00+00:00,87920,87942,87630,87630,3.76931536
2025-11-12 23:45:00+00:00,87637,87746,87554,87723,3.69637624
2025-11-13 00:00:00+00:00,87700,87849,87682,87793,3.58955881
2025-11-13 00:15:00+00:00,87797,87899,87564,87604,5.58735607
2025-11-13 00:30:00+00:00,87650,88101,87643,87915,7.66033203
2025-11-13 00:45:00+00:00,87948,88038,87892,87972,1.33587197
2025-11-13 01:00:00+00:00,87941,88593,87941,88415,5.75860565
2025-11-13 01:15:00+00:00,88379,88492,87969,88074,5.81639736
2025-11-13 01:30:00+00:00,88066,88437,88054,88433,1.77129053
2025-11-13 01:45:00+00:00,88412,88412,88000,88030,1.46515072
2025-11-13 02:00:00+00:00,88039,88198,88005,88181,2.00973289
2025-11-13 02:15:00+00:00,88155,88324,88056,88065,1.23434092
2025-11-13 02:30:00+00:00,88073,88341,88053,88148,3.66593309
2025-11-13 02:45:00+00:00,88101,88161,88057,88104,1.44679176
2025-11-13 03:00:00+00:00,88073,88110,87439,87459,3.33800348
2025-11-13 03:15:00+00:00,87430,88162,87100,88100,15.19719321
2025-11-13 03:30:00+00:00,88231,88531,88197,88397,6.33429022
2025-11-13 03:45:00+00:00,88419,88513,88138,88138,6.6621312
2025-11-13 04:00:00+00:00,88139,88189,87733,88010,10.40190399
2025-11-13 04:15:00+00:00,88027,88388,87894,88157,10.29079907
2025-11-13 04:30:00+00:00,88157,88220,87976,88035,2.44910593
2025-11-13 04:45:00+00:00,88000,88225,87868,88118,4.4982969
2025-11-13 05:00:00+00:00,88093,88104,87862,87930,3.42156646
2025-11-13 05:15:00+00:00,87940,88286,87940,88258,3.56568877
2025-11-13 05:30:00+00:00,88260,88564,88225,88551,9.47535362
2025-11-13 05:45:00+00:00,88559,89293,88515,89062,11.30984705
2025-11-13 06:00:00+00:00,89116,89278,88871,89102,14.26934086
2025-11-13 06:15:00+00:00,89101,89476,89093,89439,10.95810276
2025-11-13 06:30:00+00:00,89431,89467,89220,89328,6.33647336
2025-11-13 06:45:00+00:00,89324,89500,89292,89424,10.91731145
2025-11-13 07:00:00+00:00,89432,89610,89429,89581,11.43508756
2025-11-13 07:15:00+00:00,89562,89793,89523,89657,12.35299246
2025-11-13 07:30:00+00:00,89670,89718,89210,89229,15.33164124
2025-11-13 07:45:00+00:00,89212,89244,88979,89098,14.79592425
2025-11-13 08:00:00+00:00,89147,89221,88928,89058,6.46305861
2025-11-13 08:15:00+00:00,89045,89353,89000,89306,2.17058055
2025-11-13 08:30:00+00:00,89306,89390,89227,89390,2.12744506
2025-11-13 08:45:00+00:00,89410,89414,89123,89176,6.59086464
2025-11-13 09:00:00+00:00,89210,89235,88158,88395,16.13109091
2025-11-13 09:15:00+00:00,88416,88700,88217,88533,6.31140306
2025-11-13 09:30:00+00:00,88436,88808,88436,88743,12.25489804
2025-11-13 09:45:00+00:00,88769,88769,88334,88504,9.00628176
2025-11-13 10:00:00+00:00,88530,88744,88498,88506,6.1790049
2025-11-13 10:15:00+00:00,88499,88868,88481,88710,9.25109156
2025-11-13 10:30:00+00:00,88678,88758,88544,88678,7.99926156
2025-11-13 10:45:00+00:00,88661,88694,88579,88666,5.30514648
2025-11-13 11:00:00+00:00,88665,88788,88665,88760,6.61096376
2025-11-13 11:15:00+00:00,88759,88795,88591,88609,7.44542774
2025-11-13 11:30:00+00:00,88618,88683,88412,88670,8.48334953
2025-11-13 11:45:00+00:00,88668,88800,88624,88689,4.58676623
2025-11-13 12:00:00+00:00,88692,88872,88510,88611,16.80184243
2025-11-13 12:15:00+00:00,88642,88721,88586,88654,3.7059098
2025-11-13 12:30:00+00:00,88648,88903,88618,88819,4.39813744
2025-11-13 12:45:00+00:00,88824,88898,88724,88759,5.59895321
2025-11-13 13:00:00+00:00,88759,88779,88556,88586,3.73417032
2025-11-13 13:15:00+00:00,88587,88601,88165,88288,16.70200494
2025-11-13 13:30:00+00:00,88247,88375,87950,88304,20.69718389
2025-11-13 13:45:00+00:00,88316,88388,88014,88066,8.53282574
2025-11-13 14:00:00+00:00,88063,88222,87901,87982,11.04406921
2025-11-13 14:15:00+00:00,87976,88253,87858,88131,11.48803176
2025-11-13 14:30:00+00:00,88179,88314,87500,87576,30.03975415
2025-11-13 14:45:00+00:00,87567,88950,87531,88482,35.33854054
2025-11-13 15:00:00+00:00,88430,88454,87728,88448,17.93575862
2025-11-13 15:15:00+00:00,88485,88571,87782,87887,14.41353062
2025-11-13 15:30:00+00:00,87895,87895,87245,87287,16.6183509
2025-11-13 15:45:00+00:00,87306,87306,86929,87125,13.37083247
2025-11-13 16:00:00+00:00,87065,87233,86775,86931,14.35011858
2025-11-13 16:15:00+00:00,86916,86994,86496,86782,12.93925925
2025-11-13 16:30:00+00:00,86786,87089,86600,86660,15.20591928
2025-11-13 16:45:00+00:00,86658,86849,86311,86392,24.43302433
2025-11-13 17:00:00+00:00,86399,86528,86211,86317,12.7644737
2025-11-13 17:15:00+00:00,86328,86506,85959,86073,23.41424527
2025-11-13 17:30:00+00:00,86073,86229,85692,85833,20.15601709
2025-11-13 17:45:00+00:00,85843,85959,85492,85513,22.39155863
2025-11-13 18:00:00+00:00,85501,85748,85222,85284,38.99629084
2025-11-13 18:15:00+00:00,85291,85474,84736,85051,53.62117827
2025-11-13 18:30:00+00:00,85068,85093,84322,84745,61.01602587
2025-11-13 18:45:00+00:00,84736,84929,84295,84693,29.36094543
2025-11-13 19:00:00+00:00,84715,84993,84440,84762,38.59930943
2025-11-13 19:15:00+00:00,84747,85317,84511,85210,25.36661085
2025-11-13 19:30:00+00:00,85213,85248,84666,85000,12.76736703
2025-11-13 19:45:00+00:00,85022,85035,84500,84807,22.29686168
2025-11-13 20:00:00+00:00,84803,84803,84295,84458,11.1704702
2025-11-13 20:15:00+00:00,84457,84713,84191,84620,17.58509144
2025-11-13 20:30:00+00:00,84627,85032,84484,84671,14.78906503
2025-11-13 20:45:00+00:00,84658,84694,84250,84324,16.58115963
2025-11-13 21:00:00+00:00,84316,84819,84200,84743,16.15935742
2025-11-13 21:15:00+00:00,84750,84753,84398,84663,11.05743175
2025-11-13 21:30:00+00:00,84661,84931,84632,84909,13.9566203
2025-11-13 21:45:00+00:00,84921,84983,84785,84913,11.54057081
2025-11-13 22:00:00+00:00,84898,85389,84820,85330,12.43479758
2025-11-13 22:15:00+00:00,85330,85570,85199,85521,8.2810846
2025-11-13 22:30:00+00:00,85532,85905,85433,85756,5.73710218
2025-11-13 22:45:00+00:00,85769,85881,85649,85845,3.38684993
2025-11-13 23:00:00+00:00,85816,86100,85620,86088,7.24488711
2025-11-13 23:15:00+00:00,86083,86368,86058,86195,7.36739642
2025-11-13 23:30:00+00:00,86201,86430,86179,86354,5.08251214
2025-11-13 23:45:00+00:00,86328,86328,85618,85693,15.13239532
2025-11-14 00:00:00+00:00,85701,85742,85211,85367,12.90580354
2025-11-14 00:15:00+00:00,85351,85560,84950,85495,10.55260365
2025-11-14 00:30:00+00:00,85523,85776,85147,85420,8.20737856
2025-11-14 00:45:00+00:00,85417,85429,84867,85063,7.73687791
2025-11-14 01:00:00+00:00,85036,85189,84850,85029,5.69272275
2025-11-14 01:15:00+00:00,84990,85443,84912,85197,8.80850005
2025-11-14 01:30:00+00:00,85216,85588,85088,85272,6.08784522
2025-11-14 01:45:00+00:00,85333,85488,85242,85313,8.89586483
2025-11-14 02:00:00+00:00,85313,85603,85307,85554,5.27350597
2025-11-14 02:15:00+00:00,85540,85834,85540,85685,3.48343628
2025-11-14 02:30:00+00:00,85709,85835,85651,85813,1.99849348
2025-11-14 02:45:00+00:00,85790,85799,85500,85612,2.23696824
2025-11-14 03:00:00+00:00,85633,85634,85363,85365,0.8074006
2025-11-14 03:15:00+00:00,85370,85370,85152,85328,1.89084056
2025-11-14 03:30:00+00:00,85296,85330,84915,84941,5.739548
2025-11-14 03:45:00+00:00,84974,85187,84864,85180,2.87995636
2025-11-14 04:00:00+00:00,85198,85198,84873,84952,0.98531013
2025-11-14 04:15:00+00:00,84969,85059,84829,85031,4.11226368
2025-11-14 04:30:00+00:00,85021,85021,83070,83787,69.7003445
2025-11-14 04:45:00+00:00,83888,84372,83520,84022,22.02754519
2025-11-14 05:00:00+00:00,83981,84202,83690,83708,7.01724737
2025-11-14 05:15:00+00:00,83739,84030,83555,83561,10.65681965
2025-11-14 05:30:00+00:00,83579,83822,83331,83567,10.71499646
2025-11-14 05:45:00+00:00,83564,83883,83478,83735,10.9018622
2025-11-14 06:00:00+00:00,83737,83737,83262,83406,10.80838876
2025-11-14 06:15:00+00:00,83397,83422,83141,83292,34.51157481
2025-11-14 06:30:00+00:00,83286,83349,83028,83102,38.49274918
2025-11-14 06:45:00+00:00,83090,83849,82375,83805,66.69504925
2025-11-14 07:00:00+00:00,83800,83939,83249,83621,11.16570026
2025-11-14 07:15:00+00:00,83600,83944,83520,83938,15.22971824
2025-11-14 07:30:00+00:00,83916,83935,83000,83397,28.68249465
2025-11-14 07:45:00+00:00,83463,83862,83414,83467,18.0395495
2025-11-14 08:00:00+00:00,83468,83495,83240,83308,20.8679487
2025-11-14 08:15:00+00:00,83292,83780,83248,83322,17.57453958
2025-11-14 08:30:00+00:00,83327,83583,83189,83529,18.10471323
2025-11-14 08:45:00+00:00,83523,83741,83346,83690,21.98984331
2025-11-14 09:00:00+00:00,83682,83872,83565,83667,7.25644846
2025-11-14 09:15:00+00:00,83674,83734,83399,83463,9.78800989
2025-11-14 09:30:00+00:00,83474,83540,83115,83540,15.54594044
2025-11-14 09:45:00+00:00,83540,83540,83201,83308,14.09889034
2025-11-14 10:00:00+00:00,83321,83486,83234,83386,4.14051486
2025-11-14 10:15:00+00:00,83405,83551,83362,83474,21.98387222
2025-11-14 10:30:00+00:00,83484,83743,83416,83661,7.99986712
2025-11-14 10:45:00+00:00,83660,83670,83200,83273,8.23572787
2025-11-14 11:00:00+00:00,83271,83447,83214,83316,4.87199394
2025-11-14 11:15:00+00:00,83314,83353,82957,83113,20.92585204
2025-11-14 11:30:00+00:00,83109,83127,82338,82728,37.37824845
2025-11-14 11:45:00+00:00,82814,82827,82385,82732,26.75927281
2025-11-14 12:00:00+00:00,82723,82723,82125,82184,21.4234042
2025-11-14 12:15:00+00:00,82197,82412,82075,82261,39.91221967
2025-11-14 12:30:00+00:00,82272,82376,81141,81427,83.83251683
2025-11-14 12:45:00+00:00,81416,81998,81327,81790,44.68339515
2025-11-14 13:00:00+00:00,81790,82077,81489,81515,34.08516819
2025-11-14 13:15:00+00:00,81550,81653,81206,81565,29.39489187
2025-11-14 13:30:00+00:00,81565,81656,81164,81304,22.48515428
2025-11-14 13:45:00+00:00,81321,82053,81158,81743,28.47751355
2025-11-14 14:00:00+00:00,81727,82293,81576,81886,31.10085945
2025-11-14 14:15:00+00:00,81894,82238,81840,81946,32.64655661
2025-11-14 14:30:00+00:00,81947,82917,81534,82827,38.63494184
2025-11-14 14:45:00+00:00,82827,83198,82681,82975,41.07039741
2025-11-14 15:00:00+00:00,82957,83038,82421,82554,17.1098475
2025-11-14 15:15:00+00:00,82557,83250,82487,83020,25.45272268
2025-11-14 15:30:00+00:00,83050,83323,82944,83285,22.04088122
2025-11-14 15:45:00+00:00,83244,83759,83226,83312,38.72980405
2025-11-14 16:00:00+00:00,83316,83334,82855,83049,24.31128856
2025-11-14 16:15:00+00:00,83035,83640,82814,83418,26.18030816
2025-11-14 16:30:00+00:00,83459,83811,83353,83503,19.19793998
2025-11-14 16:45:00+00:00,83556,83689,83397,83472,18.98388601
2025-11-14 17:00:00+00:00,83470,83571,83430,83499,8.43297015
2025-11-14 17:15:00+00:00,83487,83620,83076,83254,9.11679329
2025-11-14 17:30:00+00:00,83247,83247,82902,82916,18.1083242
2025-11-14 17:45:00+00:00,82940,82956,82292,82497,32.20506895
2025-11-14 18:00:00+00:00,82471,82888,82280,82884,13.81189099
2025-11-14 18:15:00+00:00,82887,82910,82367,82618,19.00579685
2025-11-14 18:30:00+00:00,82627,82741,81950,82032,18.29973893
2025-11-14 18:45:00+00:00,82042,82170,81690,81741,33.548855
2025-11-14 19:00:00+00:00,81770,82082,81535,82052,14.94924962
2025-11-14 19:15:00+00:00,82066,82500,82056,82354,12.17629124
2025-11-14 19:30:00+00:00,82354,82354,82033,82033,5.13209206
2025-11-14 19:45:00+00:00,82027,82437,81987,82381,9.56537296
2025-11-14 20:00:00+00:00,82420,82523,82018,82110,9.05750616
2025-11-14 20:15:00+00:00,82143,82192,81600,81636,12.74588613
2025-11-14 20:30:00+00:00,81623,81766,81007,81133,27.40401426
2025-11-14 20:45:00+00:00,81120,81210,81000,81115,18.16537322
2025-11-14 21:00:00+00:00,81139,81683,81029,81581,6.99268139
2025-11-14 21:15:00+00:00,81576,81800,81361,81403,14.38013073
2025-11-14 21:30:00+00:00,81403,81722,81377,81715,8.78274666
2025-11-14 21:45:00+00:00,81708,81800,81623,81725,6.97240907
2025-11-14 22:00:00+00:00,81731,82000,81440,81445,10.75972723
2025-11-14 22:15:00+00:00,81453,81931,81418,81902,11.24816765
2025-11-14 22:30:00+00:00,81885,82076,81848,81988,8.14590592
2025-11-14 22:45:00+00:00,81991,82090,81507,81805,14.32583253
2025-11-14 23:00:00+00:00,81815,81815,80811,81416,36.65429709
2025-11-14 23:15:00+00:00,81411,81515,80974,81119,6.73404843
2025-11-14 23:30:00+00:00,81141,81443,81000,81416,6.06936326
2025-11-14 23:45:00+00:00,81416,81695,81166,81311,5.93834038
2025-11-15 00:00:00+00:00,81362,81973,81319,81829,11.75565782
2025-11-15 00:15:00+00:00,81851,82067,81812,82029,16.02101295
2025-11-15 00:30:00+00:00,82029,82029,81609,81658,7.99520616
2025-11-15 00:45:00+00:00,81650,81834,81433,81809,3.26512253
2025-11-15 01:00:00+00:00,81845,81845,81477,81768,6.74832146
2025-11-15 01:15:00+00:00,81779,81951,81745,81795,1.76288345
2025-11-15 01:30:00+00:00,81802,82070,81802,82035,8.71912593
2025-11-15 01:45:00+00:00,82067,82375,81937,82269,15.76301507
2025-11-15 02:00:00+00:00,82241,82241,82054,82123,4.94431706
2025-11-15 02:15:00+00:00,82049,82451,82049,82435,0.65479322
2025-11-15 02:30:00+00:00,82434,82700,82238,82667,6.98452051
2025-11-15 02:45:00+00:00,82669,82962,82469,82954,4.64192886
2025-11-15 03:00:00+00:00,82954,82997,82756,82997,2.58511051
2025-11-15 03:15:00+00:00,82993,83250,82889,83118,10.98913518
2025-11-15 03:30:00+00:00,83120,83120,82672,82814,4.34098305
2025-11-15 03:45:00+00:00,82814,82907,82740,82901,1.75648764
2025-11-15 04:00:00+00:00,82901,82903,82635,82781,2.7697379
2025-11-15 04:15:00+00:00,82786,82972,82615,82615,1.46067926
2025-11-15 04:30:00+00:00,82628,82694,82511,82515,6.51667121
2025-11-15 04:45:00+00:00,82506,82728,82481,82645,6.4446816
2025-11-15 05:00:00+00:00,82656,82763,82534,82552,1.92560869
2025-11-15 05:15:00+00:00,82557,82753,82557,82621,4.14102908
2025-11-15 05:30:00+00:00,82595,82684,82538,82684,8.08269059
2025-11-15 05:45:00+00:00,82690,82920,82655,82849,2.37062058
2025-11-15 06:00:00+00:00,82836,82962,82767,82917,4.37315879
2025-11-15 06:15:00+00:00,82887,83001,82879,82920,3.00068019
2025-11-15 06:30:00+00:00,82895,83072,82638,82679,8.02393069
2025-11-15 06:45:00+00:00,82654,82859,82535,82698,6.55797441
2025-11-15 07:00:00+00:00,82684,82726,82538,82695,4.18955104
2025-11-15 07:15:00+00:00,82674,82882,82559,82820,5.55018345
2025-11-15 07:30:00+00:00,82840,82856,82663,82700,4.0202986
2025-11-15 07:45:00+00:00,82711,82892,82672,82871,5.56730661
2025-11-15 08:00:00+00:00,82888,82888,82573,82726,16.01189957
2025-11-15 08:15:00+00:00,82720,82725,82442,82583,7.35407254
2025-11-15 08:30:00+00:00,82571,82834,82485,82514,10.78940626
2025-11-15 08:45:00+00:00,82528,82564,82291,82529,10.54190778
2025-11-15 09:00:00+00:00,82529,82672,82311,82646,6.69402722
2025-11-15 09:15:00+00:00,82636,82712,82517,82545,6.83101478
2025-11-15 09:30:00+00:00,82549,82671,82476,82630,2.56479986
2025-11-15 09:45:00+00:00,82629,82629,82337,82444,5.70386645
2025-11-15 10:00:00+00:00,82436,82482,82334,82460,7.80059393
2025-11-15 10:15:00+00:00,82454,82531,82348,82474,2.68776005
2025-11-15 10:30:00+00:00,82507,82648,82417,82630,6.58350873
2025-11-15 10:45:00+00:00,82600,82626,82538,82550,2.7804711
2025-11-15 11:00:00+00:00,82546,82568,82406,82452,4.76530517
2025-11-15 11:15:00+00:00,82467,82468,82342,82430,6.56750436
2025-11-15 11:30:00+00:00,82424,82487,82354,82409,4.77784452
2025-11-15 11:45:00+00:00,82359,82390,82270,82330,4.59825405
2025-11-15 12:00:00+00:00,82321,82389,82221,82384,4.74992736
2025-11-15 12:15:00+00:00,82365,82478,82282,82462,4.98109972
2025-11-15 12:30:00+00:00,82462,82480,82303,82331,2.40186812
2025-11-15 12:45:00+00:00,82353,82478,82298,82432,1.80809491
2025-11-15 13:00:00+00:00,82441,82555,82357,82491,4.60913983
2025-11-15 13:15:00+00:00,82491,82750,82478,82660,11.2733961
2025-11-15 13:30:00+00:00,82675,82798,82593,82687,4.87199346
2025-11-15 13:45:00+00:00,82694,82933,82609,82931,8.89209707
2025-11-15 14:00:00+00:00,82912,83035,82879,83002,11.11743789
2025-11-15 14:15:00+00:00,83013,83018,82712,82740,7.41505864
2025-11-15 14:30:00+00:00,82716,82897,82635,82766,5.42356076
2025-11-15 14:45:00+00:00,82766,82893,82691,82822,4.9734951
2025-11-15 15:00:00+00:00,82802,82946,82705,82871,4.15975846
2025-11-15 15:15:00+00:00,82868,82983,82748,82939,2.72031239
2025-11-15 15:30:00+00:00,82930,82930,82715,82787,1.50314269
2025-11-15 15:45:00+00:00,82772,82930,82772,82841,4.09861967
2025-11-15 16:00:00+00:00,82837,82903,82400,82512,22.35194638
2025-11-15 16:15:00+00:00,82514,82646,82394,82432,7.42290967
2025-11-15 16:30:00+00:00,82441,82685,82380,82657,7.38987156
2025-11-15 16:45:00+00:00,82640,82772,82588,82743,2.5997036
2025-11-15 17:00:00+00:00,82743,82794,82493,82501,5.15659624
2025-11-15 17:15:00+00:00,82508,82925,82456,82613,10.84052467
2025-11-15 17:30:00+00:00,82551,82680,82500,82654,6.88514709
2025-11-15 17:45:00+00:00,82684,82832,82655,82780,4.64129557
2025-11-15 18:00:00+00:00,82804,82887,82740,82841,11.09163076
2025-11-15 18:15:00+00:00,82813,82830,82558,82654,4.84519004
2025-11-15 18:30:00+00:00,82637,82744,82588,82693,6.06227063
2025-11-15 18:45:00+00:00,82699,82725,82572,82638,3.46041108
2025-11-15 19:00:00+00:00,82638,82731,82614,82726,1.33455993
2025-11-15 19:15:00+00:00,82721,82721,82566,82654,1.50765929
2025-11-15 19:30:00+00:00,82632,82642,82531,82596,2.16414444
2025-11-15 19:45:00+00:00,82601,82667,82535,82609,1.96509454
2025-11-15 20:00:00+00:00,82621,82621,82483,82497,1.80323297
2025-11-15 20:15:00+00:00,82495,82496,82300,82361,4.8389316
2025-11-15 20:30:00+00:00,82333,82363,82090,82131,7.31290668
2025-11-15 20:45:00+00:00,82168,82222,81845,81960,31.16952666
2025-11-15 21:00:00+00:00,81967,82278,81908,82206,8.69832926
2025-11-15 21:15:00+00:00,82241,82312,82104,82108,2.00724999
2025-11-15 21:30:00+00:00,82078,82174,81877,81940,1.47883501
2025-11-15 21:45:00+00:00,81937,82008,81851,81978,3.99164502
2025-11-15 22:00:00+00:00,81980,82190,81931,82186,1.82215386
2025-11-15 22:15:00+00:00,82200,82310,82107,82277,1.54952711
2025-11-15 22:30:00+00:00,82264,82294,82068,82158,1.05178138
2025-11-15 22:45:00+00:00,82154,82299,82084,82276,4.15342366
2025-11-15 23:00:00+00:00,82291,82296,82159,82210,1.21938251
2025-11-15 23:15:00+00:00,82202,82327,82195,82295,1.65872532
2025-11-15 23:30:00+00:00,82299,82341,82208,82245,1.01823931
2025-11-15 23:45:00+00:00,82240,82302,82224,82273,1.09937593
2025-11-16 00:00:00+00:00,82291,82352,82063,82080,1.28640201
2025-11-16 00:15:00+00:00,82026,82080,81977,82004,5.41425471
2025-11-16 00:30:00+00:00,81983,82159,81951,82159,4.4241019
2025-11-16 00:45:00+00:00,82146,82266,82092,82092,6.00284006
2025-11-16 01:00:00+00:00,81950,82195,81837,82195,4.58726518
2025-11-16 01:15:00+00:00,82185,82208,81987,82208,0.98948891
2025-11-16 01:30:00+00:00,82154,82159,81662,81775,13.03500089
2025-11-16 01:45:00+00:00,81763,82100,81653,82003,4.12107816
2025-11-16 02:00:00+00:00,81988,82137,81850,82041,1.48821804
2025-11-16 02:15:00+00:00,82046,82447,82046,82302,9.87676676
2025-11-16 02:30:00+00:00,82346,82375,82279,82362,0.62243856
2025-11-16 02:45:00+00:00,82384,82556,82325,82543,2.11242189
2025-11-16 03:00:00+00:00,82568,82568,82400,82410,1.33079926
2025-11-16 03:15:00+00:00,82404,82544,82404,82431,1.27624256
2025-11-16 03:30:00+00:00,82448,82457,82340,82420,0.97334424
2025-11-16 03:45:00+00:00,82418,82439,82273,82436,4.48769283
2025-11-16 04:00:00+00:00,82425,82506,82344,82461,1.42393414
2025-11-16 04:15:00+00:00,82477,82496,82332,82440,1.21792187
2025-11-16 04:30:00+00:00,82442,82442,82285,82325,0.73387247
2025-11-16 04:45:00+00:00,82304,82447,82304,82435,0.72328713
2025-11-16 05:00:00+00:00,82428,82615,82428,82615,0.37949526
2025-11-16 05:15:00+00:00,82630,82749,82500,82554,4.44492545
2025-11-16 05:30:00+00:00,82571,82571,82475,82530,0.60378169
2025-11-16 05:45:00+00:00,82536,82580,82489,82489,1.73259886
2025-11-16 06:00:00+00:00,82489,82633,82411,82564,1.92790463
2025-11-16 06:15:00+00:00,82528,82591,82502,82574,0.6325718
2025-11-16 06:30:00+00:00,82565,82605,82534,82545,1.14286506
2025-11-16 06:45:00+00:00,82547,82571,82385,82417,1.57762055
2025-11-16 07:00:00+00:00,82398,82529,82389,82465,2.81677328
2025-11-16 07:15:00+00:00,82450,82566,82362,82423,1.04110991
2025-11-16 07:30:00+00:00,82481,82540,82444,82529,2.10611718
2025-11-16 07:45:00+00:00,82542,82684,82532,82678,4.66190912
2025-11-16 08:00:00+00:00,82686,82797,82533,82563,6.71790079
2025-11-16 08:15:00+00:00,82574,82612,82461,82476,4.28655815
2025-11-16 08:30:00+00:00,82508,82630,82483,82630,2.5725481
2025-11-16 08:45:00+00:00,82620,82746,82501,82693,1.98098997
2025-11-16 09:00:00+00:00,82693,82699,82542,82648,2.67576075
2025-11-16 09:15:00+00:00,82643,82700,82528,82687,2.77798808
2025-11-16 09:30:00+00:00,82702,82780,82638,82764,1.46113644
2025-11-16 09:45:00+00:00,82733,83144,82733,83135,21.25318596
2025-11-16 10:00:00+00:00,83124,83124,82916,83022,7.09748889
2025-11-16 10:15:00+00:00,83021,83076,82925,83003,10.29967158
2025-11-16 10:30:00+00:00,83009,83047,82919,82963,8.34285372
2025-11-16 10:45:00+00:00,82965,83038,82948,82990,3.68938653
2025-11-16 11:00:00+00:00,82987,82992,82522,82550,3.6031337
2025-11-16 11:15:00+00:00,82580,82687,82184,82259,8.2272376
2025-11-16 11:30:00+00:00,82257,82402,82169,82249,4.03684505
2025-11-16 11:45:00+00:00,82225,82331,82208,82287,4.16603894
2025-11-16 12:00:00+00:00,82287,82392,82247,82330,1.36496518
2025-11-16 12:15:00+00:00,82329,82602,82312,82473,10.53749728
2025-11-16 12:30:00+00:00,82464,82477,82135,82450,6.98923119
2025-11-16 12:45:00+00:00,82472,82518,82358,82416,3.35564535
2025-11-16 13:00:00+00:00,82382,82494,82244,82420,2.76373077
2025-11-16 13:15:00+00:00,82414,82480,82087,82102,4.19419648
2025-11-16 13:30:00+00:00,82070,82210,81931,81969,8.03496312
2025-11-16 13:45:00+00:00,81938,82135,81799,82106,17.75833405
2025-11-16 14:00:00+00:00,82106,82226,82017,82129,15.84212092
2025-11-16 14:15:00+00:00,82130,82157,82026,82094,2.22835853
2025-11-16 14:30:00+00:00,82070,82316,82063,82249,3.86210321
2025-11-16 14:45:00+00:00,82277,82309,82176,82186,2.50990155
2025-11-16 15:00:00+00:00,82176,82177,81980,82109,7.88564714
2025-11-16 15:15:00+00:00,82088,82204,82051,82092,4.00419756
2025-11-16 15:30:00+00:00,82087,82122,82006,82065,3.81502266
2025-11-16 15:45:00+00:00,82063,82091,81200,81369,41.39141775
2025-11-16 16:00:00+00:00,81379,81654,81185,81185,25.12958246
2025-11-16 16:15:00+00:00,81221,81308,80934,81072,38.85618264
2025-11-16 16:30:00+00:00,81046,81207,80817,81101,23.35766184
2025-11-16 16:45:00+00:00,81062,81227,80913,80996,14.2180832
2025-11-16 17:00:00+00:00,81004,81138,80966,81065,7.3458319
2025-11-16 17:15:00+00:00,81068,81256,80927,81162,14.86575396
2025-11-16 17:30:00+00:00,81158,81250,80718,80819,15.45570119
2025-11-16 17:45:00+00:00,80840,81192,80596,81110,24.87566837
2025-11-16 18:00:00+00:00,81099,82209,81027,81859,38.109148
2025-11-16 18:15:00+00:00,81886,81965,81483,81569,27.3359929
2025-11-16 18:30:00+00:00,81545,81557,80946,80963,15.12086248
2025-11-16 18:45:00+00:00,80978,80987,80626,80851,18.97901468
2025-11-16 19:00:00+00:00,80851,81288,80830,81194,15.55983837
2025-11-16 19:15:00+00:00,81249,81292,80861,81104,12.34667249
2025-11-16 19:30:00+00:00,81088,81200,80815,80879,10.59740059
2025-11-16 19:45:00+00:00,80877,81000,80690,80738,11.34549841
2025-11-16 20:00:00+00:00,80754,81057,80696,81038,11.76712909
2025-11-16 20:15:00+00:00,81010,81378,80858,81280,14.76792451
2025-11-16 20:30:00+00:00,81266,81309,80985,81019,10.2908272
2025-11-16 20:45:00+00:00,80994,81018,80787,80787,6.78302649
2025-11-16 21:00:00+00:00,80792,80886,80358,80511,43.22466968
2025-11-16 21:15:00+00:00,80515,80584,80319,80402,14.11534422
2025-11-16 21:30:00+00:00,80398,80552,80139,80275,21.22637156
2025-11-16 21:45:00+00:00,80267,80413,80182,80269,23.72852636
2025-11-16 22:00:00+00:00,80264,80330,79843,80215,74.46584996
2025-11-16 22:15:00+00:00,80195,80518,80026,80445,10.98211232
2025-11-16 22:30:00+00:00,80425,80650,80348,80393,11.51083148
2025-11-16 22:45:00+00:00,80390,81181,80362,80907,12.05547602
2025-11-16 23:00:00+00:00,80893,80893,79893,80624,22.56260804
2025-11-16 23:15:00+00:00,80627,81087,80587,80971,14.14709961
2025-11-16 23:30:00+00:00,80975,81125,80800,81075,22.46480886
2025-11-16 23:45:00+00:00,81072,81272,81000,81028,11.06598536
2025-11-17 00:00:00+00:00,81046,81238,80911,81040,33.52075542
2025-11-17 00:15:00+00:00,81069,81435,80650,81392,13.5266282
2025-11-17 00:30:00+00:00,81435,81694,81310,81421,7.20167454
2025-11-17 00:45:00+00:00,81420,82000,81290,81896,9.14976668
2025-11-17 01:00:00+00:00,81941,82093,81725,81859,10.77000346
2025-11-17 01:15:00+00:00,81751,81825,81552,81781,8.02915431
2025-11-17 01:30:00+00:00,81772,81772,81572,81584,4.97054111
2025-11-17 01:45:00+00:00,81600,81690,81436,81484,3.00514308
2025-11-17 02:00:00+00:00,81520,82002,81426,81954,11.17525075
2025-11-17 02:15:00+00:00,81966,82036,81723,81832,3.70834304
2025-11-17 02:30:00+00:00,81872,81905,81628,81669,1.14317298
2025-11-17 02:45:00+00:00,81674,81708,81607,81645,0.2596739
2025-11-17 03:00:00+00:00,81687,82026,81687,82009,0.46724492
2025-11-17 03:15:00+00:00,82047,82217,81898,82111,3.51864666
2025-11-17 03:30:00+00:00,82117,82168,81930,82042,1.35223542
2025-11-17 03:45:00+00:00,82053,82193,82028,82174,0.85459952
2025-11-17 04:00:00+00:00,82188,82246,81846,81904,3.08109336
2025-11-17 04:15:00+00:00,81885,82174,81660,82134,5.02245522
2025-11-17 04:30:00+00:00,82110,82122,81918,82035,2.19405938
2025-11-17 04:45:00+00:00,82057,82057,81822,81832,1.21044871
2025-11-17 05:00:00+00:00,81831,81886,81670,81670,2.619369
2025-11-17 05:15:00+00:00,81695,81880,81649,81851,1.91743708
2025-11-17 05:30:00+00:00,81877,81913,81767,81853,11.20329361
2025-11-17 05:45:00+00:00,81850,81986,81840,81860,3.64144034
2025-11-17 06:00:00+00:00,81889,81999,81712,81740,3.37239298
2025-11-17 06:15:00+00:00,81768,81915,81702,81818,1.78811609
2025-11-17 06:30:00+00:00,81833,81833,81678,81696,3.11198829
2025-11-17 06:45:00+00:00,81695,82000,81691,81965,6.63716317
2025-11-17 07:00:00+00:00,82001,82141,81907,82022,10.58459199
2025-11-17 07:15:00+00:00,82063,82280,82022,82101,10.94713769
2025-11-17 07:30:00+00:00,82094,82405,82041,82363,10.52649911
2025-11-17 07:45:00+00:00,82370,82464,82280,82280,9.09681357
2025-11-17 08:00:00+00:00,82275,82372,82250,82293,9.43529095
2025-11-17 08:15:00+00:00,82303,82633,82303,82511,9.79637389
2025-11-17 08:30:00+00:00,82520,82569,82311,82311,5.21521105
2025-11-17 08:45:00+00:00,82311,82376,82092,82305,18.56234048
2025-11-17 09:00:00+00:00,82306,82380,82047,82238,12.47919781
2025-11-17 09:15:00+00:00,82243,82516,82233,82432,5.10959537
2025-11-17 09:30:00+00:00,82426,82537,82285,82425,11.21962942
2025-11-17 09:45:00+00:00,82406,82422,82311,82342,6.68500397
2025-11-17 10:00:00+00:00,82349,82491,82314,82491,3.94546521
2025-11-17 10:15:00+00:00,82480,82480,82262,82302,5.26625811
2025-11-17 10:30:00+00:00,82285,82536,82231,82390,14.9649797
2025-11-17 10:45:00+00:00,82403,82497,82336,82368,8.20556529
2025-11-17 11:00:00+00:00,82369,82465,82273,82440,3.63162552
2025-11-17 11:15:00+00:00,82438,82495,82387,82406,6.54393144
2025-11-17 11:30:00+00:00,82410,82578,82335,82341,11.46904537
2025-11-17 11:45:00+00:00,82351,82351,82135,82305,10.81349485
2025-11-17 12:00:00+00:00,82313,82315,82063,82084,13.54294015
2025-11-17 12:15:00+00:00,82095,82238,82094,82207,7.45886712
2025-11-17 12:30:00+00:00,82196,82309,82083,82243,3.51804753
2025-11-17 12:45:00+00:00,82206,82223,82061,82094,4.35937678
2025-11-17 13:00:00+00:00,82102,82145,81708,81821,15.68613026
2025-11-17 13:15:00+00:00,81786,81906,81440,81499,16.25574229
2025-11-17 13:30:00+00:00,81500,81594,80900,80905,35.89209048
2025-11-17 13:45:00+00:00,80901,81095,80642,80927,24.8208373
2025-11-17 14:00:00+00:00,80936,81165,79040,81058,77.69451584
2025-11-17 14:15:00+00:00,81041,81377,80995,81151,20.28171258
2025-11-17 14:30:00+00:00,81128,82790,80996,82031,71.30090741
2025-11-17 14:45:00+00:00,82000,82389,81452,81720,16.51059696
2025-11-17 15:00:00+00:00,81729,81927,81211,81432,11.91260895
2025-11-17 15:15:00+00:00,81443,81628,80861,81446,10.45873605
2025-11-17 15:30:00+00:00,81469,81610,80973,81225,11.018727
2025-11-17 15:45:00+00:00,81222,81385,80888,80923,10.6648037
2025-11-17 16:00:00+00:00,80958,80979,80230,80251,24.66511803
2025-11-17 16:15:00+00:00,80238,80566,80126,80509,18.33211002
2025-11-17 16:30:00+00:00,80502,80971,80378,80717,17.63637544
2025-11-17 16:45:00+00:00,80739,81302,80673,81221,7.17864705
2025-11-17 17:00:00+00:00,81230,81305,80870,80892,7.70870111
2025-11-17 17:15:00+00:00,80904,80922,80520,80537,9.31329072
2025-11-17 17:30:00+00:00,80555,80666,79901,79981,19.63949932
2025-11-17 17:45:00+00:00,79963,80173,79825,79902,22.85714093
2025-11-17 18:00:00+00:00,79918,80308,79771,79988,21.66222654
2025-11-17 18:15:00+00:00,79979,80060,79647,79660,35.6736443
2025-11-17 18:30:00+00:00,79650,79871,79626,79848,29.46758094
2025-11-17 18:45:00+00:00,79837,80151,79668,79734,25.08473293
2025-11-17 19:00:00+00:00,79727,79815,79500,79500,17.02360621
2025-11-17 19:15:00+00:00,79514,79552,79300,79469,28.30260209
2025-11-17 19:30:00+00:00,79416,79628,79033,79104,35.83909508
2025-11-17 19:45:00+00:00,79078,79263,78887,78983,39.5395181
2025-11-17 20:00:00+00:00,78972,79089,78566,78712,38.36338588
2025-11-17 20:15:00+00:00,78722,79341,78705,79046,21.56475359
2025-11-17 20:30:00+00:00,79045,79209,78800,78891,9.8387064
2025-11-17 20:45:00+00:00,78900,79423,78885,79147,13.79294525
2025-11-17 21:00:00+00:00,79154,79438,79154,79359,12.84754952
2025-11-17 21:15:00+00:00,79348,79348,78875,79031,18.58622496
2025-11-17 21:30:00+00:00,79020,79286,78800,79071,9.03235493
2025-11-17 21:45:00+00:00,79078,79181,78841,79171,27.60529748
2025-11-17 22:00:00+00:00,79175,79414,79039,79309,10.79590324
2025-11-17 22:15:00+00:00,79331,79404,78600,79360,46.21113477
2025-11-17 22:30:00+00:00,79357,79547,79287,79509,12.71109767
2025-11-17 22:45:00+00:00,79523,79534,79412,79453,5.23378014
2025-11-17 23:00:00+00:00,79452,79454,79125,79230,6.48194071
2025-11-17 23:15:00+00:00,79159,79204,78911,79074,12.97795405
2025-11-17 23:30:00+00:00,79078,79200,78992,79148,5.44887913
2025-11-17 23:45:00+00:00,79153,79378,79142,79357,3.65668208
2025-11-18 00:00:00+00:00,79378,79502,79281,79381,2.62032848
2025-11-18 00:15:00+00:00,79421,79466,79201,79221,3.29647491
2025-11-18 00:30:00+00:00,79221,79252,78610,78670,5.59352633
2025-11-18 00:45:00+00:00,78722,79356,78454,79356,7.2121909
2025-11-18 01:00:00+00:00,79351,79375,79134,79160,3.13675101
2025-11-18 01:15:00+00:00,79175,79377,78933,79036,3.90271114
2025-11-18 01:30:00+00:00,79045,79270,78966,79010,4.55057076
2025-11-18 01:45:00+00:00,79122,79122,78875,78970,5.38194001
2025-11-18 02:00:00+00:00,78969,78983,78460,78509,7.46141394
2025-11-18 02:15:00+00:00,78517,78936,78144,78914,10.53773864
2025-11-18 02:30:00+00:00,78958,78987,78495,78629,1.79841182
2025-11-18 02:45:00+00:00,78622,78926,78066,78220,5.89177517
2025-11-18 03:00:00+00:00,78200,78200,77697,77810,24.7671657
2025-11-18 03:15:00+00:00,77827,77917,77510,77560,15.48238588
2025-11-18 03:30:00+00:00,77509,78293,77235,78033,30.82761789
2025-11-18 03:45:00+00:00,78084,78292,78019,78211,6.10031986
2025-11-18 04:00:00+00:00,78239,78246,77737,77766,4.07104588
2025-11-18 04:15:00+00:00,77834,77834,77379,77415,13.49055345
2025-11-18 04:30:00+00:00,77430,77581,77333,77344,11.86286251
2025-11-18 04:45:00+00:00,77340,77629,76850,77538,68.37784047
2025-11-18 05:00:00+00:00,77515,77727,77240,77703,12.79928944
2025-11-18 05:15:00+00:00,77690,77879,77628,77642,10.99724293
2025-11-18 05:30:00+00:00,77653,77811,77401,77480,14.89794762
2025-11-18 05:45:00+00:00,77483,77773,77480,77655,14.95364792
2025-11-18 06:00:00+00:00,77667,77667,77431,77600,13.58634967
2025-11-18 06:15:00+00:00,77600,77626,77415,77513,20.16478539
2025-11-18 06:30:00+00:00,77484,77558,76956,76983,22.17841448
2025-11-18 06:45:00+00:00,76966,77262,76899,77130,14.98805257
2025-11-18 07:00:00+00:00,77148,77324,76872,77300,21.60876736
2025-11-18 07:15:00+00:00,77292,77568,77128,77539,31.66140644
2025-11-18 07:30:00+00:00,77529,77884,77421,77833,16.71643722
2025-11-18 07:45:00+00:00,77854,77907,77771,77880,10.58125752
2025-11-18 08:00:00+00:00,77895,78123,77883,78089,20.19999218
2025-11-18 08:15:00+00:00,78094,78434,78020,78148,34.84353307
2025-11-18 08:30:00+00:00,78116,78728,78108,78642,21.76797736
2025-11-18 08:45:00+00:00,78635,78707,78500,78546,18.24147705
2025-11-18 09:00:00+00:00,78599,78612,78308,78492,22.20977765
2025-11-18 09:15:00+00:00,78525,78778,78281,78301,17.78109837
2025-11-18 09:30:00+00:00,78300,78536,78274,78512,12.22546257
2025-11-18 09:45:00+00:00,78509,78795,78478,78736,10.67112519
2025-11-18 10:00:00+00:00,78721,78879,78689,78730,10.78233743
2025-11-18 10:15:00+00:00,78721,78869,78634,78704,10.22649951
2025-11-18 10:30:00+00:00,78724,78945,78724,78868,11.05003714
2025-11-18 10:45:00+00:00,78870,78956,78665,78919,11.40259931
2025-11-18 11:00:00+00:00,78903,78962,78751,78794,11.75121455
2025-11-18 11:15:00+00:00,78802,78926,78629,78842,13.80931344
2025-11-18 11:30:00+00:00,78840,78926,78655,78893,10.28111983
2025-11-18 11:45:00+00:00,78895,78923,78782,78848,13.35676704
2025-11-18 12:00:00+00:00,78853,78897,78480,78482,10.59502103
2025-11-18 12:15:00+00:00,78520,78891,78520,78622,13.12494032
2025-11-18 12:30:00+00:00,78610,79141,78607,79108,12.81954294
2025-11-18 12:45:00+00:00,79096,79132,78719,78838,15.01976786
2025-11-18 13:00:00+00:00,78830,78951,78742,78820,7.1304095
2025-11-18 13:15:00+00:00,78804,78888,78567,78590,11.41073845
2025-11-18 13:30:00+00:00,78577,78706,78269,78472,16.16743432
2025-11-18 13:45:00+00:00,78466,78806,78466,78787,13.72212755
2025-11-18 14:00:00+00:00,78754,78869,78545,78578,11.02315768
2025-11-18 14:15:00+00:00,78609,79150,78587,79043,12.50316841
2025-11-18 14:30:00+00:00,79022,79616,78741,78757,48.85727221
2025-11-18 14:45:00+00:00,78756,79058,78663,78663,18.84348413
2025-11-18 15:00:00+00:00,78633,79405,78330,79218,26.46299785
2025-11-18 15:15:00+00:00,79236,80073,79181,79866,37.1881433
2025-11-18 15:30:00+00:00,79825,80050,79531,79852,17.85458628
2025-11-18 15:45:00+00:00,79846,80202,79680,80138,14.03002349
2025-11-18 16:00:00+00:00,80136,80458,79849,80371,29.60645999
2025-11-18 16:15:00+00:00,80379,80993,80295,80924,28.26341378
2025-11-18 16:30:00+00:00,80912,81048,80539,80569,31.53652332
2025-11-18 16:45:00+00:00,80570,80731,80440,80701,11.72647306
2025-11-18 17:00:00+00:00,80684,80864,80546,80559,10.19093445
2025-11-18 17:15:00+00:00,80543,80774,80186,80264,13.64408934
2025-11-18 17:30:00+00:00,80258,80722,80133,80592,10.76734402
2025-11-18 17:45:00+00:00,80614,80614,80382,80506,7.68752512
2025-11-18 18:00:00+00:00,80546,80963,80539,80839,13.7028137
2025-11-18 18:15:00+00:00,80849,80849,80451,80456,8.1950128
2025-11-18 18:30:00+00:00,80461,80636,80379,80567,6.77508016
2025-11-18 18:45:00+00:00,80559,80829,80520,80543,17.39720515
2025-11-18 19:00:00+00:00,80561,80720,80466,80666,7.4881786
2025-11-18 19:15:00+00:00,80671,80700,80552,80634,7.23377537
2025-11-18 19:30:00+00:00,80653,80776,80436,80436,5.24537744
2025-11-18 19:45:00+00:00,80444,80505,80209,80395,11.31395304
2025-11-18 20:00:00+00:00,80399,80490,80160,80268,4.61246544
2025-11-18 20:15:00+00:00,80306,80462,80238,80349,8.56639884
2025-11-18 20:30:00+00:00,80354,80392,80043,80072,11.65428326
2025-11-18 20:45:00+00:00,80074,80240,79957,80075,14.45092784
2025-11-18 21:00:00+00:00,80050,80267,79970,80250,9.48700229
2025-11-18 21:15:00+00:00,80242,80291,80121,80190,6.03908196
2025-11-18 21:30:00+00:00,80191,80191,79918,79946,5.18294634
2025-11-18 21:45:00+00:00,79924,79966,79796,79813,8.09068864
2025-11-18 22:00:00+00:00,79806,80338,79797,80322,8.29399195
2025-11-18 22:15:00+00:00,80316,80492,80238,80465,4.36622141
2025-11-18 22:30:00+00:00,80467,80624,80455,80489,2.52172295
2025-11-18 22:45:00+00:00,80481,80503,80333,80428,2.13914322
2025-11-18 23:00:00+00:00,80400,80400,80028,80092,6.22535718
2025-11-18 23:15:00+00:00,80126,80202,80029,80112,12.19572744
2025-11-18 23:30:00+00:00,80126,80272,80085,80164,8.49346216
2025-11-18 23:45:00+00:00,80171,80281,80047,80227,4.19533724
2025-11-19 00:00:00+00:00,80238,80238,79817,79832,2.67089651
2025-11-19 00:15:00+00:00,79827,79865,79314,79635,10.02754563
2025-11-19 00:30:00+00:00,79640,79950,79423,79907,1.98742031
2025-11-19 00:45:00+00:00,79874,79936,79723,79723,1.63337573
2025-11-19 01:00:00+00:00,79729,79741,79396,79396,9.01324881
2025-11-19 01:15:00+00:00,79403,79913,79312,79756,4.89652691
2025-11-19 01:30:00+00:00,79787,79787,79560,79702,0.72197559
2025-11-19 01:45:00+00:00,79707,79784,79535,79784,3.20645437
2025-11-19 02:00:00+00:00,79824,80084,79704,80065,5.56006991
2025-11-19 02:15:00+00:00,80078,80149,79666,79929,2.09425264
2025-11-19 02:30:00+00:00,79925,80097,79893,79899,0.99032496
2025-11-19 02:45:00+00:00,79948,80062,79861,79882,1.46632679
2025-11-19 03:00:00+00:00,79868,79936,79695,79718,4.19558619
2025-11-19 03:15:00+00:00,79679,79679,79535,79659,1.27721438
2025-11-19 03:30:00+00:00,79653,79653,79179,79338,3.16610651
2025-11-19 03:45:00+00:00,79308,79373,79094,79265,5.92975603
2025-11-19 04:00:00+00:00,79260,79358,79137,79161,1.77339786
2025-11-19 04:15:00+00:00,79160,79246,79061,79130,6.11224494
2025-11-19 04:30:00+00:00,79134,79134,78817,78925,7.8264108
2025-11-19 04:45:00+00:00,78874,78947,78640,78640,3.91595473
2025-11-19 05:00:00+00:00,78636,78735,78376,78404,5.16993444
2025-11-19 05:15:00+00:00,78389,78597,78355,78370,4.54428229
2025-11-19 05:30:00+00:00,78375,78375,77916,77931,11.80941287
2025-11-19 05:45:00+00:00,77911,78137,77611,78011,30.86744917
2025-11-19 06:00:00+00:00,78013,78193,77842,78163,9.58443687
2025-11-19 06:15:00+00:00,78168,78310,78032,78300,11.98391655
2025-11-19 06:30:00+00:00,78318,78492,78315,78456,8.86203243
2025-11-19 06:45:00+00:00,78445,78573,78311,78494,7.2874274
2025-11-19 07:00:00+00:00,78475,78826,78453,78791,13.68985717
2025-11-19 07:15:00+00:00,78798,78847,78661,78720,7.25519104
2025-11-19 07:30:00+00:00,78720,79144,78648,79103,11.55676799
2025-11-19 07:45:00+00:00,79089,79352,79076,79279,15.55013136
2025-11-19 08:00:00+00:00,79265,79317,79133,79222,8.38542915
2025-11-19 08:15:00+00:00,79220,79364,79070,79332,14.83072384
2025-11-19 08:30:00+00:00,79341,79341,79034,79111,7.3934472
2025-11-19 08:45:00+00:00,79091,79091,78845,79006,7.49362219
2025-11-19 09:00:00+00:00,78990,79031,78638,78849,5.45675837
2025-11-19 09:15:00+00:00,78845,78917,78685,78821,21.48452196
2025-11-19 09:30:00+00:00,78812,79015,78812,78986,7.81364613
2025-11-19 09:45:00+00:00,78997,79015,78845,78987,10.41163206
2025-11-19 10:00:00+00:00,79017,79193,78992,79051,5.22441161
2025-11-19 10:15:00+00:00,79072,79100,78881,79018,7.42174164
2025-11-19 10:30:00+00:00,79011,79024,78912,78993,4.21855864
2025-11-19 10:45:00+00:00,78988,78988,78800,78870,6.62349419
2025-11-19 11:00:00+00:00,78861,79118,78859,79117,2.32476731
2025-11-19 11:15:00+00:00,79143,79213,79011,79011,6.08868919
2025-11-19 11:30:00+00:00,79017,79071,78945,79007,4.66878345
2025-11-19 11:45:00+00:00,79014,79038,78790,78860,3.28344737
2025-11-19 12:00:00+00:00,78862,78997,78797,78854,5.49082461
2025-11-19 12:15:00+00:00,78861,78938,78701,78830,4.78317167
2025-11-19 12:30:00+00:00,78855,78957,78799,78926,5.94123582
2025-11-19 12:45:00+00:00,78924,79307,78913,79221,16.98093535
2025-11-19 13:00:00+00:00,79229,79238,79000,79026,7.28132965
2025-11-19 13:15:00+00:00,79025,79196,78984,79192,7.94662582
2025-11-19 13:30:00+00:00,79196,79291,78838,78973,6.75780591
2025-11-19 13:45:00+00:00,78974,79045,78774,78926,15.60996117
2025-11-19 14:00:00+00:00,78928,79073,78736,79032,11.31187072
2025-11-19 14:15:00+00:00,79039,79068,78681,78752,9.77108631
2025-11-19 14:30:00+00:00,78761,79381,78733,79309,12.28289029
2025-11-19 14:45:00+00:00,79328,79388,79094,79308,14.88142162
2025-11-19 15:00:00+00:00,79311,79886,79300,79609,24.054036
2025-11-19 15:15:00+00:00,79618,79920,78844,78943,21.44674495
2025-11-19 15:30:00+00:00,78886,78920,78351,78497,20.94751099
2025-11-19 15:45:00+00:00,78479,78479,77766,77833,54.04833642
2025-11-19 16:00:00+00:00,77819,78104,77773,78022,16.82499345
2025-11-19 16:15:00+00:00,78012,78120,77597,77680,18.15103644
2025-11-19 16:30:00+00:00,77649,77822,77470,77669,17.14759094
2025-11-19 16:45:00+00:00,77677,77849,77465,77835,19.87656016
2025-11-19 17:00:00+00:00,77826,78008,77335,77373,21.89275453
2025-11-19 17:15:00+00:00,77376,77657,77324,77561,14.52456599
2025-11-19 17:30:00+00:00,77551,77603,77015,77379,22.01961051
2025-11-19 17:45:00+00:00,77380,77582,77189,77531,13.24739919
2025-11-19 18:00:00+00:00,77521,77702,77390,77657,29.36843799
2025-11-19 18:15:00+00:00,77681,77714,76963,77156,25.64090057
2025-11-19 18:30:00+00:00,77098,77339,76956,76994,20.13724893
2025-11-19 18:45:00+00:00,76986,77325,76880,77295,21.001639
2025-11-19 19:00:00+00:00,77303,77455,77126,77256,12.2352267
2025-11-19 19:15:00+00:00,77260,77292,77010,77087,5.87419812
2025-11-19 19:30:00+00:00,77083,77152,76846,76872,11.74399166
2025-11-19 19:45:00+00:00,76896,77239,76810,77057,17.60992832
2025-11-19 20:00:00+00:00,77059,77096,76792,76880,14.37093422
2025-11-19 20:15:00+00:00,76910,77462,76900,77462,22.04757696
2025-11-19 20:30:00+00:00,77470,77585,77214,77293,11.173208
2025-11-19 20:45:00+00:00,77292,77749,77207,77571,29.26146616
2025-11-19 21:00:00+00:00,77585,77961,77525,77746,13.69902688
2025-11-19 21:15:00+00:00,77741,78743,77737,78082,32.04104385
2025-11-19 21:30:00+00:00,78119,78500,78044,78391,11.74691403
2025-11-19 21:45:00+00:00,78399,78612,78286,78465,15.4084108
2025-11-19 22:00:00+00:00,78449,78482,78234,78234,13.56012716
2025-11-19 22:15:00+00:00,78226,78476,78010,78476,8.90722373
2025-11-19 22:30:00+00:00,78432,78477,78250,78359,17.03786591
2025-11-19 22:45:00+00:00,78354,78393,78201,78359,4.83279031
2025-11-19 23:00:00+00:00,78365,79100,78365,79004,28.5808124
2025-11-19 23:15:00+00:00,79077,79249,78945,79114,8.92928711
2025-11-19 23:30:00+00:00,79149,79225,79018,79049,4.75114405
2025-11-19 23:45:00+00:00,79039,79302,79020,79275,4.57825066
2025-11-20 00:00:00+00:00,79266,79285,78974,79250,5.85677551
2025-11-20 00:15:00+00:00,79233,79610,79199,79592,6.93612465
2025-11-20 00:30:00+00:00,79593,79976,79593,79920,8.61488861
2025-11-20 00:45:00+00:00,79905,79926,79579,79587,2.69749707
2025-11-20 01:00:00+00:00,79623,80011,79550,79892,15.83345253
2025-11-20 01:15:00+00:00,79904,80178,79835,79922,17.425944
2025-11-20 01:30:00+00:00,79972,80335,79964,80247,3.60041467
2025-11-20 01:45:00+00:00,80222,80325,80168,80286,1.48349552
2025-11-20 02:00:00+00:00,80288,80500,80137,80347,12.26194343
2025-11-20 02:15:00+00:00,80368,80409,80177,80236,4.77297574
2025-11-20 02:30:00+00:00,80240,80300,80095,80148,4.93131978
2025-11-20 02:45:00+00:00,80143,80420,80059,80283,6.09476334
2025-11-20 03:00:00+00:00,80319,80366,80158,80177,1.4790855
2025-11-20 03:15:00+00:00,80195,80428,80125,80134,1.87791771
2025-11-20 03:30:00+00:00,80111,80385,80111,80296,3.13596617
2025-11-20 03:45:00+00:00,80255,80331,80188,80246,1.41493347
2025-11-20 04:00:00+00:00,80227,80284,80145,80216,4.62007556
2025-11-20 04:15:00+00:00,80208,80208,79932,80066,4.96724951
2025-11-20 04:30:00+00:00,80088,80158,79951,80079,3.97547763
2025-11-20 04:45:00+00:00,80053,80631,80039,80619,17.24379263
2025-11-20 05:00:00+00:00,80645,80831,80533,80586,9.62152322
2025-11-20 05:15:00+00:00,80594,80625,80389,80398,7.57633403
2025-11-20 05:30:00+00:00,80401,80411,80296,80320,6.29650219
2025-11-20 05:45:00+00:00,80316,80467,80302,80354,6.01101762
2025-11-20 06:00:00+00:00,80357,80528,80347,80400,4.88266702
2025-11-20 06:15:00+00:00,80370,80374,80128,80169,5.83677759
2025-11-20 06:30:00+00:00,80170,80211,79614,79663,12.12095106
2025-11-20 06:45:00+00:00,79655,79783,79516,79748,14.3140264
2025-11-20 07:00:00+00:00,79753,79874,79645,79847,11.2442909
2025-11-20 07:15:00+00:00,79852,79852,79631,79743,6.00055877
2025-11-20 07:30:00+00:00,79746,79955,79728,79926,6.20607469
2025-11-20 07:45:00+00:00,79930,80187,79922,80074,8.03070377
2025-11-20 08:00:00+00:00,80086,80163,79914,79936,8.92366073
2025-11-20 08:15:00+00:00,79951,80057,79893,80043,4.55205176
2025-11-20 08:30:00+00:00,80041,80095,79939,80012,4.72662189
2025-11-20 08:45:00+00:00,80022,80063,79800,79888,12.49690192
2025-11-20 09:00:00+00:00,79893,79906,79774,79864,5.46505922
2025-11-20 09:15:00+00:00,79849,79889,79536,79596,7.68919765
2025-11-20 09:30:00+00:00,79600,79696,79483,79483,4.60256106
2025-11-20 09:45:00+00:00,79491,79710,79266,79648,11.93119721
2025-11-20 10:00:00+00:00,79654,79775,79389,79425,10.98097823
2025-11-20 10:15:00+00:00,79426,79728,79402,79711,3.40947567
2025-11-20 10:30:00+00:00,79730,79777,79501,79550,4.13181998
2025-11-20 10:45:00+00:00,79552,79601,79491,79575,10.2863854
2025-11-20 11:00:00+00:00,79561,79600,79437,79538,3.55488284
2025-11-20 11:15:00+00:00,79533,79606,79350,79422,4.41685863
2025-11-20 11:30:00+00:00,79446,79680,79430,79641,14.02569509
2025-11-20 11:45:00+00:00,79640,79847,79614,79763,10.15650493
2025-11-20 12:00:00+00:00,79761,79828,79562,79570,7.03376717
2025-11-20 12:15:00+00:00,79590,79726,79554,79590,3.11294872
2025-11-20 12:30:00+00:00,79590,79762,79581,79627,4.25620422
2025-11-20 12:45:00+00:00,79627,79836,79598,79705,5.31049473
2025-11-20 13:00:00+00:00,79712,79847,79577,79830,12.28983976
2025-11-20 13:15:00+00:00,79831,79955,79603,79755,15.87227198
2025-11-20 13:30:00+00:00,79770,80216,79380,79395,47.10350401
2025-11-20 13:45:00+00:00,79427,79748,79287,79351,13.58914481
2025-11-20 14:00:00+00:00,79312,79312,78371,78609,30.57964193
2025-11-20 14:15:00+00:00,78614,79247,78556,79137,20.07910671
2025-11-20 14:30:00+00:00,79176,79358,78638,78824,14.10868492
2025-11-20 14:45:00+00:00,78755,79044,78500,78905,12.52333438
2025-11-20 15:00:00+00:00,78958,78981,78242,78293,21.85146945
2025-11-20 15:15:00+00:00,78254,78716,78186,78506,13.55820923
2025-11-20 15:30:00+00:00,78505,78618,78195,78503,11.58702041
2025-11-20 15:45:00+00:00,78482,78500,77849,77889,25.65225971
2025-11-20 16:00:00+00:00,77870,77908,76580,76809,82.81164917
2025-11-20 16:15:00+00:00,76840,77178,76428,76842,52.71108998
2025-11-20 16:30:00+00:00,76838,77031,76303,76415,22.12732787
2025-11-20 16:45:00+00:00,76408,76611,75777,76101,64.71156195
2025-11-20 17:00:00+00:00,76083,76355,75131,75377,75.80495819
2025-11-20 17:15:00+00:00,75386,75659,75179,75496,41.08425752
2025-11-20 17:30:00+00:00,75462,75689,74849,75211,75.48808961
2025-11-20 17:45:00+00:00,75202,75670,75096,75634,39.44872511
2025-11-20 18:00:00+00:00,75615,76048,75367,76032,30.07208966
2025-11-20 18:15:00+00:00,76026,76083,75276,75355,29.58053473
2025-11-20 18:30:00+00:00,75349,75407,75050,75177,17.68965243
2025-11-20 18:45:00+00:00,75149,75165,74758,74900,31.15831029
2025-11-20 19:00:00+00:00,74904,74966,74560,74822,34.41113917
2025-11-20 19:15:00+00:00,74809,75467,74696,75265,23.6633933
2025-11-20 19:30:00+00:00,75255,75255,74841,75063,15.66493349
2025-11-20 19:45:00+00:00,75084,75340,74853,75250,24.77531902
2025-11-20 20:00:00+00:00,75250,75250,74755,74767,18.93303352
2025-11-20 20:15:00+00:00,74768,75410,74768,75399,22.52357532
2025-11-20 20:30:00+00:00,75400,75476,74881,75012,22.11979875
2025-11-20 20:45:00+00:00,75007,75159,74850,74917,16.83494179
2025-11-20 21:00:00+00:00,74908,75353,74895,75327,12.14837913
2025-11-20 21:15:00+00:00,75327,75819,75293,75544,17.69044555
2025-11-20 21:30:00+00:00,75533,75932,75459,75932,15.59889309
2025-11-20 21:45:00+00:00,75920,75992,75631,75667,14.48436861
2025-11-20 22:00:00+00:00,75639,76179,75576,76176,19.58624333
2025-11-20 22:15:00+00:00,76173,76386,76071,76386,13.60794804
2025-11-20 22:30:00+00:00,76379,76480,75968,76379,9.56584662
2025-11-20 22:45:00+00:00,76369,76467,76219,76326,9.8216289
2025-11-20 23:00:00+00:00,76318,76409,75718,75914,19.3552038
2025-11-20 23:15:00+00:00,75900,76065,75573,75606,8.45881676
2025-11-20 23:30:00+00:00,75600,75637,75166,75398,13.23914377
2025-11-20 23:45:00+00:00,75381,75409,74968,75021,14.82703873
2025-11-21 00:00:00+00:00,74998,75633,74998,75633,9.66498726
2025-11-21 00:15:00+00:00,75661,75742,75441,75584,8.4605931
2025-11-21 00:30:00+00:00,75576,75782,75393,75539,2.82981384
2025-11-21 00:45:00+00:00,75535,75719,75519,75587,4.61964011
2025-11-21 01:00:00+00:00,75581,75726,75400,75482,8.32748665
2025-11-21 01:15:00+00:00,75460,75650,75200,75577,10.28312299
2025-11-21 01:30:00+00:00,75593,75610,75259,75541,10.68257153
2025-11-21 01:45:00+00:00,75555,75628,75333,75379,6.09679125
2025-11-21 02:00:00+00:00,75410,75410,74801,74838,14.75742728
2025-11-21 02:15:00+00:00,74831,75161,74625,74914,7.87844478
2025-11-21 02:30:00+00:00,74866,75010,74350,74350,28.77972327
2025-11-21 02:45:00+00:00,74388,74683,73917,74050,33.9964039
2025-11-21 03:00:00+00:00,74074,74513,74027,74278,9.89396748
2025-11-21 03:15:00+00:00,74343,74439,73995,74212,13.19398394
2025-11-21 03:30:00+00:00,74207,74581,74114,74520,13.82609364
2025-11-21 03:45:00+00:00,74525,74571,74307,74332,4.54277493
2025-11-21 04:00:00+00:00,74310,74348,74124,74211,4.33803064
2025-11-21 04:15:00+00:00,74160,74370,74116,74313,7.58072891
2025-11-21 04:30:00+00:00,74329,74451,73942,74362,5.14119388
2025-11-21 04:45:00+00:00,74387,74565,74220,74490,4.04177089
2025-11-21 05:00:00+00:00,74475,74660,74410,74631,15.36105644
2025-11-21 05:15:00+00:00,74598,74761,74566,74654,5.94837634
2025-11-21 05:30:00+00:00,74641,74772,74303,74520,33.82885493
2025-11-21 05:45:00+00:00,74516,74663,74434,74640,10.35937708
2025-11-21 06:00:00+00:00,74616,74690,74281,74409,19.39846732
2025-11-21 06:15:00+00:00,74401,74416,74072,74095,20.52394548
2025-11-21 06:30:00+00:00,74094,74251,74023,74143,20.07667911
2025-11-21 06:45:00+00:00,74123,74211,74037,74066,13.99132028
2025-11-21 07:00:00+00:00,74049,74218,73915,73984,26.70579757
2025-11-21 07:15:00+00:00,73958,73996,73680,73736,41.92581306
2025-11-21 07:30:00+00:00,73762,73821,70760,72980,361.36476494
2025-11-21 07:45:00+00:00,72993,73014,72468,72724,47.49273358
2025-11-21 08:00:00+00:00,72713,73281,72456,73071,50.37773654
2025-11-21 08:15:00+00:00,73093,73264,72810,72842,32.20839731
2025-11-21 08:30:00+00:00,72847,73046,72336,72465,49.25653147
2025-11-21 08:45:00+00:00,72465,72631,72323,72376,73.75324582
2025-11-21 09:00:00+00:00,72407,72691,72379,72472,36.0103807
2025-11-21 09:15:00+00:00,72479,72529,71900,71914,63.62682318
2025-11-21 09:30:00+00:00,71909,72037,71406,71573,74.57510386
2025-11-21 09:45:00+00:00,71537,71628,71089,71219,61.45028921
2025-11-21 10:00:00+00:00,71216,71526,70821,71194,70.36828981
2025-11-21 10:15:00+00:00,71204,71500,70800,71150,32.23670593
2025-11-21 10:30:00+00:00,71152,71924,71152,71570,59.44752292
2025-11-21 10:45:00+00:00,71576,71823,71399,71718,29.97339514
2025-11-21 11:00:00+00:00,71725,72292,71650,72048,37.48485816
2025-11-21 11:15:00+00:00,72059,72191,71845,71908,19.97018862
2025-11-21 11:30:00+00:00,71907,72057,71440,71569,26.97246148
2025-11-21 11:45:00+00:00,71559,71577,71338,71450,26.06085862
2025-11-21 12:00:00+00:00,71458,71557,71124,71444,41.53672461
2025-11-21 12:15:00+00:00,71419,71436,70005,70259,115.28644009
2025-11-21 12:30:00+00:00,70306,72000,70305,71975,120.74033698
2025-11-21 12:45:00+00:00,71988,72497,71958,72173,71.47867226
2025-11-21 13:00:00+00:00,72173,72721,72043,72699,31.91741653
2025-11-21 13:15:00+00:00,72714,73151,72315,72335,52.70031472
2025-11-21 13:30:00+00:00,72396,73024,72230,72980,26.72245998
2025-11-21 13:45:00+00:00,72983,73196,72861,72937,34.53199733
2025-11-21 14:00:00+00:00,72953,73076,72657,72771,37.61625489
2025-11-21 14:15:00+00:00,72736,72775,72517,72642,30.97811961
2025-11-21 14:30:00+00:00,72600,74024,72573,73702,119.18790574
2025-11-21 14:45:00+00:00,73722,74184,73129,73640,56.04124508
2025-11-21 15:00:00+00:00,73705,73864,72916,73025,34.16407231
2025-11-21 15:15:00+00:00,73015,73216,72584,72597,32.58706242
2025-11-21 15:30:00+00:00,72560,72809,71909,72279,70.42803106
2025-11-21 15:45:00+00:00,72298,72438,71870,72030,25.84258798
2025-11-21 16:00:00+00:00,72021,72206,71546,72056,32.3653876
2025-11-21 16:15:00+00:00,72042,72377,71757,72347,23.72905381
2025-11-21 16:30:00+00:00,72327,72809,72096,72467,29.87433207
2025-11-21 16:45:00+00:00,72435,73768,72268,73768,40.75901782
2025-11-21 17:00:00+00:00,73761,74243,73468,73921,62.55097618
2025-11-21 17:15:00+00:00,73941,74340,73796,74037,22.80213795
2025-11-21 17:30:00+00:00,74051,74286,73854,74012,19.82506939
2025-11-21 17:45:00+00:00,74039,74192,73659,73710,18.66759916
2025-11-21 18:00:00+00:00,73764,73793,72595,72703,64.11510124
2025-11-21 18:15:00+00:00,72679,73115,72362,73034,23.37555968
2025-11-21 18:30:00+00:00,72983,73462,72955,73414,29.59992442
2025-11-21 18:45:00+00:00,73433,73899,73325,73480,25.18376883
2025-11-21 19:00:00+00:00,73472,73728,73381,73445,9.6709803
2025-11-21 19:15:00+00:00,73437,73853,73385,73745,7.05228594
2025-11-21 19:30:00+00:00,73742,73820,73237,73318,7.0524766
2025-11-21 19:45:00+00:00,73281,73299,72987,73112,7.32854733
2025-11-21 20:00:00+00:00,73103,73346,72812,73103,20.1383147
2025-11-21 20:15:00+00:00,73122,73122,72509,72519,5.79710492
2025-11-21 20:30:00+00:00,72573,73172,72462,73111,7.6274714
2025-11-21 20:45:00+00:00,73173,73500,73147,73392,24.90191334
2025-11-21 21:00:00+00:00,73403,73559,73229,73447,6.56469785
2025-11-21 21:15:00+00:00,73439,73784,73276,73756,15.7096762
2025-11-21 21:30:00+00:00,73762,74150,73728,74018,17.31824082
2025-11-21 21:45:00+00:00,73997,74148,73910,73951,6.94663032
2025-11-21 22:00:00+00:00,73954,74124,73864,73922,6.64876487
2025-11-21 22:15:00+00:00,73924,73961,73563,73652,21.75520716
2025-11-21 22:30:00+00:00,73629,73630,73217,73500,15.03064727
2025-11-21 22:45:00+00:00,73515,73755,73156,73196,12.88011406
2025-11-21 23:00:00+00:00,73201,73305,73011,73303,5.89447408
2025-11-21 23:15:00+00:00,73306,73825,73306,73825,10.36808796
2025-11-21 23:30:00+00:00,73814,74009,73699,74000,18.11278669
2025-11-21 23:45:00+00:00,74000,74089,73830,73907,6.59818823
2025-11-22 00:00:00+00:00,73934,74320,73883,74257,6.37546233
2025-11-22 00:15:00+00:00,74236,74236,73674,73674,8.90240959
2025-11-22 00:30:00+00:00,73692,74003,73692,73844,4.77868882
2025-11-22 00:45:00+00:00,73844,73861,73438,73580,12.50253169
2025-11-22 01:00:00+00:00,73576,73708,73453,73565,3.18939527
2025-11-22 01:15:00+00:00,73583,73753,73516,73715,1.01073488
2025-11-22 01:30:00+00:00,73709,73981,73708,73711,12.75892725
2025-11-22 01:45:00+00:00,73724,73955,73719,73955,3.00520528
2025-11-22 02:00:00+00:00,73965,73965,73530,73559,7.32543059
2025-11-22 02:15:00+00:00,73566,73611,73454,73552,7.30601106
2025-11-22 02:30:00+00:00,73507,73514,73191,73242,4.8579805
2025-11-22 02:45:00+00:00,73302,73391,73192,73390,1.41120319
2025-11-22 03:00:00+00:00,73376,73463,73219,73452,1.06403669
2025-11-22 03:15:00+00:00,73389,73424,73187,73307,0.88797503
2025-11-22 03:30:00+00:00,73335,73353,73136,73258,1.11011954
2025-11-22 03:45:00+00:00,73259,73358,73120,73334,1.33866731
2025-11-22 04:00:00+00:00,73335,73400,72991,73045,6.3979451
2025-11-22 04:15:00+00:00,73049,73143,72863,72938,2.56432551
2025-11-22 04:30:00+00:00,73011,73040,72794,72929,1.62925901
2025-11-22 04:45:00+00:00,72898,73199,72842,73139,1.8098862
2025-11-22 05:00:00+00:00,73195,73201,73059,73070,1.73604088
2025-11-22 05:15:00+00:00,73062,73062,72875,73010,3.57545302
2025-11-22 05:30:00+00:00,72998,73016,72832,72879,1.62903827
2025-11-22 05:45:00+00:00,72884,73209,72884,73189,3.39854575
2025-11-22 06:00:00+00:00,73176,73246,73004,73182,2.62097185
2025-11-22 06:15:00+00:00,73155,73427,73155,73375,5.42217475
2025-11-22 06:30:00+00:00,73402,73637,73399,73472,5.38985203
2025-11-22 06:45:00+00:00,73489,73552,73379,73479,4.76150111
2025-11-22 07:00:00+00:00,73462,73514,73305,73340,2.01154001
2025-11-22 07:15:00+00:00,73369,73496,73283,73374,3.17032955
2025-11-22 07:30:00+00:00,73379,73467,73263,73440,10.75642586
2025-11-22 07:45:00+00:00,73438,73519,73323,73446,8.69755668
2025-11-22 08:00:00+00:00,73421,73439,73324,73410,7.86583799
2025-11-22 08:15:00+00:00,73401,73433,73135,73151,7.56311318
2025-11-22 08:30:00+00:00,73149,73174,72906,73017,9.29996707
2025-11-22 08:45:00+00:00,73014,73127,72912,73003,6.84744241
2025-11-22 09:00:00+00:00,72995,73276,72937,73238,4.10383335
2025-11-22 09:15:00+00:00,73236,73243,72956,73086,4.71846751
2025-11-22 09:30:00+00:00,73098,73199,72750,72940,68.49537112
2025-11-22 09:45:00+00:00,72939,73107,72882,72914,8.71055844
2025-11-22 10:00:00+00:00,72925,73186,72910,73135,3.59269442
2025-11-22 10:15:00+00:00,73129,73166,72666,72721,8.50652707
2025-11-22 10:30:00+00:00,72771,72810,72611,72711,10.8782044
2025-11-22 10:45:00+00:00,72715,72805,72550,72725,16.50489032
2025-11-22 11:00:00+00:00,72733,73051,72643,73010,9.16884657
2025-11-22 11:15:00+00:00,73002,73251,72891,73197,5.85393047
2025-11-22 11:30:00+00:00,73176,73289,73098,73241,14.24613353
2025-11-22 11:45:00+00:00,73240,73243,73073,73073,8.12540858
2025-11-22 12:00:00+00:00,73094,73133,72718,72738,3.23726664
2025-11-22 12:15:00+00:00,72748,72954,72670,72719,17.73152169
2025-11-22 12:30:00+00:00,72715,72877,72715,72782,4.64570941
2025-11-22 12:45:00+00:00,72781,72951,72700,72917,3.82794237
2025-11-22 13:00:00+00:00,72889,73134,72711,73106,4.97395509
2025-11-22 13:15:00+00:00,73118,73123,72845,72923,3.32641748
2025-11-22 13:30:00+00:00,72911,72950,72750,72915,3.58579469
2025-11-22 13:45:00+00:00,72915,73037,72900,72967,2.79081786
2025-11-22 14:00:00+00:00,72954,73391,72953,73391,5.15237528
2025-11-22 14:15:00+00:00,73425,73653,73290,73499,26.44494926
2025-11-22 14:30:00+00:00,73506,73570,73334,73351,6.37151851
2025-11-22 14:45:00+00:00,73332,73474,73215,73427,13.97651219
2025-11-22 15:00:00+00:00,73418,73477,73248,73334,14.91580224
2025-11-22 15:15:00+00:00,73357,73430,73297,73388,7.84236288
2025-11-22 15:30:00+00:00,73357,73389,73034,73126,6.71421681
2025-11-22 15:45:00+00:00,73108,73252,73032,73240,7.86663004
2025-11-22 16:00:00+00:00,73233,73498,73198,73497,6.72017935
2025-11-22 16:15:00+00:00,73500,73553,73362,73490,9.24168357
2025-11-22 16:30:00+00:00,73492,73682,73401,73682,4.94451748
2025-11-22 16:45:00+00:00,73690,73749,73486,73563,4.67449229
2025-11-22 17:00:00+00:00,73571,73589,73303,73396,12.93643113
2025-11-22 17:15:00+00:00,73413,73565,73354,73537,3.68614716
2025-11-22 17:30:00+00:00,73545,73559,73390,73403,2.77700186
2025-11-22 17:45:00+00:00,73412,73480,73329,73415,3.74388971
2025-11-22 18:00:00+00:00,73405,73521,73360,73457,3.74181889
2025-11-22 18:15:00+00:00,73463,73478,73382,73428,2.18668551
2025-11-22 18:30:00+00:00,73435,73435,73324,73395,2.04924944
2025-11-22 18:45:00+00:00,73397,73496,73381,73496,2.59882067
2025-11-22 19:00:00+00:00,73460,73589,73412,73531,1.70693439
2025-11-22 19:15:00+00:00,73553,73604,73437,73450,5.56255682
2025-11-22 19:30:00+00:00,73461,73469,73351,73426,1.56065584
2025-11-22 19:45:00+00:00,73417,73557,73402,73434,2.64861109
2025-11-22 20:00:00+00:00,73436,73622,73433,73582,2.95778979
2025-11-22 20:15:00+00:00,73556,73592,73484,73561,2.15644954
2025-11-22 20:30:00+00:00,73556,73556,73280,73280,6.18209075
2025-11-22 20:45:00+00:00,73289,73373,73143,73344,6.15502836
2025-11-22 21:00:00+00:00,73345,73397,73164,73209,13.40961239
2025-11-22 21:15:00+00:00,73214,73401,73212,73219,12.54756182
2025-11-22 21:30:00+00:00,73222,73340,73199,73313,3.54035498
2025-11-22 21:45:00+00:00,73300,73336,73232,73322,1.73850865
2025-11-22 22:00:00+00:00,73333,73488,73200,73477,5.81919386
2025-11-22 22:15:00+00:00,73452,73564,73421,73497,12.27680966
2025-11-22 22:30:00+00:00,73447,73620,73447,73620,2.16966486
2025-11-22 22:45:00+00:00,73621,74042,73587,73891,9.48874204
2025-11-22 23:00:00+00:00,73903,73950,73685,73826,3.67676812
2025-11-22 23:15:00+00:00,73839,73869,73626,73706,2.34395982
2025-11-22 23:30:00+00:00,73715,73868,73600,73667,1.0395568
2025-11-22 23:45:00+00:00,73648,73682,73545,73605,2.08316776
2025-11-23 00:00:00+00:00,73598,73995,73543,73974,2.724715
2025-11-23 00:15:00+00:00,73971,74107,73836,73912,11.79567395
2025-11-23 00:30:00+00:00,73909,73978,73759,73828,4.38116461
2025-11-23 00:45:00+00:00,73873,73941,73737,73791,1.44049645
2025-11-23 01:00:00+00:00,73810,74129,73795,74117,3.46169898
2025-11-23 01:15:00+00:00,74080,74350,74073,74282,6.83357204
2025-11-23 01:30:00+00:00,74270,74638,74232,74596,11.68038552
2025-11-23 01:45:00+00:00,74596,74864,74455,74610,12.93097214
2025-11-23 02:00:00+00:00,74589,74764,74426,74561,10.61947441
2025-11-23 02:15:00+00:00,74554,74887,74484,74729,4.8424364
2025-11-23 02:30:00+00:00,74761,75037,74761,74865,10.79870189
2025-11-23 02:45:00+00:00,74870,74980,74675,74699,7.24060889
2025-11-23 03:00:00+00:00,74696,74772,74578,74597,1.74368367
2025-11-23 03:15:00+00:00,74607,74670,74571,74658,1.54441535
2025-11-23 03:30:00+00:00,74641,74844,74620,74799,1.607461
2025-11-23 03:45:00+00:00,74801,74973,74717,74973,3.7954137
2025-11-23 04:00:00+00:00,74995,75164,74855,75160,11.25882445
2025-11-23 04:15:00+00:00,75119,75452,75066,75156,16.8851476
2025-11-23 04:30:00+00:00,75150,75271,75107,75221,4.08707606
2025-11-23 04:45:00+00:00,75249,75325,75142,75211,8.88530395
2025-11-23 05:00:00+00:00,75216,75239,75053,75112,5.33469064
2025-11-23 05:15:00+00:00,75118,75129,74945,74951,1.09557791
2025-11-23 05:30:00+00:00,74940,74982,74748,74790,3.45488738
2025-11-23 05:45:00+00:00,74789,75076,74789,75061,3.4328106
2025-11-23 06:00:00+00:00,75077,75209,75000,75020,5.09793074
2025-11-23 06:15:00+00:00,75012,75036,74839,74909,3.8916122
2025-11-23 06:30:00+00:00,74924,74926,74752,74784,3.42563662
2025-11-23 06:45:00+00:00,74798,74865,74647,74647,7.41966483
2025-11-23 07:00:00+00:00,74647,74689,74432,74642,7.89192113
2025-11-23 07:15:00+00:00,74639,74660,74239,74335,15.32047513
2025-11-23 07:30:00+00:00,74301,74523,74277,74495,6.38553391
2025-11-23 07:45:00+00:00,74489,74599,74446,74581,4.43241979
2025-11-23 08:00:00+00:00,74578,74844,74566,74776,13.51301956
2025-11-23 08:15:00+00:00,74741,74885,74741,74788,10.4952558
2025-11-23 08:30:00+00:00,74780,74815,74663,74663,7.77678137
2025-11-23 08:45:00+00:00,74676,74972,74676,74933,7.20300854
2025-11-23 09:00:00+00:00,74916,75035,74872,75021,6.19783856
2025-11-23 09:15:00+00:00,75009,75058,74920,74998,14.8254185
2025-11-23 09:30:00+00:00,75000,75271,74946,75262,9.90267659
2025-11-23 09:45:00+00:00,75250,75260,75139,75209,8.80538787
2025-11-23 10:00:00+00:00,75231,75259,75075,75098,8.30796051
2025-11-23 10:15:00+00:00,75097,75142,74953,74961,14.94416008
2025-11-23 10:30:00+00:00,74971,75100,74897,75036,7.03414569
2025-11-23 10:45:00+00:00,75028,75090,74875,74893,6.37767132
2025-11-23 11:00:00+00:00,74880,74892,74690,74779,7.33237549
2025-11-23 11:15:00+00:00,74781,74950,74709,74849,8.85511465
2025-11-23 11:30:00+00:00,74851,75056,74848,75030,4.18400704
2025-11-23 11:45:00+00:00,75051,75183,74979,75081,5.56718691
2025-11-23 12:00:00+00:00,75099,75357,75047,75340,7.33116554
2025-11-23 12:15:00+00:00,75351,75593,75350,75536,12.24730331
2025-11-23 12:30:00+00:00,75542,75605,75265,75359,17.16169089
2025-11-23 12:45:00+00:00,75376,75435,75228,75304,7.73420328
2025-11-23 13:00:00+00:00,75305,75497,75119,75169,12.95061295
2025-11-23 13:15:00+00:00,75184,75400,75184,75270,12.57130376
2025-11-23 13:30:00+00:00,75300,75499,75220,75480,3.94600373
2025-11-23 13:45:00+00:00,75499,75675,75442,75675,6.75090474
2025-11-23 14:00:00+00:00,75675,75902,75524,75614,21.07705683
2025-11-23 14:15:00+00:00,75599,75625,75437,75547,6.01325664
2025-11-23 14:30:00+00:00,75500,75655,75418,75513,7.46533772
2025-11-23 14:45:00+00:00,75514,75592,75251,75318,7.21533179
2025-11-23 15:00:00+00:00,75338,75501,75222,75455,9.04378916
2025-11-23 15:15:00+00:00,75444,75540,75363,75441,2.90398447
2025-11-23 15:30:00+00:00,75427,75750,75408,75716,6.7508316
2025-11-23 15:45:00+00:00,75708,75911,75620,75781,8.82518064
2025-11-23 16:00:00+00:00,75768,76122,75755,75875,15.98327944
2025-11-23 16:15:00+00:00,75885,75892,75674,75761,8.91426166
2025-11-23 16:30:00+00:00,75740,76082,75633,76002,11.88006603
2025-11-23 16:45:00+00:00,76007,76007,75430,75431,12.04463049
2025-11-23 17:00:00+00:00,75441,75553,75264,75461,8.49359223
2025-11-23 17:15:00+00:00,75449,75639,75315,75613,13.4057656
2025-11-23 17:30:00+00:00,75598,75661,75498,75591,6.32112581
2025-11-23 17:45:00+00:00,75602,75602,75348,75461,6.57207733
2025-11-23 18:00:00+00:00,75448,75610,75426,75485,3.94324429
2025-11-23 18:15:00+00:00,75499,75826,75499,75581,10.18543581
2025-11-23 18:30:00+00:00,75569,75880,75569,75832,5.84089305
2025-11-23 18:45:00+00:00,75828,75832,75614,75672,6.07353412
2025-11-23 19:00:00+00:00,75680,75895,75606,75881,6.38025106
2025-11-23 19:15:00+00:00,75894,76138,75892,75964,13.39946363
2025-11-23 19:30:00+00:00,75958,76279,75948,76228,13.61599488
2025-11-23 19:45:00+00:00,76246,76273,75948,75988,15.3707926
2025-11-23 20:00:00+00:00,75996,76157,75924,76107,14.10725251
2025-11-23 20:15:00+00:00,76102,76327,76074,76269,13.6924105
2025-11-23 20:30:00+00:00,76270,76300,76094,76185,19.43272286
2025-11-23 20:45:00+00:00,76171,76234,76083,76135,10.60866757
2025-11-23 21:00:00+00:00,76130,76190,75838,75935,11.14378082
2025-11-23 21:15:00+00:00,75931,76205,75924,76205,10.94041923
2025-11-23 21:30:00+00:00,76191,76412,76177,76295,11.74620623
2025-11-23 21:45:00+00:00,76266,76569,76230,76566,8.54388978
2025-11-23 22:00:00+00:00,76565,76674,76215,76298,32.71064176
2025-11-23 22:15:00+00:00,76307,76486,76137,76432,11.57326499
2025-11-23 22:30:00+00:00,76400,76400,76215,76314,4.92926935
2025-11-23 22:45:00+00:00,76301,76553,76289,76518,4.5673618
2025-11-23 23:00:00+00:00,76531,76580,75921,75921,9.1419063
2025-11-23 23:15:00+00:00,75961,75993,75477,75674,18.54136173
2025-11-23 23:30:00+00:00,75635,75658,75389,75489,16.99032105
2025-11-23 23:45:00+00:00,75488,75560,75400,75491,6.32573601
2025-11-24 00:00:00+00:00,75441,75441,75010,75036,7.15107394
2025-11-24 00:15:00+00:00,75026,75158,74732,75122,12.45402142
2025-11-24 00:30:00+00:00,75098,75597,74983,75519,17.02859764
2025-11-24 00:45:00+00:00,75493,75811,75346,75383,6.39700497
2025-11-24 01:00:00+00:00,75343,75609,75204,75425,15.56642275
2025-11-24 01:15:00+00:00,75418,75556,75273,75458,8.74551068
2025-11-24 01:30:00+00:00,75413,75453,75077,75181,12.1464771
2025-11-24 01:45:00+00:00,75182,75680,75112,75651,9.3806021
2025-11-24 02:00:00+00:00,75651,76412,75650,76399,18.45164262
2025-11-24 02:15:00+00:00,76361,76494,76222,76222,4.58846018
2025-11-24 02:30:00+00:00,76251,76252,75801,75883,5.63839542
2025-11-24 02:45:00+00:00,75929,75999,75784,75999,1.74989489
2025-11-24 03:00:00+00:00,76020,76066,75732,75827,1.5190886
2025-11-24 03:15:00+00:00,75849,76250,75770,76075,10.78644262
2025-11-24 03:30:00+00:00,76085,76109,75886,75911,3.32336159
2025-11-24 03:45:00+00:00,75951,75992,75781,75949,5.79628093
2025-11-24 04:00:00+00:00,75965,76053,75880,75880,1.90414211
2025-11-24 04:15:00+00:00,75832,75832,75051,75178,5.17398503
2025-11-24 04:30:00+00:00,75180,75394,75180,75293,3.37521317
2025-11-24 04:45:00+00:00,75279,75370,75184,75299,2.42806379
2025-11-24 05:00:00+00:00,75289,76071,75245,75979,5.72771569
2025-11-24 05:15:00+00:00,76041,76212,75943,76053,4.02124253
2025-11-24 05:30:00+00:00,76044,76055,75859,75962,1.51874735
2025-11-24 05:45:00+00:00,75992,75992,75727,75903,5.59091358
2025-11-24 06:00:00+00:00,75925,75928,75429,75441,9.28947236
2025-11-24 06:15:00+00:00,75456,75637,75456,75630,9.80127294
2025-11-24 06:30:00+00:00,75632,75632,75349,75530,13.12856506
2025-11-24 06:45:00+00:00,75530,75565,75324,75413,9.40035549
2025-11-24 07:00:00+00:00,75401,75461,75250,75393,3.10915057
2025-11-24 07:15:00+00:00,75402,75540,75302,75420,3.39277472
2025-11-24 07:30:00+00:00,75358,75834,75346,75793,11.83482388
2025-11-24 07:45:00+00:00,75780,75837,75526,75611,8.79610295
2025-11-24 08:00:00+00:00,75578,75604,75290,75430,15.53402646
2025-11-24 08:15:00+00:00,75414,75492,75267,75289,7.01820832
2025-11-24 08:30:00+00:00,75285,75367,75201,75295,9.0343996
2025-11-24 08:45:00+00:00,75289,75464,75200,75408,6.49474581
2025-11-24 09:00:00+00:00,75406,75406,75026,75125,14.96939646
2025-11-24 09:15:00+00:00,75130,75130,74472,74547,19.37774225
2025-11-24 09:30:00+00:00,74546,74756,74437,74550,16.85550958
2025-11-24 09:45:00+00:00,74567,74673,74531,74547,9.06970716
2025-11-24 10:00:00+00:00,74542,74729,74437,74455,23.26760715
2025-11-24 10:15:00+00:00,74462,74551,74339,74375,14.37912034
2025-11-24 10:30:00+00:00,74384,74559,74257,74453,13.2262557
2025-11-24 10:45:00+00:00,74439,74610,74432,74563,4.91351095
2025-11-24 11:00:00+00:00,74556,74711,74396,74637,7.1693568
2025-11-24 11:15:00+00:00,74626,74705,74521,74591,11.00053504
2025-11-24 11:30:00+00:00,74594,74853,74592,74820,9.9480952
2025-11-24 11:45:00+00:00,74853,74878,74677,74693,11.62938216
2025-11-24 12:00:00+00:00,74689,74694,74490,74543,10.02177649
2025-11-24 12:15:00+00:00,74543,74664,74426,74663,12.55549972
2025-11-24 12:30:00+00:00,74658,74750,74388,74412,18.31736631
2025-11-24 12:45:00+00:00,74418,74579,74360,74462,5.83700315
2025-11-24 13:00:00+00:00,74448,74908,74439,74780,7.46811652
2025-11-24 13:15:00+00:00,74781,74966,74622,74942,5.6942092
2025-11-24 13:30:00+00:00,74928,75013,74801,74981,5.46432963
2025-11-24 13:45:00+00:00,74982,74982,74586,74652,6.2826381
2025-11-24 14:00:00+00:00,74623,74624,74427,74587,7.09409041
2025-11-24 14:15:00+00:00,74571,74636,74460,74471,16.37123363
2025-11-24 14:30:00+00:00,74473,75123,74083,74185,73.28431882
2025-11-24 14:45:00+00:00,74172,74693,73949,74693,30.5410488
2025-11-24 15:00:00+00:00,74732,75275,74661,75090,33.34350484
2025-11-24 15:15:00+00:00,75096,75123,74560,74696,21.09624054
2025-11-24 15:30:00+00:00,74662,75141,74608,75044,17.03167493
2025-11-24 15:45:00+00:00,75054,75229,74912,75115,7.47330773
2025-11-24 16:00:00+00:00,75126,75617,75123,75340,18.73739695
2025-11-24 16:15:00+00:00,75375,75769,75367,75689,30.10149819
2025-11-24 16:30:00+00:00,75693,75948,75520,75923,10.92607179
2025-11-24 16:45:00+00:00,75912,76098,75650,75663,18.16440609
2025-11-24 17:00:00+00:00,75670,75791,75498,75542,4.6415118
2025-11-24 17:15:00+00:00,75524,76176,75500,76171,15.14791953
2025-11-24 17:30:00+00:00,76159,76415,76083,76338,13.31311947
2025-11-24 17:45:00+00:00,76314,76831,76289,76716,35.05521303
2025-11-24 18:00:00+00:00,76716,76900,76563,76817,31.21799299
2025-11-24 18:15:00+00:00,76817,76858,76577,76704,16.15454725
2025-11-24 18:30:00+00:00,76688,76792,76534,76714,21.15851212
2025-11-24 18:45:00+00:00,76714,77000,76714,76983,15.7961342
2025-11-24 19:00:00+00:00,76955,77089,76851,76958,16.51109401
2025-11-24 19:15:00+00:00,76958,77050,76800,76917,10.73941711
2025-11-24 19:30:00+00:00,76932,77050,76672,76742,14.89002175
2025-11-24 19:45:00+00:00,76728,76762,76453,76635,17.52535099
2025-11-24 20:00:00+00:00,76661,77042,76661,76929,17.74699949
2025-11-24 20:15:00+00:00,76932,77138,76866,77113,15.820104
2025-11-24 20:30:00+00:00,77116,77223,77023,77197,11.563953
2025-11-24 20:45:00+00:00,77197,77498,77197,77382,27.71754503
2025-11-24 21:00:00+00:00,77336,77372,77158,77293,10.50141814
2025-11-24 21:15:00+00:00,77293,77309,77135,77200,7.03755428
2025-11-24 21:30:00+00:00,77202,77348,77066,77066,8.49181069
2025-11-24 21:45:00+00:00,77057,77158,77015,77066,7.00186254
2025-11-24 22:00:00+00:00,77062,77330,77051,77279,3.52854811
2025-11-24 22:15:00+00:00,77289,77289,77012,77065,10.63126083
2025-11-24 22:30:00+00:00,77072,77195,77068,77117,2.78423059
2025-11-24 22:45:00+00:00,77121,77121,76900,76909,5.33355086
2025-11-24 23:00:00+00:00,76900,76971,76805,76830,6.18893486
2025-11-24 23:15:00+00:00,76844,76920,76794,76920,6.13570232
2025-11-24 23:30:00+00:00,76882,76883,76672,76770,2.61597568
2025-11-24 23:45:00+00:00,76742,76742,76595,76653,2.33600845
2025-11-25 00:00:00+00:00,76648,76648,76388,76419,5.26472762
2025-11-25 00:15:00+00:00,76385,76450,76284,76296,2.29382114
2025-11-25 00:30:00+00:00,76325,76651,76304,76560,5.8247163
2025-11-25 00:45:00+00:00,76553,76553,76386,76463,3.21151898
2025-11-25 01:00:00+00:00,76433,76542,76284,76499,2.33019441
2025-11-25 01:15:00+00:00,76502,76534,76315,76411,6.71878252
2025-11-25 01:30:00+00:00,76411,76417,76280,76334,1.79325376
2025-11-25 01:45:00+00:00,76310,76331,76117,76122,4.64045571
2025-11-25 02:00:00+00:00,76131,76278,76012,76176,2.93164965
2025-11-25 02:15:00+00:00,76171,76257,76019,76049,1.05146077
2025-11-25 02:30:00+00:00,76022,76116,75893,76096,2.75542451
2025-11-25 02:45:00+00:00,76121,76272,76076,76266,1.373965
2025-11-25 03:00:00+00:00,76235,76372,76168,76197,0.9404731
2025-11-25 03:15:00+00:00,76143,76341,76142,76310,4.27605482
2025-11-25 03:30:00+00:00,76301,76301,76017,76085,0.6605562
2025-11-25 03:45:00+00:00,76094,76255,76005,76239,3.01591355
2025-11-25 04:00:00+00:00,76232,76538,76230,76538,1.68266522
2025-11-25 04:15:00+00:00,76509,76509,76376,76455,0.79783065
2025-11-25 04:30:00+00:00,76440,76706,76440,76550,3.33649337
2025-11-25 04:45:00+00:00,76556,76883,76556,76735,2.13678425
2025-11-25 05:00:00+00:00,76726,76726,76573,76601,3.11206785
2025-11-25 05:15:00+00:00,76599,76625,76392,76473,5.19496115
2025-11-25 05:30:00+00:00,76445,76644,76445,76615,3.75028702
2025-11-25 05:45:00+00:00,76634,76649,76502,76533,4.18216213
2025-11-25 06:00:00+00:00,76516,76569,76465,76508,3.43308515
2025-11-25 06:15:00+00:00,76507,76540,76357,76374,5.56502849
2025-11-25 06:30:00+00:00,76355,76405,76252,76304,3.35225736
2025-11-25 06:45:00+00:00,76294,76466,76238,76427,5.69274204
2025-11-25 07:00:00+00:00,76421,76449,76267,76402,5.50690947
2025-11-25 07:15:00+00:00,76417,76418,76100,76102,6.42224881
2025-11-25 07:30:00+00:00,76114,76171,76004,76090,5.94786864
2025-11-25 07:45:00+00:00,76096,76146,75761,75866,28.92029074
2025-11-25 08:00:00+00:00,75897,75928,75810,75869,4.38831037
2025-11-25 08:15:00+00:00,75890,76044,75870,75940,6.45450245
2025-11-25 08:30:00+00:00,75958,75958,75777,75819,5.01636909
2025-11-25 08:45:00+00:00,75834,75834,75438,75477,11.61192523
2025-11-25 09:00:00+00:00,75484,75527,75305,75305,9.66740358
2025-11-25 09:15:00+00:00,75305,75386,75176,75196,9.38490449
2025-11-25 09:30:00+00:00,75191,75553,75191,75511,11.35857605
2025-11-25 09:45:00+00:00,75511,75663,75347,75655,5.46656356
2025-11-25 10:00:00+00:00,75630,75630,75465,75471,2.26042969
2025-11-25 10:15:00+00:00,75458,75619,75363,75612,7.23173383
2025-11-25 10:30:00+00:00,75599,75705,75550,75641,8.16352151
2025-11-25 10:45:00+00:00,75668,75806,75578,75781,4.56061156
2025-11-25 11:00:00+00:00,75763,75849,75703,75843,4.07527639
2025-11-25 11:15:00+00:00,75840,75899,75721,75841,3.9932876
2025-11-25 11:30:00+00:00,75842,75954,75775,75879,6.21551289
2025-11-25 11:45:00+00:00,75878,75954,75791,75801,3.67429092
2025-11-25 12:00:00+00:00,75860,76117,75807,76093,6.85123303
2025-11-25 12:15:00+00:00,76084,76093,75943,76008,13.34124708
2025-11-25 12:30:00+00:00,75998,76006,75812,75938,41.74076019
2025-11-25 12:45:00+00:00,75938,75988,75800,75836,45.76923388
2025-11-25 13:00:00+00:00,75826,75892,75634,75863,8.13579338
2025-11-25 13:15:00+00:00,75871,75910,75757,75879,12.91059909
2025-11-25 13:30:00+00:00,75897,75964,75376,75395,27.96154586
2025-11-25 13:45:00+00:00,75401,75454,75201,75355,15.8837502
2025-11-25 14:00:00+00:00,75374,75521,75107,75272,9.45527542
2025-11-25 14:15:00+00:00,75272,75493,75191,75445,8.34503576
2025-11-25 14:30:00+00:00,75403,75475,74885,74910,21.52614452
2025-11-25 14:45:00+00:00,74891,75051,74444,74990,23.70336474
2025-11-25 15:00:00+00:00,74982,75112,74493,74826,19.24928882
2025-11-25 15:15:00+00:00,74846,74948,74624,74936,13.91732847
2025-11-25 15:30:00+00:00,74987,75329,74987,75308,12.34311902
2025-11-25 15:45:00+00:00,75342,75455,75139,75247,8.39098316
2025-11-25 16:00:00+00:00,75238,75329,74989,75080,7.4060595
2025-11-25 16:15:00+00:00,75077,75450,75018,75409,6.10021511
2025-11-25 16:30:00+00:00,75434,75484,75279,75376,5.29263176
2025-11-25 16:45:00+00:00,75363,75458,75228,75413,5.49218035
2025-11-25 17:00:00+00:00,75430,75663,75286,75630,30.21500415
2025-11-25 17:15:00+00:00,75627,75711,75414,75612,4.81772155
2025-11-25 17:30:00+00:00,75604,76170,75573,75985,10.55657977
2025-11-25 17:45:00+00:00,76001,76020,75666,75677,4.3481114
2025-11-25 18:00:00+00:00,75676,75802,75608,75675,5.64559099
2025-11-25 18:15:00+00:00,75679,75838,75620,75686,2.83300166
2025-11-25 18:30:00+00:00,75717,75753,75520,75566,4.33408993
2025-11-25 18:45:00+00:00,75593,75681,75342,75355,7.04556232
2025-11-25 19:00:00+00:00,75342,75416,74950,75109,13.01211628
2025-11-25 19:15:00+00:00,75102,75103,74491,74550,13.23192311
2025-11-25 19:30:00+00:00,74589,74833,74444,74824,10.50987997
2025-11-25 19:45:00+00:00,74807,75054,74766,75021,8.43434955
2025-11-25 20:00:00+00:00,75046,75252,74899,75251,7.44841562
2025-11-25 20:15:00+00:00,75250,75313,75090,75260,4.1176937
2025-11-25 20:30:00+00:00,75276,75504,75276,75403,5.68754337
2025-11-25 20:45:00+00:00,75383,75661,75351,75594,3.45190371
2025-11-25 21:00:00+00:00,75573,75612,75295,75350,16.30294885
2025-11-25 21:15:00+00:00,75367,75543,75367,75447,3.99483217
2025-11-25 21:30:00+00:00,75447,75493,75245,75354,4.22763652
2025-11-25 21:45:00+00:00,75372,75433,75187,75229,0.97973398
2025-11-25 22:00:00+00:00,75223,75223,74845,74907,3.3672192
2025-11-25 22:15:00+00:00,74882,75344,74882,75327,1.28407025
2025-11-25 22:30:00+00:00,75314,75721,75283,75495,9.493208
2025-11-25 22:45:00+00:00,75500,75821,75407,75747,11.6440364
2025-11-25 23:00:00+00:00,75743,75965,75540,75902,10.44342125
2025-11-25 23:15:00+00:00,75916,75916,75625,75661,2.20373243
2025-11-25 23:30:00+00:00,75661,75754,75573,75593,5.77547677
2025-11-25 23:45:00+00:00,75576,75658,75510,75544,0.94373229
2025-11-26 00:00:00+00:00,75554,75733,75524,75615,4.41366735
2025-11-26 00:15:00+00:00,75623,75874,75569,75723,4.17032914
2025-11-26 00:30:00+00:00,75731,75853,75550,75679,0.74085697
2025-11-26 00:45:00+00:00,75701,75846,75631,75707,0.97193851
2025-11-26 01:00:00+00:00,75687,75687,75500,75654,1.26524283
2025-11-26 01:15:00+00:00,75638,75746,75560,75737,0.94042021
2025-11-26 01:30:00+00:00,75669,76182,75660,76077,8.10198066
2025-11-26 01:45:00+00:00,76089,76089,75876,75953,2.2840922
2025-11-26 02:00:00+00:00,75953,76001,75853,75942,0.58233111
2025-11-26 02:15:00+00:00,75992,76048,75769,75801,3.45385668
2025-11-26 02:30:00+00:00,75788,75920,75673,75887,3.08742003
2025-11-26 02:45:00+00:00,75869,75869,75721,75721,3.11347693
2025-11-26 03:00:00+00:00,75753,75770,75692,75716,0.27388868
2025-11-26 03:15:00+00:00,75707,75868,75680,75835,0.74693066
2025-11-26 03:30:00+00:00,75803,75803,75301,75395,3.26540066
2025-11-26 03:45:00+00:00,75394,75394,75121,75173,1.35395641
2025-11-26 04:00:00+00:00,75178,75313,75004,75005,4.24254502
2025-11-26 04:15:00+00:00,75048,75320,75045,75320,0.83287429
2025-11-26 04:30:00+00:00,75328,75422,75302,75349,0.67226001
2025-11-26 04:45:00+00:00,75362,75399,75273,75312,1.72433446
2025-11-26 05:00:00+00:00,75315,75496,75315,75474,3.6367247
2025-11-26 05:15:00+00:00,75474,75671,75474,75582,2.03438912
2025-11-26 05:30:00+00:00,75593,75727,75581,75648,1.26943866
2025-11-26 05:45:00+00:00,75635,75641,75493,75524,1.9597035
2025-11-26 06:00:00+00:00,75515,75688,75478,75623,11.893644
2025-11-26 06:15:00+00:00,75609,75635,75473,75560,2.18883991
2025-11-26 06:30:00+00:00,75567,75676,75443,75662,2.23879897
2025-11-26 06:45:00+00:00,75662,75875,75606,75796,3.0927306
2025-11-26 07:00:00+00:00,75780,75824,75672,75789,2.08079166
2025-11-26 07:15:00+00:00,75791,75856,75735,75813,2.33867902
2025-11-26 07:30:00+00:00,75802,75810,75722,75804,3.35748815
2025-11-26 07:45:00+00:00,75783,75987,75758,75945,3.73215878
2025-11-26 08:00:00+00:00,75952,75952,75677,75694,3.76940864
2025-11-26 08:15:00+00:00,75684,75729,75601,75638,1.35558951
2025-11-26 08:30:00+00:00,75649,75699,75555,75628,2.42044197
2025-11-26 08:45:00+00:00,75624,75678,75553,75553,1.72669167
2025-11-26 09:00:00+00:00,75539,75572,75418,75466,3.21581824
2025-11-26 09:15:00+00:00,75466,75466,75253,75282,2.05490289
2025-11-26 09:30:00+00:00,75259,75309,75108,75114,24.82192451
2025-11-26 09:45:00+00:00,75114,75119,74993,75060,8.37704785
2025-11-26 10:00:00+00:00,75048,75237,75047,75114,3.42820684
2025-11-26 10:15:00+00:00,75110,75117,74991,75062,7.81424518
2025-11-26 10:30:00+00:00,75060,75120,74921,75068,5.79084919
2025-11-26 10:45:00+00:00,75069,75170,75000,75149,3.15213338
2025-11-26 11:00:00+00:00,75137,75195,75058,75173,1.34540004
2025-11-26 11:15:00+00:00,75181,75185,75100,75112,3.491768
2025-11-26 11:30:00+00:00,75117,75239,75100,75239,3.69988013
2025-11-26 11:45:00+00:00,75239,75288,75157,75270,2.25969565
2025-11-26 12:00:00+00:00,75268,75347,74800,74812,11.77080228
2025-11-26 12:15:00+00:00,74800,74838,74588,74744,10.16211598
2025-11-26 12:30:00+00:00,74730,74915,74677,74856,2.96353294
2025-11-26 12:45:00+00:00,74847,74942,74829,74911,4.58763281
2025-11-26 13:00:00+00:00,74901,74939,74816,74823,2.51061803
2025-11-26 13:15:00+00:00,74808,74991,74801,74917,2.51608116
2025-11-26 13:30:00+00:00,74883,75332,74813,75268,7.25701201
2025-11-26 13:45:00+00:00,75290,75454,75239,75452,4.20334116
2025-11-26 14:00:00+00:00,75434,75621,75294,75597,3.66551302
2025-11-26 14:15:00+00:00,75599,75601,75477,75556,4.93725778
2025-11-26 14:30:00+00:00,75555,75690,75317,75451,14.47965937
2025-11-26 14:45:00+00:00,75442,75769,74999,75057,8.28310364
2025-11-26 15:00:00+00:00,75058,75285,75037,75112,4.94042126
2025-11-26 15:15:00+00:00,75132,75366,74995,75316,4.28777513
2025-11-26 15:30:00+00:00,75392,75410,75008,75019,9.91573601
2025-11-26 15:45:00+00:00,75000,75104,74829,75047,21.82646137
2025-11-26 16:00:00+00:00,75047,75552,75036,75520,15.34055581
2025-11-26 16:15:00+00:00,75561,75767,75512,75517,8.10132618
2025-11-26 16:30:00+00:00,75517,75827,75485,75544,23.36157133
2025-11-26 16:45:00+00:00,75559,75791,75480,75763,19.39435966
2025-11-26 17:00:00+00:00,75776,75938,75715,75825,6.82987911
2025-11-26 17:15:00+00:00,75822,76642,75692,76500,22.34151438
2025-11-26 17:30:00+00:00,76518,77247,76438,77247,37.06174965
2025-11-26 17:45:00+00:00,77222,77622,77222,77507,33.64614469
2025-11-26 18:00:00+00:00,77500,77743,77343,77689,35.35309545
2025-11-26 18:15:00+00:00,77689,78000,77685,77939,29.59920573
2025-11-26 18:30:00+00:00,77957,77982,77393,77433,21.43018254
2025-11-26 18:45:00+00:00,77416,77797,77412,77791,7.43171243
2025-11-26 19:00:00+00:00,77777,77820,77442,77504,21.52804758
2025-11-26 19:15:00+00:00,77552,77680,77428,77482,15.32385908
2025-11-26 19:30:00+00:00,77544,77686,77435,77542,17.56685091
2025-11-26 19:45:00+00:00,77490,77717,77475,77621,6.24122314
2025-11-26 20:15:00+00:00,77620,77727,77467,77646,7.23438814
2025-11-26 20:30:00+00:00,77610,77703,77344,77344,5.25600365
2025-11-26 20:45:00+00:00,77358,77608,77322,77545,5.41245663
2025-11-26 21:00:00+00:00,77550,77675,77505,77505,9.28647768
2025-11-26 21:15:00+00:00,77500,77901,77482,77889,28.19739646
2025-11-26 21:30:00+00:00,77886,78073,77777,77837,26.99427758
2025-11-26 21:45:00+00:00,77857,77966,77776,77796,11.44718564
2025-11-26 22:00:00+00:00,77808,78232,77746,77953,9.96895504
2025-11-26 22:15:00+00:00,77953,78125,77812,77921,7.46041299
2025-11-26 22:30:00+00:00,77944,77953,77801,77857,9.06863172
2025-11-26 22:45:00+00:00,77855,78045,77828,77966,4.07277394
2025-11-26 23:00:00+00:00,77969,78155,77927,78075,7.02352296
2025-11-26 23:15:00+00:00,78058,78078,77912,77921,6.88206595
2025-11-26 23:30:00+00:00,77922,78000,77900,77961,4.20701153
2025-11-26 23:45:00+00:00,77968,78109,77968,78019,5.12989074
2025-11-27 00:00:00+00:00,78013,78077,77699,77740,7.31173379
2025-11-27 00:15:00+00:00,77740,77835,77665,77793,10.82670216
2025-11-27 00:30:00+00:00,77772,77932,77772,77901,1.13749796
2025-11-27 00:45:00+00:00,77921,78098,77897,78005,1.27163892
2025-11-27 01:00:00+00:00,78005,78364,77932,78167,8.70820877
2025-11-27 01:15:00+00:00,78161,78265,78112,78187,2.16706605
2025-11-27 01:30:00+00:00,78179,78221,78095,78189,1.72806755
2025-11-27 01:45:00+00:00,78168,78610,78089,78534,7.5231472
2025-11-27 02:00:00+00:00,78571,78572,78323,78449,3.01365456
2025-11-27 02:15:00+00:00,78436,78813,78408,78813,10.2257618
2025-11-27 02:30:00+00:00,78778,79112,78714,79098,15.4483127
2025-11-27 02:45:00+00:00,79083,79187,78745,78764,10.72972339
2025-11-27 03:00:00+00:00,78758,78945,78690,78774,1.99024066
2025-11-27 03:15:00+00:00,78746,78974,78724,78740,2.03138622
2025-11-27 03:30:00+00:00,78739,78739,78540,78560,6.38281561
2025-11-27 03:45:00+00:00,78628,78651,78495,78537,0.84240406
2025-11-27 04:00:00+00:00,78547,78750,78503,78703,2.47986368
2025-11-27 04:15:00+00:00,78710,78757,78560,78573,1.71537409
2025-11-27 04:30:00+00:00,78552,78702,78505,78594,1.61778138
2025-11-27 04:45:00+00:00,78613,78717,78590,78714,5.94168758
2025-11-27 05:00:00+00:00,78697,78741,78585,78712,2.53638499
2025-11-27 05:15:00+00:00,78717,78910,78667,78868,10.21969377
2025-11-27 05:30:00+00:00,78841,78861,78349,78437,6.65047651
2025-11-27 05:45:00+00:00,78400,78527,78374,78429,9.35507085
2025-11-27 06:00:00+00:00,78429,78690,78424,78684,11.46349869
2025-11-27 06:15:00+00:00,78703,78862,78644,78841,5.35476501
2025-11-27 06:30:00+00:00,78811,78893,78762,78810,5.44675428
2025-11-27 06:45:00+00:00,78817,78850,78690,78749,5.73695902
2025-11-27 07:00:00+00:00,78758,78844,78650,78798,8.88661217
2025-11-27 07:15:00+00:00,78796,78985,78786,78959,5.85440281
2025-11-27 07:30:00+00:00,78955,78980,78881,78900,12.54062112
2025-11-27 07:45:00+00:00,78899,79000,78877,78910,7.46119601
2025-11-27 08:00:00+00:00,78907,78996,78762,78785,9.86451419
2025-11-27 08:15:00+00:00,78795,78900,78795,78868,4.04683702
2025-11-27 08:30:00+00:00,78876,78941,78800,78889,8.12659895
2025-11-27 08:45:00+00:00,78888,79000,78865,78975,6.7929649
2025-11-27 09:00:00+00:00,78988,79078,78966,79063,13.94357688
2025-11-27 09:15:00+00:00,79059,79315,79056,79173,21.12676557
2025-11-27 09:30:00+00:00,79172,79475,79172,79320,18.69740237
2025-11-27 09:45:00+00:00,79312,79316,79120,79138,6.98769455
2025-11-27 10:00:00+00:00,79141,79259,79093,79153,7.52079976
2025-11-27 10:15:00+00:00,79153,79276,79147,79197,5.63293979
2025-11-27 10:30:00+00:00,79164,79205,78922,79122,11.95059172
2025-11-27 10:45:00+00:00,79119,79179,79037,79147,6.85931967
2025-11-27 11:00:00+00:00,79135,79135,79016,79068,4.43104158
2025-11-27 11:15:00+00:00,79057,79098,78928,78928,8.61330023
2025-11-27 11:30:00+00:00,78945,79000,78869,78994,2.57813105
2025-11-27 11:45:00+00:00,78994,78997,78895,78909,6.22480207
2025-11-27 12:00:00+00:00,78910,78961,78808,78910,3.07214924
2025-11-27 12:15:00+00:00,78910,78935,78716,78787,14.55031941
2025-11-27 12:30:00+00:00,78789,78857,78636,78663,4.56858976
2025-11-27 12:45:00+00:00,78642,78742,78520,78563,5.75771179
2025-11-27 13:00:00+00:00,78588,78634,78312,78383,12.45906937
2025-11-27 13:15:00+00:00,78390,78436,78056,78307,18.548708
2025-11-27 13:30:00+00:00,78278,78418,78078,78369,9.48018975
2025-11-27 13:45:00+00:00,78361,78529,78273,78368,10.52087825
2025-11-27 14:00:00+00:00,78391,78416,78307,78378,3.37773561
2025-11-27 14:15:00+00:00,78354,78510,78170,78489,3.62726994
2025-11-27 14:30:00+00:00,78478,78509,78169,78306,15.39570469
2025-11-27 14:45:00+00:00,78269,78365,78177,78319,5.15977155
2025-11-27 15:00:00+00:00,78334,78468,78173,78217,3.53589925
2025-11-27 15:15:00+00:00,78261,78449,78254,78426,2.69136806
2025-11-27 15:30:00+00:00,78434,78482,78315,78401,9.39120332
2025-11-27 15:45:00+00:00,78397,78509,78379,78479,5.05032499
2025-11-27 16:00:00+00:00,78462,78740,78377,78702,12.45271196
2025-11-27 16:15:00+00:00,78704,78811,78588,78648,7.20193234
2025-11-27 16:30:00+00:00,78640,78984,78621,78750,9.57617702
2025-11-27 16:45:00+00:00,78752,78900,78708,78885,2.20938112
2025-11-27 17:00:00+00:00,78876,78967,78813,78922,7.34870123
2025-11-27 17:15:00+00:00,78927,79070,78827,78843,6.06011334
2025-11-27 17:30:00+00:00,78851,78984,78785,78913,3.17474252
2025-11-27 17:45:00+00:00,78924,78965,78848,78929,4.96044333
2025-11-27 18:00:00+00:00,78898,78953,78858,78887,1.67893519
2025-11-27 18:15:00+00:00,78871,78958,78820,78877,7.51117622
2025-11-27 18:30:00+00:00,78855,79212,78842,79183,5.00751724
2025-11-27 18:45:00+00:00,79173,79253,79121,79215,2.9828993
2025-11-27 19:00:00+00:00,79211,79211,79001,79065,3.64753917
2025-11-27 19:15:00+00:00,79069,79116,79002,79056,6.44240821
2025-11-27 19:30:00+00:00,79051,79137,78960,79122,3.98229636
2025-11-27 19:45:00+00:00,79116,79135,78952,78970,1.85623122
2025-11-27 20:00:00+00:00,78968,79000,78891,78926,3.68862532
2025-11-27 20:15:00+00:00,78920,78933,78850,78889,1.93484523
2025-11-27 20:30:00+00:00,78905,79020,78844,78913,1.09053939
2025-11-27 20:45:00+00:00,78913,78954,78838,78890,2.52924409
2025-11-27 21:00:00+00:00,78888,78888,78683,78873,2.57656434
2025-11-27 21:15:00+00:00,78867,78974,78834,78951,1.83774292
2025-11-27 21:30:00+00:00,78964,79015,78926,78971,4.42875765
2025-11-27 21:45:00+00:00,78993,79004,78844,78844,2.70711346
2025-11-27 22:00:00+00:00,78870,78930,78800,78930,1.64209155
2025-11-27 22:15:00+00:00,78921,79027,78921,79008,1.44007531
2025-11-27 22:30:00+00:00,79013,79024,78704,78711,1.66438709
2025-11-27 22:45:00+00:00,78702,78845,78602,78789,3.34454804
2025-11-27 23:00:00+00:00,78797,78930,78780,78930,8.21152435
2025-11-27 23:15:00+00:00,78920,78973,78792,78833,5.70384297
2025-11-27 23:30:00+00:00,78800,78825,78666,78813,1.16518529
2025-11-27 23:45:00+00:00,78814,78822,78712,78772,1.08058246
2025-11-28 00:00:00+00:00,78760,78768,78582,78595,3.33656352
2025-11-28 00:15:00+00:00,78621,78722,78543,78690,1.56414239
2025-11-28 00:30:00+00:00,78694,78861,78673,78701,2.53480501
2025-11-28 00:45:00+00:00,78683,78731,78635,78687,0.55562754
2025-11-28 01:00:00+00:00,78667,78683,78401,78402,3.27966685
2025-11-28 01:15:00+00:00,78400,78534,78340,78475,0.63702897
2025-11-28 01:30:00+00:00,78448,78615,78384,78552,0.84608583
2025-11-28 01:45:00+00:00,78616,78616,78418,78418,0.60782244
2025-11-28 02:00:00+00:00,78437,78493,78351,78439,1.35189374
2025-11-28 02:15:00+00:00,78457,78531,78302,78306,1.43237152
2025-11-28 02:30:00+00:00,78306,78457,78276,78424,4.82272052
2025-11-28 02:45:00+00:00,78443,78707,78440,78638,0.65018412
2025-11-28 03:00:00+00:00,78634,78726,78582,78643,2.25964304
2025-11-28 03:15:00+00:00,78653,78796,78609,78759,2.83968552
2025-11-28 03:30:00+00:00,78771,78822,78674,78680,1.62016211
2025-11-28 03:45:00+00:00,78695,78751,78673,78744,1.81401081
2025-11-28 04:00:00+00:00,78732,78881,78668,78870,3.58825589
2025-11-28 04:15:00+00:00,78861,78913,78810,78888,2.80058124
2025-11-28 04:30:00+00:00,78901,78969,78873,78945,2.43053861
2025-11-28 04:45:00+00:00,78959,78963,78900,78930,1.55345469
2025-11-28 05:00:00+00:00,78910,79042,78828,78962,3.17015368
2025-11-28 05:15:00+00:00,78989,79035,78914,79027,3.67649573
2025-11-28 05:30:00+00:00,79010,79082,78960,79048,6.99235225
2025-11-28 05:45:00+00:00,79066,79183,79055,79069,6.46862502
2025-11-28 06:00:00+00:00,79048,79059,78880,78889,2.57355084
2025-11-28 06:15:00+00:00,78875,78937,78825,78829,1.33572643
2025-11-28 06:30:00+00:00,78820,78958,78702,78928,1.97023898
2025-11-28 06:45:00+00:00,78916,78936,78828,78843,3.11938644
2025-11-28 07:00:00+00:00,78836,78946,78834,78918,2.16548114
2025-11-28 07:15:00+00:00,78917,79062,78892,78995,10.19331129
2025-11-28 07:30:00+00:00,78994,78999,78626,78630,8.78602735
2025-11-28 07:45:00+00:00,78650,78650,78469,78520,8.41091082
2025-11-28 08:00:00+00:00,78553,78815,78553,78736,7.53197358
2025-11-28 08:15:00+00:00,78741,78830,78720,78750,3.66483755
2025-11-28 08:30:00+00:00,78750,78874,78637,78764,6.94728786
2025-11-28 08:45:00+00:00,78764,79244,78764,79194,13.06178982
2025-11-28 09:00:00+00:00,79250,79365,79072,79196,16.84634282
2025-11-28 09:15:00+00:00,79176,79229,79088,79179,9.97454454
2025-11-28 09:30:00+00:00,79193,79193,79000,79048,6.75729582
2025-11-28 09:45:00+00:00,79060,79204,79060,79203,6.06806564
2025-11-28 10:00:00+00:00,79204,79222,79101,79178,2.59972771
2025-11-28 10:15:00+00:00,79185,79297,79143,79206,5.23399413
2025-11-28 10:30:00+00:00,79213,79327,79184,79307,2.60120044
2025-11-28 10:45:00+00:00,79298,79537,79259,79509,13.65878079
2025-11-28 11:00:00+00:00,79520,79659,79100,79103,9.95720119
2025-11-28 11:15:00+00:00,79050,79089,78854,79034,11.45372687
2025-11-28 11:30:00+00:00,79025,79095,78969,79037,3.17614691
2025-11-28 11:45:00+00:00,79043,79140,79028,79101,9.18442705
2025-11-28 12:00:00+00:00,79095,79261,79074,79191,9.17582757
2025-11-28 12:15:00+00:00,79182,79262,79090,79177,5.33473642
2025-11-28 12:30:00+00:00,79157,79288,79084,79132,4.50105691
2025-11-28 12:45:00+00:00,79127,79170,79048,79168,2.15821928
2025-11-28 13:00:00+00:00,79168,79281,79030,79142,9.00344373
2025-11-28 13:15:00+00:00,79143,79241,79096,79175,3.5847746
2025-11-28 13:30:00+00:00,79195,79489,79149,79405,8.45252389
2025-11-28 13:45:00+00:00,79435,80078,79435,79824,38.79004524
2025-11-28 14:00:00+00:00,79779,79919,79668,79795,17.85251119
2025-11-28 14:15:00+00:00,79801,80400,79765,80386,23.17255177
2025-11-28 14:30:00+00:00,80386,80519,79482,79542,62.66758743
2025-11-28 14:45:00+00:00,79533,79787,79375,79678,20.02500021
2025-11-28 15:00:00+00:00,79692,79831,79450,79727,14.86559908
2025-11-28 15:15:00+00:00,79734,80127,79730,80061,19.06026191
2025-11-28 15:30:00+00:00,80058,80156,79887,79897,4.9211569
2025-11-28 15:45:00+00:00,79907,79907,79589,79653,5.77889421
2025-11-28 16:00:00+00:00,79653,79654,79238,79279,26.03486163
2025-11-28 16:15:00+00:00,79294,79445,78645,78710,17.67944152
2025-11-28 16:30:00+00:00,78706,79034,78514,79034,21.77392149
2025-11-28 16:45:00+00:00,79035,79040,78426,78486,6.07271161
2025-11-28 17:00:00+00:00,78490,78729,78393,78514,4.5636094
2025-11-28 17:15:00+00:00,78463,78477,78072,78120,19.98843154
2025-11-28 17:30:00+00:00,78108,78220,77853,77909,19.37093242
2025-11-28 17:45:00+00:00,77909,78374,77908,78182,16.81791548
2025-11-28 18:00:00+00:00,78258,78480,78047,78455,9.34682323
2025-11-28 18:15:00+00:00,78448,78466,78192,78355,4.60671777
2025-11-28 18:30:00+00:00,78354,78431,78250,78398,4.29373694
2025-11-28 18:45:00+00:00,78376,78500,78259,78393,2.4698919
2025-11-28 19:00:00+00:00,78374,78514,78374,78505,3.21041229
2025-11-28 19:15:00+00:00,78512,78664,78437,78604,6.50476986
2025-11-28 19:30:00+00:00,78572,78635,78476,78568,9.38034989
2025-11-28 19:45:00+00:00,78557,78622,78495,78592,3.27058256
2025-11-28 20:00:00+00:00,78579,78579,78352,78498,2.71537702
2025-11-28 20:15:00+00:00,78494,78628,78415,78598,1.5178082
2025-11-28 20:30:00+00:00,78592,78662,78526,78570,2.13105493
2025-11-28 20:45:00+00:00,78547,78659,78507,78656,1.84953566
2025-11-28 21:00:00+00:00,78658,78701,78591,78613,2.46151217
2025-11-28 21:15:00+00:00,78613,78617,78500,78597,1.99870346
2025-11-28 21:30:00+00:00,78598,78707,78578,78701,1.56024148
2025-11-28 21:45:00+00:00,78694,78694,78397,78399,2.58916229
2025-11-28 22:00:00+00:00,78421,78529,78300,78359,2.76636472
2025-11-28 22:15:00+00:00,78299,78459,78243,78401,2.28843229
2025-11-28 22:30:00+00:00,78410,78537,78408,78509,1.09570808
2025-11-28 22:45:00+00:00,78527,78652,78517,78549,2.39128487
2025-11-28 23:00:00+00:00,78618,78676,78525,78609,1.50251022
2025-11-28 23:15:00+00:00,78611,78631,78508,78512,1.72272984
2025-11-28 23:30:00+00:00,78500,78554,78457,78530,1.36553965
2025-11-28 23:45:00+00:00,78512,78522,78420,78433,0.98714259
2025-11-29 00:00:00+00:00,78430,78495,78412,78426,0.2206599
2025-11-29 00:15:00+00:00,78423,78464,78322,78431,0.81260789
2025-11-29 00:30:00+00:00,78440,78509,78366,78486,0.5004387
2025-11-29 00:45:00+00:00,78473,78488,78395,78428,0.51629097
2025-11-29 01:00:00+00:00,78435,78546,78411,78546,0.39968552
2025-11-29 01:15:00+00:00,78537,78622,78488,78503,0.32626971
2025-11-29 01:30:00+00:00,78501,78501,78350,78417,0.34252189
2025-11-29 01:45:00+00:00,78414,78465,78357,78433,2.33474319
2025-11-29 02:00:00+00:00,78434,78451,78372,78416,1.28883951
2025-11-29 02:15:00+00:00,78443,78479,78437,78437,0.06363045
2025-11-29 02:30:00+00:00,78410,78410,78161,78250,1.11452455
2025-11-29 02:45:00+00:00,78252,78356,78188,78356,0.30833948
2025-11-29 03:00:00+00:00,78384,78424,78371,78383,0.1165019
2025-11-29 03:15:00+00:00,78380,78405,78293,78301,0.42232037
2025-11-29 03:30:00+00:00,78276,78323,78250,78271,0.5232251
2025-11-29 03:45:00+00:00,78262,78268,78237,78251,0.41220383
2025-11-29 04:00:00+00:00,78243,78270,78196,78196,0.068881
2025-11-29 04:15:00+00:00,78203,78269,78138,78264,0.45619181
2025-11-29 04:30:00+00:00,78259,78351,78257,78349,0.12701962
2025-11-29 04:45:00+00:00,78356,78460,78356,78451,0.28088195
2025-11-29 05:00:00+00:00,78450,78456,78346,78364,0.07580335
2025-11-29 05:15:00+00:00,78344,78480,78342,78441,0.56986703
2025-11-29 05:30:00+00:00,78439,78469,78397,78401,0.4808946
2025-11-29 05:45:00+00:00,78416,78431,78302,78315,0.23994123
2025-11-29 06:00:00+00:00,78335,78398,78284,78385,0.34990414
2025-11-29 06:15:00+00:00,78383,78393,77967,78153,9.01616096
2025-11-29 06:30:00+00:00,78177,78181,77950,78136,3.71225644
2025-11-29 06:45:00+00:00,78140,78176,78091,78159,0.89825608
2025-11-29 07:00:00+00:00,78159,78254,78094,78148,0.83093545
2025-11-29 07:15:00+00:00,78179,78191,78071,78094,0.72151633
2025-11-29 07:30:00+00:00,78094,78135,78000,78067,0.62717409
2025-11-29 07:45:00+00:00,78075,78182,78035,78164,1.27663961
2025-11-29 08:00:00+00:00,78159,78266,78097,78230,0.87203787
2025-11-29 08:15:00+00:00,78247,78325,78215,78228,1.84006003
2025-11-29 08:30:00+00:00,78230,78314,78174,78227,3.65422696
2025-11-29 08:45:00+00:00,78222,78239,78149,78211,0.97328217
2025-11-29 09:00:00+00:00,78220,78263,78139,78202,1.60079892
2025-11-29 09:15:00+00:00,78200,78245,78145,78145,0.92833954
2025-11-29 09:30:00+00:00,78145,78204,78129,78196,1.26528546
2025-11-29 09:45:00+00:00,78212,78235,78164,78171,1.39522026
2025-11-29 10:00:00+00:00,78179,78243,78138,78190,0.72243539
2025-11-29 10:15:00+00:00,78189,78226,78030,78200,2.95619842
2025-11-29 10:30:00+00:00,78209,78246,78201,78230,0.96383055
2025-11-29 10:45:00+00:00,78223,78265,78159,78181,1.51538536
2025-11-29 11:00:00+00:00,78177,78240,78096,78226,1.03474194
2025-11-29 11:15:00+00:00,78224,78237,78131,78169,1.29557909
2025-11-29 11:30:00+00:00,78176,78241,78134,78212,0.85985253
2025-11-29 11:45:00+00:00,78241,78303,78214,78296,1.42554518
2025-11-29 12:00:00+00:00,78295,78416,78278,78278,1.55442335
2025-11-29 12:15:00+00:00,78267,78292,78186,78201,1.04303113
2025-11-29 12:30:00+00:00,78186,78263,78165,78257,0.56235738
2025-11-29 12:45:00+00:00,78256,78330,78234,78249,4.90211346
2025-11-29 13:00:00+00:00,78248,78309,78220,78248,0.9692455
2025-11-29 13:15:00+00:00,78237,78393,78211,78373,2.60612097
2025-11-29 13:30:00+00:00,78380,78407,78289,78346,2.15212864
2025-11-29 13:45:00+00:00,78344,78410,78342,78378,1.66029348
2025-11-29 14:00:00+00:00,78378,78378,78278,78333,1.41989858
2025-11-29 14:15:00+00:00,78327,78333,78260,78268,0.85674698
2025-11-29 14:30:00+00:00,78299,78324,78243,78273,1.55211346
2025-11-29 14:45:00+00:00,78277,78299,78222,78241,0.57637798
2025-11-29 15:00:00+00:00,78240,78356,78240,78353,0.89893751
2025-11-29 15:15:00+00:00,78362,78643,78362,78472,3.0346943
2025-11-29 15:30:00+00:00,78456,78525,78434,78456,0.83334328
2025-11-29 15:45:00+00:00,78488,78628,78488,78618,1.33512303
2025-11-29 16:00:00+00:00,78614,78625,78540,78565,2.50591863
2025-11-29 16:15:00+00:00,78570,78717,78452,78461,2.96352002
2025-11-29 16:30:00+00:00,78496,78543,78480,78515,0.60301294
2025-11-29 16:45:00+00:00,78498,78585,78446,78576,0.34836573
2025-11-29 17:00:00+00:00,78576,78593,78314,78324,1.76018553
2025-11-29 17:15:00+00:00,78333,78374,78274,78334,1.66950581
2025-11-29 17:30:00+00:00,78332,78332,78118,78225,4.24829112
2025-11-29 17:45:00+00:00,78250,78259,78088,78088,0.7510069
2025-11-29 18:00:00+00:00,78103,78188,77850,78035,6.70606199
2025-11-29 18:15:00+00:00,78041,78154,77895,77965,2.43812592
2025-11-29 18:30:00+00:00,77955,78254,77892,78219,3.06958203
2025-11-29 18:45:00+00:00,78203,78347,78198,78310,1.10854872
2025-11-29 19:00:00+00:00,78300,78393,78251,78338,1.8365727
2025-11-29 19:15:00+00:00,78335,78431,78310,78404,1.54694467
2025-11-29 19:30:00+00:00,78423,78423,78240,78270,0.81594296
2025-11-29 19:45:00+00:00,78272,78295,78231,78272,0.81398457
2025-11-29 20:00:00+00:00,78262,78262,78053,78106,2.59024116
2025-11-29 20:15:00+00:00,78120,78289,78085,78277,0.64577822
2025-11-29 20:30:00+00:00,78280,78410,78271,78410,0.96790868
2025-11-29 20:45:00+00:00,78398,78600,78393,78540,4.75158566
2025-11-29 21:00:00+00:00,78572,78588,78416,78438,2.12513758
2025-11-29 21:15:00+00:00,78453,78542,78404,78522,1.59195108
2025-11-29 21:30:00+00:00,78527,78619,78489,78599,0.47640874
2025-11-29 21:45:00+00:00,78593,78616,78516,78580,0.6211491
2025-11-29 22:00:00+00:00,78572,78572,78343,78343,3.44989506
2025-11-29 22:15:00+00:00,78346,78406,78314,78332,0.44499641
2025-11-29 22:30:00+00:00,78326,78477,78311,78477,0.86581567
2025-11-29 22:45:00+00:00,78477,78505,78316,78338,1.45725034
2025-11-29 23:00:00+00:00,78368,78394,78284,78306,0.3203939
2025-11-29 23:15:00+00:00,78302,78466,78300,78400,0.64827756
2025-11-29 23:30:00+00:00,78400,78460,78389,78433,0.3174065
2025-11-29 23:45:00+00:00,78424,78424,78336,78381,0.4446195
2025-11-30 00:00:00+00:00,78388,78479,78346,78472,0.48226666
2025-11-30 00:15:00+00:00,78461,78512,78415,78449,0.25201648
2025-11-30 00:30:00+00:00,78441,78477,78396,78438,0.05028174
2025-11-30 00:45:00+00:00,78402,78470,78397,78463,0.1649539
2025-11-30 01:00:00+00:00,78463,78580,78438,78566,0.66150999
2025-11-30 01:15:00+00:00,78570,78600,78491,78528,0.64748401
2025-11-30 01:30:00+00:00,78532,78577,78497,78528,0.08840336
2025-11-30 01:45:00+00:00,78514,78531,78479,78487,0.06828288
2025-11-30 02:00:00+00:00,78481,78594,78481,78512,0.39754782
2025-11-30 02:15:00+00:00,78513,78556,78476,78533,0.16293333
2025-11-30 02:30:00+00:00,78531,78565,78411,78416,0.09880089
2025-11-30 02:45:00+00:00,78423,78460,78352,78383,0.02771872
2025-11-30 03:00:00+00:00,78388,78406,78220,78235,0.81123794
2025-11-30 03:15:00+00:00,78228,78310,78106,78296,0.75186026
2025-11-30 03:30:00+00:00,78296,78473,78296,78473,1.03942794
2025-11-30 03:45:00+00:00,78474,78493,78437,78459,0.01450856
2025-11-30 04:00:00+00:00,78469,78528,78440,78488,0.09863779
2025-11-30 04:15:00+00:00,78492,78498,78445,78450,0.18053268
2025-11-30 04:30:00+00:00,78448,78481,78408,78424,0.17649301
2025-11-30 04:45:00+00:00,78424,78436,78383,78436,0.47252711
2025-11-30 05:00:00+00:00,78404,78404,78339,78359,0.02874321
2025-11-30 05:15:00+00:00,78365,78384,78275,78293,0.15302047
2025-11-30 05:30:00+00:00,78287,78370,78287,78352,3.08591659
2025-11-30 05:45:00+00:00,78324,78406,78324,78387,0.14263248
2025-11-30 06:00:00+00:00,78382,78457,78324,78364,0.17597487
2025-11-30 06:15:00+00:00,78364,78490,78316,78490,0.64600545
2025-11-30 06:30:00+00:00,78492,78516,78468,78498,0.26851068
2025-11-30 06:45:00+00:00,78477,78486,78446,78477,0.54418317
2025-11-30 07:00:00+00:00,78463,78540,78440,78540,0.45461258
2025-11-30 07:15:00+00:00,78532,78549,78491,78530,0.93197493
2025-11-30 07:30:00+00:00,78536,78544,78479,78492,0.15698353
2025-11-30 07:45:00+00:00,78485,78599,78485,78533,7.14645295
2025-11-30 08:00:00+00:00,78545,78612,78501,78567,2.13059929
2025-11-30 08:15:00+00:00,78556,78931,78540,78712,12.20287308
2025-11-30 08:30:00+00:00,78705,78758,78518,78716,4.40766968
2025-11-30 08:45:00+00:00,78720,78825,78669,78730,1.30825439
2025-11-30 09:00:00+00:00,78730,79080,78690,79008,16.04674219
2025-11-30 09:15:00+00:00,79000,79116,78866,78938,6.57628701
2025-11-30 09:30:00+00:00,78938,78939,78850,78937,1.02204578
2025-11-30 09:45:00+00:00,78933,78970,78843,78928,1.73433806
2025-11-30 10:00:00+00:00,78919,78977,78777,78794,1.32363276
2025-11-30 10:15:00+00:00,78791,78908,78770,78908,1.40476867
2025-11-30 10:30:00+00:00,78916,78916,78743,78757,2.01978029
2025-11-30 10:45:00+00:00,78765,78815,78738,78767,0.96107245
2025-11-30 11:00:00+00:00,78765,78899,78739,78859,2.79215473
2025-11-30 11:15:00+00:00,78846,78862,78751,78797,0.30430771
2025-11-30 11:30:00+00:00,78809,78814,78674,78700,1.80322558
2025-11-30 11:45:00+00:00,78691,78737,78568,78608,1.00924899
2025-11-30 12:00:00+00:00,78633,78785,78573,78771,4.75564743
2025-11-30 12:15:00+00:00,78775,78882,78775,78802,1.41478501
2025-11-30 12:30:00+00:00,78802,78968,78744,78953,4.55276632
2025-11-30 12:45:00+00:00,78959,79001,78906,78971,2.33487399
2025-11-30 13:00:00+00:00,78970,79010,78914,78965,3.03783848
2025-11-30 13:15:00+00:00,78965,79403,78965,79291,15.36110124
2025-11-30 13:30:00+00:00,79297,79305,79124,79124,3.88629015
2025-11-30 13:45:00+00:00,79120,79223,79085,79177,2.28795371
2025-11-30 14:00:00+00:00,79209,79209,79093,79126,1.74584814
2025-11-30 14:15:00+00:00,79138,79144,78980,79024,2.05415064
2025-11-30 14:30:00+00:00,79025,79049,78771,78878,2.64123753
2025-11-30 14:45:00+00:00,78862,78975,78834,78975,3.67294268
2025-11-30 15:00:00+00:00,78957,78959,78822,78914,1.04072269
2025-11-30 15:15:00+00:00,78892,79082,78851,79052,1.00653904
2025-11-30 15:30:00+00:00,79042,79042,78875,78933,1.51529245
2025-11-30 15:45:00+00:00,78956,78995,78916,78924,1.07886044
2025-11-30 16:00:00+00:00,78942,78990,78900,78982,1.15249825
2025-11-30 16:15:00+00:00,78999,79236,78964,79206,4.05053272
2025-11-30 16:30:00+00:00,79193,79204,79102,79160,1.43150662
2025-11-30 16:45:00+00:00,79165,79292,79135,79261,3.08876833
2025-11-30 17:00:00+00:00,79260,79261,78859,78906,2.84111271
2025-11-30 17:15:00+00:00,78902,78991,78849,78865,0.88749469
2025-11-30 17:30:00+00:00,78879,78987,78807,78958,0.98232017
2025-11-30 17:45:00+00:00,78969,79007,78943,78967,1.01226209
2025-11-30 18:00:00+00:00,78950,78950,78680,78786,6.53906883
2025-11-30 18:15:00+00:00,78789,78887,78721,78882,2.35311455
2025-11-30 18:30:00+00:00,78872,78918,78817,78877,1.02636806
2025-11-30 18:45:00+00:00,78878,78971,78866,78946,0.83454265
2025-11-30 19:00:00+00:00,78947,78959,78904,78944,1.6704853
2025-11-30 19:15:00+00:00,78938,78970,78802,78841,9.39143292
2025-11-30 19:30:00+00:00,78825,78953,78815,78925,0.86005664
2025-11-30 19:45:00+00:00,78926,78953,78903,78924,1.35129428
2025-11-30 20:00:00+00:00,78915,79072,78885,79026,4.05788836
2025-11-30 20:15:00+00:00,79008,79008,78776,78790,1.39733574
2025-11-30 20:30:00+00:00,78785,78824,78678,78745,1.44928917
2025-11-30 20:45:00+00:00,78747,78839,78747,78791,2.48072955
2025-11-30 21:00:00+00:00,78810,78824,78450,78680,7.6141302
2025-11-30 21:15:00+00:00,78686,78707,78429,78584,3.49257997
2025-11-30 21:30:00+00:00,78565,78683,78552,78578,4.89529792
2025-11-30 21:45:00+00:00,78590,78698,78590,78672,1.2529632
2025-11-30 22:00:00+00:00,78696,78830,78695,78771,2.39514968
2025-11-30 22:15:00+00:00,78771,78828,78689,78734,2.37142066
2025-11-30 22:30:00+00:00,78692,78708,78565,78588,2.38610556
2025-11-30 22:45:00+00:00,78594,78740,78557,78691,7.23539106
2025-11-30 23:00:00+00:00,78713,78713,78354,78441,5.42241721
2025-11-30 23:15:00+00:00,78437,78439,78198,78198,6.90838102
2025-11-30 23:30:00+00:00,78195,78251,78077,78194,16.32966707
2025-11-30 23:45:00+00:00,78195,78282,77909,77928,10.23522425
2025-12-01 00:00:00+00:00,77915,77968,76619,76709,81.65804797
2025-12-01 00:15:00+00:00,76703,76817,76187,76196,15.9094065
2025-12-01 00:30:00+00:00,76204,76218,75580,75653,23.06713428
2025-12-01 00:45:00+00:00,75665,75665,74974,75011,21.46078758
2025-12-01 01:00:00+00:00,75002,75557,74973,75302,12.35370683
2025-12-01 01:15:00+00:00,75362,75602,75153,75173,3.50624756
2025-12-01 01:30:00+00:00,75145,75490,75100,75347,3.52756066
2025-12-01 01:45:00+00:00,75352,75398,75159,75159,2.23325617
2025-12-01 02:00:00+00:00,75142,75470,75044,75373,3.87860785
2025-12-01 02:15:00+00:00,75397,75407,75140,75140,2.62986203
2025-12-01 02:30:00+00:00,75134,75163,74680,74896,7.55323434
2025-12-01 02:45:00+00:00,74904,74915,74608,74839,4.01802176
2025-12-01 03:00:00+00:00,74807,74914,74550,74556,9.61032361
2025-12-01 03:15:00+00:00,74572,74735,74485,74522,4.98000958
2025-12-01 03:30:00+00:00,74537,74566,74326,74557,3.79412711
2025-12-01 03:45:00+00:00,74586,74603,74400,74480,5.85928679
2025-12-01 04:00:00+00:00,74447,74456,74147,74246,13.07461041
2025-12-01 04:15:00+00:00,74229,74240,73909,73934,11.7848
2025-12-01 04:30:00+00:00,73939,74161,73888,74069,4.67098046
2025-12-01 04:45:00+00:00,74058,74094,73941,74000,2.90164606
2025-12-01 05:00:00+00:00,73998,74109,73847,73953,5.62402065
2025-12-01 05:15:00+00:00,73944,74185,73899,74178,4.40357314
2025-12-01 05:30:00+00:00,74168,74168,73842,73951,8.58483731
2025-12-01 05:45:00+00:00,73958,74176,73958,74176,3.17564342
2025-12-01 06:00:00+00:00,74175,74443,74142,74437,15.0693929
2025-12-01 06:15:00+00:00,74427,74448,74195,74231,12.15758977
2025-12-01 06:30:00+00:00,74230,74459,74176,74459,5.56152831
2025-12-01 06:45:00+00:00,74435,74501,74309,74400,15.93446589
2025-12-01 07:00:00+00:00,74400,74429,74245,74310,6.58165761
2025-12-01 07:15:00+00:00,74302,74364,74175,74322,12.57323647
2025-12-01 07:30:00+00:00,74322,74540,74238,74501,11.53065721
2025-12-01 07:45:00+00:00,74500,74599,74474,74583,10.78423047
2025-12-01 08:00:00+00:00,74580,74665,74418,74474,10.92449706
2025-12-01 08:15:00+00:00,74479,74598,74451,74598,5.15954525
2025-12-01 08:30:00+00:00,74592,74791,74475,74783,4.36695193
2025-12-01 08:45:00+00:00,74791,74864,74719,74834,17.55540971
2025-12-01 09:00:00+00:00,74802,74884,74576,74598,16.55780749
2025-12-01 09:15:00+00:00,74599,74736,74504,74572,11.03191614
2025-12-01 09:30:00+00:00,74572,74764,74533,74764,6.5321183
2025-12-01 09:45:00+00:00,74764,74802,74611,74635,4.92075531
2025-12-01 10:00:00+00:00,74635,74728,74578,74578,5.79528939
2025-12-01 10:15:00+00:00,74591,74608,74485,74492,6.9639195
2025-12-01 10:30:00+00:00,74504,74550,74468,74550,12.07909491
2025-12-01 10:45:00+00:00,74550,74630,74507,74534,4.45199494
2025-12-01 11:00:00+00:00,74527,74576,74370,74402,14.40042944
2025-12-01 11:15:00+00:00,74393,74437,74321,74362,6.66884893
2025-12-01 11:30:00+00:00,74367,74388,74190,74190,8.6469453
2025-12-01 11:45:00+00:00,74215,74306,74067,74082,7.75989739
2025-12-01 12:00:00+00:00,74090,74142,73789,73837,19.71660275
2025-12-01 12:15:00+00:00,73833,73986,73721,73766,13.14447677
2025-12-01 12:30:00+00:00,73788,73825,73368,73465,29.61175896
2025-12-01 12:45:00+00:00,73454,73489,72804,73353,42.56474616
2025-12-01 13:00:00+00:00,73352,73946,73287,73925,27.33520043
2025-12-01 13:15:00+00:00,73925,73994,73807,73871,6.02172899
2025-12-01 13:30:00+00:00,73870,73883,73581,73642,9.92392293
2025-12-01 13:45:00+00:00,73650,73986,73604,73837,17.7938174
2025-12-01 14:00:00+00:00,73832,74198,73832,74138,17.88117909
2025-12-01 14:15:00+00:00,74129,74166,73877,74130,10.39602304
2025-12-01 14:30:00+00:00,74123,74513,73850,73983,19.28016815
2025-12-01 14:45:00+00:00,73981,74242,73879,74005,16.6248562
2025-12-01 15:00:00+00:00,74007,74055,73595,73604,13.96289491
2025-12-01 15:15:00+00:00,73617,73715,73036,73053,18.3627265
2025-12-01 15:30:00+00:00,73031,73061,72150,72155,46.94417508
2025-12-01 15:45:00+00:00,72212,73034,72094,72825,29.04133498
2025-12-01 16:00:00+00:00,72829,72966,72340,72355,12.54894528
2025-12-01 16:15:00+00:00,72341,72815,72270,72732,23.93457326
2025-12-01 16:30:00+00:00,72768,73495,72687,73234,16.5542662
2025-12-01 16:45:00+00:00,73228,73255,72683,72753,13.01629685
2025-12-01 17:00:00+00:00,72792,73107,72744,72760,10.19135901
2025-12-01 17:15:00+00:00,72769,73169,72665,73101,9.10448895
2025-12-01 17:30:00+00:00,73101,73299,72820,73288,4.15509514
2025-12-01 17:45:00+00:00,73313,73360,73075,73096,11.90363077
2025-12-01 18:00:00+00:00,73104,73580,73094,73544,12.44304744
2025-12-01 18:15:00+00:00,73511,73611,73397,73443,10.59663436
2025-12-01 18:30:00+00:00,73464,73464,72940,73001,9.31360815
2025-12-01 18:45:00+00:00,73006,73450,72966,73362,6.58942778
2025-12-01 19:00:00+00:00,73370,73459,72989,73245,7.99342339
2025-12-01 19:15:00+00:00,73248,73287,72987,73000,5.27161812
2025-12-01 19:30:00+00:00,73005,73281,72875,73008,4.93194563
2025-12-01 19:45:00+00:00,73041,73329,72960,73253,6.57725318
2025-12-01 20:00:00+00:00,73298,73965,73298,73689,18.69952643
2025-12-01 20:15:00+00:00,73703,73742,73438,73480,11.14864885
2025-12-01 20:30:00+00:00,73467,73663,73400,73663,7.70235631
2025-12-01 20:45:00+00:00,73676,73724,73501,73602,9.41856074
2025-12-01 21:00:00+00:00,73686,74022,73680,73798,18.41522525
2025-12-01 21:15:00+00:00,73807,74427,73777,74242,13.97736636
2025-12-01 21:30:00+00:00,74264,74537,74264,74491,27.21051121
2025-12-01 21:45:00+00:00,74493,74521,74296,74475,6.77764404
2025-12-01 22:00:00+00:00,74501,74801,74468,74542,11.65950949
2025-12-01 22:15:00+00:00,74614,74668,74448,74485,6.95832323
2025-12-01 22:30:00+00:00,74512,74701,74345,74645,6.39293097
2025-12-01 22:45:00+00:00,74654,74844,74574,74574,7.21565959
2025-12-01 23:00:00+00:00,74612,74734,74470,74477,4.58342875
2025-12-01 23:15:00+00:00,74477,74742,74463,74718,6.04310423
2025-12-01 23:30:00+00:00,74739,74809,74518,74534,3.20567015
2025-12-01 23:45:00+00:00,74524,74543,74307,74353,4.34014166
2025-12-02 00:00:00+00:00,74342,74588,74320,74353,1.36311836
2025-12-02 00:15:00+00:00,74375,74462,74271,74347,2.14015071
2025-12-02 00:30:00+00:00,74426,74535,74364,74395,1.55974233
2025-12-02 00:45:00+00:00,74412,74680,74402,74553,0.73316988
2025-12-02 01:00:00+00:00,74508,75265,74496,74777,13.03994614
2025-12-02 01:15:00+00:00,74783,74861,74603,74741,4.77218976
2025-12-02 01:30:00+00:00,74770,74830,74560,74562,1.15639139
2025-12-02 01:45:00+00:00,74577,74596,74438,74481,0.85139058
2025-12-02 02:00:00+00:00,74491,74608,74374,74530,1.34596304
2025-12-02 02:15:00+00:00,74607,74817,74607,74668,1.65348443
2025-12-02 02:30:00+00:00,74639,74817,74639,74739,0.64450219
2025-12-02 02:45:00+00:00,74771,74771,74521,74545,2.76427953
2025-12-02 03:00:00+00:00,74528,74636,74468,74621,0.88738954
2025-12-02 03:15:00+00:00,74592,74592,74360,74398,0.76530645
2025-12-02 03:30:00+00:00,74384,74930,74266,74930,4.02294793
2025-12-02 03:45:00+00:00,74848,75025,74753,74925,2.82701988
2025-12-02 04:00:00+00:00,74916,75119,74903,75024,4.51560201
2025-12-02 04:15:00+00:00,75015,75174,74949,74960,1.68782016
2025-12-02 04:30:00+00:00,74973,74985,74848,74849,0.78933399
2025-12-02 04:45:00+00:00,74886,74979,74858,74937,1.11594334
2025-12-02 05:00:00+00:00,74899,75079,74804,74978,1.13294143
2025-12-02 05:15:00+00:00,74967,75017,74881,74881,1.39781746
2025-12-02 05:30:00+00:00,74889,74955,74860,74910,2.96208239
2025-12-02 05:45:00+00:00,74941,75038,74912,74977,4.44762235
2025-12-02 06:00:00+00:00,74968,74968,74871,74932,1.10499569
2025-12-02 06:15:00+00:00,74937,74963,74870,74917,2.19893983
2025-12-02 06:30:00+00:00,74920,75152,74903,75101,7.32105408
2025-12-02 06:45:00+00:00,75111,75123,75034,75034,3.51321321
2025-12-02 07:00:00+00:00,75059,75061,74855,74891,2.13178723
2025-12-02 07:15:00+00:00,74895,74938,74833,74887,1.41166686
2025-12-02 07:30:00+00:00,74899,74984,74874,74955,2.89500746
2025-12-02 07:45:00+00:00,74972,75026,74939,74962,8.22417913
2025-12-02 08:00:00+00:00,74957,74990,74657,74745,13.28440088
2025-12-02 08:15:00+00:00,74747,74773,74451,74510,10.87697056
2025-12-02 08:30:00+00:00,74500,74704,74404,74488,19.06243561
2025-12-02 08:45:00+00:00,74487,74647,74375,74485,12.65564927
2025-12-02 09:00:00+00:00,74503,74865,74480,74651,3.43380295
2025-12-02 09:15:00+00:00,74637,74981,74572,74863,5.08556638
2025-12-02 09:30:00+00:00,74832,74832,74661,74680,4.70689109
2025-12-02 09:45:00+00:00,74681,74793,74653,74762,4.32387259
2025-12-02 10:00:00+00:00,74759,74961,74754,74901,3.35267428
2025-12-02 10:15:00+00:00,74896,74938,74822,74827,3.10367453
2025-12-02 10:30:00+00:00,74838,75065,74838,75051,3.45264646
2025-12-02 10:45:00+00:00,75065,75533,75058,75235,13.02100946
2025-12-02 11:00:00+00:00,75235,75321,74986,75074,11.6675443
2025-12-02 11:15:00+00:00,75079,75361,75001,75349,5.8879812
2025-12-02 11:30:00+00:00,75350,75380,75239,75252,6.98079408
2025-12-02 11:45:00+00:00,75246,75474,75234,75277,10.62283777
2025-12-02 12:00:00+00:00,75267,75385,75204,75343,4.38854796
2025-12-02 12:15:00+00:00,75338,75370,75234,75324,9.65350559
2025-12-02 12:30:00+00:00,75320,75414,75111,75199,10.89881224
2025-12-02 12:45:00+00:00,75203,75234,75085,75138,9.13986663
2025-12-02 13:00:00+00:00,75176,75185,74965,75039,4.44713018
2025-12-02 13:15:00+00:00,75051,75291,75051,75218,4.64951029
2025-12-02 13:30:00+00:00,75194,75427,75194,75336,5.41481106
2025-12-02 13:45:00+00:00,75349,75684,75340,75542,18.83249817
2025-12-02 14:00:00+00:00,75546,76214,75425,76053,27.89399668
2025-12-02 14:15:00+00:00,76083,76448,76014,76357,21.68503543
2025-12-02 14:30:00+00:00,76331,76579,76163,76505,20.08320769
2025-12-02 14:45:00+00:00,76520,76900,76491,76882,26.15905294
2025-12-02 15:00:00+00:00,76892,78353,76891,78156,56.70974746
2025-12-02 15:15:00+00:00,78127,78324,77736,77745,23.36428306
2025-12-02 15:30:00+00:00,77765,78205,77460,78009,38.55350651
2025-12-02 15:45:00+00:00,78049,78586,78044,78272,30.42460682
2025-12-02 16:00:00+00:00,78316,78684,78227,78321,31.55036348
2025-12-02 16:15:00+00:00,78300,78334,77723,77782,17.81222732
2025-12-02 16:30:00+00:00,77781,78305,77781,78068,10.248423
2025-12-02 16:45:00+00:00,78068,78546,78056,78263,21.06645997
2025-12-02 17:00:00+00:00,78262,78613,78262,78460,11.68209086
2025-12-02 17:15:00+00:00,78452,79335,78452,79102,29.00208691
2025-12-02 17:30:00+00:00,79127,79243,78938,79071,11.66168428
2025-12-02 17:45:00+00:00,79056,79056,78766,78810,9.54285777
2025-12-02 18:00:00+00:00,78793,79275,78715,79104,28.91209244
2025-12-02 18:15:00+00:00,79071,79459,79044,79186,16.88032901
2025-12-02 18:30:00+00:00,79186,79481,79123,79208,8.32134268
2025-12-02 18:45:00+00:00,79210,79310,79053,79222,8.53336148
2025-12-02 19:00:00+00:00,79225,79447,79198,79282,11.26451186
2025-12-02 19:15:00+00:00,79300,79341,79155,79254,8.0000604
2025-12-02 19:30:00+00:00,79244,79495,79234,79332,9.15326936
2025-12-02 19:45:00+00:00,79309,79352,79042,79118,13.34459155
2025-12-02 20:00:00+00:00,79121,79121,78782,78801,26.79267759
2025-12-02 20:15:00+00:00,78794,78797,78289,78314,48.99200586
2025-12-02 20:30:00+00:00,78305,78448,78069,78255,26.82243882
2025-12-02 20:45:00+00:00,78221,78440,78176,78364,10.93409585
2025-12-02 21:00:00+00:00,78298,78603,78271,78518,16.53585109
2025-12-02 21:15:00+00:00,78516,78734,78483,78688,8.30375601
2025-12-02 21:30:00+00:00,78675,78743,78576,78727,7.31271693
2025-12-02 21:45:00+00:00,78723,78863,78692,78790,11.03503959
2025-12-02 22:00:00+00:00,78783,79085,78763,79060,9.48625102
2025-12-02 22:15:00+00:00,79046,79090,78868,78868,7.09841949
2025-12-02 22:30:00+00:00,78851,79100,78794,78993,11.53100109
2025-12-02 22:45:00+00:00,79016,79158,78933,79144,12.6811258
2025-12-02 23:00:00+00:00,79154,79154,78990,79012,2.84449713
2025-12-02 23:15:00+00:00,79011,79085,78834,78878,2.0019623
2025-12-02 23:30:00+00:00,78882,78886,78614,78670,12.30588374
2025-12-02 23:45:00+00:00,78660,78673,78514,78514,5.35786886
2025-12-03 00:00:00+00:00,78510,78712,78410,78530,5.8865598
2025-12-03 00:15:00+00:00,78532,78655,78372,78392,1.05279734
2025-12-03 00:30:00+00:00,78400,78671,78235,78671,7.31244862
2025-12-03 00:45:00+00:00,78648,78914,78616,78806,11.41540443
2025-12-03 01:00:00+00:00,78802,78974,78668,78877,5.87752479
2025-12-03 01:15:00+00:00,78901,79063,78801,78980,3.6557645
2025-12-03 01:30:00+00:00,79010,79104,78957,79052,1.5300261
2025-12-03 01:45:00+00:00,79050,79460,79050,79268,11.58784487
2025-12-03 02:00:00+00:00,79241,79827,79241,79827,8.08322124
2025-12-03 02:15:00+00:00,79816,79952,79615,79780,4.24883174
2025-12-03 02:30:00+00:00,79735,79777,79598,79637,5.94566466
2025-12-03 02:45:00+00:00,79654,79789,79295,79766,12.98816995
2025-12-03 03:00:00+00:00,79769,79981,79587,79716,4.6657469
2025-12-03 03:15:00+00:00,79702,79787,79607,79787,1.77800954
2025-12-03 03:30:00+00:00,79735,79756,79630,79659,2.01266878
2025-12-03 03:45:00+00:00,79700,79742,79613,79613,1.17860068
2025-12-03 04:00:00+00:00,79660,79902,79596,79829,1.20181516
2025-12-03 04:15:00+00:00,79825,80241,79688,79777,42.64372489
2025-12-03 04:30:00+00:00,79780,80019,79780,79898,3.23034229
2025-12-03 04:45:00+00:00,79845,80300,79833,80207,7.18704214
2025-12-03 05:00:00+00:00,80184,80371,80069,80156,4.90227924
2025-12-03 05:15:00+00:00,80142,80235,79974,80183,11.3822061
2025-12-03 05:30:00+00:00,80182,80458,80128,80254,7.60637887
2025-12-03 05:45:00+00:00,80240,80479,80221,80453,9.17986032
2025-12-03 06:00:00+00:00,80463,80658,80417,80481,13.43998589
2025-12-03 06:15:00+00:00,80476,80716,80476,80677,8.87054153
2025-12-03 06:30:00+00:00,80702,80702,80119,80165,18.95491736
2025-12-03 06:45:00+00:00,80164,80291,80034,80268,7.63652342
2025-12-03 07:00:00+00:00,80289,80295,80022,80050,6.08512159
2025-12-03 07:15:00+00:00,80022,80026,79740,79898,11.85279988
2025-12-03 07:30:00+00:00,79896,80000,79857,79995,5.15280591
2025-12-03 07:45:00+00:00,79987,79987,79832,79926,4.80374814
2025-12-03 08:00:00+00:00,79914,80064,79828,79903,7.94841273
2025-12-03 08:15:00+00:00,79899,79913,79723,79842,13.52575685
2025-12-03 08:30:00+00:00,79850,79913,79698,79749,6.2915101
2025-12-03 08:45:00+00:00,79746,79849,79617,79691,8.80490674
2025-12-03 09:00:00+00:00,79681,79893,79634,79893,5.99307283
2025-12-03 09:15:00+00:00,79864,79881,79729,79848,3.99116277
2025-12-03 09:30:00+00:00,79851,79852,79713,79793,2.52517441
2025-12-03 09:45:00+00:00,79799,80074,79771,80039,16.54629542
2025-12-03 10:00:00+00:00,80039,80039,79902,79960,18.51666519
2025-12-03 10:15:00+00:00,79973,80153,79944,80018,5.34158217
2025-12-03 10:30:00+00:00,79990,79998,79697,79757,11.22575127
2025-12-03 10:45:00+00:00,79757,79851,79692,79754,5.38318012
2025-12-03 11:00:00+00:00,79744,79832,79599,79599,4.91312126
2025-12-03 11:15:00+00:00,79621,79817,79522,79778,9.1275606
2025-12-03 11:30:00+00:00,79790,79829,79656,79707,2.37029138
2025-12-03 11:45:00+00:00,79712,79827,79706,79780,9.72993254
2025-12-03 12:00:00+00:00,79780,79861,79582,79667,4.02091279
2025-12-03 12:15:00+00:00,79675,79693,79478,79507,4.91722295
2025-12-03 12:30:00+00:00,79506,79656,79482,79632,3.28777269
2025-12-03 12:45:00+00:00,79629,79745,79574,79709,17.7131037
2025-12-03 13:00:00+00:00,79679,79822,79674,79700,5.37742103
2025-12-03 13:15:00+00:00,79687,79833,79617,79745,17.28261303
2025-12-03 13:30:00+00:00,79729,79923,79664,79918,12.80005875
2025-12-03 13:45:00+00:00,79918,79954,79818,79874,9.94246025
2025-12-03 14:00:00+00:00,79891,79910,78643,78954,81.320096
2025-12-03 14:15:00+00:00,79000,79455,78981,79452,16.28149795
2025-12-03 14:30:00+00:00,79453,80350,79041,80213,30.15971452
2025-12-03 14:45:00+00:00,80220,80256,79236,79236,33.80960311
2025-12-03 15:00:00+00:00,79235,79817,79095,79148,35.92547819
2025-12-03 15:15:00+00:00,79212,79335,78857,79183,23.81353032
2025-12-03 15:30:00+00:00,79181,79554,79120,79236,11.22185916
2025-12-03 15:45:00+00:00,79268,79508,79196,79252,5.94907704
2025-12-03 16:00:00+00:00,79261,79326,78730,78951,8.34841884
2025-12-03 16:15:00+00:00,78951,79156,78912,79149,4.23745424
2025-12-03 16:30:00+00:00,79135,79561,79135,79539,5.78231553
2025-12-03 16:45:00+00:00,79500,79518,79134,79150,10.59838893
2025-12-03 17:00:00+00:00,79142,79474,79106,79436,31.57576087
2025-12-03 17:15:00+00:00,79479,79528,79099,79344,18.21671301
2025-12-03 17:30:00+00:00,79350,79657,79345,79540,19.11755576
2025-12-03 17:45:00+00:00,79500,79763,79475,79688,6.19945386
2025-12-03 18:00:00+00:00,79694,80146,79694,80059,13.07222844
2025-12-03 18:15:00+00:00,80057,80068,79645,79785,16.45570315
2025-12-03 18:30:00+00:00,79837,79878,79694,79794,10.56658328
2025-12-03 18:45:00+00:00,79822,79822,79179,79386,7.4554973
2025-12-03 19:00:00+00:00,79377,79562,79348,79416,6.05450549
2025-12-03 19:15:00+00:00,79395,79486,79286,79477,6.62163221
2025-12-03 19:30:00+00:00,79434,79562,79363,79562,3.10032986
2025-12-03 19:45:00+00:00,79561,79767,79519,79717,3.25806868
2025-12-03 20:00:00+00:00,79750,79833,79562,79681,3.28947438
2025-12-03 20:15:00+00:00,79696,79799,79616,79732,1.94204753
2025-12-03 20:30:00+00:00,79732,79977,79686,79881,10.93128825
2025-12-03 20:45:00+00:00,79847,80065,79631,79694,14.85310152
2025-12-03 21:00:00+00:00,79704,79836,79617,79785,3.3723209
2025-12-03 21:15:00+00:00,79774,80013,79745,79959,6.34593298
2025-12-03 21:30:00+00:00,79972,80145,79950,80140,7.7004884
2025-12-03 21:45:00+00:00,80143,80369,80036,80316,8.62014745
2025-12-03 22:00:00+00:00,80274,80400,80077,80273,10.08573267
2025-12-03 22:15:00+00:00,80292,80292,79995,80059,17.56112342
2025-12-03 22:30:00+00:00,80032,80349,79946,80209,14.47114442
2025-12-03 22:45:00+00:00,80229,80709,80229,80388,25.01896855
2025-12-03 23:00:00+00:00,80403,80647,80294,80373,12.51840266
2025-12-03 23:15:00+00:00,80384,80384,80216,80270,2.99135713
2025-12-03 23:30:00+00:00,80271,80271,80093,80166,3.32112625
2025-12-03 23:45:00+00:00,80142,80306,80061,80097,3.36757539
2025-12-04 00:00:00+00:00,80102,80127,79695,79695,3.479027
2025-12-04 00:15:00+00:00,79700,79850,79529,79614,4.60225563
2025-12-04 00:30:00+00:00,79626,79811,79446,79788,5.81685902
2025-12-04 00:45:00+00:00,79736,79903,79658,79804,17.10236943
2025-12-04 01:00:00+00:00,79793,80363,79734,80353,3.24450225
2025-12-04 01:15:00+00:00,80345,80396,79935,80090,3.7623074
2025-12-04 01:30:00+00:00,80076,80241,80057,80141,1.58286329
2025-12-04 01:45:00+00:00,80134,80150,79894,79906,1.80897504
2025-12-04 02:00:00+00:00,79942,80358,79871,80322,2.51799579
2025-12-04 02:15:00+00:00,80350,80690,80311,80464,6.0430448
2025-12-04 02:30:00+00:00,80470,80621,80289,80471,2.87962961
2025-12-04 02:45:00+00:00,80551,80614,80402,80587,1.41899485
2025-12-04 03:00:00+00:00,80540,80693,80466,80475,1.21778777
2025-12-04 03:15:00+00:00,80434,80479,80261,80306,0.42937794
2025-12-04 03:30:00+00:00,80292,80309,80151,80205,1.99920033
2025-12-04 03:45:00+00:00,80194,80321,80186,80267,0.29961284
2025-12-04 04:00:00+00:00,80282,80284,80083,80171,2.02243179
2025-12-04 04:15:00+00:00,80226,80226,80076,80145,0.19140315
2025-12-04 04:30:00+00:00,80150,80238,80054,80085,0.86681877
2025-12-04 04:45:00+00:00,80106,80113,79965,80072,0.83302585
2025-12-04 05:00:00+00:00,80093,80093,79802,79940,3.22758846
2025-12-04 05:15:00+00:00,79943,79992,79780,79959,1.74251914
2025-12-04 05:30:00+00:00,79960,79960,79711,79729,2.82759796
2025-12-04 05:45:00+00:00,79728,79760,79568,79722,1.11980335
2025-12-04 06:00:00+00:00,79761,79822,79634,79813,1.68646357
2025-12-04 06:15:00+00:00,79833,79993,79811,79965,5.64842364
2025-12-04 06:30:00+00:00,79992,80127,79887,79889,2.49134606
2025-12-04 06:45:00+00:00,79900,79963,79793,79907,3.29657345
2025-12-04 07:00:00+00:00,79906,79913,79686,79828,3.0156325
2025-12-04 07:15:00+00:00,79827,79945,79791,79876,1.50846864
2025-12-04 07:30:00+00:00,79879,80043,79879,80014,2.46729361
2025-12-04 07:45:00+00:00,80027,80119,79947,80088,2.27551627
2025-12-04 08:00:00+00:00,80091,80267,79799,79868,6.06603657
2025-12-04 08:15:00+00:00,79869,79934,79767,79785,3.08013694
2025-12-04 08:30:00+00:00,79772,80016,79750,79969,3.06742272
2025-12-04 08:45:00+00:00,79944,80022,79783,79901,4.33787738
2025-12-04 09:00:00+00:00,79902,80227,79902,80009,4.52265244
2025-12-04 09:15:00+00:00,79983,80026,79880,80007,3.54053858
2025-12-04 09:30:00+00:00,80006,80130,79968,80120,3.05791573
2025-12-04 09:45:00+00:00,80103,80200,80050,80064,6.60937071
2025-12-04 10:00:00+00:00,80083,80161,80031,80034,5.49423602
2025-12-04 10:15:00+00:00,80022,80057,79932,79998,6.39379496
2025-12-04 10:30:00+00:00,80000,80078,79923,79976,3.35098887
2025-12-04 10:45:00+00:00,79994,80044,79872,79961,1.84550566
2025-12-04 11:00:00+00:00,79945,79988,79891,79899,1.0496667
2025-12-04 11:15:00+00:00,79905,79922,79685,79690,3.00703102
2025-12-04 11:30:00+00:00,79690,79715,79435,79545,9.38883252
2025-12-04 11:45:00+00:00,79538,79688,79490,79623,6.85382057
2025-12-04 12:00:00+00:00,79628,79742,79617,79666,2.37522541
2025-12-04 12:15:00+00:00,79656,79715,79510,79557,5.56641555
2025-12-04 12:30:00+00:00,79566,79859,79560,79817,4.12935292
2025-12-04 12:45:00+00:00,79797,79891,79691,79727,1.71346087
2025-12-04 13:00:00+00:00,79733,79776,79296,79365,6.17723406
2025-12-04 13:15:00+00:00,79365,79630,79365,79569,7.30080862
2025-12-04 13:30:00+00:00,79576,79738,79492,79549,17.78244204
2025-12-04 13:45:00+00:00,79544,79552,79266,79347,15.74156658
2025-12-04 14:00:00+00:00,79348,79480,79296,79437,3.71019994
2025-12-04 14:15:00+00:00,79437,79568,79362,79529,5.23212237
2025-12-04 14:30:00+00:00,79529,79529,79199,79392,8.91011892
2025-12-04 14:45:00+00:00,79439,79440,78700,78783,16.39271342
2025-12-04 15:00:00+00:00,78776,79500,78774,79464,8.80760174
2025-12-04 15:15:00+00:00,79461,79679,79186,79383,5.86212457
2025-12-04 15:30:00+00:00,79332,79947,79247,79760,13.22074259
2025-12-04 15:45:00+00:00,79750,79813,79485,79711,4.12897437
2025-12-04 16:00:00+00:00,79687,79710,79334,79606,5.16077254
2025-12-04 16:15:00+00:00,79594,79934,79586,79732,8.19062849
2025-12-04 16:30:00+00:00,79700,79736,79353,79408,18.11961899
2025-12-04 16:45:00+00:00,79426,79574,79181,79305,7.31454898
2025-12-04 17:00:00+00:00,79304,79396,79030,79188,7.51942247
2025-12-04 17:15:00+00:00,79200,79220,79018,79094,4.33603439
2025-12-04 17:30:00+00:00,79084,79256,78769,78964,8.82635213
2025-12-04 17:45:00+00:00,78963,79364,78858,79344,14.60954682
2025-12-04 18:00:00+00:00,79352,79352,79149,79289,3.5161411
2025-12-04 18:15:00+00:00,79267,79422,79089,79360,4.06422059
2025-12-04 18:30:00+00:00,79320,79441,78899,78967,7.0549699
2025-12-04 18:45:00+00:00,78971,79155,78909,79093,13.34938905
2025-12-04 19:00:00+00:00,79133,79133,78351,78381,18.87571063
2025-12-04 19:15:00+00:00,78382,78625,78015,78432,38.05668998
2025-12-04 19:30:00+00:00,78393,78963,78375,78915,14.060477
2025-12-04 19:45:00+00:00,78936,79085,78839,78954,7.19017869
2025-12-04 20:00:00+00:00,78967,79184,78722,78986,5.18326966
2025-12-04 20:15:00+00:00,78984,79192,78900,79006,3.70504386
2025-12-04 20:30:00+00:00,78982,79334,78972,79307,5.78491572
2025-12-04 20:45:00+00:00,79307,79500,79277,79468,4.12651044
2025-12-04 21:00:00+00:00,79463,79646,79351,79424,6.88645472
2025-12-04 21:15:00+00:00,79415,79540,79303,79303,4.45003012
2025-12-04 21:30:00+00:00,79288,79333,79213,79244,1.77115429
2025-12-04 21:45:00+00:00,79245,79253,79108,79158,1.52569216
2025-12-04 22:00:00+00:00,79175,79324,79165,79284,1.36814254
2025-12-04 22:15:00+00:00,79279,79347,79158,79199,0.7545531
2025-12-04 22:30:00+00:00,79209,79437,79209,79431,2.67004081
2025-12-04 22:45:00+00:00,79434,79456,79346,79349,0.96753737
2025-12-04 23:00:00+00:00,79306,79430,79261,79311,2.75548545
2025-12-04 23:15:00+00:00,79307,79370,79221,79233,0.56372554
2025-12-04 23:30:00+00:00,79231,79297,79102,79138,3.9896147
2025-12-04 23:45:00+00:00,79129,79193,79096,79096,0.65553737
2025-12-05 00:00:00+00:00,79098,79260,79086,79087,1.26010324
2025-12-05 00:15:00+00:00,79102,79387,79099,79295,0.91100965
2025-12-05 00:30:00+00:00,79299,79367,79272,79367,0.1832062
2025-12-05 00:45:00+00:00,79354,79355,79214,79259,1.18363529
2025-12-05 01:00:00+00:00,79247,79414,79184,79260,0.53174572
2025-12-05 01:15:00+00:00,79324,79509,79324,79428,1.03709901
2025-12-05 01:30:00+00:00,79422,79456,79314,79402,2.67409174
2025-12-05 01:45:00+00:00,79360,79427,79278,79300,10.15584261
2025-12-05 02:00:00+00:00,79283,79375,79209,79375,2.97055313
2025-12-05 02:15:00+00:00,79390,79532,79360,79487,0.54422143
2025-12-05 02:30:00+00:00,79474,79583,79384,79553,3.18308311
2025-12-05 02:45:00+00:00,79518,79518,79411,79426,1.37039259
2025-12-05 03:00:00+00:00,79434,79584,79433,79474,1.01612096
2025-12-05 03:15:00+00:00,79457,79480,79290,79347,1.1532127
2025-12-05 03:30:00+00:00,79374,79393,79300,79308,0.0784013
2025-12-05 03:45:00+00:00,79286,79307,78970,79163,13.89347699
2025-12-05 04:00:00+00:00,79175,79306,79175,79298,1.41970791
2025-12-05 04:15:00+00:00,79292,79349,79135,79135,1.14963538
2025-12-05 04:30:00+00:00,79157,79157,78866,78902,3.86324178
2025-12-05 04:45:00+00:00,78905,79068,78833,79029,6.10887917
2025-12-05 05:00:00+00:00,79019,79173,79000,79096,0.32885337
2025-12-05 05:15:00+00:00,79096,79141,78909,78962,1.98475859
2025-12-05 05:30:00+00:00,78969,79007,78888,78984,0.51445774
2025-12-05 05:45:00+00:00,78981,79003,78875,78918,0.7198668
2025-12-05 06:00:00+00:00,78926,79089,78892,79056,2.23591413
2025-12-05 06:15:00+00:00,79042,79078,78983,79009,0.72876382
2025-12-05 06:30:00+00:00,79014,79062,78918,79049,0.64571493
2025-12-05 06:45:00+00:00,79049,79224,79044,79205,3.21956608
2025-12-05 07:00:00+00:00,79200,79333,79132,79235,3.2430806
2025-12-05 07:15:00+00:00,79213,79332,79203,79278,2.8356475
2025-12-05 07:30:00+00:00,79291,79295,79121,79146,4.6855207
2025-12-05 07:45:00+00:00,79180,79183,79081,79127,2.53381051
2025-12-05 08:00:00+00:00,79144,79148,78948,79002,4.41092103
2025-12-05 08:15:00+00:00,79017,79071,78932,78993,4.20230744
2025-12-05 08:30:00+00:00,79003,79008,78866,78958,3.62835871
2025-12-05 08:45:00+00:00,78955,79093,78933,79093,0.81529358
2025-12-05 09:00:00+00:00,79069,79069,78850,78866,0.67314138
2025-12-05 09:15:00+00:00,78876,78876,78391,78453,37.78561912
2025-12-05 09:30:00+00:00,78381,78552,78150,78221,15.03761103
2025-12-05 09:45:00+00:00,78227,78297,78145,78238,8.93712932
2025-12-05 10:00:00+00:00,78220,78412,78193,78349,7.75059268
2025-12-05 10:15:00+00:00,78348,78515,78334,78465,3.98213439
2025-12-05 10:30:00+00:00,78466,78603,78397,78592,5.86194793
2025-12-05 10:45:00+00:00,78555,78568,78390,78396,2.53970165
2025-12-05 11:00:00+00:00,78384,78634,78376,78630,2.34667278
2025-12-05 11:15:00+00:00,78626,78669,78442,78551,2.83673125
2025-12-05 11:30:00+00:00,78542,78557,78313,78313,3.68419401
2025-12-05 11:45:00+00:00,78337,78547,78335,78483,2.12596072
2025-12-05 12:00:00+00:00,78507,78549,78363,78388,7.56706033
2025-12-05 12:15:00+00:00,78413,78479,78258,78386,3.40544579
2025-12-05 12:30:00+00:00,78378,78453,78238,78336,11.60216962
2025-12-05 12:45:00+00:00,78321,78403,78307,78371,2.44229871
2025-12-05 13:00:00+00:00,78365,78473,78244,78285,5.73804537
2025-12-05 13:15:00+00:00,78291,78291,77819,78015,34.15832749
2025-12-05 13:30:00+00:00,78015,78087,77534,77664,19.49867021
2025-12-05 13:45:00+00:00,77681,77898,77476,77711,17.21762776
2025-12-05 14:00:00+00:00,77696,77910,77696,77724,19.82360905
2025-12-05 14:15:00+00:00,77726,77733,77552,77666,6.10462814
2025-12-05 14:30:00+00:00,77650,77918,77177,77458,38.41693754
2025-12-05 14:45:00+00:00,77480,77698,77236,77546,10.99643139
2025-12-05 15:00:00+00:00,77561,78595,77561,78181,48.72354095
2025-12-05 15:15:00+00:00,78168,78306,78037,78306,5.88653596
2025-12-05 15:30:00+00:00,78337,78448,78041,78156,4.28310754
2025-12-05 15:45:00+00:00,78182,78276,77558,77718,18.19655356
2025-12-05 16:00:00+00:00,77692,77735,76734,76835,22.43763406
2025-12-05 16:15:00+00:00,76819,76832,76455,76633,28.28342817
2025-12-05 16:30:00+00:00,76598,76650,75722,76024,49.45230686
2025-12-05 16:45:00+00:00,76060,76568,75947,76409,19.82209345
2025-12-05 17:00:00+00:00,76378,76561,76224,76289,5.64382684
2025-12-05 17:15:00+00:00,76264,76578,76264,76369,2.65086713
2025-12-05 17:30:00+00:00,76345,76700,76288,76550,7.98994849
2025-12-05 17:45:00+00:00,76551,76983,76479,76802,18.10193356
2025-12-05 18:00:00+00:00,76771,77185,76714,77023,8.2392115
2025-12-05 18:15:00+00:00,77017,77080,76684,76848,4.99047943
2025-12-05 18:30:00+00:00,76827,76927,76519,76589,6.7912964
2025-12-05 18:45:00+00:00,76610,76681,76426,76473,4.70095452
2025-12-05 19:00:00+00:00,76491,76660,76362,76610,5.16446756
2025-12-05 19:15:00+00:00,76617,76953,76540,76865,4.05151101
2025-12-05 19:30:00+00:00,76899,77076,76812,76924,2.26677172
2025-12-05 19:45:00+00:00,76910,77216,76833,77075,1.71995984
2025-12-05 20:00:00+00:00,77038,77116,76837,77097,3.12604269
2025-12-05 20:15:00+00:00,77135,77140,76958,77011,2.83629266
2025-12-05 20:30:00+00:00,77000,77000,76733,76748,5.29249163
2025-12-05 20:45:00+00:00,76754,76815,76677,76771,1.55265393
2025-12-05 21:00:00+00:00,76763,76894,76751,76886,3.24036267
2025-12-05 21:15:00+00:00,76877,76927,76820,76871,3.93291564
2025-12-05 21:30:00+00:00,76883,76908,76704,76744,4.13060465
2025-12-05 21:45:00+00:00,76732,76760,76583,76648,1.83840531
2025-12-05 22:00:00+00:00,76672,76672,76434,76473,7.7433077
2025-12-05 22:15:00+00:00,76509,76738,76509,76738,1.32754604
2025-12-05 22:30:00+00:00,76730,76800,76607,76771,2.27863636
2025-12-05 22:45:00+00:00,76779,76842,76729,76746,2.29623145
2025-12-05 23:00:00+00:00,76756,76757,76484,76641,2.46085889
2025-12-05 23:15:00+00:00,76662,76766,76629,76752,0.55967413
2025-12-05 23:30:00+00:00,76751,76853,76742,76748,2.33113638
2025-12-05 23:45:00+00:00,76745,76871,76727,76834,0.69366035
2025-12-06 00:00:00+00:00,76811,76811,76569,76636,2.75076112
2025-12-06 00:15:00+00:00,76616,76721,76593,76707,0.86402423
2025-12-06 00:30:00+00:00,76702,76922,76693,76922,1.39143613
2025-12-06 00:45:00+00:00,76882,76921,76837,76914,0.31973188
2025-12-06 01:00:00+00:00,76902,76905,76798,76878,0.84051138
2025-12-06 01:15:00+00:00,76936,76968,76842,76920,2.12671927
2025-12-06 01:30:00+00:00,76900,76900,76700,76759,0.99783004
2025-12-06 01:45:00+00:00,76738,76847,76721,76798,2.00880726
2025-12-06 02:00:00+00:00,76810,76810,76667,76798,1.88509741
2025-12-06 02:15:00+00:00,76776,76811,76712,76763,0.41810709
2025-12-06 02:30:00+00:00,76742,76775,76703,76745,0.07151762
2025-12-06 02:45:00+00:00,76764,76871,76736,76868,0.64519834
2025-12-06 03:00:00+00:00,76882,77209,76866,77209,1.30439108
2025-12-06 03:15:00+00:00,77192,77224,77014,77014,1.09975907
2025-12-06 03:30:00+00:00,76993,77166,76992,77117,5.15425452
2025-12-06 03:45:00+00:00,77118,77189,77114,77122,4.78263983
2025-12-06 04:00:00+00:00,77117,77159,76993,77030,1.56895015
2025-12-06 04:15:00+00:00,77038,77095,77003,77067,0.67589488
2025-12-06 04:30:00+00:00,77069,77100,77013,77036,2.34680907
2025-12-06 04:45:00+00:00,77030,77138,77030,77106,0.38729644
2025-12-06 05:00:00+00:00,77135,77168,77126,77146,0.41509827
2025-12-06 05:15:00+00:00,77147,77147,77020,77068,1.8203751
2025-12-06 05:30:00+00:00,77042,77043,77003,77015,0.16014087
2025-12-06 05:45:00+00:00,77011,77098,77010,77060,0.20399417
2025-12-06 06:00:00+00:00,77027,77132,76992,77132,0.70072371
2025-12-06 06:15:00+00:00,77126,77201,77080,77193,1.78205081
2025-12-06 06:30:00+00:00,77185,77202,77101,77118,0.56450705
2025-12-06 06:45:00+00:00,77088,77158,77085,77148,0.71340802
2025-12-06 07:00:00+00:00,77147,77161,77100,77142,0.83136443
2025-12-06 07:15:00+00:00,77139,77160,77031,77039,1.29760428
2025-12-06 07:30:00+00:00,77016,77118,76945,77102,0.62859104
2025-12-06 07:45:00+00:00,77121,77165,77032,77056,1.68065038
2025-12-06 08:00:00+00:00,77072,77077,77003,77015,0.74150264
2025-12-06 08:15:00+00:00,77013,77085,76779,76782,2.05079911
2025-12-06 08:30:00+00:00,76804,76906,76717,76878,1.96252389
2025-12-06 08:45:00+00:00,76873,76890,76762,76786,4.09612059
2025-12-06 09:00:00+00:00,76785,77028,76755,76957,4.28033984
2025-12-06 09:15:00+00:00,76991,77117,76968,77093,1.54668502
2025-12-06 09:30:00+00:00,77072,77121,76960,77081,4.34450736
2025-12-06 09:45:00+00:00,77090,77114,77030,77043,4.22171429
2025-12-06 10:00:00+00:00,77048,77074,76975,77053,1.58118686
2025-12-06 10:15:00+00:00,77053,77143,76995,77006,1.34665722
2025-12-06 10:30:00+00:00,76990,77055,76987,77049,1.33348312
2025-12-06 10:45:00+00:00,77048,77055,76950,76986,1.5907193
2025-12-06 11:00:00+00:00,76986,77042,76963,76975,0.63839924
2025-12-06 11:15:00+00:00,76982,77078,76982,77060,0.61739544
2025-12-06 11:30:00+00:00,77059,77184,77031,77163,4.47946424
2025-12-06 11:45:00+00:00,77138,77176,77084,77092,0.85484893
2025-12-06 12:00:00+00:00,77098,77110,77039,77066,2.7831049
2025-12-06 12:15:00+00:00,77058,77113,77045,77100,1.39082652
2025-12-06 12:30:00+00:00,77102,77112,77044,77073,0.67102305
2025-12-06 12:45:00+00:00,77070,77085,77031,77041,1.11529637
2025-12-06 13:00:00+00:00,77047,77056,77009,77033,2.83652946
2025-12-06 13:15:00+00:00,77028,77120,77021,77112,1.13183134
2025-12-06 13:30:00+00:00,77099,77191,77085,77189,3.39507953
2025-12-06 13:45:00+00:00,77195,77200,77088,77099,2.09429521
2025-12-06 14:00:00+00:00,77104,77169,77080,77158,0.61482766
2025-12-06 14:15:00+00:00,77179,77624,77176,77324,14.72428693
2025-12-06 14:30:00+00:00,77321,77474,77306,77409,2.82647504
2025-12-06 14:45:00+00:00,77447,77563,77386,77387,3.95008368
2025-12-06 15:00:00+00:00,77398,77398,77222,77243,2.58032349
2025-12-06 15:15:00+00:00,77241,77252,76948,77073,7.85042333
2025-12-06 15:30:00+00:00,77122,77310,77018,77282,2.15188727
2025-12-06 15:45:00+00:00,77263,77357,77147,77165,1.86408116
2025-12-06 16:00:00+00:00,77176,77379,77158,77336,0.84788691
2025-12-06 16:15:00+00:00,77346,77377,77261,77286,2.13792626
2025-12-06 16:30:00+00:00,77287,77318,77204,77251,0.45269976
2025-12-06 16:45:00+00:00,77250,77250,77127,77145,1.42719879
2025-12-06 17:00:00+00:00,77126,77213,77082,77156,1.44681268
2025-12-06 17:15:00+00:00,77153,77256,77077,77256,0.72932163
2025-12-06 17:30:00+00:00,77248,77248,77097,77104,2.04142682
2025-12-06 17:45:00+00:00,77118,77153,77052,77148,0.66189718
2025-12-06 18:00:00+00:00,77150,77214,77074,77202,1.57290714
2025-12-06 18:15:00+00:00,77201,77229,77149,77205,0.66940934
2025-12-06 18:30:00+00:00,77166,77196,77100,77110,0.81166641
2025-12-06 18:45:00+00:00,77100,77121,77023,77111,0.52146808
2025-12-06 19:00:00+00:00,77105,77196,76844,76965,10.20015183
2025-12-06 19:15:00+00:00,76987,77048,76882,77017,5.62525484
2025-12-06 19:30:00+00:00,77029,77029,76636,76925,16.99049474
2025-12-06 19:45:00+00:00,76926,76962,76862,76904,2.78814218
2025-12-06 20:00:00+00:00,76904,76989,76816,76899,3.47293728
2025-12-06 20:15:00+00:00,76887,76947,76887,76942,0.82470744
2025-12-06 20:30:00+00:00,76953,77034,76914,77025,0.65775767
2025-12-06 20:45:00+00:00,77018,77039,77000,77023,0.70824276
2025-12-06 21:00:00+00:00,77000,77094,76955,76975,1.14555053
2025-12-06 21:15:00+00:00,76953,76998,76896,76925,0.767405
2025-12-06 21:30:00+00:00,76919,77024,76897,76961,2.49525039
2025-12-06 21:45:00+00:00,76986,76986,76906,76910,2.20032102
2025-12-06 22:00:00+00:00,76907,76984,76807,76984,1.51316616
2025-12-06 22:15:00+00:00,76980,77010,76855,76857,1.4919371
2025-12-06 22:30:00+00:00,76848,76930,76848,76848,1.19755245
2025-12-06 22:45:00+00:00,76832,76867,76766,76809,1.08703479
2025-12-06 23:00:00+00:00,76811,76837,76537,76662,11.75534563
2025-12-06 23:15:00+00:00,76704,76723,76473,76571,2.06253275
2025-12-06 23:30:00+00:00,76568,76701,76553,76623,0.73643259
2025-12-06 23:45:00+00:00,76620,76765,76616,76761,2.06496796
2025-12-07 00:00:00+00:00,76759,76856,76700,76714,1.76924774
2025-12-07 00:15:00+00:00,76719,76852,76694,76852,1.23516675
2025-12-07 00:30:00+00:00,76872,77040,76854,76990,1.72022552
2025-12-07 00:45:00+00:00,76967,76994,76893,76893,0.49838171
2025-12-07 01:00:00+00:00,76914,77009,76914,76975,0.71693879
2025-12-07 01:15:00+00:00,76979,77043,76910,76955,0.59878814
2025-12-07 01:30:00+00:00,76950,76971,76884,76899,0.2477113
2025-12-07 01:45:00+00:00,76866,76944,76807,76807,0.24940382
2025-12-07 02:00:00+00:00,76811,76906,76811,76862,0.27902719
2025-12-07 02:15:00+00:00,76894,76982,76894,76932,0.78136404
2025-12-07 02:30:00+00:00,76923,76942,76873,76927,0.67388254
2025-12-07 02:45:00+00:00,76930,77142,76929,77095,0.16274479
2025-12-07 03:00:00+00:00,77071,77079,77071,77079,0.00113225
2025-12-07 06:00:00+00:00,77079,77114,76984,77043,3.43549138
2025-12-07 06:15:00+00:00,77019,77137,77017,77110,1.22039487
2025-12-07 06:30:00+00:00,77114,77141,77101,77106,0.28433966
2025-12-07 06:45:00+00:00,77105,77141,77030,77132,3.11644084
2025-12-07 07:00:00+00:00,77140,77171,76900,76942,3.02636199
2025-12-07 07:15:00+00:00,76956,76956,76838,76871,0.33678085
2025-12-07 07:30:00+00:00,76874,76874,76734,76784,2.49076139
2025-12-07 07:45:00+00:00,76749,76904,76720,76867,1.28148691
2025-12-07 08:00:00+00:00,76867,76867,76712,76721,1.77612744
2025-12-07 08:15:00+00:00,76725,76870,76700,76850,3.32017707
2025-12-07 08:30:00+00:00,76862,77020,76841,76967,3.34324863
2025-12-07 08:45:00+00:00,76956,76958,76799,76821,1.03337783
2025-12-07 09:00:00+00:00,76812,76880,76801,76864,1.06182485
2025-12-07 09:15:00+00:00,76871,76883,76632,76717,2.56129061
2025-12-07 09:30:00+00:00,76705,76780,76693,76711,0.66087837
2025-12-07 09:45:00+00:00,76704,76733,76583,76646,2.61032511
2025-12-07 10:00:00+00:00,76646,76802,76627,76802,1.08745675
2025-12-07 10:15:00+00:00,76802,76802,76711,76712,1.65618133
2025-12-07 10:30:00+00:00,76732,76849,76637,76801,3.25277861
2025-12-07 10:45:00+00:00,76784,76872,76744,76757,2.28323855
2025-12-07 11:00:00+00:00,76764,76793,76722,76745,1.32987313
2025-12-07 11:15:00+00:00,76802,76802,76725,76725,1.1208394
2025-12-07 11:30:00+00:00,76706,76767,76706,76727,1.82540418
2025-12-07 11:45:00+00:00,76722,76726,76671,76672,1.5901004
2025-12-07 12:00:00+00:00,76671,76823,76644,76778,1.48013483
2025-12-07 12:15:00+00:00,76799,76829,76721,76738,0.58727462
2025-12-07 12:30:00+00:00,76791,76807,76752,76794,0.53838811
2025-12-07 12:45:00+00:00,76804,77023,76804,76926,3.08864415
2025-12-07 13:00:00+00:00,76945,76964,76779,76803,1.30251343
2025-12-07 13:15:00+00:00,76803,76818,76123,76477,21.41048059
2025-12-07 13:30:00+00:00,76451,76539,76393,76485,3.91263911
2025-12-07 13:45:00+00:00,76487,76593,76442,76536,1.31890585
2025-12-07 14:00:00+00:00,76544,76613,76330,76330,1.12820978
2025-12-07 14:15:00+00:00,76336,76406,75505,75600,33.36361581
2025-12-07 14:30:00+00:00,75585,75994,75411,75928,14.42970113
2025-12-07 14:45:00+00:00,75930,75979,75762,75874,4.9152129
2025-12-07 15:00:00+00:00,75839,76600,75821,76454,13.69891066
2025-12-07 15:15:00+00:00,76414,76508,76265,76315,1.71282591
2025-12-07 15:30:00+00:00,76350,76603,76338,76478,1.90580357
2025-12-07 15:45:00+00:00,76477,77157,76429,77027,19.38117682
2025-12-07 16:00:00+00:00,76993,76993,76662,76709,7.73050213
2025-12-07 16:15:00+00:00,76741,76927,76625,76823,4.24863372
2025-12-07 16:30:00+00:00,76803,77014,76744,76911,6.17569793
2025-12-07 16:45:00+00:00,76905,77282,76863,77282,1.70994918
2025-12-07 17:00:00+00:00,77276,77305,77037,77265,3.33906455
2025-12-07 17:15:00+00:00,77270,78036,77238,78012,26.43463928
2025-12-07 17:30:00+00:00,78026,78499,77975,78126,38.83578171
2025-12-07 17:45:00+00:00,78109,78358,78024,78201,11.31896855
2025-12-07 18:00:00+00:00,78184,78649,78184,78538,11.18325944
2025-12-07 18:15:00+00:00,78550,78845,78534,78693,9.96408896
2025-12-07 18:30:00+00:00,78777,78880,78507,78555,17.39083217
2025-12-07 18:45:00+00:00,78566,78669,78421,78532,5.18419032
2025-12-07 19:00:00+00:00,78542,78693,78426,78676,3.96152265
2025-12-07 19:15:00+00:00,78651,78675,78406,78440,6.05205816
2025-12-07 19:30:00+00:00,78430,78552,78393,78530,2.14341902
2025-12-07 19:45:00+00:00,78530,78572,78438,78572,2.56742209
2025-12-07 20:00:00+00:00,78595,78600,78458,78511,4.57922055
2025-12-07 20:15:00+00:00,78520,78626,78491,78577,2.42052038
2025-12-07 20:30:00+00:00,78590,78650,78490,78650,1.14918949
2025-12-07 20:45:00+00:00,78618,78637,78527,78583,1.61907408
2025-12-07 21:00:00+00:00,78581,78581,78416,78456,2.18694054
2025-12-07 21:15:00+00:00,78433,78433,78016,78062,7.06517038
2025-12-07 21:30:00+00:00,78064,78194,77696,77757,11.69764088
2025-12-07 21:45:00+00:00,77727,77727,77166,77501,21.15364047
2025-12-07 22:00:00+00:00,77496,77496,76446,76823,28.50187972
2025-12-07 22:15:00+00:00,76831,77124,76702,77096,4.36950812
2025-12-07 22:30:00+00:00,77075,77589,77060,77383,13.59563793
2025-12-07 22:45:00+00:00,77426,77514,76799,76998,6.02562691
2025-12-07 23:00:00+00:00,76959,77194,76931,77108,5.53669023
2025-12-07 23:15:00+00:00,77103,77401,77103,77378,4.48805278
2025-12-07 23:30:00+00:00,77364,77388,77185,77279,0.98161664
2025-12-07 23:45:00+00:00,77280,77748,77280,77697,1.51031565
2025-12-08 00:00:00+00:00,77631,77672,77395,77420,1.2298027
2025-12-08 00:15:00+00:00,77427,77583,77229,77539,1.35495951
2025-12-08 00:30:00+00:00,77519,77828,77509,77587,0.93764034
2025-12-08 00:45:00+00:00,77578,77712,77502,77601,1.05541035
2025-12-08 01:00:00+00:00,77601,77965,77565,77908,1.77233155
2025-12-08 01:15:00+00:00,77872,78394,77825,78313,6.61283851
2025-12-08 01:30:00+00:00,78333,78750,78330,78375,10.31515635
2025-12-08 01:45:00+00:00,78348,78368,78014,78079,3.14155844
2025-12-08 02:00:00+00:00,78066,78159,77979,78095,2.73954483
2025-12-08 02:15:00+00:00,78074,78233,78074,78175,1.92702831
2025-12-08 02:30:00+00:00,78178,78377,78125,78346,5.48729808
2025-12-08 02:45:00+00:00,78326,78530,78229,78459,2.32024662
2025-12-08 03:00:00+00:00,78443,78465,78242,78274,0.28950431
2025-12-08 03:15:00+00:00,78250,78472,78243,78362,0.76529921
2025-12-08 03:30:00+00:00,78364,78385,78136,78148,1.51105348
2025-12-08 03:45:00+00:00,78136,78272,78136,78221,0.09820003
2025-12-08 04:00:00+00:00,78243,78298,78178,78224,1.05993591
2025-12-08 04:15:00+00:00,78236,78418,78208,78340,0.59133021
2025-12-08 04:30:00+00:00,78389,78509,78253,78313,0.75327921
2025-12-08 04:45:00+00:00,78330,78355,78254,78350,0.17577985
2025-12-08 05:00:00+00:00,78343,78343,78142,78230,0.63626265
2025-12-08 05:15:00+00:00,78223,78447,78177,78353,1.72485945
2025-12-08 05:30:00+00:00,78370,78491,78370,78407,0.81118907
2025-12-08 05:45:00+00:00,78412,78465,78370,78389,0.7298418
2025-12-08 06:00:00+00:00,78395,78399,78216,78363,6.54600978
2025-12-08 06:15:00+00:00,78369,78441,78342,78437,2.97324669
2025-12-08 06:30:00+00:00,78444,78585,78444,78532,3.95285276
2025-12-08 06:45:00+00:00,78541,78639,78422,78467,2.44652472
2025-12-08 07:00:00+00:00,78475,78520,78320,78393,4.36884599
2025-12-08 07:15:00+00:00,78398,78656,78385,78642,3.01243662
2025-12-08 07:30:00+00:00,78665,78779,78594,78609,4.91597088
2025-12-08 07:45:00+00:00,78616,78616,78473,78552,7.91958892
2025-12-08 08:00:00+00:00,78542,78600,78466,78600,3.48538617
2025-12-08 08:15:00+00:00,78599,78741,78599,78741,1.96230238
2025-12-08 08:30:00+00:00,78726,78827,78650,78825,2.39553463
2025-12-08 08:45:00+00:00,78810,78922,78723,78819,4.75606318
2025-12-08 09:00:00+00:00,78806,79217,78795,79040,13.52483325
2025-12-08 09:15:00+00:00,79040,79054,78909,78964,6.58675242
2025-12-08 09:30:00+00:00,78945,79027,78908,78974,1.47485323
2025-12-08 09:45:00+00:00,78956,78966,78894,78917,1.46208412
2025-12-08 10:00:00+00:00,78920,79024,78838,78981,2.85775023
2025-12-08 10:15:00+00:00,78963,79019,78936,79004,5.19619118
2025-12-08 10:30:00+00:00,79015,79161,78943,79151,9.74066909
2025-12-08 10:45:00+00:00,79161,79191,78955,79100,11.35236945
2025-12-08 11:00:00+00:00,79100,79121,78972,79112,3.02010366
2025-12-08 11:15:00+00:00,79112,79155,79040,79041,4.24034796
2025-12-08 11:30:00+00:00,79033,79035,78900,78909,4.97054808
2025-12-08 11:45:00+00:00,78916,79004,78870,78972,2.53601042
2025-12-08 12:00:00+00:00,78989,78997,78822,78832,3.86463016
2025-12-08 12:15:00+00:00,78865,78957,78848,78904,8.7015593
2025-12-08 12:30:00+00:00,78903,78959,78748,78800,53.07118144
2025-12-08 12:45:00+00:00,78798,78882,78762,78800,3.05138579
2025-12-08 13:00:00+00:00,78795,79084,78769,78827,6.80228261
2025-12-08 13:15:00+00:00,78810,78863,78617,78699,5.29863928
2025-12-08 13:30:00+00:00,78712,78743,78415,78711,11.46807462
2025-12-08 13:45:00+00:00,78701,78773,78521,78541,2.39026805
2025-12-08 14:00:00+00:00,78556,78671,78503,78617,11.58785863
2025-12-08 14:15:00+00:00,78598,78652,78276,78472,8.51092115
2025-12-08 14:30:00+00:00,78400,78820,77995,78609,29.55322829
2025-12-08 14:45:00+00:00,78556,78766,78047,78089,13.50027904
2025-12-08 15:00:00+00:00,78112,78246,77506,77612,8.15481177
2025-12-08 15:15:00+00:00,77550,77884,77174,77415,18.87466216
2025-12-08 15:30:00+00:00,77405,77640,77150,77219,12.52072613
2025-12-08 15:45:00+00:00,77194,77688,77190,77433,16.13693708
2025-12-08 16:00:00+00:00,77427,77534,77200,77408,13.17013439
2025-12-08 16:15:00+00:00,77401,77876,77331,77752,11.23147947
2025-12-08 16:30:00+00:00,77723,77882,77550,77686,5.65274309
2025-12-08 16:45:00+00:00,77646,77697,77255,77423,2.26517392
2025-12-08 17:00:00+00:00,77442,77686,77290,77604,6.18018306
2025-12-08 17:15:00+00:00,77603,77652,77338,77460,3.98204935
2025-12-08 17:30:00+00:00,77425,77548,77192,77313,4.88604189
2025-12-08 17:45:00+00:00,77285,77682,77197,77586,2.679717
2025-12-08 18:00:00+00:00,77567,77755,77518,77650,6.27124176
2025-12-08 18:15:00+00:00,77675,77819,77491,77509,3.54928184
2025-12-08 18:30:00+00:00,77481,77713,77371,77713,4.23873251
2025-12-08 18:45:00+00:00,77750,77780,77145,77309,5.30011078
2025-12-08 19:00:00+00:00,77285,77525,77261,77427,1.73870258
2025-12-08 19:15:00+00:00,77427,77553,77337,77488,4.55873744
2025-12-08 19:30:00+00:00,77471,77661,77405,77492,5.40731119
2025-12-08 19:45:00+00:00,77511,77691,77410,77472,3.1891048
2025-12-08 20:00:00+00:00,77490,77802,77490,77677,1.88884229
2025-12-08 20:15:00+00:00,77708,77929,77646,77789,4.17084155
2025-12-08 20:30:00+00:00,77740,77908,77634,77857,2.23263615
2025-12-08 20:45:00+00:00,77896,78159,77874,78051,5.75081453
2025-12-08 21:00:00+00:00,78056,78210,77965,78027,3.17924666
2025-12-08 21:15:00+00:00,78052,78313,78025,78295,2.44684917
2025-12-08 21:30:00+00:00,78283,78461,78279,78395,3.55658371
2025-12-08 21:45:00+00:00,78407,78583,78317,78509,15.67856023
2025-12-08 22:00:00+00:00,78503,78549,78162,78208,4.88554431
2025-12-08 22:15:00+00:00,78233,78292,78110,78248,1.10523364
2025-12-08 22:30:00+00:00,78224,78297,78041,78063,1.96182472
2025-12-08 22:45:00+00:00,78055,78188,78000,78110,1.52035965
2025-12-08 23:00:00+00:00,78131,78240,78062,78087,2.00642508
2025-12-08 23:15:00+00:00,78103,78140,77795,77961,4.9854128
2025-12-08 23:30:00+00:00,77972,78035,77894,77906,1.49406213
2025-12-08 23:45:00+00:00,77900,77962,77836,77912,8.2583254
2025-12-09 00:00:00+00:00,77888,78001,77869,77998,1.85086752
2025-12-09 00:15:00+00:00,78005,78072,77947,77947,1.93091346
2025-12-09 00:30:00+00:00,77926,77926,77691,77739,1.64617989
2025-12-09 00:45:00+00:00,77759,77793,77653,77708,0.32870583
2025-12-09 01:00:00+00:00,77670,77812,77575,77772,1.28191898
2025-12-09 01:15:00+00:00,77763,77832,77497,77593,3.40206816
2025-12-09 01:30:00+00:00,77561,77579,77375,77375,3.25931053
2025-12-09 01:45:00+00:00,77412,77442,77297,77376,0.89365662
2025-12-09 02:00:00+00:00,77373,77528,77296,77442,0.42967908
2025-12-09 02:15:00+00:00,77422,77638,77422,77622,0.89630859
2025-12-09 02:30:00+00:00,77610,77616,77478,77539,3.94949004
2025-12-09 02:45:00+00:00,77540,77575,77373,77378,0.66832862
2025-12-09 03:00:00+00:00,77389,77466,77301,77306,1.19546635
2025-12-09 03:15:00+00:00,77306,77390,77152,77350,7.83866685
2025-12-09 03:30:00+00:00,77350,77667,77338,77646,6.12153731
2025-12-09 03:45:00+00:00,77646,77704,77590,77676,1.1202549
2025-12-09 04:00:00+00:00,77701,77763,77658,77728,0.3802138
2025-12-09 04:15:00+00:00,77743,77752,77602,77678,0.17982541
2025-12-09 04:30:00+00:00,77647,77649,77100,77259,11.10993824
2025-12-09 04:45:00+00:00,77260,77298,77186,77262,1.85622116
2025-12-09 05:00:00+00:00,77252,77300,77075,77134,1.44382934
2025-12-09 05:15:00+00:00,77130,77216,76888,77173,11.0715251
2025-12-09 05:30:00+00:00,77179,77479,77161,77410,9.86532879
2025-12-09 05:45:00+00:00,77426,77466,77192,77194,3.42262493
2025-12-09 06:00:00+00:00,77218,77438,77218,77310,1.53054817
2025-12-09 06:15:00+00:00,77306,77361,77160,77205,1.81696631
2025-12-09 06:30:00+00:00,77233,77262,77127,77238,2.08636793
2025-12-09 06:45:00+00:00,77264,77538,77240,77475,2.66625423
2025-12-09 07:00:00+00:00,77470,77575,77396,77440,1.94393396
2025-12-09 07:15:00+00:00,77438,77733,77438,77685,2.64249956
2025-12-09 07:30:00+00:00,77665,77779,77655,77750,3.21142081
2025-12-09 07:45:00+00:00,77733,77807,77718,77752,1.54505793
2025-12-09 08:00:00+00:00,77766,77847,77748,77821,3.28589379
2025-12-09 08:15:00+00:00,77831,77866,77766,77766,3.09649144
2025-12-09 08:30:00+00:00,77760,77760,77635,77740,4.19291494
2025-12-09 08:45:00+00:00,77774,77828,77709,77761,2.43773063
2025-12-09 09:00:00+00:00,77719,77734,77586,77698,2.51916863
2025-12-09 09:15:00+00:00,77678,77719,77527,77532,1.65173689
2025-12-09 09:30:00+00:00,77566,77603,77382,77397,5.4807334
2025-12-09 09:45:00+00:00,77400,77418,77355,77362,1.51729469
2025-12-09 10:00:00+00:00,77386,77447,77321,77447,2.71989815
2025-12-09 10:15:00+00:00,77439,77490,77396,77473,0.5590082
2025-12-09 10:30:00+00:00,77459,77611,77250,77412,3.56469641
2025-12-09 10:45:00+00:00,77383,77556,77330,77556,1.42520438
2025-12-09 11:00:00+00:00,77568,77635,77495,77566,1.2234437
2025-12-09 11:15:00+00:00,77568,77600,77470,77592,2.00963835
2025-12-09 11:30:00+00:00,77581,77597,77522,77572,5.34265657
2025-12-09 11:45:00+00:00,77570,77666,77539,77664,2.84346464
2025-12-09 12:00:00+00:00,77666,77740,77628,77643,2.83239159
2025-12-09 12:15:00+00:00,77684,77962,77679,77848,6.78474242
2025-12-09 12:30:00+00:00,77847,77934,77789,77916,1.91045057
2025-12-09 12:45:00+00:00,77902,77937,77857,77866,3.61245622
2025-12-09 13:00:00+00:00,77896,77902,77779,77804,1.56740403
2025-12-09 13:15:00+00:00,77816,78045,77816,78018,9.60353317
2025-12-09 13:30:00+00:00,78002,78140,77555,77561,17.22577276
2025-12-09 13:45:00+00:00,77561,77754,77525,77754,7.05782618
2025-12-09 14:00:00+00:00,77772,77924,77706,77763,7.16724163
2025-12-09 14:15:00+00:00,77745,77755,77510,77618,8.01272682
2025-12-09 14:30:00+00:00,77618,77883,77400,77482,22.32048299
2025-12-09 14:45:00+00:00,77487,77684,77448,77670,11.58537501
2025-12-09 15:00:00+00:00,77700,78518,77664,78001,52.68098248
2025-12-09 15:15:00+00:00,77948,78515,77942,78375,12.30307457
2025-12-09 15:30:00+00:00,78375,79232,78249,79204,31.84921265
2025-12-09 15:45:00+00:00,79238,79898,79021,79734,54.42060685
2025-12-09 16:00:00+00:00,79729,80410,79729,80338,32.42614363
2025-12-09 16:15:00+00:00,80331,80582,80189,80228,40.0223796
2025-12-09 16:30:00+00:00,80261,81026,80244,80982,61.12366765
2025-12-09 16:45:00+00:00,80972,81200,80803,80931,42.03839545
2025-12-09 17:00:00+00:00,80990,81311,80938,80996,30.6417216
2025-12-09 17:15:00+00:00,80979,81026,80448,80619,61.77002367
2025-12-09 17:30:00+00:00,80598,80749,80416,80626,11.17072125
2025-12-09 17:45:00+00:00,80626,80855,80605,80757,22.86313027
2025-12-09 18:00:00+00:00,80757,80880,80545,80822,13.44635016
2025-12-09 18:15:00+00:00,80840,81026,80819,80951,20.05795861
2025-12-09 18:30:00+00:00,80963,81006,80770,80778,7.23806599
2025-12-09 18:45:00+00:00,80752,80848,80603,80779,3.87260408
2025-12-09 19:00:00+00:00,80777,80822,80609,80798,3.54640772
2025-12-09 19:15:00+00:00,80747,80887,80684,80808,4.15641227
2025-12-09 19:30:00+00:00,80815,80998,80526,80584,9.47088428
2025-12-09 19:45:00+00:00,80598,80763,80581,80621,6.23948847
2025-12-09 20:00:00+00:00,80621,80641,80421,80512,4.86670139
2025-12-09 20:15:00+00:00,80520,80531,79722,79971,31.5107025
2025-12-09 20:30:00+00:00,79950,80171,79785,79971,8.29777211
2025-12-09 20:45:00+00:00,80000,80166,79918,80066,5.79799824
2025-12-09 21:00:00+00:00,80052,80167,79951,79951,3.14278256
2025-12-09 21:15:00+00:00,79974,80132,79945,80060,3.18468261
2025-12-09 21:30:00+00:00,80081,80100,79674,79674,4.74549201
2025-12-09 21:45:00+00:00,79653,79759,79315,79701,13.23545869
2025-12-09 22:00:00+00:00,79678,79881,79615,79658,4.30393248
2025-12-09 22:15:00+00:00,79666,79696,79520,79537,1.07818904
2025-12-09 22:30:00+00:00,79520,79948,79519,79908,8.67521664
2025-12-09 22:45:00+00:00,79898,79985,79767,79860,5.90090274
2025-12-09 23:00:00+00:00,79848,79848,79568,79586,9.78479247
2025-12-09 23:15:00+00:00,79584,79858,79584,79849,3.02494354
2025-12-09 23:30:00+00:00,79831,79931,79796,79917,0.33820949
2025-12-09 23:45:00+00:00,79895,79895,79668,79682,1.83626402
2025-12-10 00:00:00+00:00,79660,79762,79638,79729,1.85264431
2025-12-10 00:15:00+00:00,79658,79658,79350,79561,2.97015943
2025-12-10 00:30:00+00:00,79578,79613,79481,79518,1.03353753
2025-12-10 00:45:00+00:00,79538,79563,79139,79220,10.46072705
2025-12-10 01:00:00+00:00,79247,79341,79190,79310,1.17603785
2025-12-10 01:15:00+00:00,79308,79404,79245,79315,0.82116876
2025-12-10 01:30:00+00:00,79355,79355,79096,79350,2.77764257
2025-12-10 01:45:00+00:00,79352,79428,79260,79396,0.17610645
2025-12-10 02:00:00+00:00,79388,79388,79118,79274,2.31470452
2025-12-10 02:15:00+00:00,79287,79585,79286,79509,3.70511909
2025-12-10 02:30:00+00:00,79530,79538,79396,79434,1.18232072
2025-12-10 02:45:00+00:00,79429,79560,79329,79551,0.98487346
2025-12-10 03:00:00+00:00,79581,79594,79455,79512,0.49000009
2025-12-10 03:15:00+00:00,79492,79495,79416,79475,0.42921014
2025-12-10 03:30:00+00:00,79452,79534,79444,79502,2.26503251
2025-12-10 03:45:00+00:00,79460,79541,79442,79472,1.71091847
2025-12-10 04:00:00+00:00,79444,79563,79435,79542,1.30144659
2025-12-10 04:15:00+00:00,79537,79670,79470,79495,2.2766545
2025-12-10 04:30:00+00:00,79470,79637,79459,79588,1.1804175
2025-12-10 04:45:00+00:00,79590,79631,79516,79580,1.60407559
2025-12-10 05:00:00+00:00,79593,79660,79557,79647,4.23731748
2025-12-10 05:15:00+00:00,79654,79739,79609,79618,3.75717777
2025-12-10 05:30:00+00:00,79629,79665,79574,79636,2.27005931
2025-12-10 05:45:00+00:00,79639,79651,79574,79583,0.70572354
2025-12-10 06:00:00+00:00,79608,79624,79446,79596,0.54931554
2025-12-10 06:15:00+00:00,79589,79610,79536,79558,0.68870225
2025-12-10 06:30:00+00:00,79555,79691,79554,79691,2.22697949
2025-12-10 06:45:00+00:00,79692,79713,79596,79664,4.48762298
2025-12-10 07:00:00+00:00,79662,79677,79522,79571,1.51961386
2025-12-10 07:15:00+00:00,79572,79574,79473,79555,0.79073666
2025-12-10 07:30:00+00:00,79546,79676,79500,79609,3.53986593
2025-12-10 07:45:00+00:00,79616,79672,79573,79650,2.95277683
2025-12-10 08:00:00+00:00,79678,79680,79560,79607,1.37410019
2025-12-10 08:15:00+00:00,79612,79622,79550,79571,10.46465189
2025-12-10 08:30:00+00:00,79567,79628,79422,79470,5.19622346
2025-12-10 08:45:00+00:00,79474,79539,79450,79486,1.07588247
2025-12-10 09:00:00+00:00,79496,79575,79472,79542,1.81623357
2025-12-10 09:15:00+00:00,79549,79587,79426,79480,3.75976873
2025-12-10 09:30:00+00:00,79454,79583,79452,79583,2.60444474
2025-12-10 09:45:00+00:00,79570,79896,79570,79886,8.02313591
2025-12-10 10:00:00+00:00,79877,80222,79828,79937,21.74390953
2025-12-10 10:15:00+00:00,79935,79935,79454,79491,14.26788079
2025-12-10 10:30:00+00:00,79472,79479,79210,79301,12.31197214
2025-12-10 10:45:00+00:00,79306,79457,79234,79326,5.56776147
2025-12-10 11:00:00+00:00,79300,79482,79279,79401,2.00504396
2025-12-10 11:15:00+00:00,79388,79425,79334,79399,1.38667718
2025-12-10 11:30:00+00:00,79374,79439,79000,79098,16.21962309
2025-12-10 11:45:00+00:00,79082,79235,78900,79216,6.92591919
2025-12-10 12:00:00+00:00,79203,79293,79130,79141,2.97022159
2025-12-10 12:15:00+00:00,79156,79182,79065,79100,2.64930598
2025-12-10 12:30:00+00:00,79093,79183,78924,79008,2.81758547
2025-12-10 12:45:00+00:00,79021,79107,78909,79072,6.15079041
2025-12-10 13:00:00+00:00,79030,79187,79016,79146,6.44074561
2025-12-10 13:15:00+00:00,79141,79328,79105,79199,4.98481777
2025-12-10 13:30:00+00:00,79200,79272,79066,79123,9.62720017
2025-12-10 13:45:00+00:00,79125,79172,79074,79153,1.31055095
2025-12-10 14:00:00+00:00,79146,79173,79023,79056,5.62131586
2025-12-10 14:15:00+00:00,79066,79139,78961,79030,18.78493682
2025-12-10 14:30:00+00:00,79015,79140,78924,79009,5.62467728
2025-12-10 14:45:00+00:00,79009,79062,78718,78920,12.0029606
2025-12-10 15:00:00+00:00,78855,79139,78821,79093,14.92589012
2025-12-10 15:15:00+00:00,79082,79170,78935,79033,5.4113837
2025-12-10 15:30:00+00:00,79055,79070,78684,78957,11.56109907
2025-12-10 15:45:00+00:00,78959,79140,78895,79108,6.44058856
2025-12-10 16:00:00+00:00,79110,79270,78950,79232,6.7950306
2025-12-10 16:15:00+00:00,79220,79534,79200,79450,16.24771034
2025-12-10 16:30:00+00:00,79443,79443,79214,79343,5.76781681
2025-12-10 16:45:00+00:00,79319,79375,79104,79139,3.09298767
2025-12-10 17:00:00+00:00,79151,79243,79099,79203,2.27507677
2025-12-10 17:15:00+00:00,79168,79438,79150,79243,3.51477625
2025-12-10 17:30:00+00:00,79245,79371,79173,79361,1.98271982
2025-12-10 17:45:00+00:00,79370,79408,79239,79297,4.29557198
2025-12-10 18:00:00+00:00,79265,79373,79192,79306,2.21896806
2025-12-10 18:15:00+00:00,79271,79331,78970,79167,11.0918236
2025-12-10 18:30:00+00:00,79127,79864,79127,79417,14.68232811
2025-12-10 18:45:00+00:00,79472,79640,79019,79410,13.2079782
2025-12-10 19:00:00+00:00,79406,79983,78662,79759,115.08005683
2025-12-10 19:15:00+00:00,79712,79864,79168,79258,10.90579263
2025-12-10 19:30:00+00:00,79364,79880,79328,79503,58.70969403
2025-12-10 19:45:00+00:00,79458,79833,79458,79651,30.08546818
2025-12-10 20:00:00+00:00,79656,80664,79383,80664,34.14073151
2025-12-10 20:15:00+00:00,80617,80824,79727,80067,41.04423235
2025-12-10 20:30:00+00:00,80031,80307,79884,80201,10.40473762
2025-12-10 20:45:00+00:00,80144,80287,78970,79121,62.34527676
2025-12-10 21:00:00+00:00,79122,79269,78629,78960,23.43982401
2025-12-10 21:15:00+00:00,79000,79232,78945,79056,11.93191472
2025-12-10 21:30:00+00:00,79050,79284,78888,79153,5.46320493
2025-12-10 21:45:00+00:00,79113,79387,78971,79044,3.18929283
2025-12-10 22:00:00+00:00,78999,79330,78822,78910,7.54290455
2025-12-10 22:15:00+00:00,78907,79126,78701,79025,7.19090943
2025-12-10 22:30:00+00:00,79018,79293,78837,79190,16.28401744
2025-12-10 22:45:00+00:00,79182,79277,79081,79166,3.81504445
2025-12-10 23:00:00+00:00,79112,79195,78917,78982,2.11110813
2025-12-10 23:15:00+00:00,78967,78998,78797,78797,4.77282244
2025-12-10 23:30:00+00:00,78810,78821,78667,78675,0.89365484
2025-12-10 23:45:00+00:00,78657,78706,78603,78654,3.61506263
2025-12-11 00:00:00+00:00,78621,78726,78609,78671,1.51209011
2025-12-11 00:15:00+00:00,78671,78671,78463,78510,13.60766478
2025-12-11 00:30:00+00:00,78475,78500,78002,78102,7.89182867
2025-12-11 00:45:00+00:00,78058,78205,77876,78143,12.98395936
2025-12-11 01:00:00+00:00,78133,78145,77777,77777,5.98854871
2025-12-11 01:15:00+00:00,77776,77883,77549,77870,10.1490308
2025-12-11 01:30:00+00:00,77880,78040,77719,77792,3.47950749
2025-12-11 01:45:00+00:00,77778,77820,77505,77560,5.68196191
2025-12-11 02:00:00+00:00,77515,77515,77100,77169,21.37033981
2025-12-11 02:15:00+00:00,77149,77292,76933,77030,13.41871062
2025-12-11 02:30:00+00:00,77015,77159,76875,77028,10.75277365
2025-12-11 02:45:00+00:00,77058,77116,76857,77059,5.62438448
2025-12-11 03:00:00+00:00,77032,77032,76487,76694,15.36025259
2025-12-11 03:15:00+00:00,76671,77037,76620,76798,5.96273637
2025-12-11 03:30:00+00:00,76754,76915,76666,76857,6.43825201
2025-12-11 03:45:00+00:00,76857,76933,76801,76922,4.04157839
2025-12-11 04:00:00+00:00,76885,77091,76774,77079,3.18503067
2025-12-11 04:15:00+00:00,77072,77181,76935,77080,7.22489714
2025-12-11 04:30:00+00:00,77088,77195,77053,77150,6.91934351
2025-12-11 04:45:00+00:00,77145,77464,77082,77423,6.70924367
2025-12-11 05:00:00+00:00,77397,77397,77091,77110,5.32305822
2025-12-11 05:15:00+00:00,77135,77358,77105,77273,3.1820417
2025-12-11 05:30:00+00:00,77272,77301,77184,77241,9.09945068
2025-12-11 05:45:00+00:00,77242,77349,77211,77331,4.41909349
2025-12-11 06:00:00+00:00,77326,77329,77266,77307,2.25292853
2025-12-11 06:15:00+00:00,77297,77310,77053,77187,5.39883355
2025-12-11 06:30:00+00:00,77186,77448,77186,77330,7.70281416
2025-12-11 06:45:00+00:00,77327,77361,77247,77297,2.68381452
2025-12-11 07:00:00+00:00,77297,77331,77180,77207,3.78706293
2025-12-11 07:15:00+00:00,77205,77276,77096,77119,4.54289857
2025-12-11 07:30:00+00:00,77119,77214,77088,77115,6.57369753
2025-12-11 07:45:00+00:00,77124,77250,77095,77250,3.39270231
2025-12-11 08:00:00+00:00,77253,77285,76968,77031,14.73276571
2025-12-11 08:15:00+00:00,77029,77150,76987,77065,5.57634989
2025-12-11 08:30:00+00:00,77051,77054,76917,76984,6.13352222
2025-12-11 08:45:00+00:00,76974,77150,76943,77141,4.70208256
2025-12-11 09:00:00+00:00,77136,77263,77100,77261,5.37578453
2025-12-11 09:15:00+00:00,77258,77444,77258,77380,8.62437689
2025-12-11 09:30:00+00:00,77388,77452,77245,77273,9.96254919
2025-12-11 09:45:00+00:00,77273,77290,77089,77157,6.73729626
2025-12-11 10:00:00+00:00,77168,77243,77139,77235,8.73043344
2025-12-11 10:15:00+00:00,77223,77225,77083,77176,4.96063509
2025-12-11 10:30:00+00:00,77169,77169,77101,77119,3.19319273
2025-12-11 10:45:00+00:00,77105,77247,77087,77195,3.01280676
2025-12-11 11:00:00+00:00,77182,77260,77163,77180,2.05698095
2025-12-11 11:15:00+00:00,77180,77215,77083,77083,3.81457991
2025-12-11 11:30:00+00:00,77087,77170,77053,77080,8.46370781
2025-12-11 11:45:00+00:00,77080,77090,77039,77064,2.86548334
2025-12-11 12:00:00+00:00,77074,77100,76959,77017,3.81080869
2025-12-11 12:15:00+00:00,77030,77129,76995,77099,6.36330256
2025-12-11 12:30:00+00:00,77098,77177,77081,77097,3.77735599
2025-12-11 12:45:00+00:00,77093,77104,76844,76870,7.75616572
2025-12-11 13:00:00+00:00,76908,76958,76859,76895,7.93393385
2025-12-11 13:15:00+00:00,76888,76932,76815,76866,4.30440784
2025-12-11 13:30:00+00:00,76821,76906,76708,76807,14.50144656
2025-12-11 13:45:00+00:00,76799,76878,76691,76846,6.36438218
2025-12-11 14:00:00+00:00,76844,76888,76711,76829,7.03863197
2025-12-11 14:15:00+00:00,76804,76893,76775,76775,4.3435219
2025-12-11 14:30:00+00:00,76767,77074,76469,76918,24.27019078
2025-12-11 14:45:00+00:00,76946,76958,76046,76377,33.79691611
2025-12-11 15:00:00+00:00,76310,76857,76215,76775,18.61619024
2025-12-11 15:15:00+00:00,76715,77209,76622,76867,10.41025585
2025-12-11 15:30:00+00:00,76859,76892,76400,76488,7.4727693
2025-12-11 15:45:00+00:00,76480,76662,76296,76500,13.32611956
2025-12-11 16:00:00+00:00,76500,76594,76051,76073,9.31045237
2025-12-11 16:15:00+00:00,76070,76337,76027,76229,6.14015885
2025-12-11 16:30:00+00:00,76271,76704,76197,76604,3.22307429
2025-12-11 16:45:00+00:00,76636,76783,76276,76387,4.02349259
2025-12-11 17:00:00+00:00,76402,76509,76271,76453,3.43059093
2025-12-11 17:15:00+00:00,76446,76808,76429,76651,7.30113871
2025-12-11 17:30:00+00:00,76651,76823,76583,76664,6.02847349
2025-12-11 17:45:00+00:00,76674,76715,76539,76581,2.31354714
2025-12-11 18:00:00+00:00,76555,76967,76530,76869,7.61273769
2025-12-11 18:15:00+00:00,76874,77020,76806,76903,10.54135228
2025-12-11 18:30:00+00:00,76920,77593,76887,77593,21.14162869
2025-12-11 18:45:00+00:00,77599,77634,77020,77207,12.98870096
2025-12-11 19:00:00+00:00,77216,77406,77150,77308,5.38931283
2025-12-11 19:15:00+00:00,77309,77647,77232,77578,8.61656918
2025-12-11 19:30:00+00:00,77586,77965,77558,77831,11.81170216
2025-12-11 19:45:00+00:00,77804,77898,77322,77412,11.30301302
2025-12-11 20:00:00+00:00,77384,77960,77368,77853,6.13470074
2025-12-11 20:30:00+00:00,77563,78068,77543,77999,16.84728063
2025-12-11 20:45:00+00:00,78017,78250,77874,78218,6.57717408
2025-12-11 21:00:00+00:00,78250,78927,78148,78765,39.51026961
2025-12-11 21:15:00+00:00,78786,79475,78786,79475,40.11250762
2025-12-11 21:30:00+00:00,79500,79733,79146,79364,31.31265682
2025-12-11 21:45:00+00:00,79415,79448,79083,79147,25.87044081
2025-12-11 22:00:00+00:00,79144,79407,79119,79194,12.70613556
2025-12-11 22:15:00+00:00,79191,79212,78572,78655,15.21973134
2025-12-11 22:30:00+00:00,78697,78970,78568,78716,11.68696101
2025-12-11 22:45:00+00:00,78704,78765,78463,78700,6.02144123
2025-12-11 23:00:00+00:00,78739,78945,78677,78813,19.44353638
2025-12-11 23:15:00+00:00,78838,78946,78731,78808,5.32635749
2025-12-11 23:30:00+00:00,78819,79094,78802,79029,4.95467868
2025-12-11 23:45:00+00:00,79051,79057,78744,78816,5.05170299
2025-12-12 00:00:00+00:00,78834,78880,78729,78740,2.65180487
2025-12-12 00:15:00+00:00,78731,78925,78675,78712,7.03023215
2025-12-12 00:30:00+00:00,78718,78752,78639,78641,1.70188114
2025-12-12 00:45:00+00:00,78662,78705,77798,78015,27.30331412
2025-12-12 01:00:00+00:00,78044,78259,78000,78234,9.0313779
2025-12-12 01:15:00+00:00,78230,78509,78230,78448,5.62906102
2025-12-12 01:30:00+00:00,78440,78618,78440,78580,2.61911779
2025-12-12 01:45:00+00:00,78560,78621,78501,78567,0.38094198
2025-12-12 02:00:00+00:00,78523,78825,78378,78730,3.98661439
2025-12-12 02:15:00+00:00,78752,78798,78631,78760,5.94150052
2025-12-12 02:30:00+00:00,78801,78848,78727,78788,1.37449755
2025-12-12 02:45:00+00:00,78789,79047,78742,78913,1.91629289
2025-12-12 03:00:00+00:00,78944,79065,78798,78819,1.66279034
2025-12-12 03:15:00+00:00,78809,78810,78584,78629,0.87180872
2025-12-12 03:30:00+00:00,78610,78744,78607,78735,1.45563991
2025-12-12 03:45:00+00:00,78729,78735,78650,78675,0.54223704
2025-12-12 04:00:00+00:00,78666,78733,78636,78638,0.54394432
2025-12-12 04:15:00+00:00,78643,78660,78549,78590,4.62947209
2025-12-12 04:30:00+00:00,78612,78636,78574,78635,1.06816501
2025-12-12 04:45:00+00:00,78627,78817,78618,78783,6.21731932
2025-12-12 05:00:00+00:00,78784,78875,78600,78600,3.96337101
2025-12-12 05:15:00+00:00,78620,78676,78500,78539,2.73854622
2025-12-12 05:30:00+00:00,78549,78694,78538,78693,1.53100107
2025-12-12 05:45:00+00:00,78685,78813,78685,78783,0.60705151
2025-12-12 06:00:00+00:00,78779,78979,78733,78979,2.33811797
2025-12-12 06:15:00+00:00,78976,79000,78895,78909,2.80639835
2025-12-12 06:30:00+00:00,78909,78917,78839,78900,2.33755255
2025-12-12 06:45:00+00:00,78905,78911,78774,78834,7.19565295
2025-12-12 07:00:00+00:00,78826,78879,78802,78820,3.95522501
2025-12-12 07:15:00+00:00,78819,78835,78718,78728,2.92842864
2025-12-12 07:30:00+00:00,78746,78827,78620,78790,2.77772898
2025-12-12 07:45:00+00:00,78789,78800,78729,78787,2.44450541
2025-12-12 08:00:00+00:00,78775,78799,78700,78770,1.11135391
2025-12-12 08:15:00+00:00,78775,78776,78570,78630,4.02157002
2025-12-12 08:30:00+00:00,78597,78629,78545,78600,2.98475891
2025-12-12 08:45:00+00:00,78602,78768,78470,78768,14.07688176
2025-12-12 09:00:00+00:00,78764,78790,78657,78741,5.68289075
2025-12-12 09:15:00+00:00,78749,78796,78564,78564,7.66925616
2025-12-12 09:30:00+00:00,78569,78670,78533,78618,2.06559817
2025-12-12 09:45:00+00:00,78612,78917,78590,78890,3.77624413
2025-12-12 10:00:00+00:00,78890,79000,78863,78932,6.16583941
2025-12-12 10:15:00+00:00,78937,78937,78826,78890,2.6910266
2025-12-12 10:30:00+00:00,78890,78900,78850,78870,2.49842246
2025-12-12 10:45:00+00:00,78859,78989,78846,78904,4.28774137
2025-12-12 11:00:00+00:00,78902,78910,78777,78825,3.31764645
2025-12-12 11:15:00+00:00,78818,78837,78707,78819,2.2722222
2025-12-12 11:30:00+00:00,78805,78860,78756,78803,1.66149153
2025-12-12 11:45:00+00:00,78777,78826,78767,78818,1.62850136
2025-12-12 12:00:00+00:00,78842,78848,78682,78723,2.39956
2025-12-12 12:15:00+00:00,78719,78759,78650,78660,1.89814355
2025-12-12 12:30:00+00:00,78695,78722,78573,78606,4.16482112
2025-12-12 12:45:00+00:00,78615,78872,78615,78872,3.15772535
2025-12-12 13:00:00+00:00,78857,78858,78731,78796,0.57186547
2025-12-12 13:15:00+00:00,78818,78918,78696,78702,12.63666425
2025-12-12 13:30:00+00:00,78709,78759,78613,78684,14.92022642
2025-12-12 13:45:00+00:00,78668,78800,78668,78754,4.88374576
2025-12-12 14:00:00+00:00,78753,78759,78650,78669,1.15660227
2025-12-12 14:15:00+00:00,78654,78774,78564,78572,7.11838986
2025-12-12 14:30:00+00:00,78568,78900,78343,78696,10.97700651
2025-12-12 14:45:00+00:00,78809,78982,78600,78781,4.24060008
2025-12-12 15:00:00+00:00,78760,78760,78293,78398,8.13671647
2025-12-12 15:15:00+00:00,78354,78394,77431,77451,25.66416054
2025-12-12 15:30:00+00:00,77436,77535,76888,77182,52.75372393
2025-12-12 15:45:00+00:00,77186,77351,76517,76666,15.74864617
2025-12-12 16:00:00+00:00,76635,76777,76405,76700,20.11941049
2025-12-12 16:15:00+00:00,76700,77113,76559,77091,20.92115626
2025-12-12 16:30:00+00:00,77071,77071,76344,76480,15.08974944
2025-12-12 16:45:00+00:00,76480,76920,76455,76794,7.6325054
2025-12-12 17:00:00+00:00,76798,77124,76761,77074,14.30685115
2025-12-12 17:15:00+00:00,77062,77310,76576,76576,7.32662285
2025-12-12 17:30:00+00:00,76579,76926,76579,76885,6.8605772
2025-12-12 17:45:00+00:00,76865,76968,76679,76744,15.28960426
2025-12-12 18:00:00+00:00,76791,77105,76725,76994,11.90767712
2025-12-12 18:15:00+00:00,76957,77160,76858,77133,6.90436163
2025-12-12 18:30:00+00:00,77159,77248,77038,77070,8.3982517
2025-12-12 18:45:00+00:00,77071,77240,76945,77043,6.15677224
2025-12-12 19:00:00+00:00,77044,77050,76740,76767,6.71157251
2025-12-12 19:15:00+00:00,76771,77043,76767,76908,8.28295198
2025-12-12 19:30:00+00:00,76946,76979,76830,76836,3.32846361
2025-12-12 19:45:00+00:00,76844,76952,76818,76901,2.36873374
2025-12-12 20:00:00+00:00,76889,76935,76740,76740,4.98849365
2025-12-12 20:15:00+00:00,76730,76949,76725,76736,3.28012551
2025-12-12 20:30:00+00:00,76773,76870,76626,76846,2.59612662
2025-12-12 20:45:00+00:00,76837,77025,76809,76899,7.43456277
2025-12-12 21:00:00+00:00,76922,77024,76879,76959,2.76437359
2025-12-12 21:15:00+00:00,76968,76968,76800,76860,12.32303607
2025-12-12 21:30:00+00:00,76882,76993,76882,76977,0.95147344
2025-12-12 21:45:00+00:00,76954,76986,76881,76893,2.11119208
2025-12-12 22:00:00+00:00,76894,77081,76887,77027,1.12034758
2025-12-12 22:15:00+00:00,77014,77071,76993,77041,0.78852395
2025-12-12 22:30:00+00:00,77042,77071,77001,77033,5.14600655
2025-12-12 22:45:00+00:00,77033,77037,76962,77024,2.24035161
2025-12-12 23:00:00+00:00,77046,77087,77007,77087,2.25662902
2025-12-12 23:15:00+00:00,77086,77087,77018,77018,0.4641659
2025-12-12 23:30:00+00:00,77011,77073,77006,77060,0.40302151
2025-12-12 23:45:00+00:00,77060,77060,76944,76982,1.01121323
2025-12-13 00:00:00+00:00,76983,77118,76940,77050,0.84262868
2025-12-13 00:15:00+00:00,77070,77094,77016,77016,1.4031789
2025-12-13 00:30:00+00:00,77018,77049,77007,77049,0.42595776
2025-12-13 00:45:00+00:00,77051,77054,77021,77027,2.33386505
2025-12-13 01:00:00+00:00,77018,77054,77007,77026,0.55163981
2025-12-13 01:15:00+00:00,77030,77033,77012,77031,0.12393898
2025-12-13 01:30:00+00:00,77032,77034,76851,76872,0.64568054
2025-12-13 01:45:00+00:00,76872,76942,76850,76942,0.29668211
2025-12-13 02:00:00+00:00,76942,77003,76926,76958,0.90734738
2025-12-13 02:15:00+00:00,76999,76999,76970,76980,0.07851469
2025-12-13 02:30:00+00:00,76997,76997,76934,76962,0.06103433
2025-12-13 02:45:00+00:00,76962,76978,76927,76933,1.34952546
2025-12-13 03:00:00+00:00,76941,76969,76919,76967,0.13362518
2025-12-13 03:15:00+00:00,76988,77036,76988,77019,0.1742583
2025-12-13 03:30:00+00:00,77013,77106,77013,77080,2.59366133
2025-12-13 03:45:00+00:00,77085,77090,77028,77041,0.39996256
2025-12-13 04:00:00+00:00,77058,77058,77006,77007,0.15483
2025-12-13 04:15:00+00:00,77008,77039,76983,77025,0.15988244
2025-12-13 04:30:00+00:00,77028,77092,76986,77074,0.34739789
2025-12-13 04:45:00+00:00,77077,77111,77062,77078,4.23658502
2025-12-13 05:00:00+00:00,77076,77080,77049,77076,1.08366814
2025-12-13 05:15:00+00:00,77076,77080,77039,77048,0.53827394
2025-12-13 05:30:00+00:00,77053,77061,76985,76985,0.22908557
2025-12-13 05:45:00+00:00,76982,77041,76978,77040,0.63417348
2025-12-13 06:00:00+00:00,77027,77059,77000,77017,0.6934689
2025-12-13 06:15:00+00:00,77003,77017,76973,76977,0.1838947
2025-12-13 06:30:00+00:00,76978,77033,76971,77022,0.70185637
2025-12-13 06:45:00+00:00,77026,77062,77010,77043,0.57684373
2025-12-13 07:00:00+00:00,77047,77065,77030,77030,1.24822333
2025-12-13 07:15:00+00:00,77025,77082,77025,77077,0.66166616
2025-12-13 07:30:00+00:00,77072,77085,77040,77058,0.61028523
2025-12-13 07:45:00+00:00,77068,77068,77030,77033,1.40311073
2025-12-13 08:00:00+00:00,77042,77064,77026,77060,2.59036435
2025-12-13 08:15:00+00:00,77060,77248,77054,77196,2.82741046
2025-12-13 08:30:00+00:00,77197,77200,77081,77120,1.30541546
2025-12-13 08:45:00+00:00,77129,77237,77089,77126,3.48979487
2025-12-13 09:00:00+00:00,77130,77169,77129,77146,0.85173609
2025-12-13 09:15:00+00:00,77147,77147,77100,77114,2.37255528
2025-12-13 09:30:00+00:00,77126,77162,77068,77127,0.85842157
2025-12-13 09:45:00+00:00,77121,77178,77061,77100,0.9218987
2025-12-13 10:00:00+00:00,77098,77165,77094,77153,2.07384602
2025-12-13 10:15:00+00:00,77167,77186,77137,77161,1.16679009
2025-12-13 10:30:00+00:00,77161,77290,77157,77256,2.14746335
2025-12-13 10:45:00+00:00,77247,77260,77191,77250,0.98695217
2025-12-13 11:00:00+00:00,77250,77262,77182,77196,0.87371829
2025-12-13 11:15:00+00:00,77203,77203,77135,77136,1.12036342
2025-12-13 11:30:00+00:00,77132,77146,77032,77060,1.36491634
2025-12-13 11:45:00+00:00,77045,77110,76979,77045,2.93084663
2025-12-13 12:00:00+00:00,77048,77161,77037,77108,0.69734166
2025-12-13 12:15:00+00:00,77119,77119,77048,77048,1.31176983
2025-12-13 12:30:00+00:00,77035,77119,77010,77010,0.41115499
2025-12-13 12:45:00+00:00,77009,77048,76992,77043,4.1099047
2025-12-13 13:00:00+00:00,77087,77098,77009,77042,0.66859888
2025-12-13 13:15:00+00:00,77024,77130,76930,76930,1.50107544
2025-12-13 13:30:00+00:00,76934,77000,76916,76950,0.79575362
2025-12-13 13:45:00+00:00,76943,77010,76931,76952,0.85112191
2025-12-13 14:00:00+00:00,77004,77018,76941,76988,0.56446586
2025-12-13 14:15:00+00:00,76959,76976,76704,76704,3.95741986
2025-12-13 14:30:00+00:00,76704,76978,76696,76881,1.74809203
2025-12-13 14:45:00+00:00,76865,76927,76802,76811,1.14141321
2025-12-13 15:00:00+00:00,76811,76982,76802,76872,0.64326916
2025-12-13 15:15:00+00:00,76864,76886,76818,76864,1.50041966
2025-12-13 15:30:00+00:00,76857,76889,76825,76837,0.92137745
2025-12-13 15:45:00+00:00,76838,76838,76773,76820,1.12989997
2025-12-13 16:00:00+00:00,76820,76970,76820,76901,0.86296949
2025-12-13 16:15:00+00:00,76900,76900,76794,76798,0.94036017
2025-12-13 16:30:00+00:00,76794,76829,76755,76782,1.36865658
2025-12-13 16:45:00+00:00,76777,76847,76772,76812,0.49856915
2025-12-13 17:00:00+00:00,76818,76818,76716,76788,3.3286554
2025-12-13 17:15:00+00:00,76780,76814,76716,76740,6.24457866
2025-12-13 17:30:00+00:00,76734,76809,76719,76809,0.7162514
2025-12-13 17:45:00+00:00,76809,76811,76763,76763,2.02807729
2025-12-13 18:00:00+00:00,76763,76872,76763,76866,1.62454194
2025-12-13 18:15:00+00:00,76854,76874,76823,76860,1.8396132
2025-12-13 18:30:00+00:00,76841,76867,76832,76843,0.30125107
2025-12-13 18:45:00+00:00,76841,76845,76795,76822,0.74866243
2025-12-13 19:00:00+00:00,76831,76867,76802,76859,0.14364794
2025-12-13 19:15:00+00:00,76862,76870,76821,76828,2.03497495
2025-12-13 19:30:00+00:00,76829,76912,76826,76903,0.74428793
2025-12-13 19:45:00+00:00,76897,76923,76871,76886,3.06055479
2025-12-13 20:00:00+00:00,76907,76907,76859,76862,1.05597593
2025-12-13 20:15:00+00:00,76858,76858,76835,76858,0.8797363
2025-12-13 20:30:00+00:00,76853,76870,76823,76843,0.59224557
2025-12-13 20:45:00+00:00,76842,76888,76767,76810,2.03932717
2025-12-13 21:00:00+00:00,76811,76823,76722,76736,0.69335415
2025-12-13 21:15:00+00:00,76736,76757,76669,76696,1.47359501
2025-12-13 21:30:00+00:00,76704,76787,76523,76773,2.53956701
2025-12-13 21:45:00+00:00,76774,76892,76740,76888,0.94000328
2025-12-13 22:00:00+00:00,76880,76929,76734,76791,0.61450391
2025-12-13 22:15:00+00:00,76783,76852,76783,76821,0.55189964
2025-12-13 22:30:00+00:00,76823,76936,76818,76862,0.78256434
2025-12-13 22:45:00+00:00,76862,76903,76808,76826,0.65935448
2025-12-13 23:00:00+00:00,76840,76890,76782,76890,0.63194256
2025-12-13 23:15:00+00:00,76873,76920,76848,76903,0.09977105
2025-12-13 23:30:00+00:00,76906,76957,76897,76938,0.15184434
2025-12-13 23:45:00+00:00,76939,76978,76937,76937,0.22232774
2025-12-14 00:00:00+00:00,76938,76970,76845,76970,0.47650744
2025-12-14 00:15:00+00:00,76970,77008,76889,76990,0.98112826
2025-12-14 00:30:00+00:00,76989,77128,76989,77128,1.86954193
2025-12-14 00:45:00+00:00,77136,77136,77023,77027,0.79430984
2025-12-14 01:00:00+00:00,77023,77082,76976,77052,0.17470387
2025-12-14 01:15:00+00:00,77054,77110,77053,77101,0.16927209
2025-12-14 01:30:00+00:00,77108,77114,76912,76924,0.63482073
2025-12-14 01:45:00+00:00,76926,76988,76913,76984,0.23723717
2025-12-14 02:00:00+00:00,76977,77038,76975,77026,0.0906469
2025-12-14 02:15:00+00:00,77020,77055,76988,77032,0.09748264
2025-12-14 02:30:00+00:00,77017,77073,76941,76988,1.22685075
2025-12-14 02:45:00+00:00,76994,77003,76947,76980,0.03304509
2025-12-14 03:00:00+00:00,76978,76979,76959,76976,0.27176934
2025-12-14 03:15:00+00:00,76979,76990,76948,76963,0.52903932
2025-12-14 03:30:00+00:00,76966,76966,76924,76954,0.02394552
2025-12-14 03:45:00+00:00,76962,76965,76946,76950,0.10180235
2025-12-14 04:00:00+00:00,76952,76992,76940,76969,1.28262257
2025-12-14 04:15:00+00:00,76976,77005,76976,76989,0.28224998
2025-12-14 04:30:00+00:00,76994,77007,76846,76871,0.14822882
2025-12-14 04:45:00+00:00,76850,76919,76843,76900,0.76853714
2025-12-14 05:00:00+00:00,76862,76885,76824,76864,0.65797194
2025-12-14 05:15:00+00:00,76861,76861,76785,76815,1.06572921
2025-12-14 05:30:00+00:00,76795,76875,76795,76875,0.12559567
2025-12-14 05:45:00+00:00,76866,76928,76854,76909,0.29895299
2025-12-14 06:00:00+00:00,76895,76940,76893,76901,0.32310364
2025-12-14 06:15:00+00:00,76901,76949,76844,76851,0.92568677
2025-12-14 06:30:00+00:00,76867,76939,76848,76900,0.19212969
2025-12-14 06:45:00+00:00,76916,76916,76884,76896,0.14954662
2025-12-14 07:00:00+00:00,76894,76905,76872,76900,1.77530878
2025-12-14 07:15:00+00:00,76896,76896,76852,76869,0.47960937
2025-12-14 07:30:00+00:00,76877,76900,76839,76888,1.61487655
2025-12-14 07:45:00+00:00,76888,76993,76884,76972,1.24480453
2025-12-14 08:00:00+00:00,76974,76999,76935,76939,0.66520897
2025-12-14 08:15:00+00:00,76943,77020,76928,76928,0.6201863
2025-12-14 08:30:00+00:00,76932,76947,76910,76910,1.42805
2025-12-14 08:45:00+00:00,76913,76913,76860,76870,0.69527844
2025-12-14 09:00:00+00:00,76878,76902,76834,76858,2.84741553
2025-12-14 09:15:00+00:00,76873,76888,76821,76834,0.66673884
2025-12-14 09:30:00+00:00,76820,76870,76763,76775,3.80550586
2025-12-14 09:45:00+00:00,76775,76804,76740,76753,5.26695865
2025-12-14 10:00:00+00:00,76754,76780,76542,76577,5.29705742
2025-12-14 10:15:00+00:00,76571,76856,76571,76730,1.47447597
2025-12-14 10:30:00+00:00,76748,76757,76627,76677,1.32297954
2025-12-14 10:45:00+00:00,76673,76679,76589,76616,3.9250752
2025-12-14 11:00:00+00:00,76616,76616,76302,76513,19.92114573
2025-12-14 11:15:00+00:00,76519,76533,76323,76333,1.71289302
2025-12-14 11:30:00+00:00,76306,76403,75601,75790,25.30626868
2025-12-14 11:45:00+00:00,75774,76280,75660,76207,12.67117439
2025-12-14 12:00:00+00:00,76215,76310,75996,76190,9.65145006
2025-12-14 12:15:00+00:00,76176,76371,76176,76223,9.05056255
2025-12-14 12:30:00+00:00,76218,76428,76217,76397,2.97654495
2025-12-14 12:45:00+00:00,76409,76463,76228,76266,4.29184284
2025-12-14 13:00:00+00:00,76240,76240,75980,76110,4.61384316
2025-12-14 13:15:00+00:00,76119,76173,75999,76132,5.71923475
2025-12-14 13:30:00+00:00,76124,76204,76073,76123,2.55136699
2025-12-14 13:45:00+00:00,76140,76323,76069,76322,4.27394415
2025-12-14 14:00:00+00:00,76336,76382,76201,76202,3.31423797
2025-12-14 14:15:00+00:00,76175,76261,76071,76137,4.52447012
2025-12-14 14:30:00+00:00,76128,76142,75829,75890,10.58953493
2025-12-14 14:45:00+00:00,75880,76009,75800,76000,5.59648202
2025-12-14 15:00:00+00:00,75980,76049,75838,75914,4.62234935
2025-12-14 15:15:00+00:00,75907,76030,75785,75911,4.52212147
2025-12-14 15:30:00+00:00,75909,75991,75846,75941,1.37866499
2025-12-14 15:45:00+00:00,75924,75949,75865,75899,2.85682608
2025-12-14 16:00:00+00:00,75860,75924,75850,75900,4.90464568
2025-12-14 16:15:00+00:00,75906,76202,75865,76098,10.81997607
2025-12-14 16:30:00+00:00,76090,76159,75673,75721,4.90877155
2025-12-14 16:45:00+00:00,75715,75781,75459,75731,16.78409728
2025-12-14 17:00:00+00:00,75719,75915,75587,75631,4.67584166
2025-12-14 17:15:00+00:00,75603,75813,75573,75706,3.06884191
2025-12-14 17:30:00+00:00,75705,75761,75603,75690,1.63409056
2025-12-14 17:45:00+00:00,75693,75821,75624,75730,4.15116166
2025-12-14 18:00:00+00:00,75707,75845,75672,75829,5.42175772
2025-12-14 18:15:00+00:00,75822,75954,75638,75690,7.44912572
2025-12-14 18:30:00+00:00,75711,75816,75699,75776,3.24888192
2025-12-14 18:45:00+00:00,75790,75900,75730,75885,1.17581141
2025-12-14 19:00:00+00:00,75875,75875,75611,75669,6.13032161
2025-12-14 19:15:00+00:00,75638,75643,75439,75637,7.27500426
2025-12-14 19:30:00+00:00,75649,75670,75469,75520,2.21286835
2025-12-14 19:45:00+00:00,75537,75577,75446,75567,2.93402476
2025-12-14 20:00:00+00:00,75556,75716,75319,75707,18.46212348
2025-12-14 20:15:00+00:00,75669,75734,75562,75581,2.95887013
2025-12-14 20:30:00+00:00,75555,75638,75504,75577,2.26145975
2025-12-14 20:45:00+00:00,75579,75628,75448,75478,3.19397568
2025-12-14 21:00:00+00:00,75468,75515,75384,75466,2.80916345
2025-12-14 21:15:00+00:00,75472,75623,75461,75494,3.85048662
2025-12-14 21:30:00+00:00,75489,75514,75416,75452,2.62481843
2025-12-14 21:45:00+00:00,75453,75478,75278,75373,4.67913826
2025-12-14 22:00:00+00:00,75374,75514,75374,75417,5.72403747
2025-12-14 22:15:00+00:00,75416,75418,75300,75330,4.63719385
2025-12-14 22:30:00+00:00,75311,75311,75000,75145,20.35807971
2025-12-14 22:45:00+00:00,75167,75379,75104,75351,5.18213306
2025-12-14 23:00:00+00:00,75364,75518,75000,75068,15.14204375
2025-12-14 23:15:00+00:00,75067,75201,74950,75032,8.68934057
2025-12-14 23:30:00+00:00,75046,75101,74661,75030,30.13324984
2025-12-14 23:45:00+00:00,75083,75305,74968,75158,8.69294583
2025-12-15 00:00:00+00:00,75166,75451,75146,75162,4.82896286
2025-12-15 00:15:00+00:00,75188,75578,75119,75537,3.50066451
2025-12-15 00:30:00+00:00,75546,75657,75161,75282,10.1462334
2025-12-15 00:45:00+00:00,75251,75481,75239,75444,2.49553435
2025-12-15 01:00:00+00:00,75466,75591,75412,75581,2.67812305
2025-12-15 01:15:00+00:00,75578,75713,75519,75657,4.13514743
2025-12-15 01:30:00+00:00,75657,76140,75609,75911,12.38413232
2025-12-15 01:45:00+00:00,75946,76151,75856,76059,2.0563057
2025-12-15 02:00:00+00:00,76081,76422,76049,76308,6.05473106
2025-12-15 02:15:00+00:00,76341,76734,76341,76441,9.5643671
2025-12-15 02:30:00+00:00,76448,76462,76182,76235,3.37359015
2025-12-15 02:45:00+00:00,76220,76235,76038,76108,1.45137414
2025-12-15 03:00:00+00:00,76110,76205,76048,76176,1.07117365
2025-12-15 03:15:00+00:00,76185,76324,76177,76177,1.01295202
2025-12-15 03:30:00+00:00,76210,76215,76061,76130,1.03326645
2025-12-15 03:45:00+00:00,76108,76197,76108,76124,0.52416438
2025-12-15 04:00:00+00:00,76148,76327,76124,76310,1.25556135
2025-12-15 04:15:00+00:00,76312,76398,76117,76183,0.53461603
2025-12-15 04:30:00+00:00,76143,76451,76143,76451,0.65413424
2025-12-15 04:45:00+00:00,76431,76555,76428,76458,3.56255877
2025-12-15 05:00:00+00:00,76467,76467,76352,76445,0.62294156
2025-12-15 05:15:00+00:00,76428,76528,76421,76497,1.80478043
2025-12-15 05:30:00+00:00,76470,76471,76328,76328,1.25978053
2025-12-15 05:45:00+00:00,76339,76417,76310,76413,0.76612901
2025-12-15 06:00:00+00:00,76404,76426,76269,76311,2.45763774
2025-12-15 06:15:00+00:00,76306,76391,76291,76351,1.47708955
2025-12-15 06:30:00+00:00,76345,76433,76334,76391,3.74406819
2025-12-15 06:45:00+00:00,76410,76658,76401,76491,4.83660094
2025-12-15 07:00:00+00:00,76514,76559,76319,76369,3.73790437
2025-12-15 07:15:00+00:00,76362,76429,76351,76369,2.20268847
2025-12-15 07:30:00+00:00,76375,76499,76360,76404,2.81463762
2025-12-15 07:45:00+00:00,76408,76578,76395,76535,2.97173441
2025-12-15 08:00:00+00:00,76532,76597,76443,76490,4.81458192
2025-12-15 08:15:00+00:00,76485,76651,76485,76606,5.71360981
2025-12-15 08:30:00+00:00,76602,76619,76528,76560,1.72191662
2025-12-15 08:45:00+00:00,76563,76586,76517,76523,3.53153919
2025-12-15 09:00:00+00:00,76531,76646,76496,76537,3.4137756
2025-12-15 09:15:00+00:00,76539,76621,76524,76560,2.82387031
2025-12-15 09:30:00+00:00,76556,76585,76518,76543,1.03162644
2025-12-15 09:45:00+00:00,76538,76653,76514,76546,2.23807366
2025-12-15 10:00:00+00:00,76564,76606,76469,76505,1.56277139
2025-12-15 10:15:00+00:00,76505,76575,76409,76535,6.58412846
2025-12-15 10:30:00+00:00,76547,76654,76442,76505,2.10880618
2025-12-15 10:45:00+00:00,76518,76574,76502,76545,3.07073487
2025-12-15 11:00:00+00:00,76545,76565,76465,76465,3.13825406
2025-12-15 11:15:00+00:00,76463,76484,76441,76471,2.47032253
2025-12-15 11:30:00+00:00,76471,76493,76280,76295,3.29344098
2025-12-15 11:45:00+00:00,76287,76402,76287,76343,5.76358659
2025-12-15 12:00:00+00:00,76343,76345,76120,76161,4.0529101
2025-12-15 12:15:00+00:00,76164,76292,76155,76212,5.7456311
2025-12-15 12:30:00+00:00,76214,76374,76213,76360,3.14686285
2025-12-15 12:45:00+00:00,76352,76358,76243,76326,6.27538053
2025-12-15 13:00:00+00:00,76329,76352,76125,76180,5.64862623
2025-12-15 13:15:00+00:00,76199,76228,76030,76117,4.66345458
2025-12-15 13:30:00+00:00,76091,76170,75938,76135,6.96788649
2025-12-15 13:45:00+00:00,76128,76215,76115,76133,2.43608058
2025-12-15 14:00:00+00:00,76138,76347,76131,76289,4.26460761
2025-12-15 14:15:00+00:00,76272,76381,76044,76086,10.96014821
2025-12-15 14:30:00+00:00,76079,76468,75776,75926,24.32154994
2025-12-15 14:45:00+00:00,75927,75996,74704,74877,73.43833023
2025-12-15 15:00:00+00:00,74849,74962,74289,74372,50.20042779
2025-12-15 15:15:00+00:00,74383,74394,73676,73875,59.17197774
2025-12-15 15:30:00+00:00,73871,74156,73665,74156,27.16101024
2025-12-15 15:45:00+00:00,74131,74304,73763,74023,32.82753188
2025-12-15 16:00:00+00:00,74006,74194,73806,73897,20.07437785
2025-12-15 16:15:00+00:00,73876,74100,73872,73921,7.60395803
2025-12-15 16:30:00+00:00,73928,73959,73235,73469,50.1834707
2025-12-15 16:45:00+00:00,73464,73609,73300,73501,20.95328289
2025-12-15 17:00:00+00:00,73500,73599,73346,73383,9.52535065
2025-12-15 17:15:00+00:00,73358,73496,73253,73371,9.36344376
2025-12-15 17:30:00+00:00,73361,73412,72968,73077,35.20828261
2025-12-15 17:45:00+00:00,73065,73198,72878,73024,18.98069704
2025-12-15 18:00:00+00:00,72992,73200,72900,73134,8.63915564
2025-12-15 18:15:00+00:00,73138,73191,72860,72895,10.63598699
2025-12-15 18:30:00+00:00,72878,73157,72525,73045,24.20368627
2025-12-15 18:45:00+00:00,73044,73488,72999,73416,12.1528992
2025-12-15 19:00:00+00:00,73411,73738,73229,73250,12.95787578
2025-12-15 19:15:00+00:00,73250,73598,73164,73373,9.50030062
2025-12-15 19:30:00+00:00,73370,73606,73370,73421,16.3328552
2025-12-15 19:45:00+00:00,73413,73457,73224,73344,9.57608748
2025-12-15 20:00:00+00:00,73326,73380,72983,73010,11.41745207
2025-12-15 20:15:00+00:00,73009,73112,72873,72983,15.3510885
2025-12-15 20:30:00+00:00,72993,73270,72954,73131,9.88004287
2025-12-15 20:45:00+00:00,73123,73180,73002,73029,11.5796175
2025-12-15 21:00:00+00:00,73020,73040,72800,72882,14.83200557
2025-12-15 21:15:00+00:00,72882,73337,72836,73264,9.20378803
2025-12-15 21:30:00+00:00,73262,73349,73175,73216,7.06385664
2025-12-15 21:45:00+00:00,73216,73449,73201,73374,6.42194276
2025-12-15 22:00:00+00:00,73383,73388,73182,73211,6.38573073
2025-12-15 22:15:00+00:00,73207,73272,73046,73210,4.97577104
2025-12-15 22:30:00+00:00,73196,73298,73144,73236,4.24653849
2025-12-15 22:45:00+00:00,73234,73424,73179,73424,5.44909043
2025-12-15 23:00:00+00:00,73385,73582,73345,73581,7.46050447
2025-12-15 23:15:00+00:00,73535,73543,73287,73384,6.55041823
2025-12-15 23:30:00+00:00,73355,73596,73349,73596,2.03718147
2025-12-15 23:45:00+00:00,73558,73578,73476,73558,2.31602323
2025-12-16 00:00:00+00:00,73558,73611,73410,73450,2.69566176
2025-12-16 00:15:00+00:00,73450,73530,73301,73485,1.2962326
2025-12-16 00:30:00+00:00,73473,73491,73273,73309,2.0747249
2025-12-16 00:45:00+00:00,73296,73302,73072,73072,5.00270743
2025-12-16 01:00:00+00:00,73099,73337,72984,73315,2.7357282
2025-12-16 01:15:00+00:00,73324,73336,73100,73140,1.16325593
2025-12-16 01:30:00+00:00,73131,73233,72934,73058,5.94182369
2025-12-16 01:45:00+00:00,73059,73154,73000,73106,0.77249452
2025-12-16 02:00:00+00:00,73110,73225,73060,73180,1.29402242
2025-12-16 02:15:00+00:00,73209,73370,73089,73343,1.32569637
2025-12-16 02:30:00+00:00,73353,73364,73232,73279,0.67997377
2025-12-16 02:45:00+00:00,73278,73313,73000,73123,5.74191754
2025-12-16 03:00:00+00:00,73134,73174,72919,72953,6.20721162
2025-12-16 03:15:00+00:00,72941,73026,72850,72924,1.95187979
2025-12-16 03:30:00+00:00,72937,73053,72657,73015,2.68227803
2025-12-16 03:45:00+00:00,73017,73087,73013,73082,1.30097331
2025-12-16 04:00:00+00:00,73095,73125,73014,73024,0.41054146
2025-12-16 04:15:00+00:00,73025,73038,72860,72883,1.183521
2025-12-16 04:30:00+00:00,72879,72911,72749,72891,0.77000248
2025-12-16 04:45:00+00:00,72887,73050,72570,73050,4.10156035
2025-12-16 05:00:00+00:00,73065,73143,73022,73073,1.25458558
2025-12-16 05:15:00+00:00,73072,73190,73062,73186,0.99435867
2025-12-16 05:30:00+00:00,73178,73274,73148,73274,3.36774103
2025-12-16 05:45:00+00:00,73277,73360,73159,73227,2.4474495
2025-12-16 06:00:00+00:00,73235,73465,73232,73397,2.52177741
2025-12-16 06:15:00+00:00,73404,73600,73403,73567,5.14249609
2025-12-16 06:30:00+00:00,73571,73607,73525,73536,6.72872442
2025-12-16 06:45:00+00:00,73537,73710,73537,73629,4.81233199
2025-12-16 07:00:00+00:00,73634,73743,73495,73497,5.23213554
2025-12-16 07:15:00+00:00,73497,73542,73275,73392,4.25666368
2025-12-16 07:30:00+00:00,73380,73395,73083,73093,5.59412776
2025-12-16 07:45:00+00:00,73068,73287,73056,73196,5.99166547
2025-12-16 08:00:00+00:00,73200,73360,73112,73304,15.30200207
2025-12-16 08:15:00+00:00,73293,73390,73178,73376,7.24137004
2025-12-16 08:30:00+00:00,73381,73441,73269,73437,2.33242233
2025-12-16 08:45:00+00:00,73465,73529,73355,73414,3.15289741
2025-12-16 09:00:00+00:00,73410,73490,73388,73439,4.12317922
2025-12-16 09:15:00+00:00,73440,73512,73336,73423,2.6529268
2025-12-16 09:30:00+00:00,73420,73514,73367,73463,3.80522764
2025-12-16 09:45:00+00:00,73468,73527,73350,73470,12.26322325
2025-12-16 10:00:00+00:00,73472,73557,73388,73550,2.54183266
2025-12-16 10:15:00+00:00,73544,73600,73460,73521,5.23937253
2025-12-16 10:30:00+00:00,73514,74259,73484,74115,27.57250981
2025-12-16 10:45:00+00:00,74112,74631,73900,74002,36.73127492
2025-12-16 11:00:00+00:00,74001,74079,73867,74008,6.79170468
2025-12-16 11:15:00+00:00,74014,74159,73987,74142,4.27866217
2025-12-16 11:30:00+00:00,74169,74275,74045,74093,10.46586281
2025-12-16 11:45:00+00:00,74102,74276,74012,74203,9.86935063
2025-12-16 12:00:00+00:00,74204,74280,74165,74184,11.19665193
2025-12-16 12:15:00+00:00,74179,74222,74050,74085,8.70080227
2025-12-16 12:30:00+00:00,74092,74169,74022,74166,13.01143079
2025-12-16 12:45:00+00:00,74168,74356,74071,74079,13.52057868
2025-12-16 13:00:00+00:00,74079,74148,73953,74073,10.00669741
2025-12-16 13:15:00+00:00,74087,74369,74076,74230,17.24646336
2025-12-16 13:30:00+00:00,74251,74540,73677,73903,48.9389856
2025-12-16 13:45:00+00:00,73936,74060,73428,73434,41.32533395
2025-12-16 14:00:00+00:00,73438,73864,72947,73778,51.24196953
2025-12-16 14:15:00+00:00,73758,74189,73665,73802,32.75251914
2025-12-16 14:30:00+00:00,73798,74173,73770,73916,39.5794976
2025-12-16 14:45:00+00:00,73913,74402,73646,74003,29.92608343
2025-12-16 15:00:00+00:00,74016,74164,73731,74008,16.63666011
2025-12-16 15:15:00+00:00,73979,74052,73706,73989,15.5861548
2025-12-16 15:30:00+00:00,73962,74150,73905,74149,19.02180343
2025-12-16 15:45:00+00:00,74150,74908,74079,74725,78.27960583
2025-12-16 16:00:00+00:00,74744,74767,74458,74564,20.97950148
2025-12-16 16:15:00+00:00,74541,74811,74383,74613,34.60097082
2025-12-16 16:30:00+00:00,74586,74710,74274,74384,23.72884871
2025-12-16 16:45:00+00:00,74386,74558,74322,74421,14.91912226
2025-12-16 17:00:00+00:00,74421,74598,74366,74539,9.70999079
2025-12-16 17:15:00+00:00,74550,74601,74120,74187,5.52969669
2025-12-16 17:30:00+00:00,74216,74304,74007,74079,11.40976136
2025-12-16 17:45:00+00:00,74095,74138,74024,74048,10.63072326
2025-12-16 18:00:00+00:00,74089,74470,74006,74411,10.11260326
2025-12-16 18:15:00+00:00,74420,74455,74261,74388,9.06245502
2025-12-16 18:30:00+00:00,74399,74825,74399,74787,20.53273372
2025-12-16 18:45:00+00:00,74783,74877,74622,74673,8.17113328
2025-12-16 19:00:00+00:00,74672,74687,74318,74329,5.70376331
2025-12-16 19:15:00+00:00,74310,74472,74277,74432,33.15621336
2025-12-16 19:30:00+00:00,74443,74550,74334,74465,6.56795539
2025-12-16 19:45:00+00:00,74467,74660,74437,74509,12.61974565
2025-12-16 20:00:00+00:00,74479,74560,74357,74398,9.11850464
2025-12-16 20:15:00+00:00,74375,74528,74299,74467,4.23266386
2025-12-16 20:30:00+00:00,74453,74679,74453,74651,2.48024152
2025-12-16 20:45:00+00:00,74646,74700,74499,74553,13.78774971
2025-12-16 21:00:00+00:00,74525,74643,74458,74591,4.54867044
2025-12-16 21:15:00+00:00,74608,74694,74577,74645,6.30247514
2025-12-16 21:30:00+00:00,74650,74818,74650,74780,6.52420224
2025-12-16 21:45:00+00:00,74800,74818,74678,74706,4.46149521
2025-12-16 22:00:00+00:00,74749,74800,74568,74573,4.22511787
2025-12-16 22:15:00+00:00,74586,74756,74586,74756,3.34645152
2025-12-16 22:30:00+00:00,74761,74815,74710,74750,4.91389317
2025-12-16 22:45:00+00:00,74734,74741,74631,74685,2.09953664
2025-12-16 23:00:00+00:00,74691,74734,74600,74644,1.91089993
2025-12-16 23:15:00+00:00,74650,74731,74547,74602,3.26324799
2025-12-16 23:30:00+00:00,74614,74708,74590,74708,0.55179434
2025-12-16 23:45:00+00:00,74705,74775,74653,74756,0.78735842
2025-12-17 00:00:00+00:00,74705,74705,74511,74512,2.23548817
2025-12-17 00:15:00+00:00,74559,74592,74461,74481,1.97187094
2025-12-17 00:30:00+00:00,74465,74543,74397,74397,2.08968641
2025-12-17 00:45:00+00:00,74423,74509,74414,74478,0.45219104
2025-12-17 01:00:00+00:00,74503,74620,74503,74542,1.31609181
2025-12-17 01:15:00+00:00,74561,74839,74561,74675,2.880262
2025-12-17 01:30:00+00:00,74686,74766,74545,74551,0.4858168
2025-12-17 01:45:00+00:00,74553,74618,74474,74521,2.90933157
2025-12-17 02:00:00+00:00,74540,74540,74300,74317,1.37260498
2025-12-17 02:15:00+00:00,74371,74399,74270,74362,1.26716134
2025-12-17 02:30:00+00:00,74337,74425,74287,74413,0.66804161
2025-12-17 02:45:00+00:00,74412,74562,74412,74509,0.59638374
2025-12-17 03:00:00+00:00,74512,74606,74469,74469,0.90454875
2025-12-17 03:15:00+00:00,74497,74517,74383,74395,0.33101185
2025-12-17 03:30:00+00:00,74391,74411,74267,74310,0.75641562
2025-12-17 03:45:00+00:00,74325,74340,74230,74281,0.81004018
2025-12-17 04:00:00+00:00,74297,74459,74274,74400,0.98981317
2025-12-17 04:15:00+00:00,74372,74383,74100,74189,2.21128176
2025-12-17 04:30:00+00:00,74190,74239,74029,74048,2.45096193
2025-12-17 04:45:00+00:00,74030,74058,73930,73941,3.63638501
2025-12-17 05:00:00+00:00,73938,73938,73668,73822,3.0652971
2025-12-17 05:15:00+00:00,73866,73872,73500,73690,3.69697668
2025-12-17 05:30:00+00:00,73662,73753,73508,73730,3.4740847
2025-12-17 05:45:00+00:00,73721,73931,73694,73852,14.37885998
2025-12-17 06:00:00+00:00,73845,74181,73816,74069,9.99055197
2025-12-17 06:15:00+00:00,74100,74184,74025,74090,6.06052358
2025-12-17 06:30:00+00:00,74099,74130,73993,74011,9.80021797
2025-12-17 06:45:00+00:00,74017,74084,73970,74078,5.19952328
2025-12-17 07:00:00+00:00,74081,74203,73985,73991,3.75887898
2025-12-17 07:15:00+00:00,73979,74091,73968,74050,3.99275527
2025-12-17 07:30:00+00:00,74050,74421,74042,74312,13.02034531
2025-12-17 07:45:00+00:00,74308,74353,74236,74310,5.86103302
2025-12-17 08:00:00+00:00,74310,74310,74148,74163,7.86020746
2025-12-17 08:15:00+00:00,74109,74134,73780,73826,12.41543689
2025-12-17 08:30:00+00:00,73826,73888,73693,73802,6.36129443
2025-12-17 08:45:00+00:00,73805,73805,73644,73718,5.51843543
2025-12-17 09:00:00+00:00,73720,73833,73653,73811,8.20440216
2025-12-17 09:15:00+00:00,73809,73920,73629,73677,5.34169984
2025-12-17 09:30:00+00:00,73676,73771,73600,73760,5.34132359
2025-12-17 09:45:00+00:00,73747,73799,73720,73734,9.98570059
2025-12-17 10:00:00+00:00,73715,73981,73581,73940,11.38319616
2025-12-17 10:15:00+00:00,73930,74027,73817,73881,3.20455554
2025-12-17 10:30:00+00:00,73890,74062,73810,73979,7.75230745
2025-12-17 10:45:00+00:00,74008,74065,73805,73865,5.40181583
2025-12-17 11:00:00+00:00,73872,74090,73810,74075,7.3551847
2025-12-17 11:15:00+00:00,74083,74100,74012,74065,5.19162798
2025-12-17 11:30:00+00:00,74060,74197,74040,74188,4.33335008
2025-12-17 11:45:00+00:00,74189,74373,74143,74252,6.1575443
2025-12-17 12:00:00+00:00,74244,74434,74244,74360,5.5717827
2025-12-17 12:15:00+00:00,74360,74362,74210,74292,5.29852435
2025-12-17 12:30:00+00:00,74296,74310,74086,74101,4.25203835
2025-12-17 12:45:00+00:00,74139,74281,74073,74187,12.08599408
2025-12-17 13:00:00+00:00,74187,74458,74110,74110,7.74966618
2025-12-17 13:15:00+00:00,74112,74265,73984,74264,4.96663564
2025-12-17 13:30:00+00:00,74246,74528,74245,74522,5.01216359
2025-12-17 13:45:00+00:00,74489,74888,74450,74652,27.94902219
2025-12-17 14:00:00+00:00,74665,74767,74521,74621,6.99982703
2025-12-17 14:15:00+00:00,74638,74910,74638,74780,13.08896044
2025-12-17 14:30:00+00:00,74762,74930,74452,74544,35.04002477
2025-12-17 14:45:00+00:00,74538,76343,74219,76343,95.81925442
2025-12-17 15:00:00+00:00,76347,76899,76117,76734,52.84427792
2025-12-17 15:15:00+00:00,76729,76828,76281,76503,25.36747577
2025-12-17 15:30:00+00:00,76522,76619,75281,75416,32.66757855
2025-12-17 15:45:00+00:00,75468,75492,74106,74190,65.20013195
2025-12-17 16:00:00+00:00,74185,74660,73989,73989,25.42288135
2025-12-17 16:15:00+00:00,73970,74024,73422,73457,48.55414408
2025-12-17 16:30:00+00:00,73467,73734,73301,73695,29.59883677
2025-12-17 16:45:00+00:00,73666,74040,73589,74040,14.6536947
2025-12-17 17:00:00+00:00,74004,74028,73598,73714,5.12954119
2025-12-17 17:15:00+00:00,73712,74111,73685,73920,6.52813011
2025-12-17 17:30:00+00:00,73909,73963,73500,73515,4.46821964
2025-12-17 17:45:00+00:00,73508,73668,73427,73556,6.36492954
2025-12-17 18:00:00+00:00,73645,73863,73591,73649,4.87235128
2025-12-17 18:15:00+00:00,73641,73785,73560,73603,3.89740896
2025-12-17 18:30:00+00:00,73601,73691,73047,73195,10.20487938
2025-12-17 18:45:00+00:00,73112,73217,72919,73048,14.25674663
2025-12-17 19:00:00+00:00,73078,73080,72621,72790,22.94205286
2025-12-17 19:15:00+00:00,72801,73145,72774,72962,20.64933647
2025-12-17 19:30:00+00:00,72970,73085,72747,72896,9.11286711
2025-12-17 19:45:00+00:00,72922,73364,72922,73219,5.11865059
2025-12-17 20:00:00+00:00,73218,73237,72909,72936,7.78150587
2025-12-17 20:15:00+00:00,72941,73440,72941,73340,9.16680464
2025-12-17 20:30:00+00:00,73361,73366,73106,73322,6.37731523
2025-12-17 20:45:00+00:00,73330,73360,73077,73116,5.8603113
2025-12-17 21:00:00+00:00,73144,73281,73143,73239,2.30814275
2025-12-17 21:15:00+00:00,73237,73237,73031,73112,2.92931039
2025-12-17 21:30:00+00:00,73112,73159,72972,73151,4.12528119
2025-12-17 21:45:00+00:00,73150,73243,73112,73200,1.26152264
2025-12-17 22:00:00+00:00,73208,73323,73131,73280,3.35934186
2025-12-17 22:15:00+00:00,73291,73596,73207,73436,4.33327357
2025-12-17 22:30:00+00:00,73468,73468,73305,73357,7.09028118
2025-12-17 22:45:00+00:00,73353,73546,73309,73517,5.29062925
2025-12-17 23:00:00+00:00,73505,73505,73228,73234,3.76751373
2025-12-17 23:15:00+00:00,73227,73290,73163,73224,1.13121784
2025-12-17 23:30:00+00:00,73226,73315,73171,73282,0.53893237
2025-12-17 23:45:00+00:00,73289,73417,73266,73412,0.85416762
2025-12-18 00:00:00+00:00,73391,73450,73289,73364,4.19563142
2025-12-18 00:15:00+00:00,73343,73426,73255,73389,1.75987054
2025-12-18 00:30:00+00:00,73414,73452,73325,73337,0.82692534
2025-12-18 00:45:00+00:00,73322,73455,73322,73392,0.31948279
2025-12-18 01:00:00+00:00,73387,73387,73087,73149,2.70639147
2025-12-18 01:15:00+00:00,73163,73262,73157,73205,0.2229421
2025-12-18 01:30:00+00:00,73217,73363,73193,73354,1.72368828
2025-12-18 01:45:00+00:00,73362,73405,73257,73320,0.92691528
2025-12-18 02:00:00+00:00,73315,73687,73240,73632,3.27682168
2025-12-18 02:15:00+00:00,73636,73954,73463,73568,4.52555072
2025-12-18 02:30:00+00:00,73558,73813,73558,73813,1.34824032
2025-12-18 02:45:00+00:00,73818,73853,73736,73796,2.42641244
2025-12-18 03:00:00+00:00,73754,73791,73656,73710,2.25666693
2025-12-18 03:15:00+00:00,73700,73700,73465,73465,3.09421512
2025-12-18 03:30:00+00:00,73470,73676,73433,73637,3.25691505
2025-12-18 03:45:00+00:00,73640,73764,73640,73724,0.529106
2025-12-18 04:00:00+00:00,73737,73963,73737,73856,1.90453674
2025-12-18 04:15:00+00:00,73850,73973,73792,73910,0.85323196
2025-12-18 04:30:00+00:00,73927,73973,73909,73938,0.90000256
2025-12-18 04:45:00+00:00,73935,73939,73844,73844,0.36811926
2025-12-18 05:00:00+00:00,73843,73843,73709,73709,0.65465878
2025-12-18 05:15:00+00:00,73718,73745,73637,73659,1.00454228
2025-12-18 05:30:00+00:00,73651,73828,73617,73783,0.76323514
2025-12-18 05:45:00+00:00,73779,73779,73524,73569,1.50562414
2025-12-18 06:00:00+00:00,73571,73673,73526,73672,1.27240467
2025-12-18 06:15:00+00:00,73674,73701,73569,73606,1.70307945
2025-12-18 06:30:00+00:00,73581,73655,73554,73598,1.95436812
2025-12-18 06:45:00+00:00,73598,73740,73570,73729,1.13827724
2025-12-18 07:00:00+00:00,73753,73892,73665,73860,1.20814694
2025-12-18 07:15:00+00:00,73862,73928,73855,73921,1.46113869
2025-12-18 07:30:00+00:00,73920,73952,73822,73841,2.4759474
2025-12-18 07:45:00+00:00,73848,73967,73806,73959,4.47371537
2025-12-18 08:00:00+00:00,73957,74068,73829,73904,4.58012603
2025-12-18 08:15:00+00:00,73898,74143,73894,74089,6.00863126
2025-12-18 08:30:00+00:00,74088,74255,74074,74174,13.14203574
2025-12-18 08:45:00+00:00,74189,74256,74128,74140,4.24333016
2025-12-18 09:00:00+00:00,74120,74183,74018,74019,6.10620294
2025-12-18 09:15:00+00:00,74021,74246,74017,74230,4.37056537
2025-12-18 09:30:00+00:00,74233,74533,74233,74528,17.15229028
2025-12-18 09:45:00+00:00,74515,74539,74404,74443,4.51686872
2025-12-18 10:00:00+00:00,74449,74555,74384,74500,5.97634996
2025-12-18 10:15:00+00:00,74488,74562,74429,74522,2.06114978
2025-12-18 10:30:00+00:00,74523,74592,74428,74469,6.29580107
2025-12-18 10:45:00+00:00,74475,74482,74350,74471,3.09495773
2025-12-18 11:00:00+00:00,74465,74478,74257,74281,13.37487516
2025-12-18 11:15:00+00:00,74288,74301,74192,74299,4.07957954
2025-12-18 11:30:00+00:00,74299,74366,74254,74291,2.71864065
2025-12-18 11:45:00+00:00,74281,74412,74273,74408,4.79318474
2025-12-18 12:00:00+00:00,74410,74490,74321,74333,8.72245544
2025-12-18 12:15:00+00:00,74331,74409,74299,74313,3.39912367
2025-12-18 12:30:00+00:00,74325,74546,74325,74528,3.09760622
2025-12-18 12:45:00+00:00,74531,74550,74309,74427,1.94630419
2025-12-18 13:00:00+00:00,74432,75010,74432,74926,18.2211658
2025-12-18 13:15:00+00:00,74965,74969,74628,74684,9.86817286
2025-12-18 13:30:00+00:00,74685,75668,74685,75576,105.68618959
2025-12-18 13:45:00+00:00,75541,75850,75451,75603,47.79711949
2025-12-18 14:00:00+00:00,75615,76142,74949,75009,34.54435867
2025-12-18 14:15:00+00:00,75021,75590,74990,75354,10.42814872
2025-12-18 14:30:00+00:00,75388,75893,74705,74787,26.86495785
2025-12-18 14:45:00+00:00,74798,75359,74750,75234,21.69744582
2025-12-18 15:00:00+00:00,75219,75469,74954,75021,19.33646448
2025-12-18 15:15:00+00:00,75033,75546,74937,75476,16.48636219
2025-12-18 15:30:00+00:00,75550,76135,75267,75875,57.11941524
2025-12-18 15:45:00+00:00,75857,75861,75356,75391,18.10606095
2025-12-18 16:00:00+00:00,75389,75406,75079,75085,7.52919237
2025-12-18 16:15:00+00:00,75057,75218,74762,74966,10.56635973
2025-12-18 16:30:00+00:00,75000,75258,74973,75156,8.59433854
2025-12-18 16:45:00+00:00,75170,75193,74896,74961,6.52520767
2025-12-18 17:00:00+00:00,74970,74977,73526,73632,39.65234988
2025-12-18 17:15:00+00:00,73587,73620,72885,73265,58.4423605
2025-12-18 17:30:00+00:00,73215,73818,73000,73719,42.43955034
2025-12-18 17:45:00+00:00,73726,73812,73469,73776,16.52426005
2025-12-18 18:00:00+00:00,73765,74085,73606,73933,21.23005074
2025-12-18 18:15:00+00:00,73939,73950,73600,73675,9.68203967
2025-12-18 18:30:00+00:00,73778,73879,73609,73751,3.93339408
2025-12-18 18:45:00+00:00,73739,73786,73104,73335,20.58630507
2025-12-18 19:00:00+00:00,73324,73362,72906,73022,19.87883962
2025-12-18 19:15:00+00:00,73060,73157,72634,73047,38.57651366
2025-12-18 19:30:00+00:00,73035,73189,72186,72197,49.04814762
2025-12-18 19:45:00+00:00,72201,72332,72021,72028,26.34949458
2025-12-18 20:00:00+00:00,72033,72718,72008,72618,26.48285425
2025-12-18 20:15:00+00:00,72600,72634,72391,72457,6.99471158
2025-12-18 20:30:00+00:00,72428,72561,72271,72492,5.76642326
2025-12-18 20:45:00+00:00,72479,72576,72134,72134,11.35175575
2025-12-18 21:00:00+00:00,72116,72763,72100,72606,36.44687595
2025-12-18 21:15:00+00:00,72594,72878,72546,72874,11.90997581
2025-12-18 21:30:00+00:00,72860,73201,72686,72726,9.94189757
2025-12-18 21:45:00+00:00,72729,73095,72723,73012,4.72663638
2025-12-18 22:00:00+00:00,73002,73131,72791,72796,4.65669966
2025-12-18 22:15:00+00:00,72833,72894,72699,72892,6.11005695
2025-12-18 22:30:00+00:00,72882,73084,72882,72967,5.14926657
2025-12-18 22:45:00+00:00,72965,73091,72888,72966,3.15346834
2025-12-18 23:00:00+00:00,72968,72992,72733,72992,5.60302699
2025-12-18 23:15:00+00:00,73000,73002,72784,72882,4.19962502
2025-12-18 23:30:00+00:00,72882,72966,72831,72888,1.62944934
2025-12-18 23:45:00+00:00,72882,72910,72750,72900,2.54436407
2025-12-19 00:00:00+00:00,72907,72979,72815,72915,1.46652031
2025-12-19 00:15:00+00:00,72916,72956,72847,72855,2.41872986
2025-12-19 00:30:00+00:00,72849,72877,72719,72732,2.91889395
2025-12-19 00:45:00+00:00,72753,72975,72728,72975,2.28818132
2025-12-19 01:00:00+00:00,72973,72973,72750,72800,3.93888654
2025-12-19 01:15:00+00:00,72819,72900,72609,72627,2.58427803
2025-12-19 01:30:00+00:00,72602,72797,72579,72770,2.95414798
2025-12-19 01:45:00+00:00,72757,72810,72629,72740,1.23760865
2025-12-19 02:00:00+00:00,72687,72730,72598,72679,2.59371201
2025-12-19 02:15:00+00:00,72652,72903,72652,72903,2.15989513
2025-12-19 02:30:00+00:00,72910,73006,72787,72987,8.89218288
2025-12-19 02:45:00+00:00,72996,73264,72981,73066,5.33399949
2025-12-19 03:00:00+00:00,73019,73719,73000,73617,14.06313476
2025-12-19 03:15:00+00:00,73660,74300,73286,74281,19.36066752
2025-12-19 03:30:00+00:00,74330,74650,73990,74209,15.16408148
2025-12-19 03:45:00+00:00,74222,74460,73928,74042,3.75740873
2025-12-19 04:00:00+00:00,74076,74502,74045,74485,9.81068711
2025-12-19 04:15:00+00:00,74495,74507,74222,74233,2.43100861
2025-12-19 04:30:00+00:00,74240,74358,74158,74162,3.84020072
2025-12-19 04:45:00+00:00,74213,74301,74202,74264,2.76749936
2025-12-19 05:00:00+00:00,74277,74349,74074,74179,7.9223742
2025-12-19 05:15:00+00:00,74182,74184,73965,73989,5.0387035
2025-12-19 05:30:00+00:00,73994,74140,73900,74099,4.09458508
2025-12-19 05:45:00+00:00,74093,74398,74093,74304,4.03485059
2025-12-19 06:00:00+00:00,74284,74375,74209,74232,2.51136363
2025-12-19 06:15:00+00:00,74254,74254,74113,74189,2.59407367
2025-12-19 06:30:00+00:00,74192,74325,74150,74323,1.86202598
2025-12-19 06:45:00+00:00,74341,74600,74259,74600,3.79561329
2025-12-19 07:00:00+00:00,74618,75416,74618,75203,40.29610706
2025-12-19 07:15:00+00:00,75235,75274,74909,75036,16.41534233
2025-12-19 07:30:00+00:00,75027,75041,74816,74911,4.03128405
2025-12-19 07:45:00+00:00,74912,75130,74904,75079,3.26397477
2025-12-19 08:00:00+00:00,75078,75222,74973,75060,12.28671504
2025-12-19 08:15:00+00:00,75060,75099,74879,74880,5.68460881
2025-12-19 08:30:00+00:00,74870,75245,74866,75046,11.19841664
2025-12-19 08:45:00+00:00,75047,75294,75047,75176,6.45183047
2025-12-19 09:00:00+00:00,75175,75200,75041,75048,10.83663985
2025-12-19 09:15:00+00:00,75050,75170,75002,75116,9.98651717
2025-12-19 09:30:00+00:00,75084,75263,75070,75135,6.92557829
2025-12-19 09:45:00+00:00,75137,75201,75097,75199,5.18259014
2025-12-19 10:00:00+00:00,75199,75373,75163,75245,10.68419168
2025-12-19 10:15:00+00:00,75254,75312,75005,75044,5.43447397
2025-12-19 10:30:00+00:00,75044,75195,75022,75165,1.76267752
2025-12-19 10:45:00+00:00,75151,75364,75151,75309,12.35788111
2025-12-19 11:00:00+00:00,75299,75415,75201,75406,5.06799364
2025-12-19 11:15:00+00:00,75395,75448,75247,75385,5.52355718
2025-12-19 11:30:00+00:00,75358,75421,75261,75348,2.00125009
2025-12-19 11:45:00+00:00,75358,75378,75254,75262,2.04049497
2025-12-19 12:00:00+00:00,75285,75332,75010,75285,7.75584171
2025-12-19 12:15:00+00:00,75274,75323,75107,75127,3.29785178
2025-12-19 12:30:00+00:00,75126,75160,75070,75127,2.18689691
2025-12-19 12:45:00+00:00,75127,75212,74951,74968,7.55551167
2025-12-19 13:00:00+00:00,75012,75159,75004,75132,2.82518376
2025-12-19 13:15:00+00:00,75121,75178,75062,75132,2.2764966
2025-12-19 13:30:00+00:00,75131,75265,74937,75171,18.95414003
2025-12-19 13:45:00+00:00,75179,75189,74979,75060,7.66158882
2025-12-19 14:00:00+00:00,75065,75167,74978,75122,6.8986617
2025-12-19 14:15:00+00:00,75110,75287,74843,75003,11.30026407
2025-12-19 14:30:00+00:00,75010,75460,74567,75364,34.64088548
2025-12-19 14:45:00+00:00,75244,75390,74916,75147,16.25418704
2025-12-19 15:00:00+00:00,75155,75700,74965,75654,15.06494938
2025-12-19 15:15:00+00:00,75657,76253,75087,75180,87.96809766
2025-12-19 15:30:00+00:00,75183,75391,74950,75063,21.9099646
2025-12-19 15:45:00+00:00,75069,75087,74756,75046,18.21067105
2025-12-19 16:00:00+00:00,75022,75484,74965,75375,7.59608808
2025-12-19 16:15:00+00:00,75367,75451,75262,75413,5.95811848
2025-12-19 16:30:00+00:00,75390,75790,75366,75470,9.60930701
2025-12-19 16:45:00+00:00,75454,75501,74932,75025,4.18161635
2025-12-19 17:00:00+00:00,75020,75283,74938,75176,8.6819792
2025-12-19 17:15:00+00:00,75150,75325,74678,74710,30.50652824
2025-12-19 17:30:00+00:00,74751,74801,74060,74300,26.36237105
2025-12-19 17:45:00+00:00,74288,74572,74091,74167,7.68948547
2025-12-19 18:00:00+00:00,74177,74397,74094,74333,3.40987937
2025-12-19 18:15:00+00:00,74326,74545,74215,74462,5.34050498
2025-12-19 18:30:00+00:00,74472,74476,74125,74172,3.70822941
2025-12-19 18:45:00+00:00,74203,74438,74115,74320,3.09006218
2025-12-19 19:00:00+00:00,74327,74540,74307,74440,10.74294984
2025-12-19 19:15:00+00:00,74440,74880,74440,74740,12.27059412
2025-12-19 19:30:00+00:00,74743,75040,74699,75022,8.97618025
2025-12-19 19:45:00+00:00,75021,75146,74880,74902,5.22060643
2025-12-19 20:00:00+00:00,74902,74980,74696,74860,9.69216442
2025-12-19 20:15:00+00:00,74880,75228,74786,75092,1.96211596
2025-12-19 20:30:00+00:00,75077,75414,74970,75106,13.99866203
2025-12-19 20:45:00+00:00,75130,75391,75056,75142,17.55244712
2025-12-19 21:00:00+00:00,75178,75178,74995,75025,2.39236803
2025-12-19 21:15:00+00:00,75012,75159,74985,75066,4.56305748
2025-12-19 21:30:00+00:00,75092,75138,75021,75033,2.87698869
2025-12-19 21:45:00+00:00,75021,75058,74942,74963,8.11995455
2025-12-19 22:00:00+00:00,74981,75292,74980,75178,3.11810246
2025-12-19 22:15:00+00:00,75157,75389,75157,75314,7.43135429
2025-12-19 22:30:00+00:00,75321,75450,75240,75444,1.95726688
2025-12-19 22:45:00+00:00,75435,75473,75311,75406,1.65395581
2025-12-19 23:00:00+00:00,75400,75403,75328,75335,2.38381319
2025-12-19 23:15:00+00:00,75342,75407,75327,75388,0.51671029
2025-12-19 23:30:00+00:00,75380,75383,75235,75293,0.62366186
2025-12-19 23:45:00+00:00,75297,75304,75217,75219,0.47484287
2025-12-20 00:00:00+00:00,75222,75261,75105,75191,2.84973804
2025-12-20 00:15:00+00:00,75219,75268,75153,75267,2.04019977
2025-12-20 00:30:00+00:00,75248,75256,75148,75167,2.07335318
2025-12-20 00:45:00+00:00,75172,75200,75073,75104,1.31091989
2025-12-20 01:00:00+00:00,75115,75199,75115,75190,0.16882991
2025-12-20 01:15:00+00:00,75191,75250,75191,75230,0.59579763
2025-12-20 01:30:00+00:00,75225,75234,75149,75149,0.39297402
2025-12-20 01:45:00+00:00,75167,75204,75146,75159,0.17152727
2025-12-20 02:00:00+00:00,75186,75186,75101,75155,1.60338545
2025-12-20 02:15:00+00:00,75143,75225,75140,75207,1.43317802
2025-12-20 02:30:00+00:00,75203,75372,75199,75372,3.26622248
2025-12-20 02:45:00+00:00,75385,75385,75271,75282,1.41290245
2025-12-20 03:00:00+00:00,75281,75316,75263,75263,1.83688814
2025-12-20 03:15:00+00:00,75257,75366,75257,75364,0.54342063
2025-12-20 03:30:00+00:00,75381,75398,75348,75360,0.36703262
2025-12-20 03:45:00+00:00,75352,75354,75290,75310,0.02529687
2025-12-20 04:00:00+00:00,75302,75330,75217,75228,0.89325278
2025-12-20 04:15:00+00:00,75234,75308,75229,75293,0.32679678
2025-12-20 04:30:00+00:00,75299,75372,75295,75343,0.11029722
2025-12-20 04:45:00+00:00,75338,75381,75297,75358,2.56215685
2025-12-20 05:00:00+00:00,75349,75406,75331,75405,0.48212313
2025-12-20 05:15:00+00:00,75409,75500,75390,75426,9.26788409
2025-12-20 05:30:00+00:00,75436,75554,75419,75505,47.79627444
2025-12-20 05:45:00+00:00,75503,75503,75324,75324,7.08154594
2025-12-20 06:00:00+00:00,75327,75461,75314,75455,0.94466151
2025-12-20 06:15:00+00:00,75455,75457,75406,75411,5.41684478
2025-12-20 06:30:00+00:00,75411,75411,75363,75365,0.63517523
2025-12-20 06:45:00+00:00,75372,75397,75343,75363,0.40429448
2025-12-20 07:00:00+00:00,75387,75396,75306,75365,0.90696965
2025-12-20 07:15:00+00:00,75372,75372,75273,75309,1.87743493
2025-12-20 07:30:00+00:00,75305,75330,75268,75290,0.5295889
2025-12-20 07:45:00+00:00,75285,75362,75280,75357,0.79825701
2025-12-20 08:00:00+00:00,75363,75440,75363,75394,4.6494318
2025-12-20 08:15:00+00:00,75409,75480,75383,75440,2.75828836
2025-12-20 08:30:00+00:00,75434,75511,75416,75427,6.3623282
2025-12-20 08:45:00+00:00,75433,75444,75362,75370,1.74062656
2025-12-20 09:00:00+00:00,75350,75410,75328,75398,1.95234987
2025-12-20 09:15:00+00:00,75400,75434,75388,75400,1.73001969
2025-12-20 09:30:00+00:00,75410,75439,75359,75376,0.87168975
2025-12-20 09:45:00+00:00,75377,75380,75328,75337,2.71772148
2025-12-20 10:00:00+00:00,75342,75389,75305,75368,1.67055603
2025-12-20 10:15:00+00:00,75369,75380,75250,75276,0.93008531
2025-12-20 10:30:00+00:00,75281,75307,75257,75307,2.42980461
2025-12-20 10:45:00+00:00,75310,75320,75249,75279,2.00615326
2025-12-20 11:00:00+00:00,75275,75280,75220,75248,0.56833237
2025-12-20 11:15:00+00:00,75250,75400,75240,75339,3.61588305
2025-12-20 11:30:00+00:00,75354,75393,75329,75374,1.51230847
2025-12-20 11:45:00+00:00,75362,75388,75331,75365,11.20694242
2025-12-20 12:00:00+00:00,75362,75416,75321,75347,4.04703686
2025-12-20 12:15:00+00:00,75352,75352,75298,75298,1.0474882
2025-12-20 12:30:00+00:00,75307,75310,75276,75284,0.63618372
2025-12-20 12:45:00+00:00,75288,75339,75278,75325,0.7385332
2025-12-20 13:00:00+00:00,75333,75407,75214,75248,2.76385197
2025-12-20 13:15:00+00:00,75249,75272,74913,75138,30.82358392
2025-12-20 13:30:00+00:00,75139,75299,75139,75290,3.88231627
2025-12-20 13:45:00+00:00,75298,75357,75275,75349,10.30909047
2025-12-20 14:00:00+00:00,75317,75317,75134,75192,10.83958342
2025-12-20 14:15:00+00:00,75192,75236,75173,75208,1.66230611
2025-12-20 14:30:00+00:00,75214,75299,75201,75276,2.42910444
2025-12-20 14:45:00+00:00,75284,75353,75269,75331,10.77408628
2025-12-20 15:00:00+00:00,75330,75349,75264,75281,0.23773612
2025-12-20 15:15:00+00:00,75286,75292,75125,75215,13.74737644
2025-12-20 15:30:00+00:00,75216,75268,75198,75253,1.77929638
2025-12-20 15:45:00+00:00,75262,75291,75244,75255,3.79699873
2025-12-20 16:00:00+00:00,75303,75328,75204,75256,11.04277231
2025-12-20 16:15:00+00:00,75270,75285,75250,75261,1.24733367
2025-12-20 16:30:00+00:00,75259,75262,75214,75226,0.75155789
2025-12-20 16:45:00+00:00,75220,75254,75206,75236,0.91055209
2025-12-20 17:00:00+00:00,75255,75308,75200,75256,0.98627831
2025-12-20 17:15:00+00:00,75249,75331,75248,75317,0.88753835
2025-12-20 17:30:00+00:00,75316,75318,75257,75279,0.7307992
2025-12-20 17:45:00+00:00,75268,75309,75251,75261,0.18635095
2025-12-20 18:00:00+00:00,75270,75292,75240,75244,1.02122757
2025-12-20 18:15:00+00:00,75248,75294,75243,75290,0.82063975
2025-12-20 18:30:00+00:00,75287,75290,75261,75276,0.46085655
2025-12-20 18:45:00+00:00,75267,75473,75263,75379,6.17569286
2025-12-20 19:00:00+00:00,75391,75400,75295,75371,1.5857224
2025-12-20 19:15:00+00:00,75375,75375,75321,75331,0.37411303
2025-12-20 19:30:00+00:00,75340,75340,75308,75321,0.77573542
2025-12-20 19:45:00+00:00,75319,75332,75285,75320,0.88747296
2025-12-20 20:00:00+00:00,75301,75337,75297,75332,0.29478118
2025-12-20 20:15:00+00:00,75332,75365,75325,75343,0.22430972
2025-12-20 20:30:00+00:00,75347,75387,75317,75331,0.49044595
2025-12-20 20:45:00+00:00,75330,75372,75323,75368,0.21451236
2025-12-20 21:00:00+00:00,75367,75406,75351,75401,0.60200111
2025-12-20 21:15:00+00:00,75394,75514,75370,75384,1.59435268
2025-12-20 21:30:00+00:00,75378,75394,75362,75379,0.2548019
2025-12-20 21:45:00+00:00,75378,75378,75281,75317,1.5857536
2025-12-20 22:00:00+00:00,75332,75334,75260,75277,1.59238768
2025-12-20 22:15:00+00:00,75290,75332,75250,75309,0.226848
2025-12-20 22:30:00+00:00,75326,75382,75312,75350,1.14503072
2025-12-20 22:45:00+00:00,75346,75419,75335,75373,0.9238327
2025-12-20 23:00:00+00:00,75373,75425,75351,75425,1.16179358
2025-12-20 23:15:00+00:00,75429,75448,75357,75375,0.27117857
2025-12-20 23:30:00+00:00,75384,75410,75379,75409,0.56359304
2025-12-20 23:45:00+00:00,75415,75500,75412,75447,0.68968327
2025-12-21 00:00:00+00:00,75464,75476,75386,75412,0.45823712
2025-12-21 00:15:00+00:00,75416,75493,75416,75490,0.31159481
2025-12-21 00:30:00+00:00,75497,75501,75388,75419,0.73405318
2025-12-21 00:45:00+00:00,75419,75433,75407,75431,0.07520921
2025-12-21 01:00:00+00:00,75449,75449,75377,75384,0.1600456
2025-12-21 01:15:00+00:00,75399,75409,75376,75390,0.43968279
2025-12-21 01:30:00+00:00,75367,75371,75190,75209,2.46354208
2025-12-21 01:45:00+00:00,75227,75271,75149,75149,0.70792041
2025-12-21 02:00:00+00:00,75158,75267,75141,75170,0.1772407
2025-12-21 02:15:00+00:00,75143,75152,75031,75112,1.79478714
2025-12-21 02:30:00+00:00,75115,75193,75094,75102,0.20210327
2025-12-21 02:45:00+00:00,75106,75150,75048,75093,1.34825882
2025-12-21 03:00:00+00:00,75106,75212,75097,75177,0.43027842
2025-12-21 03:15:00+00:00,75178,75280,75167,75233,0.07129113
2025-12-21 03:30:00+00:00,75229,75268,75185,75185,0.37669435
2025-12-21 03:45:00+00:00,75204,75216,75193,75216,0.03658522
2025-12-21 04:00:00+00:00,75215,75265,75201,75221,0.32364762
2025-12-21 04:15:00+00:00,75233,75267,75229,75260,0.86258724
2025-12-21 04:30:00+00:00,75260,75264,75219,75231,0.24961825
2025-12-21 04:45:00+00:00,75218,75225,75194,75208,0.10413144
2025-12-21 05:00:00+00:00,75201,75245,75193,75245,0.04535855
2025-12-21 05:15:00+00:00,75262,75269,75193,75266,0.3007888
2025-12-21 05:30:00+00:00,75270,75274,75239,75251,0.2145215
2025-12-21 05:45:00+00:00,75237,75271,75222,75268,0.3374168
2025-12-21 06:00:00+00:00,75255,75311,75250,75305,0.59045212
2025-12-21 06:15:00+00:00,75307,75323,75276,75293,0.25789818
2025-12-21 06:30:00+00:00,75307,75307,75235,75236,0.57413743
2025-12-21 06:45:00+00:00,75250,75265,75202,75228,0.32661773
2025-12-21 07:00:00+00:00,75227,75282,75227,75250,1.32248079
2025-12-21 07:15:00+00:00,75252,75274,75239,75252,0.22233689
2025-12-21 07:30:00+00:00,75249,75258,75190,75209,2.52752701
2025-12-21 07:45:00+00:00,75205,75295,75200,75295,0.55769481
2025-12-21 08:00:00+00:00,75295,75309,75269,75278,0.38618546
2025-12-21 08:15:00+00:00,75280,75370,75269,75370,1.24951609
2025-12-21 08:30:00+00:00,75355,75780,75353,75658,9.58852871
2025-12-21 08:45:00+00:00,75654,75693,75553,75604,3.45494406
2025-12-21 09:00:00+00:00,75633,75814,75590,75724,4.24032914
2025-12-21 09:15:00+00:00,75739,75830,75685,75685,2.82500751
2025-12-21 09:30:00+00:00,75688,75950,75688,75866,5.54557957
2025-12-21 09:45:00+00:00,75878,76068,75872,75910,7.55538532
2025-12-21 10:00:00+00:00,75939,75980,75787,75806,3.71719901
2025-12-21 10:15:00+00:00,75836,75856,75750,75783,2.11767578
2025-12-21 10:30:00+00:00,75779,75836,75631,75780,2.54684148
2025-12-21 10:45:00+00:00,75764,75780,75647,75720,1.48032672
2025-12-21 11:00:00+00:00,75717,75721,75644,75687,1.43001272
2025-12-21 11:15:00+00:00,75699,75791,75664,75727,1.81597039
2025-12-21 11:30:00+00:00,75727,75750,75659,75663,1.79389614
2025-12-21 11:45:00+00:00,75663,75700,75643,75660,1.27913917
2025-12-21 12:00:00+00:00,75670,75822,75657,75810,3.98463013
2025-12-21 12:15:00+00:00,75810,75936,75786,75850,2.49780978
2025-12-21 12:30:00+00:00,75847,75901,75615,75615,3.67821413
2025-12-21 12:45:00+00:00,75631,75688,75530,75688,2.62589772
2025-12-21 13:00:00+00:00,75687,75721,75378,75448,4.78994238
2025-12-21 13:15:00+00:00,75421,75430,75295,75314,1.29201665
2025-12-21 13:30:00+00:00,75293,75325,74925,75086,35.06539545
2025-12-21 13:45:00+00:00,75096,75099,74800,74860,16.97674539
2025-12-21 14:00:00+00:00,74846,75265,74816,75051,16.39230212
2025-12-21 14:15:00+00:00,75040,75150,74958,75086,1.84031357
2025-12-21 14:30:00+00:00,75054,75187,75001,75180,3.65335118
2025-12-21 14:45:00+00:00,75179,75210,75117,75190,4.25025672
2025-12-21 15:00:00+00:00,75197,75198,75056,75079,3.07318068
2025-12-21 15:15:00+00:00,75071,75109,74981,75051,1.81833393
2025-12-21 15:30:00+00:00,75060,75229,75034,75124,3.50882899
2025-12-21 15:45:00+00:00,75105,75337,75087,75173,6.69730876
2025-12-21 16:00:00+00:00,75173,75229,75113,75164,1.76109857
2025-12-21 16:15:00+00:00,75156,75402,75112,75285,0.97259401
2025-12-21 16:30:00+00:00,75304,75335,75261,75267,0.8534311
2025-12-21 16:45:00+00:00,75274,75432,75264,75417,0.80587779
2025-12-21 17:00:00+00:00,75442,75494,75394,75475,2.0654961
2025-12-21 17:15:00+00:00,75468,75530,75336,75361,3.10536924
2025-12-21 17:30:00+00:00,75383,75436,75335,75431,8.12303939
2025-12-21 17:45:00+00:00,75433,75452,75344,75407,12.98626507
2025-12-21 18:00:00+00:00,75407,75408,75084,75117,13.40478382
2025-12-21 18:15:00+00:00,75106,75247,75097,75239,0.96654595
2025-12-21 18:30:00+00:00,75247,75401,75228,75368,1.29397215
2025-12-21 18:45:00+00:00,75374,75516,75373,75503,11.48894902
2025-12-21 19:00:00+00:00,75512,75566,75399,75443,8.91467395
2025-12-21 19:15:00+00:00,75452,75462,75393,75434,1.72942774
2025-12-21 19:30:00+00:00,75394,75485,75292,75468,2.28732885
2025-12-21 19:45:00+00:00,75465,75618,75424,75532,2.54525883
2025-12-21 20:00:00+00:00,75534,75553,75392,75392,2.01422061
2025-12-21 20:15:00+00:00,75424,75445,75370,75371,5.23344634
2025-12-21 20:30:00+00:00,75388,75402,75360,75376,1.75233155
2025-12-21 20:45:00+00:00,75384,75396,75318,75323,3.76331021
2025-12-21 21:00:00+00:00,75323,75350,75266,75328,1.55279402
2025-12-21 21:15:00+00:00,75318,75412,75318,75380,1.88334864
2025-12-21 21:30:00+00:00,75383,75404,75262,75267,0.80000994
2025-12-21 21:45:00+00:00,75282,75296,75171,75233,10.365276
2025-12-21 22:00:00+00:00,75235,75409,75192,75409,0.88223063
2025-12-21 22:15:00+00:00,75429,75476,75298,75405,0.9511824
2025-12-21 22:30:00+00:00,75413,75490,75350,75423,1.86441334
2025-12-21 22:45:00+00:00,75414,75499,75393,75484,10.22727675
2025-12-21 23:00:00+00:00,75490,75766,75490,75532,3.99228963
2025-12-21 23:15:00+00:00,75542,75633,75471,75471,1.22096161
2025-12-21 23:30:00+00:00,75426,75568,75401,75502,3.76209794
2025-12-21 23:45:00+00:00,75507,75678,75507,75655,1.4378809
2025-12-22 00:00:00+00:00,75695,76338,75685,76338,18.43122239
2025-12-22 00:15:00+00:00,76338,76450,75735,75944,10.56529623
2025-12-22 00:30:00+00:00,75965,76180,75788,76023,4.74100578
2025-12-22 00:45:00+00:00,76040,76095,75562,75599,7.76743613
2025-12-22 01:00:00+00:00,75556,75937,75470,75850,11.89687171
2025-12-22 01:15:00+00:00,75919,76029,75888,75914,1.48577666
2025-12-22 01:30:00+00:00,75913,76134,75913,76000,3.24823047
2025-12-22 01:45:00+00:00,75989,76036,75542,75600,1.78291415
2025-12-22 02:00:00+00:00,75585,75607,74967,75216,18.56116105
2025-12-22 02:15:00+00:00,75178,75437,75159,75339,2.06616401
2025-12-22 02:30:00+00:00,75408,75544,75331,75379,3.68252785
2025-12-22 02:45:00+00:00,75422,75543,75402,75470,1.2855814
2025-12-22 03:00:00+00:00,75468,75617,75323,75574,1.19579313
2025-12-22 03:15:00+00:00,75576,75817,75569,75716,1.58184912
2025-12-22 03:30:00+00:00,75779,75795,75600,75654,1.71440888
2025-12-22 03:45:00+00:00,75716,75769,75635,75715,0.13575338
2025-12-22 04:00:00+00:00,75705,75764,75670,75718,1.07786271
2025-12-22 04:15:00+00:00,75743,75926,75725,75864,0.71558179
2025-12-22 04:30:00+00:00,75831,75897,75737,75886,0.88034606
2025-12-22 04:45:00+00:00,75896,75932,75778,75820,4.92931112
2025-12-22 05:00:00+00:00,75841,75906,75745,75749,0.16147821
2025-12-22 05:15:00+00:00,75764,75809,75684,75733,0.80734869
2025-12-22 05:30:00+00:00,75714,75910,75714,75847,0.3365719
2025-12-22 05:45:00+00:00,75832,75918,75769,75771,0.8832893
2025-12-22 06:00:00+00:00,75788,75816,75690,75706,0.81364728
2025-12-22 06:15:00+00:00,75713,75847,75696,75786,1.59188476
2025-12-22 06:30:00+00:00,75805,75925,75778,75925,0.7115246
2025-12-22 06:45:00+00:00,75887,75926,75826,75845,2.18559157
2025-12-22 07:00:00+00:00,75835,76064,75827,76047,2.07850363
2025-12-22 07:15:00+00:00,76053,76055,75963,76002,3.31441633
2025-12-22 07:30:00+00:00,76003,76092,75950,76023,3.70955527
2025-12-22 07:45:00+00:00,76022,76039,75889,76012,4.94184225
2025-12-22 08:00:00+00:00,76013,76101,75948,76035,2.45009071
2025-12-22 08:15:00+00:00,76054,76643,76046,76552,22.00286502
2025-12-22 08:30:00+00:00,76579,76644,76343,76474,9.76156316
2025-12-22 08:45:00+00:00,76470,76484,76000,76085,12.36214751
2025-12-22 09:00:00+00:00,76113,76270,76051,76114,5.5259834
2025-12-22 09:15:00+00:00,76102,76384,76090,76328,4.37581583
2025-12-22 09:30:00+00:00,76317,76432,76243,76353,4.56255687
2025-12-22 09:45:00+00:00,76354,76539,76295,76539,4.48798509
2025-12-22 10:00:00+00:00,76549,76565,76333,76400,10.27164845
2025-12-22 10:15:00+00:00,76393,76496,76367,76367,5.47031637
2025-12-22 10:30:00+00:00,76371,76506,76367,76496,3.24669539
2025-12-22 10:45:00+00:00,76494,76551,76455,76496,2.46109433
2025-12-22 11:00:00+00:00,76494,76550,76414,76501,3.65000039
2025-12-22 11:15:00+00:00,76489,76571,76376,76526,1.8619934
2025-12-22 11:30:00+00:00,76546,76763,76491,76577,7.5887327
2025-12-22 11:45:00+00:00,76577,76790,76553,76635,3.16182597
2025-12-22 12:00:00+00:00,76633,76749,76521,76712,6.85860265
2025-12-22 12:15:00+00:00,76739,76923,76730,76923,14.58455941
2025-12-22 12:30:00+00:00,76924,77151,76700,76790,17.35576343
2025-12-22 12:45:00+00:00,76777,76881,76707,76786,3.74552885
2025-12-22 13:00:00+00:00,76808,76895,76665,76713,6.55183235
2025-12-22 13:15:00+00:00,76725,76749,76592,76705,10.82009897
2025-12-22 13:30:00+00:00,76700,76700,76350,76357,11.38909054
2025-12-22 13:45:00+00:00,76383,76544,76383,76515,11.53830351
2025-12-22 14:00:00+00:00,76518,76734,76501,76563,5.72103108
2025-12-22 14:15:00+00:00,76566,76753,76523,76523,5.23190931
2025-12-22 14:30:00+00:00,76531,76696,76016,76377,26.15519393
2025-12-22 14:45:00+00:00,76333,76787,76287,76638,23.85641496
2025-12-22 15:00:00+00:00,76658,76902,76202,76202,18.61429827
2025-12-22 15:15:00+00:00,76189,76413,75844,76204,17.22563611
2025-12-22 15:30:00+00:00,76195,76257,75845,76010,11.98427625
2025-12-22 15:45:00+00:00,76013,76428,75884,76244,13.26869693
2025-12-22 16:00:00+00:00,76280,76462,76220,76347,3.74487762
2025-12-22 16:15:00+00:00,76370,76628,76359,76589,5.14449029
2025-12-22 16:30:00+00:00,76573,76573,76135,76233,9.30244653
2025-12-22 16:45:00+00:00,76237,76388,76180,76180,3.65787836
2025-12-22 17:00:00+00:00,76152,76152,75785,75923,8.75058615
2025-12-22 17:15:00+00:00,75963,76015,75781,75951,9.89864918
2025-12-22 17:30:00+00:00,75941,76074,75849,75917,3.38944883
2025-12-22 17:45:00+00:00,75841,75966,75807,75913,2.62015907
2025-12-22 18:00:00+00:00,75909,76071,75892,76004,2.50127954
2025-12-22 18:15:00+00:00,76018,76136,75904,76101,2.50609267
2025-12-22 18:30:00+00:00,76120,76129,75974,76045,3.24491517
2025-12-22 18:45:00+00:00,76059,76110,75791,75816,2.99579168
2025-12-22 19:00:00+00:00,75791,75795,75375,75449,9.68325703
2025-12-22 19:15:00+00:00,75451,75597,75286,75303,14.38499282
2025-12-22 19:30:00+00:00,75300,75375,75093,75143,8.29256224
2025-12-22 19:45:00+00:00,75133,75159,74805,74879,11.28880057
2025-12-22 20:00:00+00:00,74844,75093,74802,74963,10.16241473
2025-12-22 20:15:00+00:00,74974,75000,74778,74872,5.85340889
2025-12-22 20:30:00+00:00,74908,75114,74864,75099,3.48910899
2025-12-22 20:45:00+00:00,75115,75244,74950,75138,9.02813825
2025-12-22 21:00:00+00:00,75142,75260,75089,75109,5.87980961
2025-12-22 21:15:00+00:00,75114,75196,75088,75184,2.86005037
2025-12-22 21:30:00+00:00,75211,75342,75190,75291,3.10488168
2025-12-22 21:45:00+00:00,75292,75294,75006,75036,2.63305766
2025-12-22 22:00:00+00:00,75031,75127,74945,75046,6.56814651
2025-12-22 22:15:00+00:00,75054,75183,75047,75180,2.10760843
2025-12-22 22:30:00+00:00,75173,75173,75059,75112,1.38336814
2025-12-22 22:45:00+00:00,75117,75499,75117,75357,5.62623012
2025-12-22 23:00:00+00:00,75368,75368,75220,75316,5.08686141
2025-12-22 23:15:00+00:00,75317,75334,75236,75334,1.79865529
2025-12-22 23:30:00+00:00,75304,75339,75160,75211,2.41598232
2025-12-22 23:45:00+00:00,75180,75287,75141,75287,1.78205176
2025-12-23 00:00:00+00:00,75244,75259,75191,75215,1.50265412
2025-12-23 00:15:00+00:00,75220,75363,75219,75302,0.47094651
2025-12-23 00:30:00+00:00,75280,75561,75253,75380,0.96320885
2025-12-23 00:45:00+00:00,75394,75472,75335,75416,3.25637597
2025-12-23 01:00:00+00:00,75407,75509,75300,75300,1.95625348
2025-12-23 01:15:00+00:00,75280,75313,75234,75282,0.14029397
2025-12-23 01:30:00+00:00,75271,75314,75110,75142,2.36978272
2025-12-23 01:45:00+00:00,75181,75195,75131,75159,0.41081361
2025-12-23 02:00:00+00:00,75142,75224,74966,75189,4.54985099
2025-12-23 02:15:00+00:00,75183,75360,75183,75359,1.5180155
2025-12-23 02:30:00+00:00,75317,75345,74920,74920,0.51404067
2025-12-23 02:45:00+00:00,74920,74946,74798,74864,5.90444862
2025-12-23 03:00:00+00:00,74855,74855,74523,74798,9.48271323
2025-12-23 03:15:00+00:00,74800,74930,74790,74904,0.51771638
2025-12-23 03:30:00+00:00,74883,75012,74860,74983,0.92276008
2025-12-23 03:45:00+00:00,74977,74977,74841,74872,0.70807465
2025-12-23 04:00:00+00:00,74855,75012,74777,74969,0.76888765
2025-12-23 04:15:00+00:00,74928,74996,74910,74920,0.1597972
2025-12-23 04:30:00+00:00,74900,74903,74750,74812,0.52777268
2025-12-23 04:45:00+00:00,74824,74829,74646,74650,1.1138147
2025-12-23 05:00:00+00:00,74697,74704,74552,74601,1.80525014
2025-12-23 05:15:00+00:00,74588,74699,74575,74695,0.79530277
2025-12-23 05:30:00+00:00,74692,74692,74354,74500,13.00914126
2025-12-23 05:45:00+00:00,74515,74566,74373,74501,2.80101658
2025-12-23 06:00:00+00:00,74500,74513,74215,74301,5.30139984
2025-12-23 06:15:00+00:00,74338,74365,73908,74050,17.97965298
2025-12-23 06:30:00+00:00,74061,74176,73958,74133,2.11085132
2025-12-23 06:45:00+00:00,74135,74311,74084,74219,4.12613264
2025-12-23 07:00:00+00:00,74208,74337,74208,74240,8.91895237
2025-12-23 07:15:00+00:00,74263,74399,74208,74398,5.38091768
2025-12-23 07:30:00+00:00,74397,74418,74285,74322,22.04558166
2025-12-23 07:45:00+00:00,74327,74443,74296,74319,3.60175647
2025-12-23 08:00:00+00:00,74319,74370,74264,74331,4.46963119
2025-12-23 08:15:00+00:00,74315,74404,74300,74356,3.06596334
2025-12-23 08:30:00+00:00,74347,74396,74328,74340,2.58938432
2025-12-23 08:45:00+00:00,74325,74325,74195,74204,2.28392989
2025-12-23 09:00:00+00:00,74203,74319,74203,74259,1.39387406
2025-12-23 09:15:00+00:00,74248,74329,74110,74179,11.05164773
2025-12-23 09:30:00+00:00,74176,74201,74031,74193,6.10799802
2025-12-23 09:45:00+00:00,74210,74262,74183,74220,2.92337006
2025-12-23 10:00:00+00:00,74214,74270,74166,74211,3.51194805
2025-12-23 10:15:00+00:00,74223,74285,74200,74262,1.68560027
2025-12-23 10:30:00+00:00,74250,74263,74167,74223,1.46717011
2025-12-23 10:45:00+00:00,74227,74286,74200,74234,7.97698999
2025-12-23 11:00:00+00:00,74238,74330,74199,74308,3.85644849
2025-12-23 11:15:00+00:00,74311,74499,74286,74366,7.51642676
2025-12-23 11:30:00+00:00,74376,74428,74322,74421,1.35611594
2025-12-23 11:45:00+00:00,74422,74473,74409,74461,2.00720929
2025-12-23 12:00:00+00:00,74465,74517,74322,74419,4.26045065
2025-12-23 12:15:00+00:00,74410,74417,74250,74264,2.71187801
2025-12-23 12:30:00+00:00,74250,74525,74226,74504,2.36868456
2025-12-23 12:45:00+00:00,74504,74573,74430,74460,8.38160391
2025-12-23 13:00:00+00:00,74450,74452,74384,74442,2.27108636
2025-12-23 13:15:00+00:00,74434,74513,74322,74471,3.71024983
2025-12-23 13:30:00+00:00,74463,74565,74167,74390,7.39658182
2025-12-23 13:45:00+00:00,74398,74432,74251,74372,5.41724677
2025-12-23 14:00:00+00:00,74363,74540,74342,74477,9.28636338
2025-12-23 14:15:00+00:00,74464,74512,74349,74413,3.81192828
2025-12-23 14:30:00+00:00,74380,74509,74078,74236,11.17137764
2025-12-23 14:45:00+00:00,74227,74227,73538,73760,26.32179494
2025-12-23 15:00:00+00:00,73771,73962,73652,73796,12.1398318
2025-12-23 15:15:00+00:00,73806,74281,73806,74097,5.85371405
2025-12-23 15:30:00+00:00,74105,74370,74090,74255,5.61093205
2025-12-23 15:45:00+00:00,74240,74309,74103,74250,3.96426022
2025-12-23 16:00:00+00:00,74234,74864,74156,74500,15.5952417
2025-12-23 16:15:00+00:00,74523,74737,74523,74591,12.41521211
2025-12-23 16:30:00+00:00,74616,74636,74415,74552,12.79965939
2025-12-23 16:45:00+00:00,74587,74811,74544,74703,7.36653527
2025-12-23 17:00:00+00:00,74709,74927,74590,74591,3.50562487
2025-12-23 17:15:00+00:00,74642,74765,74500,74500,7.82488805
2025-12-23 17:30:00+00:00,74499,74624,74438,74560,2.90407254
2025-12-23 17:45:00+00:00,74552,74552,74034,74034,5.56434516
2025-12-23 18:00:00+00:00,74021,74380,74018,74368,4.92334579
2025-12-23 18:15:00+00:00,74345,74635,74344,74570,6.08783244
2025-12-23 18:30:00+00:00,74571,74840,74524,74776,12.81801441
2025-12-23 18:45:00+00:00,74783,74785,74592,74657,2.6761033
2025-12-23 19:00:00+00:00,74670,74698,74482,74547,3.3654662
2025-12-23 19:15:00+00:00,74559,74655,74345,74353,5.91624288
2025-12-23 19:30:00+00:00,74368,74543,74345,74476,1.66312125
2025-12-23 19:45:00+00:00,74479,74538,74354,74423,1.96198757
2025-12-23 20:00:00+00:00,74411,74451,74227,74328,5.61174986
2025-12-23 20:15:00+00:00,74335,74536,74331,74411,2.67115278
2025-12-23 20:30:00+00:00,74420,74834,74352,74819,6.22438103
2025-12-23 20:45:00+00:00,74779,74923,74364,74364,3.47995131
2025-12-23 21:00:00+00:00,74387,74450,74231,74366,3.57432561
2025-12-23 21:15:00+00:00,74372,74512,74334,74463,1.60283659
2025-12-23 21:30:00+00:00,74465,74466,74301,74335,1.05152357
2025-12-23 21:45:00+00:00,74348,74395,74271,74358,3.6129059
2025-12-23 22:00:00+00:00,74347,74391,74075,74141,1.24728732
2025-12-23 22:15:00+00:00,74169,74271,74087,74138,4.94075441
2025-12-23 22:30:00+00:00,74138,74308,73953,74236,7.90044935
2025-12-23 22:45:00+00:00,74232,74278,74024,74055,4.89360687
2025-12-23 23:00:00+00:00,74083,74083,73905,74018,10.95632083
2025-12-23 23:15:00+00:00,73994,74097,73907,74072,7.14542016
2025-12-23 23:30:00+00:00,74077,74166,74062,74140,2.68524067
2025-12-23 23:45:00+00:00,74145,74162,74061,74131,2.70156899
2025-12-24 00:00:00+00:00,74145,74232,74042,74062,3.29666711
2025-12-24 00:15:00+00:00,74058,74096,73938,74034,2.80617243
2025-12-24 00:30:00+00:00,74028,74192,73973,74165,1.22362372
2025-12-24 00:45:00+00:00,74178,74267,74178,74264,3.38823059
2025-12-24 01:00:00+00:00,74304,74423,74238,74344,2.71302592
2025-12-24 01:15:00+00:00,74269,74317,74253,74259,0.20055006
2025-12-24 01:30:00+00:00,74209,74314,74097,74129,1.20648061
2025-12-24 01:45:00+00:00,74128,74229,74093,74204,0.2845167
2025-12-24 02:00:00+00:00,74198,74230,73948,74003,3.75756835
2025-12-24 02:15:00+00:00,73989,74050,73982,74038,1.04856103
2025-12-24 02:30:00+00:00,74045,74082,73700,73746,4.0703193
2025-12-24 02:45:00+00:00,73764,73861,73650,73835,1.10347932
2025-12-24 03:00:00+00:00,73820,73830,73627,73785,1.12676411
2025-12-24 03:15:00+00:00,73772,73959,73769,73950,0.82867419
2025-12-24 03:30:00+00:00,73966,74058,73961,74044,0.1080565
2025-12-24 03:45:00+00:00,74044,74105,74044,74064,0.69595786
2025-12-24 04:00:00+00:00,74059,74153,74053,74142,0.35203171
2025-12-24 04:15:00+00:00,74149,74149,74026,74042,0.16995592
2025-12-24 04:30:00+00:00,74038,74038,73941,74000,0.20020748
2025-12-24 04:45:00+00:00,74006,74028,73819,73868,0.44143881
2025-12-24 05:00:00+00:00,73896,73957,73819,73831,0.97435594
2025-12-24 05:15:00+00:00,73837,73965,73804,73883,1.76370474
2025-12-24 05:30:00+00:00,73879,73879,73557,73589,4.0700892
2025-12-24 05:45:00+00:00,73581,73724,73542,73680,1.66214897
2025-12-24 06:00:00+00:00,73683,73708,73589,73589,0.91812906
2025-12-24 06:15:00+00:00,73581,73705,73533,73684,1.4563638
2025-12-24 06:30:00+00:00,73655,73738,73633,73701,1.43010453
2025-12-24 06:45:00+00:00,73700,73748,73674,73732,1.30452382
2025-12-24 07:00:00+00:00,73726,73772,73709,73769,5.72788877
2025-12-24 07:15:00+00:00,73766,73796,73708,73742,1.23171393
2025-12-24 07:30:00+00:00,73747,73918,73733,73901,2.49546704
2025-12-24 07:45:00+00:00,73899,73935,73686,73686,2.79458132
2025-12-24 08:00:00+00:00,73707,73801,73660,73787,4.18099564
2025-12-24 08:15:00+00:00,73778,73879,73631,73754,3.23708209
2025-12-24 08:30:00+00:00,73733,73756,73600,73723,3.04292755
2025-12-24 08:45:00+00:00,73716,73742,73510,73538,3.86379878
2025-12-24 09:00:00+00:00,73540,73611,73540,73611,6.07546746
2025-12-24 09:15:00+00:00,73613,73619,73550,73592,2.18433688
2025-12-24 09:30:00+00:00,73591,73596,73499,73567,2.65078789
2025-12-24 09:45:00+00:00,73567,73635,73535,73546,2.76434774
2025-12-24 10:00:00+00:00,73551,73797,73547,73792,3.02917584
2025-12-24 10:15:00+00:00,73770,73828,73736,73757,0.86838846
2025-12-24 10:30:00+00:00,73756,73852,73756,73815,2.44318222
2025-12-24 10:45:00+00:00,73814,73880,73776,73795,1.25146002
2025-12-24 11:00:00+00:00,73795,73999,73795,73960,5.14376435
2025-12-24 11:15:00+00:00,73963,74036,73930,73938,4.19097073
2025-12-24 11:30:00+00:00,73935,73979,73909,73957,4.10525227
2025-12-24 11:45:00+00:00,73954,74000,73917,73922,1.08859539
2025-12-24 12:00:00+00:00,73917,74014,73865,74008,2.37825161
2025-12-24 12:15:00+00:00,74008,74109,73976,74054,4.40259429
2025-12-24 12:30:00+00:00,74051,74138,74031,74115,2.72437236
2025-12-24 12:45:00+00:00,74115,74166,74031,74132,8.70515338
2025-12-24 13:00:00+00:00,74130,74132,73971,73990,2.6503821
2025-12-24 13:15:00+00:00,73982,74031,73950,73966,2.27963923
2025-12-24 13:30:00+00:00,73975,74000,73759,73885,4.67958351
2025-12-24 13:45:00+00:00,73890,74032,73890,74013,2.10306077
2025-12-24 14:00:00+00:00,74025,74154,74025,74117,1.05689225
2025-12-24 14:15:00+00:00,74131,74142,73964,73991,0.89132078
2025-12-24 14:30:00+00:00,73990,74031,73319,73800,10.43933105
2025-12-24 14:45:00+00:00,73786,74030,73621,73829,3.23816543
2025-12-24 15:00:00+00:00,73797,73997,73728,73760,3.10131945
2025-12-24 15:15:00+00:00,73768,73841,73486,73695,4.03857527
2025-12-24 15:30:00+00:00,73716,74035,73716,73867,3.0568989
2025-12-24 15:45:00+00:00,73881,73952,73784,73872,3.01624647
2025-12-24 16:00:00+00:00,73873,73992,73814,73967,1.35210261
2025-12-24 16:15:00+00:00,73949,73970,73788,73835,1.24611982
2025-12-24 16:30:00+00:00,73847,74420,73847,74267,14.8647844
2025-12-24 16:45:00+00:00,74231,74231,73993,74058,1.02115206
2025-12-24 17:00:00+00:00,74068,74221,74051,74125,0.79074069
2025-12-24 17:15:00+00:00,74095,74224,74095,74210,1.49807632
2025-12-24 17:30:00+00:00,74206,74279,74096,74136,0.42335078
2025-12-24 17:45:00+00:00,74145,74218,74060,74092,2.32532304
2025-12-24 18:00:00+00:00,74111,74201,74056,74150,1.93983776
2025-12-24 18:15:00+00:00,74184,74266,74182,74197,1.6014997
2025-12-24 18:30:00+00:00,74204,74222,74165,74211,0.56681807
2025-12-24 18:45:00+00:00,74212,74257,74188,74218,0.21008626
2025-12-24 19:00:00+00:00,74228,74266,74160,74173,0.68915881
2025-12-24 19:15:00+00:00,74185,74230,74104,74230,6.41652715
2025-12-24 19:30:00+00:00,74228,74252,74195,74246,0.31903631
2025-12-24 19:45:00+00:00,74248,74304,74231,74293,3.66943825
2025-12-24 20:00:00+00:00,74294,74399,74285,74329,20.23740686
2025-12-24 20:15:00+00:00,74331,74373,74326,74337,1.52110479
2025-12-24 20:30:00+00:00,74337,74375,74309,74356,1.37121539
2025-12-24 20:45:00+00:00,74354,74355,74259,74284,0.8059456
2025-12-24 21:00:00+00:00,74299,74398,74298,74365,1.66307453
2025-12-24 21:15:00+00:00,74366,74475,74344,74441,3.2183745
2025-12-24 21:30:00+00:00,74436,74491,74424,74465,1.3522465
2025-12-24 21:45:00+00:00,74451,74451,74370,74414,0.99517301
2025-12-24 22:00:00+00:00,74408,74567,74404,74516,2.91274972
2025-12-24 22:15:00+00:00,74506,74535,74470,74492,2.08223516
2025-12-24 22:30:00+00:00,74507,74721,74463,74681,1.97136435
2025-12-24 22:45:00+00:00,74655,74704,74624,74679,2.99878767
2025-12-24 23:00:00+00:00,74676,74700,74511,74528,1.97250328
2025-12-24 23:15:00+00:00,74513,74531,74327,74341,2.13834178
2025-12-24 23:30:00+00:00,74339,74438,74338,74374,1.60709536
2025-12-24 23:45:00+00:00,74388,74453,74380,74402,1.31808083
2025-12-25 00:00:00+00:00,74397,74457,74300,74385,0.6001487
2025-12-25 00:15:00+00:00,74418,74459,74359,74359,0.18221126
2025-12-25 00:30:00+00:00,74345,74429,74282,74298,0.89192442
2025-12-25 00:45:00+00:00,74323,74381,74262,74294,1.408426
2025-12-25 01:00:00+00:00,74307,74378,74304,74378,0.17851836
2025-12-25 01:15:00+00:00,74380,74437,74329,74419,0.82328736
2025-12-25 01:30:00+00:00,74431,74443,74316,74443,0.5467686
2025-12-25 01:45:00+00:00,74446,74456,74410,74449,1.22538057
2025-12-25 02:00:00+00:00,74447,74478,74342,74478,0.69563052
2025-12-25 02:15:00+00:00,74471,74501,74462,74478,0.35565668
2025-12-25 02:30:00+00:00,74480,74618,74479,74616,0.42499133
2025-12-25 02:45:00+00:00,74611,74660,74568,74596,0.66297349
2025-12-25 03:00:00+00:00,74589,74642,74516,74560,0.24171213
2025-12-25 03:15:00+00:00,74532,74597,74530,74547,0.32231621
2025-12-25 03:30:00+00:00,74530,74540,74499,74523,0.07571052
2025-12-25 03:45:00+00:00,74507,74570,74492,74554,0.31556377
2025-12-25 04:00:00+00:00,74552,74552,74472,74479,0.30334508
2025-12-25 04:15:00+00:00,74526,74542,74470,74477,1.33702405
2025-12-25 04:30:00+00:00,74491,74525,74482,74502,0.10804755
2025-12-25 04:45:00+00:00,74510,74553,74503,74503,0.04557256
2025-12-25 05:00:00+00:00,74490,74490,74401,74410,1.05795372
2025-12-25 05:15:00+00:00,74411,74459,74404,74445,0.23188331
2025-12-25 05:30:00+00:00,74466,74485,74452,74484,0.25741087
2025-12-25 05:45:00+00:00,74490,74508,74480,74480,0.25382592
2025-12-25 06:00:00+00:00,74464,74492,74425,74432,0.30310323
2025-12-25 06:15:00+00:00,74455,74489,74451,74483,0.20799586
2025-12-25 06:30:00+00:00,74479,74533,74468,74492,0.31725975
2025-12-25 06:45:00+00:00,74500,74554,74494,74554,0.34497717
2025-12-25 07:00:00+00:00,74541,74560,74500,74531,0.27901173
2025-12-25 07:15:00+00:00,74531,74540,74500,74521,0.30217981
2025-12-25 07:30:00+00:00,74520,74520,74481,74486,0.49890484
2025-12-25 07:45:00+00:00,74488,74578,74488,74551,1.28490174
2025-12-25 08:00:00+00:00,74551,74600,74500,74519,0.50926232
2025-12-25 08:15:00+00:00,74504,74504,74136,74193,3.08371418
2025-12-25 08:30:00+00:00,74188,74263,74187,74244,1.11235018
2025-12-25 08:45:00+00:00,74242,74370,74210,74315,2.05461359
2025-12-25 09:00:00+00:00,74322,74322,74206,74255,5.39519834
2025-12-25 09:15:00+00:00,74259,74282,74221,74247,0.7905493
2025-12-25 09:30:00+00:00,74246,74264,74200,74232,2.49842201
2025-12-25 09:45:00+00:00,74250,74281,74217,74264,1.01377217
2025-12-25 10:00:00+00:00,74266,74271,74142,74147,0.95291863
2025-12-25 10:15:00+00:00,74140,74197,74122,74150,3.17191147
2025-12-25 10:30:00+00:00,74152,74152,74016,74056,1.23376411
2025-12-25 10:45:00+00:00,74045,74168,74045,74168,1.48274894
2025-12-25 11:00:00+00:00,74168,74264,74155,74220,3.73779674
2025-12-25 11:15:00+00:00,74227,74300,74203,74284,1.02302721
2025-12-25 11:30:00+00:00,74280,74322,74240,74270,2.29377094
2025-12-25 11:45:00+00:00,74270,74304,74214,74264,0.41559525
2025-12-25 12:00:00+00:00,74262,74306,74227,74232,0.36286517
2025-12-25 12:15:00+00:00,74237,74313,74234,74294,1.70236405
2025-12-25 12:30:00+00:00,74295,74322,74237,74266,1.22546995
2025-12-25 12:45:00+00:00,74276,74312,74251,74300,1.92686229
2025-12-25 13:00:00+00:00,74287,74292,74232,74259,0.40659877
2025-12-25 13:15:00+00:00,74259,74269,74158,74250,3.21279099
2025-12-25 13:30:00+00:00,74248,74369,74203,74309,3.82472407
2025-12-25 13:45:00+00:00,74309,74359,74263,74323,3.34817261
2025-12-25 14:00:00+00:00,74306,74400,74306,74387,0.56994902
2025-12-25 14:15:00+00:00,74394,74411,74250,74279,1.52191534
2025-12-25 14:30:00+00:00,74278,74343,74278,74332,0.535027
2025-12-25 14:45:00+00:00,74331,74452,74331,74420,1.42206348
2025-12-25 15:00:00+00:00,74436,74500,74418,74470,0.43044471
2025-12-25 15:15:00+00:00,74493,74846,74458,74708,16.44075341
2025-12-25 15:30:00+00:00,74725,75088,74581,75069,15.38100484
2025-12-25 15:45:00+00:00,75064,75136,74854,74901,15.66406229
2025-12-25 16:00:00+00:00,74940,74995,74768,74881,3.82420731
2025-12-25 16:15:00+00:00,74884,75040,74884,74979,2.54753446
2025-12-25 16:30:00+00:00,75009,75024,74792,74902,2.21949139
2025-12-25 16:45:00+00:00,74902,74906,74641,74703,1.31883316
2025-12-25 17:00:00+00:00,74706,74793,74633,74657,2.97088752
2025-12-25 17:15:00+00:00,74666,74766,74646,74678,1.41724462
2025-12-25 17:30:00+00:00,74660,74706,74660,74695,0.93176205
2025-12-25 17:45:00+00:00,74685,74804,74669,74760,1.05647518
2025-12-25 18:00:00+00:00,74758,74940,74756,74927,6.11718711
2025-12-25 18:15:00+00:00,74927,74927,74850,74868,0.8359091
2025-12-25 18:30:00+00:00,74860,74932,74788,74886,2.59218776
2025-12-25 18:45:00+00:00,74874,74911,74856,74863,0.46767912
2025-12-25 19:00:00+00:00,74864,74881,74801,74825,1.04238583
2025-12-25 19:15:00+00:00,74826,74830,74732,74759,1.93411832
2025-12-25 19:30:00+00:00,74759,74793,74717,74780,1.6929786
2025-12-25 19:45:00+00:00,74769,74799,74745,74786,0.40618258
2025-12-25 20:00:00+00:00,74787,74810,74701,74756,1.30673915
2025-12-25 20:15:00+00:00,74752,74779,74381,74449,9.04259739
2025-12-25 20:30:00+00:00,74443,74527,74421,74509,1.31063654
2025-12-25 20:45:00+00:00,74504,74585,74504,74573,1.15612169
2025-12-25 21:00:00+00:00,74580,74656,74509,74651,2.93113231
2025-12-25 21:15:00+00:00,74616,74659,74602,74633,1.13956768
2025-12-25 21:30:00+00:00,74633,74644,74609,74630,0.41936636
2025-12-25 21:45:00+00:00,74627,74635,74550,74582,0.48683531
2025-12-25 22:00:00+00:00,74587,74605,74491,74529,1.02586633
2025-12-25 22:15:00+00:00,74526,74554,74503,74533,0.80707851
2025-12-25 22:30:00+00:00,74523,74570,74394,74415,0.63415387
2025-12-25 22:45:00+00:00,74379,74442,74089,74385,20.12679982
2025-12-25 23:00:00+00:00,74401,74487,74243,74426,2.96613303
2025-12-25 23:15:00+00:00,74408,74423,74211,74235,4.89819623
2025-12-25 23:30:00+00:00,74231,74231,73850,73885,14.99770255
2025-12-25 23:45:00+00:00,73850,74086,73774,74050,5.82178381
2025-12-26 00:00:00+00:00,74005,74133,73864,74008,4.26615209
2025-12-26 00:15:00+00:00,73993,74018,73744,73847,6.02413131
2025-12-26 00:30:00+00:00,73842,73958,73689,73754,5.14798322
2025-12-26 00:45:00+00:00,73754,73911,73727,73897,5.85251717
2025-12-26 01:00:00+00:00,73905,74074,73905,74038,2.02556806
2025-12-26 01:15:00+00:00,74063,74108,74012,74079,1.07489963
2025-12-26 01:30:00+00:00,74061,74162,74058,74162,0.36613473
2025-12-26 01:45:00+00:00,74162,74216,74137,74156,0.67877789
2025-12-26 02:00:00+00:00,74151,74792,74151,74792,1.11890983
2025-12-26 02:15:00+00:00,74809,75694,74809,75434,39.88956029
2025-12-26 02:30:00+00:00,75567,75803,75444,75574,7.72501604
2025-12-26 02:45:00+00:00,75564,75644,75416,75510,7.43622756
2025-12-26 03:00:00+00:00,75588,75606,75391,75412,6.49564263
2025-12-26 03:15:00+00:00,75400,75400,75148,75258,7.04633422
2025-12-26 03:30:00+00:00,75250,75290,75153,75190,3.06380274
2025-12-26 03:45:00+00:00,75185,75299,75185,75278,1.62435841
2025-12-26 04:00:00+00:00,75253,75253,75031,75208,1.60257528
2025-12-26 04:15:00+00:00,75211,75266,75130,75197,0.89006046
2025-12-26 04:30:00+00:00,75198,75501,75198,75478,2.01995941
2025-12-26 04:45:00+00:00,75525,75574,75418,75418,1.77761729
2025-12-26 05:00:00+00:00,75400,75455,75366,75384,0.93613997
2025-12-26 05:15:00+00:00,75384,75384,75312,75375,0.79856501
2025-12-26 05:30:00+00:00,75373,75373,75280,75324,1.08583095
2025-12-26 05:45:00+00:00,75325,75464,75280,75430,8.90562678
2025-12-26 06:00:00+00:00,75427,75558,75425,75494,3.1012158
2025-12-26 06:15:00+00:00,75500,75542,75442,75493,2.59579057
2025-12-26 06:30:00+00:00,75497,75677,75458,75677,4.00545388
2025-12-26 06:45:00+00:00,75672,75672,75570,75605,2.62708039
2025-12-26 07:00:00+00:00,75575,75799,75575,75794,2.4002528
2025-12-26 07:15:00+00:00,75800,75982,75719,75865,16.94214321
2025-12-26 07:30:00+00:00,75860,75862,75330,75340,10.6580097
2025-12-26 07:45:00+00:00,75343,75350,74960,75062,4.95815143
2025-12-26 08:00:00+00:00,75074,75412,75022,75264,10.76977114
2025-12-26 08:15:00+00:00,75276,75341,75216,75294,2.05858034
2025-12-26 08:30:00+00:00,75274,75276,75148,75220,3.16655789
2025-12-26 08:45:00+00:00,75230,75302,75192,75294,1.10566513
2025-12-26 09:00:00+00:00,75272,75320,75203,75239,4.01053074
2025-12-26 09:15:00+00:00,75246,75391,75246,75313,2.50366668
2025-12-26 09:30:00+00:00,75316,75362,75296,75353,1.01605333
2025-12-26 09:45:00+00:00,75356,75471,75350,75386,3.54575475
2025-12-26 10:00:00+00:00,75381,75442,75346,75422,10.62054996
2025-12-26 10:15:00+00:00,75416,75418,75244,75373,1.46914668
2025-12-26 10:30:00+00:00,75338,75338,75244,75329,2.10057942
2025-12-26 10:45:00+00:00,75321,75401,75306,75324,1.02556191
2025-12-26 11:00:00+00:00,75320,75327,75241,75259,1.38779213
2025-12-26 11:15:00+00:00,75252,75267,75182,75211,2.06266673
2025-12-26 11:30:00+00:00,75204,75230,75145,75167,0.34707252
2025-12-26 11:45:00+00:00,75162,75176,75113,75125,0.84226452
2025-12-26 12:00:00+00:00,75128,75292,75128,75259,1.3821232
2025-12-26 12:15:00+00:00,75246,75283,75201,75272,0.75278403
2025-12-26 12:30:00+00:00,75272,75314,75219,75305,1.84042612
2025-12-26 12:45:00+00:00,75295,75309,75211,75222,1.25249734
2025-12-26 13:00:00+00:00,75216,75304,75167,75301,2.24113816
2025-12-26 13:15:00+00:00,75287,75318,75246,75259,0.87347604
2025-12-26 13:30:00+00:00,75264,75450,75226,75350,4.17033261
2025-12-26 13:45:00+00:00,75350,75476,75329,75471,2.46353322
2025-12-26 14:00:00+00:00,75444,75460,75353,75400,1.3925267
2025-12-26 14:15:00+00:00,75399,75460,75385,75422,1.39388569
2025-12-26 14:30:00+00:00,75424,75500,74850,74950,14.21166851
2025-12-26 14:45:00+00:00,74944,74993,74105,74145,25.488395
2025-12-26 15:00:00+00:00,74100,74100,73600,73600,34.57369616
2025-12-26 15:15:00+00:00,73604,73873,73520,73773,15.37912318
2025-12-26 15:30:00+00:00,73762,73919,73707,73798,6.61294371
2025-12-26 15:45:00+00:00,73820,73981,73770,73949,9.74754061
2025-12-26 16:00:00+00:00,73977,74053,73858,73858,3.24783359
2025-12-26 16:15:00+00:00,73910,74178,73910,74118,3.56552333
2025-12-26 16:30:00+00:00,74124,74252,74055,74170,4.85375587
2025-12-26 16:45:00+00:00,74150,74171,73780,73797,6.30028337
2025-12-26 17:00:00+00:00,73843,73993,73786,73901,2.75313628
2025-12-26 17:15:00+00:00,73957,74182,73900,74178,3.97952371
2025-12-26 17:30:00+00:00,74173,74282,74094,74223,7.16295659
2025-12-26 17:45:00+00:00,74197,74279,74121,74159,6.20912829
2025-12-26 18:00:00+00:00,74159,74212,74083,74176,3.12024176
2025-12-26 18:15:00+00:00,74171,74178,74047,74053,1.41350254
2025-12-26 18:30:00+00:00,74051,74141,74049,74051,6.2830995
2025-12-26 18:45:00+00:00,74046,74170,73982,74103,6.22175129
2025-12-26 19:00:00+00:00,74112,74195,74099,74148,1.17672962
2025-12-26 19:15:00+00:00,74148,74201,74087,74186,1.46358602
2025-12-26 19:30:00+00:00,74171,74258,74161,74258,0.38549903
2025-12-26 19:45:00+00:00,74270,74344,74214,74275,1.66965261
2025-12-26 20:00:00+00:00,74275,74323,74175,74298,0.63688489
2025-12-26 20:15:00+00:00,74304,74379,74267,74362,0.63910016
2025-12-26 20:45:00+00:00,74411,74511,74332,74332,4.86896489
2025-12-26 21:00:00+00:00,74370,74444,74313,74400,3.77828206
2025-12-26 21:15:00+00:00,74392,74416,74323,74354,0.66498614
2025-12-26 21:30:00+00:00,74337,74337,74263,74308,0.75921627
2025-12-26 21:45:00+00:00,74310,74355,74272,74272,0.94822298
2025-12-26 22:00:00+00:00,74274,74388,74272,74272,1.15466655
2025-12-26 22:15:00+00:00,74283,74332,74222,74230,1.46991321
2025-12-26 22:30:00+00:00,74252,74323,74151,74219,1.45350086
2025-12-26 22:45:00+00:00,74217,74333,74146,74333,1.87317147
2025-12-26 23:00:00+00:00,74318,74350,74275,74289,1.04057972
2025-12-26 23:15:00+00:00,74287,74314,74270,74270,0.77321268
2025-12-26 23:30:00+00:00,74250,74279,74174,74194,1.54165617
2025-12-26 23:45:00+00:00,74180,74226,74154,74193,0.3068673
2025-12-27 00:00:00+00:00,74196,74217,74101,74125,5.89033619
2025-12-27 00:15:00+00:00,74148,74158,74100,74128,0.60007005
2025-12-27 00:30:00+00:00,74135,74203,74135,74202,0.2227182
2025-12-27 00:45:00+00:00,74202,74220,74189,74211,0.17083798
2025-12-27 01:00:00+00:00,74207,74216,74171,74215,0.180795
2025-12-27 01:15:00+00:00,74209,74213,74153,74203,0.57655194
2025-12-27 01:30:00+00:00,74214,74285,74210,74239,0.86003907
2025-12-27 01:45:00+00:00,74253,74290,74237,74286,0.2088879
2025-12-27 02:00:00+00:00,74291,74305,74213,74280,1.59325588
2025-12-27 02:15:00+00:00,74283,74283,74243,74256,0.53338922
2025-12-27 02:30:00+00:00,74259,74270,74238,74270,0.27036013
2025-12-27 02:45:00+00:00,74255,74279,74242,74260,0.58512961
2025-12-27 03:00:00+00:00,74267,74294,74208,74211,0.21923437
2025-12-27 03:15:00+00:00,74204,74244,74204,74244,0.0429556
2025-12-27 03:30:00+00:00,74251,74308,74251,74304,0.35527679
2025-12-27 03:45:00+00:00,74302,74330,74300,74310,0.03207851
2025-12-27 04:00:00+00:00,74312,74312,74277,74296,0.38738642
2025-12-27 04:15:00+00:00,74297,74297,74266,74274,0.12067708
2025-12-27 04:30:00+00:00,74274,74302,74265,74300,0.44032823
2025-12-27 04:45:00+00:00,74289,74289,74264,74277,0.53655965
2025-12-27 05:00:00+00:00,74275,74290,74254,74273,0.05297114
2025-12-27 05:15:00+00:00,74270,74276,74251,74269,0.24342311
2025-12-27 05:30:00+00:00,74267,74306,74264,74292,0.26198153
2025-12-27 05:45:00+00:00,74293,74319,74284,74310,0.17413626
2025-12-27 06:00:00+00:00,74317,74363,74279,74351,0.17963387
2025-12-27 06:15:00+00:00,74331,74331,74256,74279,0.21970736
2025-12-27 06:30:00+00:00,74263,74279,74239,74265,0.42504027
2025-12-27 06:45:00+00:00,74265,74283,74250,74279,0.35599412
2025-12-27 07:00:00+00:00,74279,74350,74278,74338,0.35796922
2025-12-27 07:15:00+00:00,74370,74480,74333,74381,0.66271646
2025-12-27 07:30:00+00:00,74368,74382,74333,74348,0.11158078
2025-12-27 07:45:00+00:00,74346,74357,74332,74341,0.40479178
2025-12-27 08:00:00+00:00,74340,74399,74340,74353,0.87968887
2025-12-27 08:15:00+00:00,74360,74447,74356,74392,0.96362927
2025-12-27 08:30:00+00:00,74384,74417,74374,74391,0.4189406
2025-12-27 08:45:00+00:00,74391,74392,74360,74373,0.38516999
2025-12-27 09:00:00+00:00,74372,74444,74366,74440,0.80173829
2025-12-27 09:15:00+00:00,74430,74438,74333,74357,2.45791628
2025-12-27 09:30:00+00:00,74366,74411,74358,74376,0.86811445
2025-12-27 09:45:00+00:00,74377,74414,74369,74393,0.73227518
2025-12-27 10:00:00+00:00,74394,74396,74336,74336,1.62519823
2025-12-27 10:15:00+00:00,74332,74409,74332,74332,0.9071268
2025-12-27 10:30:00+00:00,74321,74339,74182,74240,1.60295715
2025-12-27 10:45:00+00:00,74235,74299,74230,74294,0.4656482
2025-12-27 11:00:00+00:00,74286,74320,74259,74316,1.58142317
2025-12-27 11:15:00+00:00,74321,74342,74285,74293,1.10271713
2025-12-27 11:30:00+00:00,74293,74329,74280,74291,0.54420612
2025-12-27 11:45:00+00:00,74291,74333,74259,74282,0.50931017
2025-12-27 12:00:00+00:00,74282,74304,74226,74262,0.36463687
2025-12-27 12:15:00+00:00,74264,74300,74242,74293,0.6739183
2025-12-27 12:30:00+00:00,74290,74304,74277,74303,0.71013023
2025-12-27 12:45:00+00:00,74307,74307,74253,74272,0.4252784
2025-12-27 13:00:00+00:00,74279,74282,74226,74258,1.35764772
2025-12-27 13:15:00+00:00,74248,74264,74208,74214,0.8028979
2025-12-27 13:30:00+00:00,74214,74273,74139,74263,0.55623149
2025-12-27 13:45:00+00:00,74263,74269,74249,74258,1.24759735
2025-12-27 14:00:00+00:00,74249,74255,74196,74231,1.30345932
2025-12-27 14:15:00+00:00,74242,74245,74197,74214,0.69193941
2025-12-27 14:30:00+00:00,74215,74289,74210,74289,2.89851611
2025-12-27 14:45:00+00:00,74289,74322,74277,74309,1.45520762
2025-12-27 15:00:00+00:00,74309,74316,74257,74314,2.01926813
2025-12-27 15:15:00+00:00,74314,74314,74264,74306,2.20781891
2025-12-27 15:30:00+00:00,74304,74352,74304,74349,0.43605326
2025-12-27 15:45:00+00:00,74347,74354,74320,74324,0.36095156
2025-12-27 16:00:00+00:00,74322,74344,74281,74281,0.69554417
2025-12-27 16:15:00+00:00,74280,74296,74219,74253,0.62515043
2025-12-27 16:30:00+00:00,74258,74331,74258,74304,0.55466015
2025-12-27 16:45:00+00:00,74320,74322,74237,74269,4.99783955
2025-12-27 17:00:00+00:00,74270,74288,74244,74284,1.53985559
2025-12-27 17:15:00+00:00,74293,74312,74268,74304,0.52615076
2025-12-27 17:30:00+00:00,74300,74316,74281,74311,0.70080423
2025-12-27 17:45:00+00:00,74313,74336,74313,74321,0.58033934
2025-12-27 18:00:00+00:00,74325,74338,74298,74304,1.22860835
2025-12-27 18:15:00+00:00,74306,74329,74279,74307,1.6746569
2025-12-27 18:30:00+00:00,74311,74311,74285,74285,0.72666994
2025-12-27 18:45:00+00:00,74283,74297,74225,74267,0.88787456
2025-12-27 19:00:00+00:00,74272,74332,74261,74318,1.81936369
2025-12-27 19:15:00+00:00,74318,74328,74285,74318,0.41944002
2025-12-27 19:30:00+00:00,74320,74326,74295,74297,0.59326628
2025-12-27 19:45:00+00:00,74296,74325,74296,74321,0.32255288
2025-12-27 20:00:00+00:00,74323,74374,74323,74350,2.37482707
2025-12-27 20:15:00+00:00,74344,74346,74297,74297,1.39271569
2025-12-27 20:30:00+00:00,74300,74317,74283,74315,1.10303899
2025-12-27 20:45:00+00:00,74316,74318,74299,74316,0.58527119
2025-12-27 21:00:00+00:00,74315,74365,74308,74356,0.26380965
2025-12-27 21:15:00+00:00,74368,74375,74349,74375,0.44334551
2025-12-27 21:30:00+00:00,74379,74406,74367,74372,0.62759668
2025-12-27 21:45:00+00:00,74366,74402,74363,74398,0.89070383
2025-12-27 22:00:00+00:00,74398,74600,74368,74574,6.8512936
2025-12-27 22:15:00+00:00,74600,74638,74415,74415,2.89475515
2025-12-27 22:30:00+00:00,74410,74410,74260,74311,4.92058126
2025-12-27 22:45:00+00:00,74312,74384,74253,74312,0.50352971
2025-12-27 23:00:00+00:00,74322,74370,74305,74340,1.10301835
2025-12-27 23:15:00+00:00,74342,74446,74342,74381,1.24502484
2025-12-27 23:30:00+00:00,74396,74410,74387,74408,0.12061918
2025-12-27 23:45:00+00:00,74407,74643,74404,74569,6.99209514
2025-12-28 00:00:00+00:00,74597,74621,74511,74511,1.42122083
2025-12-28 00:15:00+00:00,74516,74528,74423,74431,0.71939939
2025-12-28 00:30:00+00:00,74438,74592,74430,74592,0.97337091
2025-12-28 00:45:00+00:00,74589,74600,74536,74550,0.25657895
2025-12-28 01:00:00+00:00,74552,74628,74549,74551,2.13958673
2025-12-28 01:15:00+00:00,74526,74539,74471,74516,0.30733419
2025-12-28 01:30:00+00:00,74515,74542,74465,74521,0.81001373
2025-12-28 01:45:00+00:00,74520,74520,74475,74494,0.367711
2025-12-28 02:00:00+00:00,74494,74497,74459,74488,1.30464394
2025-12-28 02:15:00+00:00,74487,74516,74487,74511,0.10212684
2025-12-28 02:30:00+00:00,74511,74552,74509,74535,0.04599795
2025-12-28 02:45:00+00:00,74543,74543,74498,74502,0.21160164
2025-12-28 03:00:00+00:00,74510,74544,74480,74493,0.67212632
2025-12-28 03:15:00+00:00,74495,74521,74442,74459,0.12655858
2025-12-28 03:30:00+00:00,74472,74484,74460,74461,0.06577552
2025-12-28 03:45:00+00:00,74467,74474,74455,74455,0.15698933
2025-12-28 04:00:00+00:00,74442,74539,74400,74516,0.21840796
2025-12-28 04:15:00+00:00,74504,74504,74457,74500,0.44386034
2025-12-28 04:30:00+00:00,74500,74500,74452,74462,0.1475472
2025-12-28 04:45:00+00:00,74463,74477,74419,74438,0.59376771
2025-12-28 05:00:00+00:00,74425,74425,74370,74416,0.55737961
2025-12-28 05:15:00+00:00,74412,74412,74341,74354,0.10827529
2025-12-28 05:30:00+00:00,74356,74408,74356,74401,0.09598378
2025-12-28 05:45:00+00:00,74416,74426,74353,74379,0.02322592
2025-12-28 06:00:00+00:00,74369,74416,74369,74416,1.16824498
2025-12-28 06:15:00+00:00,74420,74453,74414,74441,0.51968501
2025-12-28 06:30:00+00:00,74443,74494,74439,74494,0.8955101
2025-12-28 06:45:00+00:00,74494,74497,74440,74440,0.60575274
2025-12-28 07:00:00+00:00,74440,74444,74399,74429,1.75655705
2025-12-28 07:15:00+00:00,74431,74431,74395,74406,0.51965936
2025-12-28 07:30:00+00:00,74401,74418,74380,74391,2.38015602
2025-12-28 07:45:00+00:00,74391,74447,74388,74445,0.7665125
2025-12-28 08:00:00+00:00,74453,74508,74446,74494,0.9058353
2025-12-28 08:15:00+00:00,74500,74500,74462,74475,0.40723681
2025-12-28 08:30:00+00:00,74477,74640,74455,74519,0.42729878
2025-12-28 08:45:00+00:00,74514,74544,74476,74489,1.55425504
2025-12-28 09:00:00+00:00,74490,74566,74490,74553,1.08812929
2025-12-28 09:15:00+00:00,74557,74590,74536,74573,2.19491131
2025-12-28 09:30:00+00:00,74567,74575,74431,74482,2.92746287
2025-12-28 09:45:00+00:00,74480,74495,74460,74495,0.44515106
2025-12-28 10:00:00+00:00,74496,74632,74495,74570,2.76575779
2025-12-28 10:15:00+00:00,74581,74638,74552,74616,3.56813109
2025-12-28 10:30:00+00:00,74612,74639,74513,74529,2.9880942
2025-12-28 10:45:00+00:00,74527,74556,74516,74543,2.91564525
2025-12-28 11:00:00+00:00,74550,74598,74550,74588,1.58023752
2025-12-28 11:15:00+00:00,74590,74597,74549,74557,1.66822502
2025-12-28 11:30:00+00:00,74560,74560,74492,74509,1.3940606
2025-12-28 11:45:00+00:00,74513,74562,74505,74562,1.05363585
2025-12-28 12:00:00+00:00,74564,74564,74494,74529,5.33124717
2025-12-28 12:15:00+00:00,74520,74540,74497,74534,1.40013081
2025-12-28 12:30:00+00:00,74540,74540,74479,74492,1.93470107
2025-12-28 12:45:00+00:00,74491,74553,74484,74511,1.43315679
2025-12-28 13:00:00+00:00,74509,74593,74492,74492,2.53342956
2025-12-28 13:15:00+00:00,74484,74555,74469,74509,1.26819827
2025-12-28 13:30:00+00:00,74508,74595,74508,74560,3.64189776
2025-12-28 13:45:00+00:00,74569,74577,74534,74552,1.67539421
2025-12-28 14:00:00+00:00,74555,74642,74555,74632,4.61895991
2025-12-28 14:15:00+00:00,74628,74644,74586,74641,2.10086676
2025-12-28 14:30:00+00:00,74639,74750,74608,74658,9.82622929
2025-12-28 14:45:00+00:00,74684,74693,74571,74573,2.17662173
2025-12-28 15:00:00+00:00,74564,74656,74532,74637,1.59885761
2025-12-28 15:15:00+00:00,74646,74656,74607,74617,3.99194897
2025-12-28 15:30:00+00:00,74610,74610,74565,74592,0.86447066
2025-12-28 15:45:00+00:00,74596,74621,74510,74515,1.50768856
2025-12-28 16:00:00+00:00,74521,74582,74504,74545,1.99282612
2025-12-28 16:15:00+00:00,74548,74573,74430,74478,3.27558082
2025-12-28 16:30:00+00:00,74481,74520,74481,74493,0.90126989
2025-12-28 16:45:00+00:00,74495,74526,74486,74507,0.5482879
2025-12-28 17:00:00+00:00,74508,74576,74499,74573,2.33401427
2025-12-28 17:15:00+00:00,74587,74612,74558,74568,2.23085334
2025-12-28 17:30:00+00:00,74570,74570,74490,74494,2.96987349
2025-12-28 17:45:00+00:00,74501,74517,74438,74438,1.86645025
2025-12-28 18:00:00+00:00,74456,74456,74323,74392,2.78807744
2025-12-28 18:15:00+00:00,74391,74414,74218,74405,12.1357698
2025-12-28 18:30:00+00:00,74399,74442,74384,74403,0.86453852
2025-12-28 18:45:00+00:00,74401,74401,74260,74309,2.77024569
2025-12-28 19:00:00+00:00,74309,74371,74236,74360,3.29977596
2025-12-28 19:15:00+00:00,74361,74361,74222,74229,3.95567293
2025-12-28 19:30:00+00:00,74229,74347,74226,74232,13.81252305
2025-12-28 19:45:00+00:00,74220,74252,74185,74185,9.37469743
2025-12-28 20:00:00+00:00,74181,74229,74131,74178,2.73453442
2025-12-28 20:15:00+00:00,74183,74245,74182,74233,1.60194006
2025-12-28 20:30:00+00:00,74235,74282,74234,74274,0.99781035
2025-12-28 20:45:00+00:00,74254,74318,74205,74205,3.03402867
2025-12-28 21:00:00+00:00,74212,74251,74152,74247,2.54312137
2025-12-28 21:15:00+00:00,74256,74274,74197,74237,1.42243209
2025-12-28 21:30:00+00:00,74233,74288,74212,74272,0.73124205
2025-12-28 21:45:00+00:00,74272,74275,74228,74260,2.01418812
2025-12-28 22:00:00+00:00,74260,74300,74228,74264,6.12290425
2025-12-28 22:15:00+00:00,74271,74360,74261,74360,1.25166067
2025-12-28 22:30:00+00:00,74360,74426,74323,74369,2.72276064
2025-12-28 22:45:00+00:00,74410,74644,74400,74583,14.72622122
2025-12-28 23:00:00+00:00,74581,74681,74388,74391,6.74730813
2025-12-28 23:15:00+00:00,74391,74504,74391,74411,9.44366443
2025-12-28 23:30:00+00:00,74410,74510,74350,74510,0.78748662
2025-12-28 23:45:00+00:00,74505,74628,74498,74613,2.86396991
2025-12-29 00:00:00+00:00,74633,74633,74515,74547,3.15985894
2025-12-29 00:15:00+00:00,74555,74680,74503,74645,1.45279423
2025-12-29 00:30:00+00:00,74694,74890,74638,74769,9.70515461
2025-12-29 00:45:00+00:00,74773,74982,74727,74871,6.9749211
2025-12-29 01:00:00+00:00,74860,74877,74636,74654,2.32985358
2025-12-29 01:15:00+00:00,74666,74666,74482,74583,2.37816782
2025-12-29 01:30:00+00:00,74594,75000,74541,74827,4.81162666
2025-12-29 01:45:00+00:00,74856,74983,74856,74957,3.57552912
2025-12-29 02:00:00+00:00,74972,75649,74972,75641,26.50410371
2025-12-29 02:15:00+00:00,75654,75721,75334,75540,18.2032995
2025-12-29 02:30:00+00:00,75613,75643,75437,75533,5.29235099
2025-12-29 02:45:00+00:00,75518,75703,75512,75577,3.33661138
2025-12-29 03:00:00+00:00,75599,75861,75527,75860,4.23021136
2025-12-29 03:15:00+00:00,75855,75877,75748,75863,8.99727266
2025-12-29 03:30:00+00:00,75874,76300,75874,76290,21.0145889
2025-12-29 03:45:00+00:00,76290,76426,76174,76390,9.19080131
2025-12-29 04:00:00+00:00,76397,76430,76261,76359,11.7316362
2025-12-29 04:15:00+00:00,76361,76500,76315,76414,13.93097555
2025-12-29 04:30:00+00:00,76419,76679,76386,76560,6.83639248
2025-12-29 04:45:00+00:00,76547,76628,76500,76500,3.51012992
2025-12-29 05:00:00+00:00,76511,76664,76473,76592,9.46125929
2025-12-29 05:15:00+00:00,76588,76597,76487,76497,5.70490322
2025-12-29 05:30:00+00:00,76489,76573,76426,76501,13.63190016
2025-12-29 05:45:00+00:00,76510,76518,76349,76399,5.97088021
2025-12-29 06:00:00+00:00,76431,76431,76297,76401,11.55173552
2025-12-29 06:15:00+00:00,76400,76509,76307,76336,10.13227828
2025-12-29 06:30:00+00:00,76355,76364,76262,76299,2.95173735
2025-12-29 06:45:00+00:00,76269,76285,76133,76141,6.62682815
2025-12-29 07:00:00+00:00,76153,76212,75909,76036,24.43716265
2025-12-29 07:15:00+00:00,76048,76081,75892,75910,9.3479752
2025-12-29 07:30:00+00:00,75909,76016,75848,75909,10.85622573
2025-12-29 07:45:00+00:00,75909,75989,75883,75933,10.42977249
2025-12-29 08:00:00+00:00,75950,75996,75830,75993,8.04259717
2025-12-29 08:15:00+00:00,75995,76127,75971,76094,5.29695829
2025-12-29 08:30:00+00:00,76095,76120,75954,76011,7.09322391
2025-12-29 08:45:00+00:00,76022,76044,75745,75840,15.67666252
2025-12-29 09:00:00+00:00,75841,75931,75766,75844,18.10312542
2025-12-29 09:15:00+00:00,75842,75844,75661,75682,12.41984768
2025-12-29 09:30:00+00:00,75689,75692,74750,74794,58.25975411
2025-12-29 09:45:00+00:00,74793,74793,74419,74711,30.98800781
2025-12-29 10:00:00+00:00,74694,74854,74537,74688,17.35648926
2025-12-29 10:15:00+00:00,74680,74687,74538,74629,6.658008
2025-12-29 10:30:00+00:00,74621,74621,74498,74545,12.21672651
2025-12-29 10:45:00+00:00,74548,74564,74355,74474,6.59387602
2025-12-29 11:00:00+00:00,74474,74512,74329,74510,5.13761836
2025-12-29 11:15:00+00:00,74510,74516,74430,74463,5.45008729
2025-12-29 11:30:00+00:00,74463,74465,74325,74347,6.63434323
2025-12-29 11:45:00+00:00,74347,74382,74299,74331,9.05026625
2025-12-29 12:00:00+00:00,74335,74393,73794,73859,52.922362
2025-12-29 12:15:00+00:00,73860,74210,73739,74131,22.01030555
2025-12-29 12:30:00+00:00,74138,74282,74082,74181,23.27095432
2025-12-29 12:45:00+00:00,74181,74251,74154,74219,8.26447818
2025-12-29 13:00:00+00:00,74196,74356,74108,74152,6.21202292
2025-12-29 13:15:00+00:00,74153,74258,74107,74141,9.50845659
2025-12-29 13:30:00+00:00,74140,74195,74056,74094,6.0438178
2025-12-29 13:45:00+00:00,74100,74188,73991,74188,20.81724674
2025-12-29 14:00:00+00:00,74179,74210,74076,74210,7.89833065
2025-12-29 14:15:00+00:00,74208,74373,74145,74365,14.54769517
2025-12-29 14:30:00+00:00,74368,74786,74190,74706,13.79061402
2025-12-29 14:45:00+00:00,74699,74699,74030,74143,6.38328604
2025-12-29 15:00:00+00:00,74121,74376,73945,74376,9.62259144
2025-12-29 15:15:00+00:00,74382,74539,74209,74387,7.38529398
2025-12-29 15:30:00+00:00,74383,74549,74345,74504,3.69936196
2025-12-29 15:45:00+00:00,74477,74500,74292,74459,4.69869536
2025-12-29 16:00:00+00:00,74442,74591,74392,74538,3.27973553
2025-12-29 16:15:00+00:00,74549,74551,74283,74373,5.18127104
2025-12-29 16:30:00+00:00,74363,74557,74356,74434,15.63846606
2025-12-29 16:45:00+00:00,74441,74570,74361,74468,4.76045823
2025-12-29 17:00:00+00:00,74476,74583,74440,74476,4.47474458
2025-12-29 17:15:00+00:00,74446,74523,74242,74310,3.26687858
2025-12-29 17:30:00+00:00,74349,74472,74300,74461,1.64850252
2025-12-29 17:45:00+00:00,74478,74683,74477,74674,6.37394949
2025-12-29 18:00:00+00:00,74684,74803,74533,74601,8.53326475
2025-12-29 18:15:00+00:00,74608,74671,74510,74530,4.48108426
2025-12-29 18:30:00+00:00,74536,74597,74373,74437,4.76473333
2025-12-29 18:45:00+00:00,74413,74446,74235,74328,4.9514636
2025-12-29 19:00:00+00:00,74309,74492,74190,74409,6.52985543
2025-12-29 19:15:00+00:00,74413,74420,74303,74337,2.5060526
2025-12-29 19:30:00+00:00,74326,74399,74203,74224,6.63445622
2025-12-29 19:45:00+00:00,74230,74288,74150,74178,5.07683121
2025-12-29 20:00:00+00:00,74176,74314,74109,74308,9.6532878
2025-12-29 20:15:00+00:00,74293,74349,74131,74135,5.1832348
2025-12-29 20:30:00+00:00,74137,74189,74031,74045,3.70953874
2025-12-29 20:45:00+00:00,74067,74073,73926,74034,8.10562973
2025-12-29 21:00:00+00:00,73996,74134,73991,74114,3.95726338
2025-12-29 21:15:00+00:00,74116,74134,74005,74063,2.8495019
2025-12-29 21:30:00+00:00,74063,74121,74028,74117,3.21861929
2025-12-29 21:45:00+00:00,74115,74115,74065,74100,3.15291784
2025-12-29 22:00:00+00:00,74102,74102,73880,73916,11.22702933
2025-12-29 22:15:00+00:00,73923,74040,73914,74004,2.27027725
2025-12-29 22:30:00+00:00,74000,74140,73989,74140,1.29402291
2025-12-29 22:45:00+00:00,74120,74163,74083,74122,2.13043144
2025-12-29 23:00:00+00:00,74120,74153,74049,74112,8.24728367
2025-12-29 23:15:00+00:00,74112,74112,73990,73992,4.95134667
2025-12-29 23:30:00+00:00,73991,74036,73967,73999,2.2956305
2025-12-29 23:45:00+00:00,74002,74043,73988,74023,1.33284945
2025-12-30 00:00:00+00:00,74017,74098,73982,74069,1.65700092
2025-12-30 00:15:00+00:00,74062,74118,74060,74062,0.65877568
2025-12-30 00:30:00+00:00,74060,74060,73907,73940,4.62553872
2025-12-30 00:45:00+00:00,73959,74053,73959,74018,2.96379705
2025-12-30 01:00:00+00:00,74035,74072,73947,74014,0.80786126
2025-12-30 01:15:00+00:00,74016,74076,73989,74017,1.04623948
2025-12-30 01:30:00+00:00,74028,74061,73930,74052,2.41531514
2025-12-30 01:45:00+00:00,74046,74122,74042,74080,2.09758855
2025-12-30 02:00:00+00:00,74079,74079,73895,73985,3.43443328
2025-12-30 02:15:00+00:00,74003,74109,74003,74025,5.20666874
2025-12-30 02:30:00+00:00,74017,74044,73800,73944,7.99532761
2025-12-30 02:45:00+00:00,73928,73928,73792,73900,1.7240048
2025-12-30 03:00:00+00:00,73907,73907,73755,73775,1.98525044
2025-12-30 03:15:00+00:00,73756,74072,73682,74046,9.33798135
2025-12-30 03:30:00+00:00,74061,74061,73985,74036,0.28155911
2025-12-30 03:45:00+00:00,74076,74179,74044,74144,8.62842058
2025-12-30 04:00:00+00:00,74150,74184,74063,74085,2.66035942
2025-12-30 04:15:00+00:00,74080,74220,74079,74195,1.95485387
2025-12-30 04:30:00+00:00,74205,74206,74139,74169,1.53424335
2025-12-30 04:45:00+00:00,74169,74169,74046,74049,1.73224844
2025-12-30 05:00:00+00:00,74056,74099,74039,74099,0.86443224
2025-12-30 05:15:00+00:00,74099,74099,73989,74034,1.18086411
2025-12-30 05:30:00+00:00,74021,74022,73924,74009,2.00331433
2025-12-30 05:45:00+00:00,74005,74030,73971,74016,1.88514116
2025-12-30 06:00:00+00:00,74012,74091,74000,74086,2.53958071
2025-12-30 06:15:00+00:00,74074,74147,74074,74130,2.41446202
2025-12-30 06:30:00+00:00,74119,74233,74116,74202,2.11170063
2025-12-30 06:45:00+00:00,74209,74255,74152,74170,3.43878359
2025-12-30 07:00:00+00:00,74177,74277,74145,74268,4.89870676
2025-12-30 07:15:00+00:00,74250,74321,74156,74191,7.5918844
2025-12-30 07:30:00+00:00,74188,74309,74163,74269,4.48065705
2025-12-30 07:45:00+00:00,74270,74279,74237,74260,6.53665656
2025-12-30 08:00:00+00:00,74260,74734,74256,74617,18.76931502
2025-12-30 08:15:00+00:00,74614,74892,74496,74537,26.11830452
2025-12-30 08:30:00+00:00,74537,74666,74482,74584,17.02720201
2025-12-30 08:45:00+00:00,74596,74670,74546,74583,11.13090129
2025-12-30 09:00:00+00:00,74593,74631,74505,74524,8.31078399
2025-12-30 09:15:00+00:00,74517,74523,74381,74400,5.20216166
2025-12-30 09:30:00+00:00,74398,74540,74384,74537,5.40586027
2025-12-30 09:45:00+00:00,74530,74704,74492,74687,8.91032989
2025-12-30 10:00:00+00:00,74684,74787,74635,74693,13.22059125
2025-12-30 10:15:00+00:00,74683,74732,74626,74677,3.5300098
2025-12-30 10:30:00+00:00,74671,74781,74587,74775,3.90176222
2025-12-30 10:45:00+00:00,74783,74816,74602,74620,3.72412601
2025-12-30 11:00:00+00:00,74614,74685,74586,74679,4.7459432
2025-12-30 11:15:00+00:00,74686,74696,74585,74616,4.47479858
2025-12-30 11:30:00+00:00,74623,74693,74601,74610,3.20001733
2025-12-30 11:45:00+00:00,74612,74659,74514,74643,8.05540984
2025-12-30 12:00:00+00:00,74637,74775,74637,74748,7.07859681
2025-12-30 12:15:00+00:00,74746,74797,74710,74721,1.47736042
2025-12-30 12:30:00+00:00,74723,74771,74659,74715,2.42760906
2025-12-30 12:45:00+00:00,74728,74750,74684,74749,5.67637164
2025-12-30 13:00:00+00:00,74750,74788,74680,74694,4.24602703
2025-12-30 13:15:00+00:00,74691,74831,74654,74812,15.19937602
2025-12-30 13:30:00+00:00,74818,74850,74646,74791,6.49653863
2025-12-30 13:45:00+00:00,74806,74833,74734,74824,6.75752795
2025-12-30 14:00:00+00:00,74815,74815,74600,74766,3.99978092
2025-12-30 14:15:00+00:00,74772,75054,74756,74848,22.35835149
2025-12-30 14:30:00+00:00,74874,74966,74680,74843,25.13155232
2025-12-30 14:45:00+00:00,74842,75594,74780,75487,31.70860197
2025-12-30 15:00:00+00:00,75494,75635,74912,75100,30.96988202
2025-12-30 15:15:00+00:00,75119,75299,75007,75198,9.44558593
2025-12-30 15:30:00+00:00,75233,75518,75205,75505,15.82999526
2025-12-30 15:45:00+00:00,75500,75786,75415,75627,18.03932679
2025-12-30 16:00:00+00:00,75647,75772,75470,75615,21.23677388
2025-12-30 16:15:00+00:00,75632,75950,75609,75789,34.96344508
2025-12-30 16:30:00+00:00,75806,75836,75307,75350,8.76508044
2025-12-30 16:45:00+00:00,75384,75412,75214,75372,7.58205391
2025-12-30 17:00:00+00:00,75371,75514,75356,75411,10.99698353
2025-12-30 17:15:00+00:00,75418,75443,75185,75284,7.55274352
2025-12-30 17:30:00+00:00,75255,75350,75224,75239,8.16365654
2025-12-30 17:45:00+00:00,75233,75239,74897,75109,26.82635401
2025-12-30 18:00:00+00:00,75101,75131,75015,75037,6.33644609
2025-12-30 18:15:00+00:00,75043,75164,75043,75107,2.98039523
2025-12-30 18:30:00+00:00,75114,75224,75079,75139,4.61221426
2025-12-30 18:45:00+00:00,75110,75125,74924,75096,4.67348235
2025-12-30 19:00:00+00:00,75066,75077,74788,74878,10.60678678
2025-12-30 19:15:00+00:00,74887,75142,74850,75101,5.11135087
2025-12-30 19:30:00+00:00,75090,75185,75049,75086,6.25335318
2025-12-30 19:45:00+00:00,75081,75100,74947,75027,5.63090782
2025-12-30 20:00:00+00:00,75024,75026,74918,74935,6.25081352
2025-12-30 20:15:00+00:00,74938,74993,74837,74871,4.18133385
2025-12-30 20:30:00+00:00,74877,74959,74838,74875,4.44744993
2025-12-30 20:45:00+00:00,74850,74862,74725,74775,6.70992613
2025-12-30 21:00:00+00:00,74782,74895,74722,74875,4.73426543
2025-12-30 21:15:00+00:00,74882,74993,74879,74955,6.17264141
2025-12-30 21:30:00+00:00,74955,75072,74955,75049,12.45064195
2025-12-30 21:45:00+00:00,75057,75102,75009,75048,3.20183463
2025-12-30 22:00:00+00:00,75046,75200,75046,75200,6.88889909
2025-12-30 22:15:00+00:00,75152,75175,75110,75166,3.12916386
2025-12-30 22:30:00+00:00,75166,75198,75054,75082,3.77288732
2025-12-30 22:45:00+00:00,75058,75176,75050,75176,5.37751596
2025-12-30 23:00:00+00:00,75163,75230,75103,75189,4.82634844
2025-12-30 23:15:00+00:00,75191,75292,75160,75292,4.99662666
2025-12-30 23:30:00+00:00,75283,75297,75237,75281,4.37840649
2025-12-30 23:45:00+00:00,75278,75299,75226,75250,4.20533548
2025-12-31 00:00:00+00:00,75228,75228,75097,75150,5.14602858
2025-12-31 00:15:00+00:00,75143,75211,75079,75145,1.8971359
2025-12-31 00:30:00+00:00,75148,75148,75028,75101,2.55563341
2025-12-31 00:45:00+00:00,75100,75100,75019,75037,0.28821222
2025-12-31 01:00:00+00:00,75035,75098,74964,75073,2.26038958
2025-12-31 01:15:00+00:00,75070,75400,75070,75314,4.97616325
2025-12-31 01:30:00+00:00,75335,75462,75335,75433,1.00682999
2025-12-31 01:45:00+00:00,75444,75479,75324,75389,3.39235315
2025-12-31 02:00:00+00:00,75367,75431,75284,75431,1.31713752
2025-12-31 02:15:00+00:00,75434,75481,75388,75423,3.95764863
2025-12-31 02:30:00+00:00,75427,75485,75322,75360,1.31192548
2025-12-31 02:45:00+00:00,75379,75456,75300,75415,1.01767119
2025-12-31 03:00:00+00:00,75442,75550,75442,75491,2.76512031
2025-12-31 03:15:00+00:00,75476,75476,75288,75288,0.36062752
2025-12-31 03:30:00+00:00,75302,75314,75170,75234,1.07539217
2025-12-31 03:45:00+00:00,75228,75247,75195,75223,1.18500212
2025-12-31 04:00:00+00:00,75225,75271,75189,75243,0.43753962
2025-12-31 04:15:00+00:00,75251,75320,75188,75211,1.7354466
2025-12-31 04:30:00+00:00,75216,75251,75200,75200,0.8674994
2025-12-31 04:45:00+00:00,75183,75238,75154,75162,2.61874837
2025-12-31 05:00:00+00:00,75180,75273,75180,75225,2.76436372
2025-12-31 05:15:00+00:00,75231,75266,75183,75266,0.20436136
2025-12-31 05:30:00+00:00,75257,75314,75240,75314,0.94030033
2025-12-31 05:45:00+00:00,75312,75312,75239,75250,0.80253211
2025-12-31 06:00:00+00:00,75248,75330,75247,75324,1.00631187
2025-12-31 06:15:00+00:00,75323,75347,75279,75319,2.16204779
2025-12-31 06:30:00+00:00,75319,75349,75270,75281,1.07691947
2025-12-31 06:45:00+00:00,75286,75314,75263,75288,1.1074441
2025-12-31 07:00:00+00:00,75293,75297,75224,75290,1.07626996
2025-12-31 07:15:00+00:00,75295,75379,75257,75348,5.03087641
2025-12-31 07:30:00+00:00,75347,75411,75329,75375,1.59115079
2025-12-31 07:45:00+00:00,75374,75408,75350,75379,2.46294589
2025-12-31 08:00:00+00:00,75381,75487,75377,75466,3.34757283
2025-12-31 08:15:00+00:00,75456,75468,75397,75458,6.39864389
2025-12-31 08:30:00+00:00,75458,75458,75238,75261,10.07569866
2025-12-31 08:45:00+00:00,75261,75336,75234,75314,14.04080957
2025-12-31 09:00:00+00:00,75313,75427,75313,75393,7.29449612
2025-12-31 09:15:00+00:00,75397,75424,75375,75408,5.84161293
2025-12-31 09:30:00+00:00,75390,75449,75372,75421,4.41766666
2025-12-31 09:45:00+00:00,75420,75476,75415,75432,1.64419283
2025-12-31 10:00:00+00:00,75433,75601,75433,75578,11.40730861
2025-12-31 10:15:00+00:00,75583,75641,75464,75525,5.44896125
2025-12-31 10:30:00+00:00,75531,75532,75433,75500,3.71305171
2025-12-31 10:45:00+00:00,75491,75584,75463,75560,9.20905912
2025-12-31 11:00:00+00:00,75584,75639,75551,75563,14.89732281
2025-12-31 11:15:00+00:00,75568,75630,75510,75630,6.88640979
2025-12-31 11:30:00+00:00,75630,75704,75592,75704,12.27215318
2025-12-31 11:45:00+00:00,75695,75733,75638,75696,13.45568734
2025-12-31 12:00:00+00:00,75689,75704,75577,75615,6.50140059
2025-12-31 12:15:00+00:00,75617,75657,75542,75579,5.62591184
2025-12-31 12:30:00+00:00,75585,75611,75441,75456,12.13097163
2025-12-31 12:45:00+00:00,75458,75492,75370,75401,5.43249447
2025-12-31 13:00:00+00:00,75411,75485,75377,75471,7.80944144
2025-12-31 13:15:00+00:00,75474,75513,75456,75460,6.881441
2025-12-31 13:30:00+00:00,75467,75494,75420,75475,3.87324838
2025-12-31 13:45:00+00:00,75476,75700,75453,75659,9.38560071
2025-12-31 14:00:00+00:00,75646,75843,75625,75779,13.28661839
2025-12-31 14:15:00+00:00,75765,75780,75619,75636,7.72202029
2025-12-31 14:30:00+00:00,75636,75636,75313,75393,17.39359942
2025-12-31 14:45:00+00:00,75392,75399,75090,75260,24.42203305
2025-12-31 15:00:00+00:00,75259,75296,74875,75093,23.53730116
2025-12-31 15:15:00+00:00,75041,75080,74834,74897,17.31514473
2025-12-31 15:30:00+00:00,74884,74974,74675,74912,11.05906797
2025-12-31 15:45:00+00:00,74896,75015,74747,74773,30.46407191
2025-12-31 16:00:00+00:00,74778,74814,74651,74723,19.6237685
2025-12-31 16:15:00+00:00,74724,74857,74565,74775,40.00605623
2025-12-31 16:30:00+00:00,74769,74796,74365,74429,32.77131759
2025-12-31 16:45:00+00:00,74433,74595,74398,74562,14.79485804
2025-12-31 17:00:00+00:00,74525,74591,74416,74454,5.73591952
2025-12-31 17:15:00+00:00,74454,74626,74410,74500,9.10253019
2025-12-31 17:30:00+00:00,74516,74562,74437,74513,8.98103627
2025-12-31 17:45:00+00:00,74513,74555,74448,74514,11.32059411
2025-12-31 18:00:00+00:00,74517,74792,74448,74764,13.13711639
2025-12-31 18:15:00+00:00,74751,74805,74680,74763,7.99361159
2025-12-31 18:30:00+00:00,74766,74766,74655,74699,8.26575967
2025-12-31 18:45:00+00:00,74696,74707,74534,74535,7.09092033
2025-12-31 19:00:00+00:00,74545,74675,74545,74606,3.4247082
2025-12-31 19:15:00+00:00,74599,74642,74500,74552,5.43188389
2025-12-31 19:30:00+00:00,74545,74546,74456,74465,4.88783788
2025-12-31 19:45:00+00:00,74461,74532,74350,74385,12.70666816
2025-12-31 20:00:00+00:00,74376,74379,74268,74367,5.76429993
2025-12-31 20:15:00+00:00,74360,74382,74258,74299,4.8190154
2025-12-31 20:30:00+00:00,74285,74336,74092,74253,14.75835998
2025-12-31 20:45:00+00:00,74241,74480,74202,74430,13.84300505
2025-12-31 21:00:00+00:00,74448,74539,74439,74503,14.14103636
2025-12-31 21:15:00+00:00,74494,74535,74476,74515,3.40972644
2025-12-31 21:30:00+00:00,74525,74600,74516,74566,1.72636682
2025-12-31 21:45:00+00:00,74564,74572,74513,74550,6.54653844
2025-12-31 22:00:00+00:00,74536,74565,74509,74561,10.77132055
2025-12-31 22:15:00+00:00,74568,74581,74526,74562,7.31094852
2025-12-31 22:30:00+00:00,74562,74570,74419,74452,8.09915157
2025-12-31 22:45:00+00:00,74454,74472,74369,74421,11.58881788
2025-12-31 23:00:00+00:00,74414,74444,74377,74435,8.65659102
2025-12-31 23:15:00+00:00,74443,74507,74416,74479,16.35075913
2025-12-31 23:30:00+00:00,74483,74502,74453,74495,6.53420604
2025-12-31 23:45:00+00:00,74494,74509,74451,74470,2.76871402
2026-01-01 00:00:00+00:00,74470,74609,74456,74512,17.6538042
2026-01-01 00:15:00+00:00,74530,74551,74518,74548,1.33672539
2026-01-01 00:30:00+00:00,74545,74556,74509,74534,1.93701855
2026-01-01 00:45:00+00:00,74532,74584,74530,74532,5.16321978
2026-01-01 01:00:00+00:00,74546,74694,74540,74676,8.47562436
2026-01-01 01:15:00+00:00,74671,74730,74595,74600,1.44309927
2026-01-01 01:30:00+00:00,74603,74628,74568,74615,1.18133059
2026-01-01 01:45:00+00:00,74615,74716,74602,74670,1.69530141
2026-01-01 02:00:00+00:00,74670,74738,74620,74710,1.68232587
2026-01-01 02:15:00+00:00,74707,74776,74663,74676,2.46799565
2026-01-01 02:30:00+00:00,74685,74759,74664,74674,1.95108793
2026-01-01 02:45:00+00:00,74688,74690,74621,74639,3.28519058
2026-01-01 03:00:00+00:00,74643,74711,74619,74711,0.23424535
2026-01-01 03:15:00+00:00,74704,74731,74632,74664,0.13754124
2026-01-01 03:30:00+00:00,74657,74684,74642,74670,0.68564306
2026-01-01 03:45:00+00:00,74664,74665,74573,74592,0.37205932
2026-01-01 04:00:00+00:00,74603,74603,74422,74435,0.61228207
2026-01-01 04:15:00+00:00,74425,74436,74343,74410,0.79554623
2026-01-01 04:30:00+00:00,74431,74441,74352,74352,2.94214926
2026-01-01 04:45:00+00:00,74364,74429,74354,74384,1.44471415
2026-01-01 05:00:00+00:00,74372,74496,74372,74470,0.0572942
2026-01-01 05:15:00+00:00,74474,74507,74447,74479,0.19796565
2026-01-01 05:30:00+00:00,74477,74504,74409,74475,5.30714505
2026-01-01 05:45:00+00:00,74464,74488,74464,74480,0.13444012
2026-01-01 06:00:00+00:00,74477,74480,74402,74423,1.41611214
2026-01-01 06:15:00+00:00,74421,74426,74407,74418,0.10741268
2026-01-01 06:30:00+00:00,74415,74427,74411,74415,0.52121929
2026-01-01 06:45:00+00:00,74415,74423,74410,74414,0.14462708
2026-01-01 07:00:00+00:00,74415,74435,74375,74420,1.72405015
2026-01-01 07:15:00+00:00,74417,74448,74386,74387,1.3439535
2026-01-01 07:30:00+00:00,74392,74452,74392,74417,0.77043726
2026-01-01 07:45:00+00:00,74412,74449,74395,74413,1.49658798
2026-01-01 08:00:00+00:00,74416,74567,74409,74530,2.33769154
2026-01-01 08:15:00+00:00,74531,74542,74499,74527,3.98916992
2026-01-01 08:30:00+00:00,74532,74565,74500,74501,3.70498992
2026-01-01 08:45:00+00:00,74510,74566,74510,74566,0.970498
2026-01-01 09:00:00+00:00,74566,74649,74546,74645,3.98047379
2026-01-01 09:15:00+00:00,74643,74731,74620,74634,4.26392909
2026-01-01 09:30:00+00:00,74632,74681,74632,74676,1.14685956
2026-01-01 09:45:00+00:00,74676,74689,74657,74686,4.35972135
2026-01-01 10:00:00+00:00,74686,74694,74662,74668,0.43767517
2026-01-01 10:15:00+00:00,74660,74660,74616,74650,4.9643706
2026-01-01 10:30:00+00:00,74650,74661,74630,74643,1.91186829
2026-01-01 10:45:00+00:00,74642,74676,74631,74659,1.19688817
2026-01-01 11:00:00+00:00,74659,74724,74643,74706,2.21354032
2026-01-01 11:15:00+00:00,74706,74756,74704,74719,2.79000351
2026-01-01 11:30:00+00:00,74719,74749,74671,74714,3.00839747
2026-01-01 11:45:00+00:00,74716,74805,74716,74798,1.52477174
2026-01-01 12:00:00+00:00,74798,74813,74762,74783,1.00934443
2026-01-01 12:15:00+00:00,74776,74802,74739,74783,3.14900886
2026-01-01 12:30:00+00:00,74778,74788,74712,74771,0.96307309
2026-01-01 12:45:00+00:00,74771,74782,74750,74750,0.77573403
2026-01-01 13:00:00+00:00,74730,74800,74710,74796,1.65710548
2026-01-01 13:15:00+00:00,74788,74834,74773,74798,1.39135105
2026-01-01 13:30:00+00:00,74799,74809,74773,74803,0.54616173
2026-01-01 13:45:00+00:00,74803,74803,74700,74748,4.23636711
2026-01-01 14:00:00+00:00,74749,74800,74677,74795,5.36214537
2026-01-01 14:15:00+00:00,74793,74800,74709,74728,2.67183024
2026-01-01 14:30:00+00:00,74729,74759,74673,74747,3.72069334
2026-01-01 14:45:00+00:00,74752,74809,74736,74799,1.86788766
2026-01-01 15:00:00+00:00,74795,74829,74766,74828,1.43060806
2026-01-01 15:15:00+00:00,74830,74910,74808,74854,1.52501345
2026-01-01 15:30:00+00:00,74846,74925,74789,74857,2.50844227
2026-01-01 15:45:00+00:00,74851,74909,74829,74861,0.84334623
2026-01-01 16:00:00+00:00,74860,74870,74762,74787,2.46749782
2026-01-01 16:15:00+00:00,74789,74806,74716,74798,3.30575933
2026-01-01 16:30:00+00:00,74798,74825,74767,74769,2.4001401
2026-01-01 16:45:00+00:00,74768,74818,74768,74817,0.81746371
2026-01-01 17:00:00+00:00,74817,74888,74797,74872,2.27282469
2026-01-01 17:15:00+00:00,74871,75062,74862,75047,6.54970149
2026-01-01 17:30:00+00:00,75064,75257,75064,75132,11.33364252
2026-01-01 17:45:00+00:00,75114,75200,75063,75086,1.91181808
2026-01-01 18:00:00+00:00,75110,75135,74955,74958,4.93951583
2026-01-01 18:15:00+00:00,74952,75035,74887,74897,2.66328487
2026-01-01 18:30:00+00:00,74912,74976,74912,74975,1.31913119
2026-01-01 18:45:00+00:00,74973,75008,74951,74990,1.37259778
2026-01-01 19:00:00+00:00,74994,74994,74900,74921,1.25224538
2026-01-01 19:15:00+00:00,74939,74982,74931,74967,2.44272416
2026-01-01 19:30:00+00:00,74973,75118,74965,75105,1.01923338
2026-01-01 19:45:00+00:00,75100,75205,75085,75149,4.06646749
2026-01-01 20:00:00+00:00,75150,75161,75079,75147,5.56373068
2026-01-01 20:15:00+00:00,75147,75181,75127,75181,1.94791556
2026-01-01 20:30:00+00:00,75181,75182,75081,75085,2.07085645
2026-01-01 20:45:00+00:00,75095,75114,75076,75091,1.66521721
2026-01-01 21:00:00+00:00,75091,75203,75065,75164,17.77209716
2026-01-01 21:15:00+00:00,75162,75175,75135,75162,0.93077662
2026-01-01 21:30:00+00:00,75159,75167,75112,75112,1.20075714
2026-01-01 21:45:00+00:00,75111,75174,75090,75164,2.30491638
2026-01-01 22:00:00+00:00,75163,75334,75163,75234,15.98099126
2026-01-01 22:15:00+00:00,75241,75289,75201,75250,0.60670034
2026-01-01 22:30:00+00:00,75253,75298,75152,75298,1.17481311
2026-01-01 22:45:00+00:00,75297,75389,75245,75340,2.63903204
2026-01-01 23:00:00+00:00,75366,75446,75213,75295,9.34089908
2026-01-01 23:15:00+00:00,75303,75473,75296,75436,1.83282291
2026-01-01 23:30:00+00:00,75434,75548,75434,75548,3.60028269
2026-01-01 23:45:00+00:00,75556,75582,75440,75519,2.094745
2026-01-02 00:00:00+00:00,75519,75544,75296,75326,17.43329794
2026-01-02 00:15:00+00:00,75336,75399,75289,75393,5.87006424
2026-01-02 00:30:00+00:00,75384,75524,75325,75369,2.21924456
2026-01-02 00:45:00+00:00,75374,75528,75374,75482,1.38682887
2026-01-02 01:00:00+00:00,75489,75511,75383,75397,1.14336055
2026-01-02 01:15:00+00:00,75398,75398,75335,75335,1.73050921
2026-01-02 01:30:00+00:00,75328,75347,75194,75292,2.59882552
2026-01-02 01:45:00+00:00,75278,75302,75254,75281,0.04536416
2026-01-02 02:00:00+00:00,75294,75304,75100,75126,1.45342797
2026-01-02 02:15:00+00:00,75151,75181,75059,75097,2.99554669
2026-01-02 02:30:00+00:00,75099,75191,75099,75152,0.06607193
2026-01-02 02:45:00+00:00,75159,75293,75150,75290,2.35974212
2026-01-02 03:00:00+00:00,75269,75554,75219,75554,1.49208158
2026-01-02 03:15:00+00:00,75560,75560,75429,75467,3.05817669
2026-01-02 03:30:00+00:00,75500,75674,75446,75547,7.55246211
2026-01-02 03:45:00+00:00,75564,75673,75460,75522,2.57690824
2026-01-02 04:00:00+00:00,75524,75562,75419,75420,2.47363753
2026-01-02 04:15:00+00:00,75443,75445,75330,75365,3.986447
2026-01-02 04:30:00+00:00,75394,75457,75373,75375,1.5777553
2026-01-02 04:45:00+00:00,75384,75418,75277,75307,2.69330368
2026-01-02 05:00:00+00:00,75311,75375,75302,75335,1.30559359
2026-01-02 05:15:00+00:00,75333,75410,75258,75258,2.18646844
2026-01-02 05:30:00+00:00,75251,75357,75246,75343,2.02358425
2026-01-02 05:45:00+00:00,75344,75463,75344,75436,2.06002534
2026-01-02 06:00:00+00:00,75434,75533,75423,75485,1.55430043
2026-01-02 06:15:00+00:00,75485,75624,75485,75624,1.46791954
2026-01-02 06:30:00+00:00,75623,75759,75623,75672,4.12186819
2026-01-02 06:45:00+00:00,75720,75735,75630,75646,3.09744822
2026-01-02 07:00:00+00:00,75670,75747,75648,75717,2.3063701
2026-01-02 07:15:00+00:00,75722,75722,75581,75590,12.74150145
2026-01-02 07:30:00+00:00,75618,75652,75599,75602,4.65747245
2026-01-02 07:45:00+00:00,75624,75655,75589,75626,17.66111255
2026-01-02 08:00:00+00:00,75626,75790,75586,75789,14.17970254
2026-01-02 08:15:00+00:00,75789,75878,75759,75843,11.41211248
2026-01-02 08:30:00+00:00,75840,75917,75802,75862,9.47297406
2026-01-02 08:45:00+00:00,75865,75955,75846,75942,11.58914107
2026-01-02 09:00:00+00:00,75940,76032,75863,75995,22.69170455
2026-01-02 09:15:00+00:00,75998,76010,75867,75938,12.16769941
2026-01-02 09:30:00+00:00,75913,76000,75903,76000,10.23816067
2026-01-02 09:45:00+00:00,76003,76236,75983,76226,14.75859557
2026-01-02 10:00:00+00:00,76230,76570,76226,76570,32.38578658
2026-01-02 10:15:00+00:00,76569,76666,76388,76388,21.07528648
2026-01-02 10:30:00+00:00,76404,76498,76380,76471,17.47811375
2026-01-02 10:45:00+00:00,76487,76510,76388,76419,10.94530051
2026-01-02 11:00:00+00:00,76419,76437,76292,76325,11.32746227
2026-01-02 11:15:00+00:00,76309,76350,76158,76164,8.31833257
2026-01-02 11:30:00+00:00,76177,76322,76164,76319,8.97874709
2026-01-02 11:45:00+00:00,76312,76359,76273,76286,2.65154177
2026-01-02 12:00:00+00:00,76285,76320,76163,76246,5.07910409
2026-01-02 12:15:00+00:00,76248,76347,76201,76231,5.9717163
2026-01-02 12:30:00+00:00,76233,76310,76212,76272,4.79603168
2026-01-02 12:45:00+00:00,76272,76313,76200,76201,9.06543641
2026-01-02 13:00:00+00:00,76200,76293,76176,76248,7.56619693
2026-01-02 13:15:00+00:00,76247,76455,76247,76342,16.08438557
2026-01-02 13:30:00+00:00,76344,76370,76214,76255,15.68281704
2026-01-02 13:45:00+00:00,76255,76316,76138,76174,6.20150385
2026-01-02 14:00:00+00:00,76169,76219,75980,76002,14.76728638
2026-01-02 14:15:00+00:00,75996,76009,75652,75774,20.27318879
2026-01-02 14:30:00+00:00,75757,76280,75408,76200,50.6552511
2026-01-02 14:45:00+00:00,76210,76800,75950,76354,51.02662198
2026-01-02 15:00:00+00:00,76382,76581,75908,75969,40.8311558
2026-01-02 15:15:00+00:00,75936,76125,75656,75937,31.60389173
2026-01-02 15:30:00+00:00,75927,76482,75878,76448,15.37865999
2026-01-02 15:45:00+00:00,76444,76565,75990,76099,17.86480193
2026-01-02 16:00:00+00:00,76077,76460,75941,76450,35.22061791
2026-01-02 16:15:00+00:00,76420,76794,76420,76695,31.48376366
2026-01-02 16:30:00+00:00,76681,77382,76679,76770,62.25237437
2026-01-02 16:45:00+00:00,76784,77051,76603,76991,28.84026056
2026-01-02 17:00:00+00:00,76983,77330,76983,77208,27.00554946
2026-01-02 17:15:00+00:00,77206,77507,77141,77184,32.48771289
2026-01-02 17:30:00+00:00,77206,77261,76973,77109,15.99774077
2026-01-02 17:45:00+00:00,77115,77167,76856,77029,12.70318035
2026-01-02 18:00:00+00:00,77016,77196,76929,77032,12.25467312
2026-01-02 18:15:00+00:00,77035,77212,76978,77016,14.69855522
2026-01-02 18:30:00+00:00,77008,77042,76756,76807,19.9939548
2026-01-02 18:45:00+00:00,76793,76862,76383,76563,17.1599273
2026-01-02 19:00:00+00:00,76589,76777,76469,76754,12.28896914
2026-01-02 19:15:00+00:00,76775,76921,76654,76757,12.2164879
2026-01-02 19:30:00+00:00,76763,76866,76683,76800,10.99308667
2026-01-02 19:45:00+00:00,76821,76890,76650,76681,5.39202364
2026-01-02 20:00:00+00:00,76680,76846,76609,76843,12.93393802
2026-01-02 20:15:00+00:00,76845,76856,76675,76682,8.85952259
2026-01-02 20:30:00+00:00,76679,76747,76619,76692,5.69536492
2026-01-02 20:45:00+00:00,76709,76735,76485,76593,11.17055486
2026-01-02 21:00:00+00:00,76606,76651,76553,76612,3.83567098
2026-01-02 21:15:00+00:00,76609,76800,76605,76771,9.27230229
2026-01-02 21:30:00+00:00,76772,76775,76672,76739,12.06794651
2026-01-02 21:45:00+00:00,76732,76946,76694,76846,14.43804298
2026-01-02 22:00:00+00:00,76848,77074,76810,76880,5.46851087
2026-01-02 22:15:00+00:00,76882,76981,76850,76911,1.8927657
2026-01-02 22:30:00+00:00,76902,77085,76838,77066,4.54569529
2026-01-02 22:45:00+00:00,77062,77138,76952,76966,5.93051063
2026-01-02 23:00:00+00:00,76950,76977,76868,76869,1.86233767
2026-01-02 23:15:00+00:00,76869,76914,76749,76758,0.63379143
2026-01-02 23:30:00+00:00,76760,76801,76719,76772,2.18158639
2026-01-02 23:45:00+00:00,76774,76817,76732,76796,7.01852997
2026-01-03 00:00:00+00:00,76789,76909,76777,76840,2.476442
2026-01-03 00:15:00+00:00,76836,76887,76763,76880,2.18765775
2026-01-03 00:30:00+00:00,76871,76896,76825,76877,1.00558877
2026-01-03 00:45:00+00:00,76871,76975,76871,76942,2.3172256
2026-01-03 01:00:00+00:00,76928,77005,76919,77005,1.77068971
2026-01-03 01:15:00+00:00,76998,77005,76861,76871,0.8704494
2026-01-03 01:30:00+00:00,76868,76965,76860,76953,0.63892287
2026-01-03 01:45:00+00:00,76948,77065,76948,77054,2.18643814
2026-01-03 02:00:00+00:00,77040,77040,76917,76942,1.23767543
2026-01-03 02:15:00+00:00,76930,77028,76922,77022,3.53657187
2026-01-03 02:30:00+00:00,77024,77077,77021,77063,0.7981434
2026-01-03 02:45:00+00:00,77063,77149,77063,77093,1.85448963
2026-01-03 03:00:00+00:00,77090,77119,76986,76986,1.50058905
2026-01-03 03:15:00+00:00,77008,77039,76976,76976,0.42563347
2026-01-03 03:30:00+00:00,76995,77049,76974,77048,1.19332885
2026-01-03 03:45:00+00:00,77043,77147,77036,77098,0.30295345
2026-01-03 04:00:00+00:00,77115,77231,77023,77023,2.84549402
2026-01-03 04:15:00+00:00,77040,77075,77026,77031,0.5352484
2026-01-03 04:30:00+00:00,77029,77051,76847,76871,5.02194935
2026-01-03 04:45:00+00:00,76875,76952,76875,76949,3.57029485
2026-01-03 05:00:00+00:00,76959,76978,76842,76850,2.66146193
2026-01-03 05:15:00+00:00,76869,76874,76823,76823,0.53769625
2026-01-03 05:30:00+00:00,76810,76833,76740,76777,1.39691991
2026-01-03 05:45:00+00:00,76767,76846,76740,76846,1.15912358
2026-01-03 06:00:00+00:00,76839,76946,76830,76914,5.3198644
2026-01-03 06:15:00+00:00,76907,76918,76803,76809,3.97897666
2026-01-03 06:30:00+00:00,76812,76865,76745,76745,2.89181562
2026-01-03 06:45:00+00:00,76730,76755,76689,76711,2.88791183
2026-01-03 07:00:00+00:00,76705,76775,76593,76601,7.70327281
2026-01-03 07:15:00+00:00,76597,76604,76281,76291,9.78701278
2026-01-03 07:30:00+00:00,76286,76442,76211,76417,5.82009418
2026-01-03 07:45:00+00:00,76417,76446,76331,76438,2.10988903
2026-01-03 08:00:00+00:00,76427,76541,76301,76394,3.79280295
2026-01-03 08:15:00+00:00,76410,76654,76381,76580,6.85903729
2026-01-03 08:30:00+00:00,76587,76666,76525,76635,7.21307152
2026-01-03 08:45:00+00:00,76628,76669,76527,76527,3.18175289
2026-01-03 09:00:00+00:00,76538,76580,76505,76549,3.32737635
2026-01-03 09:15:00+00:00,76550,76694,76508,76669,4.24572688
2026-01-03 09:30:00+00:00,76650,76825,76640,76780,10.10551435
2026-01-03 09:45:00+00:00,76791,76800,76648,76660,6.3326405
2026-01-03 10:00:00+00:00,76667,76669,76581,76590,3.07149866
2026-01-03 10:15:00+00:00,76591,76654,76580,76650,8.84998231
2026-01-03 10:30:00+00:00,76650,76710,76599,76657,4.22880842
2026-01-03 10:45:00+00:00,76653,76659,76588,76592,2.0249249
2026-01-03 11:00:00+00:00,76592,76616,76509,76539,3.33622024
2026-01-03 11:15:00+00:00,76536,76589,76526,76557,1.3423699
2026-01-03 11:30:00+00:00,76572,76613,76531,76600,1.63805275
2026-01-03 11:45:00+00:00,76600,76616,76545,76591,3.30993706
2026-01-03 12:00:00+00:00,76579,76585,76496,76513,2.52051155
2026-01-03 12:15:00+00:00,76523,76618,76511,76618,2.41954679
2026-01-03 12:30:00+00:00,76616,76625,76575,76620,3.11488615
2026-01-03 12:45:00+00:00,76619,76833,76610,76833,21.29556004
2026-01-03 13:00:00+00:00,76825,76825,76731,76741,2.58418384
2026-01-03 13:15:00+00:00,76766,76850,76761,76780,6.86777116
2026-01-03 13:30:00+00:00,76780,76829,76750,76765,0.50585507
2026-01-03 13:45:00+00:00,76771,76854,76765,76814,0.61238223
2026-01-03 14:00:00+00:00,76815,76853,76769,76850,1.30396985
2026-01-03 14:15:00+00:00,76850,77010,76833,76976,4.66603906
2026-01-03 14:30:00+00:00,76969,77015,76944,76965,6.12823887
2026-01-03 14:45:00+00:00,76958,76979,76876,76925,15.9807609
2026-01-03 15:00:00+00:00,76918,76919,76816,76830,1.64698585
2026-01-03 15:15:00+00:00,76815,76893,76794,76880,1.52498613
2026-01-03 15:30:00+00:00,76871,76920,76810,76817,1.82244808
2026-01-03 15:45:00+00:00,76809,76835,76773,76779,1.3872122
2026-01-03 16:00:00+00:00,76780,76840,76775,76817,3.2469299
2026-01-03 16:15:00+00:00,76827,76875,76727,76846,2.53121065
2026-01-03 16:30:00+00:00,76858,76960,76857,76915,5.37007922
2026-01-03 16:45:00+00:00,76911,77000,76887,76897,2.40144505
2026-01-03 17:00:00+00:00,76902,76927,76833,76868,0.34144174
2026-01-03 17:15:00+00:00,76861,76885,76828,76871,1.0030055
2026-01-03 17:30:00+00:00,76890,76921,76882,76916,1.27250563
2026-01-03 17:45:00+00:00,76916,76916,76878,76903,0.51838745
2026-01-03 18:00:00+00:00,76905,76907,76837,76860,0.88292575
2026-01-03 18:15:00+00:00,76862,76990,76855,76977,1.1182291
2026-01-03 18:30:00+00:00,76968,76980,76930,76948,0.74709978
2026-01-03 18:45:00+00:00,76947,76969,76916,76945,3.40983079
2026-01-03 19:00:00+00:00,76933,76933,76865,76872,1.83973199
2026-01-03 19:15:00+00:00,76913,76945,76885,76941,2.71758533
2026-01-03 19:30:00+00:00,76933,76950,76916,76929,1.72605703
2026-01-03 19:45:00+00:00,76929,76931,76909,76924,0.31131979
2026-01-03 20:00:00+00:00,76936,76937,76832,76879,3.53044326
2026-01-03 20:15:00+00:00,76886,76936,76876,76933,0.72883772
2026-01-03 20:30:00+00:00,76934,77071,76934,77054,2.84890608
2026-01-03 20:45:00+00:00,77054,77145,77054,77142,3.69155507
2026-01-03 21:00:00+00:00,77143,77168,77112,77144,1.98881568
2026-01-03 21:15:00+00:00,77142,77245,77138,77237,3.04769334
2026-01-03 21:30:00+00:00,77240,77451,77221,77337,11.66985209
2026-01-03 21:45:00+00:00,77333,77333,77244,77300,2.92745214
2026-01-03 22:00:00+00:00,77305,77307,77252,77271,1.98177213
2026-01-03 22:15:00+00:00,77275,77450,77275,77351,3.50733497
2026-01-03 22:30:00+00:00,77370,77451,77325,77361,2.52549446
2026-01-03 22:45:00+00:00,77361,77361,77258,77339,1.24010637
2026-01-03 23:00:00+00:00,77365,77408,77237,77292,4.47689129
2026-01-03 23:15:00+00:00,77295,77415,77295,77367,2.72517454
2026-01-03 23:30:00+00:00,77368,77443,77368,77396,1.45800808
2026-01-03 23:45:00+00:00,77388,77394,77361,77385,0.32165889
2026-01-04 00:00:00+00:00,77377,78167,77377,78009,51.47612314
2026-01-04 00:15:00+00:00,78009,78055,77758,77767,7.56297556
2026-01-04 00:30:00+00:00,77783,77902,77728,77837,3.85780433
2026-01-04 00:45:00+00:00,77828,78079,77785,77984,3.73708275
2026-01-04 01:00:00+00:00,77979,78096,77917,77927,4.87430819
2026-01-04 01:15:00+00:00,77928,77952,77767,77791,2.98687902
2026-01-04 01:30:00+00:00,77784,77828,77678,77751,2.70306832
2026-01-04 01:45:00+00:00,77757,77892,77671,77878,4.33389532
2026-01-04 02:00:00+00:00,77884,77926,77778,77779,1.57417579
2026-01-04 02:15:00+00:00,77792,77870,77783,77850,1.6866888
2026-01-04 02:30:00+00:00,77851,77906,77800,77815,1.8516857
2026-01-04 02:45:00+00:00,77816,77835,77740,77798,2.12279051
2026-01-04 03:00:00+00:00,77798,77974,77780,77963,3.75465863
2026-01-04 03:15:00+00:00,77933,77947,77785,77793,2.65280362
2026-01-04 03:30:00+00:00,77798,77892,77733,77887,2.62166976
2026-01-04 03:45:00+00:00,77894,77955,77856,77863,1.14254255
2026-01-04 04:00:00+00:00,77858,77938,77820,77938,3.15688577
2026-01-04 04:15:00+00:00,77951,78096,77947,77991,2.22607646
2026-01-04 04:30:00+00:00,77982,78160,77982,78100,3.28507972
2026-01-04 04:45:00+00:00,78106,78122,77999,78010,1.52365096
2026-01-04 05:00:00+00:00,78023,78023,77970,78008,0.56744848
2026-01-04 05:15:00+00:00,77998,78084,77986,78054,0.9540012
2026-01-04 05:30:00+00:00,78058,78092,77985,78024,1.21140174
2026-01-04 05:45:00+00:00,78027,78105,78026,78093,1.10959799
2026-01-04 06:00:00+00:00,78093,78362,78075,78267,7.14287247
2026-01-04 06:15:00+00:00,78250,78364,78150,78150,5.07020753
2026-01-04 06:30:00+00:00,78139,78216,77938,77947,1.4607843
2026-01-04 06:45:00+00:00,77958,78022,77893,77893,3.42353623
2026-01-04 07:00:00+00:00,77903,78020,77868,77973,1.23675868
2026-01-04 07:15:00+00:00,77979,77997,77888,77965,1.18396881
2026-01-04 07:30:00+00:00,77980,78130,77970,78130,1.84077306
2026-01-04 07:45:00+00:00,78116,78177,78084,78164,2.01098162
2026-01-04 08:00:00+00:00,78177,78177,77933,77981,8.94595506
2026-01-04 08:15:00+00:00,77981,78034,77850,77902,7.22485477
2026-01-04 08:30:00+00:00,77904,78066,77904,78066,4.36463668
2026-01-04 08:45:00+00:00,78055,78085,77977,78031,3.40442203
2026-01-04 09:00:00+00:00,78028,78079,77940,78013,8.08088004
2026-01-04 09:15:00+00:00,77996,78086,77945,77976,5.00190428
2026-01-04 09:30:00+00:00,78010,78092,78003,78085,1.01454677
2026-01-04 09:45:00+00:00,78085,78137,78047,78114,4.00978897
2026-01-04 10:00:00+00:00,78112,78230,78090,78183,3.08210248
2026-01-04 10:15:00+00:00,78193,78214,78116,78165,3.43973045
2026-01-04 10:30:00+00:00,78153,78243,78149,78243,3.46599286
2026-01-04 10:45:00+00:00,78250,78279,78225,78263,2.26994509
2026-01-04 11:00:00+00:00,78262,78262,78060,78060,2.6786523
2026-01-04 11:15:00+00:00,78037,78107,78031,78085,5.86964819
2026-01-04 11:30:00+00:00,78085,78144,78049,78076,2.01866875
2026-01-04 11:45:00+00:00,78076,78082,77959,78013,12.15229038
2026-01-04 12:00:00+00:00,78014,78041,77928,77969,4.86211888
2026-01-04 12:15:00+00:00,77969,78044,77948,78041,5.45432155
2026-01-04 12:30:00+00:00,78041,78054,77830,77830,4.99973657
2026-01-04 12:45:00+00:00,77830,77895,77811,77852,7.42297419
2026-01-04 13:00:00+00:00,77850,77920,77816,77885,9.10919561
2026-01-04 13:15:00+00:00,77877,77884,77739,77872,4.01173513
2026-01-04 13:30:00+00:00,77875,77931,77860,77898,1.69402238
2026-01-04 13:45:00+00:00,77887,77945,77887,77933,0.89166764
2026-01-04 14:00:00+00:00,77916,78069,77915,78046,4.34367553
2026-01-04 14:15:00+00:00,78056,78056,77864,77904,3.3769909
2026-01-04 14:30:00+00:00,77904,77927,77827,77881,2.8687899
2026-01-04 14:45:00+00:00,77872,77995,77838,77979,3.89405175
2026-01-04 15:00:00+00:00,77976,78017,77934,77960,0.77315371
2026-01-04 15:15:00+00:00,77960,77961,77884,77906,2.13636542
2026-01-04 15:30:00+00:00,77916,77957,77845,77881,1.27541773
2026-01-04 15:45:00+00:00,77879,77995,77781,77995,2.34203188
2026-01-04 16:00:00+00:00,77978,78086,77901,77927,1.66007088
2026-01-04 16:15:00+00:00,77935,78012,77908,77975,1.43222748
2026-01-04 16:30:00+00:00,77989,78067,77950,77951,2.29812263
2026-01-04 16:45:00+00:00,77950,77992,77950,77985,1.81218807
2026-01-04 17:00:00+00:00,77971,78084,77957,77995,2.12637471
2026-01-04 17:15:00+00:00,77995,78078,77980,78011,1.72079075
2026-01-04 17:30:00+00:00,78011,78078,78011,78036,2.27652532
2026-01-04 17:45:00+00:00,78036,78054,77977,77981,1.57434068
2026-01-04 18:00:00+00:00,77978,77980,77895,77899,1.58672468
2026-01-04 18:15:00+00:00,77896,77914,77801,77831,2.09351448
2026-01-04 18:30:00+00:00,77829,77883,77672,77883,4.26838341
2026-01-04 18:45:00+00:00,77873,77892,77807,77858,1.83263785
2026-01-04 19:00:00+00:00,77860,77867,77536,77679,3.23900512
2026-01-04 19:15:00+00:00,77678,77851,77678,77758,3.06309929
2026-01-04 19:30:00+00:00,77757,77823,77709,77725,1.51583571
2026-01-04 19:45:00+00:00,77727,77828,77727,77794,2.15203438
2026-01-04 20:00:00+00:00,77800,77912,77779,77903,1.07650844
2026-01-04 20:15:00+00:00,77901,77979,77867,77973,1.32185925
2026-01-04 20:30:00+00:00,77972,77973,77905,77929,3.21141167
2026-01-04 20:45:00+00:00,77927,77981,77904,77955,2.65872789
2026-01-04 21:00:00+00:00,77958,78032,77897,77956,4.28010624
2026-01-04 21:15:00+00:00,77963,77969,77921,77933,1.50819712
2026-01-04 21:30:00+00:00,77933,77966,77841,77851,1.05748687
2026-01-04 21:45:00+00:00,77833,77915,77824,77915,1.66289206
2026-01-04 22:00:00+00:00,77905,77989,77769,77802,2.61520325
2026-01-04 22:15:00+00:00,77781,77895,77763,77892,1.03494407
2026-01-04 22:30:00+00:00,77880,77897,77803,77830,0.53483154
2026-01-04 22:45:00+00:00,77833,77923,77801,77879,1.81288438
2026-01-04 23:00:00+00:00,77898,78203,77898,77996,12.78972952
2026-01-04 23:15:00+00:00,78010,78169,77950,78024,5.62487558
2026-01-04 23:30:00+00:00,78048,78101,77996,78037,3.79702764
2026-01-04 23:45:00+00:00,78024,78240,77978,78200,12.71985672
2026-01-05 00:00:00+00:00,78204,78704,78187,78462,59.69645013
2026-01-05 00:15:00+00:00,78462,78550,78311,78433,5.41633897
2026-01-05 00:30:00+00:00,78424,78611,78314,78594,2.95754459
2026-01-05 00:45:00+00:00,78595,78938,78531,78931,18.62066367
2026-01-05 01:00:00+00:00,78941,79420,78830,79392,23.40597174
2026-01-05 01:15:00+00:00,79412,79435,79164,79435,8.48724411
2026-01-05 01:30:00+00:00,79408,79772,79295,79571,15.32176068
2026-01-05 01:45:00+00:00,79598,79644,79405,79408,8.44516289
2026-01-05 02:00:00+00:00,79555,79614,79315,79359,14.68022753
2026-01-05 02:15:00+00:00,79377,79481,79292,79301,4.2500796
2026-01-05 02:30:00+00:00,79306,79529,79306,79495,11.23886334
2026-01-05 02:45:00+00:00,79498,79614,79498,79573,5.05384964
2026-01-05 03:00:00+00:00,79575,79712,79525,79546,3.8543287
2026-01-05 03:15:00+00:00,79580,79647,79540,79627,1.52531658
2026-01-05 03:30:00+00:00,79625,79746,79579,79585,4.16915339
2026-01-05 03:45:00+00:00,79571,79597,79520,79520,0.92195388
2026-01-05 04:00:00+00:00,79519,79586,79422,79428,3.83436496
2026-01-05 04:15:00+00:00,79410,79485,79151,79198,7.09506285
2026-01-05 04:30:00+00:00,79171,79234,79061,79094,2.28913002
2026-01-05 04:45:00+00:00,79107,79288,79106,79250,2.66197659
2026-01-05 05:00:00+00:00,79240,79340,79230,79289,2.80227253
2026-01-05 05:15:00+00:00,79288,79358,79237,79328,2.6136481
2026-01-05 05:30:00+00:00,79336,79336,79183,79185,2.79727516
2026-01-05 05:45:00+00:00,79201,79216,79020,79020,5.87959682
2026-01-05 06:00:00+00:00,79020,79170,79020,79095,14.55219707
2026-01-05 06:15:00+00:00,79095,79119,78930,78939,2.03955237
2026-01-05 06:30:00+00:00,78933,79037,78845,79037,6.85210425
2026-01-05 06:45:00+00:00,79020,79114,78994,79105,2.7238552
2026-01-05 07:00:00+00:00,79099,79241,79090,79239,8.44303162
2026-01-05 07:15:00+00:00,79238,79257,79145,79164,2.27452903
2026-01-05 07:30:00+00:00,79175,79214,79156,79171,4.93450911
2026-01-05 07:45:00+00:00,79167,79186,79140,79173,1.61320847
2026-01-05 08:00:00+00:00,79165,79282,79151,79260,10.79271689
2026-01-05 08:15:00+00:00,79263,79355,79232,79284,9.95146357
2026-01-05 08:30:00+00:00,79284,79307,79116,79152,8.4979464
2026-01-05 08:45:00+00:00,79153,79239,79129,79149,4.84182715
2026-01-05 09:00:00+00:00,79132,79198,79010,79131,10.54943575
2026-01-05 09:15:00+00:00,79120,79315,79108,79286,8.31968344
2026-01-05 09:30:00+00:00,79300,79344,79227,79343,8.32551796
2026-01-05 09:45:00+00:00,79340,79510,79340,79351,9.67819216
2026-01-05 10:00:00+00:00,79351,79547,79339,79512,16.28176834
2026-01-05 10:15:00+00:00,79526,79561,79460,79522,8.16860565
2026-01-05 10:30:00+00:00,79510,79626,79400,79478,8.92119016
2026-01-05 10:45:00+00:00,79472,79710,79472,79642,7.36446771
2026-01-05 11:00:00+00:00,79649,79649,79524,79530,8.71885817
2026-01-05 11:15:00+00:00,79539,79734,79524,79609,7.19523929
2026-01-05 11:30:00+00:00,79590,79666,79520,79606,9.26674367
2026-01-05 11:45:00+00:00,79612,79739,79597,79725,9.28496839
2026-01-05 12:00:00+00:00,79726,79770,79668,79750,10.01790606
2026-01-05 12:15:00+00:00,79739,79799,79556,79571,10.10019631
2026-01-05 12:30:00+00:00,79559,79599,79473,79484,5.47192287
2026-01-05 12:45:00+00:00,79481,79589,79423,79562,17.36316211
2026-01-05 13:00:00+00:00,79550,79720,79530,79662,7.70515512
2026-01-05 13:15:00+00:00,79650,79660,79479,79546,11.24334469
2026-01-05 13:30:00+00:00,79542,79542,79334,79409,13.64044037
2026-01-05 13:45:00+00:00,79393,79484,79369,79466,11.38753031
2026-01-05 14:00:00+00:00,79462,79570,79400,79422,18.23420148
2026-01-05 14:15:00+00:00,79422,79505,79407,79465,3.70258276
2026-01-05 14:30:00+00:00,79469,79950,79165,79914,39.45456634
2026-01-05 14:45:00+00:00,79891,80200,79582,79985,40.86093325
2026-01-05 15:00:00+00:00,80002,80076,79730,79927,25.42242542
2026-01-05 15:15:00+00:00,79941,80223,79746,79886,18.2587732
2026-01-05 15:30:00+00:00,79877,80384,79815,80286,30.76010219
2026-01-05 15:45:00+00:00,80300,80429,80198,80356,28.28874776
2026-01-05 16:00:00+00:00,80351,80413,80182,80283,16.2174758
2026-01-05 16:15:00+00:00,80283,80416,80082,80209,15.8777893
2026-01-05 16:30:00+00:00,80192,80260,80075,80086,11.00320355
2026-01-05 16:45:00+00:00,80080,80152,79963,80060,15.04732994
2026-01-05 17:00:00+00:00,80070,80127,79983,80065,11.38585291
2026-01-05 17:15:00+00:00,80056,80077,79600,79766,25.42001359
2026-01-05 17:30:00+00:00,79791,80150,79773,80094,16.25748828
2026-01-05 17:45:00+00:00,80100,80680,80099,80535,29.62178798
2026-01-05 18:00:00+00:00,80529,80622,80290,80407,15.73132715
2026-01-05 18:15:00+00:00,80429,80429,80190,80270,9.4661829
2026-01-05 18:30:00+00:00,80240,80330,80136,80222,9.59740717
2026-01-05 18:45:00+00:00,80217,80671,80200,80595,13.92695971
2026-01-05 19:00:00+00:00,80594,80595,80374,80499,20.85884568
2026-01-05 19:15:00+00:00,80508,80607,80437,80573,11.16290983
2026-01-05 19:30:00+00:00,80570,80650,80344,80422,11.55613984
2026-01-05 19:45:00+00:00,80422,80467,80313,80432,7.80576305
2026-01-05 20:00:00+00:00,80428,80650,80370,80542,9.22384022
2026-01-05 20:15:00+00:00,80530,80891,80452,80839,18.98156571
2026-01-05 20:30:00+00:00,80839,80839,80334,80375,10.74124565
2026-01-05 20:45:00+00:00,80379,80455,80240,80344,9.06257919
2026-01-05 21:00:00+00:00,80354,80404,80183,80207,3.63331325
2026-01-05 21:15:00+00:00,80193,80340,80071,80075,14.13336936
2026-01-05 21:30:00+00:00,80070,80327,80044,80290,6.21631027
2026-01-05 21:45:00+00:00,80288,80421,80268,80294,2.45323859
2026-01-05 22:00:00+00:00,80296,80424,80216,80367,3.37772435
2026-01-05 22:15:00+00:00,80393,80553,80393,80428,4.62440299
2026-01-05 22:30:00+00:00,80435,80531,80388,80454,2.45484048
2026-01-05 22:45:00+00:00,80454,80514,80261,80367,2.27575249
2026-01-05 23:00:00+00:00,80365,80365,80244,80265,2.87440362
2026-01-05 23:15:00+00:00,80281,80346,80188,80242,5.7746363
2026-01-05 23:30:00+00:00,80242,80274,80123,80179,2.45483425
2026-01-05 23:45:00+00:00,80168,80247,80140,80157,1.11590739
2026-01-06 00:00:00+00:00,80150,80269,80017,80023,2.16114902
2026-01-06 00:15:00+00:00,80021,80109,79984,80109,4.38341437
2026-01-06 00:30:00+00:00,80102,80102,79900,79974,2.60625538
2026-01-06 00:45:00+00:00,79985,80124,79914,80123,2.40658068
2026-01-06 01:00:00+00:00,80107,80237,80094,80215,2.02217297
2026-01-06 01:15:00+00:00,80247,80405,80201,80381,1.30457754
2026-01-06 01:30:00+00:00,80368,80381,80092,80107,1.31669705
2026-01-06 01:45:00+00:00,80101,80223,80013,80039,0.68659208
2026-01-06 02:00:00+00:00,80008,80106,79972,80023,2.51163035
2026-01-06 02:15:00+00:00,79999,80035,79955,79965,0.60239824
2026-01-06 02:30:00+00:00,79968,79980,79806,79875,2.42977377
2026-01-06 02:45:00+00:00,79885,79907,79768,79818,2.17812079
2026-01-06 03:00:00+00:00,79808,79966,79803,79966,0.48738952
2026-01-06 03:15:00+00:00,79961,80004,79931,79984,0.61266026
2026-01-06 03:30:00+00:00,79974,80089,79933,79940,0.43451553
2026-01-06 03:45:00+00:00,79941,79986,79910,79940,0.29016094
2026-01-06 04:00:00+00:00,79938,80110,79920,80100,1.34255858
2026-01-06 04:15:00+00:00,80118,80141,80024,80048,0.82319628
2026-01-06 04:30:00+00:00,80033,80091,79981,79988,1.91844592
2026-01-06 04:45:00+00:00,79991,80019,79968,79975,1.59590338
2026-01-06 05:00:00+00:00,79966,79995,79866,79904,0.67618291
2026-01-06 05:15:00+00:00,79914,79960,79869,79891,1.91528057
2026-01-06 05:30:00+00:00,79897,79938,79806,79824,1.90344145
2026-01-06 05:45:00+00:00,79824,79882,79791,79822,2.50524139
2026-01-06 06:00:00+00:00,79800,79978,79778,79948,11.75904245
2026-01-06 06:15:00+00:00,79946,79947,79854,79932,4.41246334
2026-01-06 06:30:00+00:00,79945,80070,79945,80054,3.92446062
2026-01-06 06:45:00+00:00,80054,80088,79921,79921,4.08559362
2026-01-06 07:00:00+00:00,79927,79927,79707,79720,8.66946421
2026-01-06 07:15:00+00:00,79724,79755,79528,79587,6.18166235
2026-01-06 07:30:00+00:00,79596,79606,79410,79463,5.24410319
2026-01-06 07:45:00+00:00,79475,79539,79363,79495,5.19806941
2026-01-06 08:00:00+00:00,79515,79618,79464,79570,4.95157408
2026-01-06 08:15:00+00:00,79581,79595,79487,79581,4.5738297
2026-01-06 08:30:00+00:00,79550,79572,79481,79514,4.18945168
2026-01-06 08:45:00+00:00,79515,79563,79439,79489,4.53358632
2026-01-06 09:00:00+00:00,79498,79776,79481,79663,8.91210402
2026-01-06 09:15:00+00:00,79660,79860,79660,79807,1.96106931
2026-01-06 09:30:00+00:00,79812,79829,79739,79779,3.5517367
2026-01-06 09:45:00+00:00,79778,79860,79756,79799,3.91497437
2026-01-06 10:00:00+00:00,79799,79950,79762,79929,6.30451791
2026-01-06 10:15:00+00:00,79937,80001,79840,79912,7.45244096
2026-01-06 10:30:00+00:00,79912,79929,79882,79908,2.72767264
2026-01-06 10:45:00+00:00,79919,79959,79848,79920,3.19455488
2026-01-06 11:00:00+00:00,79919,80129,79919,80115,11.98064008
2026-01-06 11:15:00+00:00,80116,80181,80027,80161,4.59051616
2026-01-06 11:30:00+00:00,80161,80161,80101,80134,5.06745638
2026-01-06 11:45:00+00:00,80140,80237,80131,80189,14.2580498
2026-01-06 12:00:00+00:00,80200,80290,80129,80204,6.79094286
2026-01-06 12:15:00+00:00,80200,80264,80176,80196,3.28037162
2026-01-06 12:30:00+00:00,80203,80223,80116,80182,6.24259429
2026-01-06 12:45:00+00:00,80208,80250,80173,80201,7.39055238
2026-01-06 13:00:00+00:00,80188,80217,80095,80136,10.80777075
2026-01-06 13:15:00+00:00,80135,80169,80055,80070,4.65508575
2026-01-06 13:30:00+00:00,80067,80095,79987,80011,4.85331187
2026-01-06 13:45:00+00:00,80001,80062,79985,80027,6.83230029
2026-01-06 14:00:00+00:00,80028,80415,80020,80335,13.81541672
2026-01-06 14:15:00+00:00,80345,80700,80324,80590,22.04588808
2026-01-06 14:30:00+00:00,80581,80630,80295,80372,27.17212676
2026-01-06 14:45:00+00:00,80379,80423,79884,80160,35.93910026
2026-01-06 15:00:00+00:00,80120,80307,80044,80158,21.01182195
2026-01-06 15:15:00+00:00,80188,80698,80188,80529,29.22458809
2026-01-06 15:30:00+00:00,80539,80569,79907,79968,26.21808675
2026-01-06 15:45:00+00:00,79962,80098,79850,80094,14.7538429
2026-01-06 16:00:00+00:00,80095,80200,79900,79969,8.10068778
2026-01-06 16:15:00+00:00,79980,79990,79403,79417,29.36674935
2026-01-06 16:30:00+00:00,79417,79564,79024,79149,35.41073303
2026-01-06 16:45:00+00:00,79158,79296,78965,79288,31.65795562
2026-01-06 17:00:00+00:00,79265,79329,79154,79190,20.6594961
2026-01-06 17:15:00+00:00,79185,79254,78973,79098,17.50357817
2026-01-06 17:30:00+00:00,79100,79215,78640,78840,39.1641369
2026-01-06 17:45:00+00:00,78854,78854,78200,78237,63.7398791
2026-01-06 18:00:00+00:00,78226,78594,77966,78466,49.14609947
2026-01-06 18:15:00+00:00,78469,78757,78435,78660,26.66287166
2026-01-06 18:30:00+00:00,78640,78718,78509,78601,12.04907497
2026-01-06 18:45:00+00:00,78610,78856,78610,78706,23.04267563
2026-01-06 19:00:00+00:00,78706,78918,78600,78890,13.0794286
2026-01-06 19:15:00+00:00,78900,79015,78807,78923,14.73225886
2026-01-06 19:30:00+00:00,78923,78967,78753,78800,8.75626801
2026-01-06 19:45:00+00:00,78799,78865,78716,78767,5.1243788
2026-01-06 20:00:00+00:00,78763,79093,78755,79037,10.61439047
2026-01-06 20:15:00+00:00,79044,79174,78996,79103,3.66565543
2026-01-06 20:30:00+00:00,79095,79266,79090,79203,5.83500348
2026-01-06 20:45:00+00:00,79219,79239,79094,79129,8.25230661
2026-01-06 21:00:00+00:00,79114,79482,79011,79482,14.4950259
2026-01-06 21:15:00+00:00,79459,80294,79444,80007,38.81682376
2026-01-06 21:30:00+00:00,80019,80216,79957,80080,5.9141645
2026-01-06 21:45:00+00:00,80079,80116,79663,79766,8.85235681
2026-01-06 22:00:00+00:00,79833,80015,79670,79689,9.52288618
2026-01-06 22:15:00+00:00,79674,79773,79516,79673,10.7576945
2026-01-06 22:30:00+00:00,79694,79707,79528,79591,3.42728309
2026-01-06 22:45:00+00:00,79593,79862,79580,79846,7.99744277
2026-01-06 23:00:00+00:00,79875,80010,79836,79963,8.91730171
2026-01-06 23:15:00+00:00,79963,80030,79890,79996,1.76378734
2026-01-06 23:30:00+00:00,80016,80120,80003,80021,3.12404512
2026-01-06 23:45:00+00:00,80016,80245,80016,80200,12.78498325
2026-01-07 00:00:00+00:00,80196,80197,80039,80048,2.74846708
2026-01-07 00:15:00+00:00,80047,80053,79848,79868,4.27587201
2026-01-07 00:30:00+00:00,79871,79890,79618,79687,5.82664855
2026-01-07 00:45:00+00:00,79682,79709,79217,79279,6.96782586
2026-01-07 01:00:00+00:00,79287,79430,79281,79333,5.65137482
2026-01-07 01:15:00+00:00,79305,79305,78943,79107,9.08225007
2026-01-07 01:30:00+00:00,79155,79173,78991,78995,7.21563686
2026-01-07 01:45:00+00:00,78987,79079,78934,79019,4.35287554
2026-01-07 02:00:00+00:00,79025,79190,78837,79171,11.51588028
2026-01-07 02:15:00+00:00,79172,79287,79044,79216,7.52388551
2026-01-07 02:30:00+00:00,79180,79440,79175,79370,6.03573548
2026-01-07 02:45:00+00:00,79419,79526,79387,79457,3.56151331
2026-01-07 03:00:00+00:00,79460,79516,79395,79442,10.3804634
2026-01-07 03:15:00+00:00,79446,79572,79440,79513,0.67072818
2026-01-07 03:30:00+00:00,79466,79495,79242,79360,1.86271499
2026-01-07 03:45:00+00:00,79346,79371,79272,79327,1.14831028
2026-01-07 04:00:00+00:00,79329,79393,79240,79290,2.65154097
2026-01-07 04:15:00+00:00,79232,79312,79199,79312,2.62083554
2026-01-07 04:30:00+00:00,79300,79337,79132,79281,7.14547186
2026-01-07 04:45:00+00:00,79270,79270,79199,79230,1.54920411
2026-01-07 05:00:00+00:00,79224,79299,79198,79290,3.42583001
2026-01-07 05:15:00+00:00,79303,79343,79248,79277,1.92771436
2026-01-07 05:30:00+00:00,79305,79390,79295,79309,2.63795957
2026-01-07 05:45:00+00:00,79291,79291,79085,79110,2.04210548
2026-01-07 06:00:00+00:00,79110,79229,79100,79229,1.87327044
2026-01-07 06:15:00+00:00,79240,79349,79229,79342,1.60303978
2026-01-07 06:30:00+00:00,79355,79408,79214,79235,1.42740582
2026-01-07 06:45:00+00:00,79220,79274,79144,79154,1.61165751
2026-01-07 07:00:00+00:00,79154,79308,79154,79287,1.59607888
2026-01-07 07:15:00+00:00,79318,79365,79312,79357,2.59041578
2026-01-07 07:30:00+00:00,79386,79480,79350,79404,5.02589132
2026-01-07 07:45:00+00:00,79404,79472,79393,79472,4.14741723
2026-01-07 08:00:00+00:00,79478,79583,79453,79570,3.38581416
2026-01-07 08:15:00+00:00,79575,79577,79440,79523,2.52376364
2026-01-07 08:30:00+00:00,79527,79564,79387,79395,4.67419673
2026-01-07 08:45:00+00:00,79391,79398,79306,79327,4.12956964
2026-01-07 09:00:00+00:00,79327,79330,78960,78965,9.32288916
2026-01-07 09:15:00+00:00,78953,79010,78623,78678,37.22385433
2026-01-07 09:30:00+00:00,78678,78710,78415,78475,24.26115037
2026-01-07 09:45:00+00:00,78475,78530,78356,78477,11.398733
2026-01-07 10:00:00+00:00,78450,78590,78352,78546,24.33233305
2026-01-07 10:15:00+00:00,78552,78579,78464,78482,7.31914443
2026-01-07 10:30:00+00:00,78487,78666,78478,78551,14.70902691
2026-01-07 10:45:00+00:00,78548,78673,78515,78659,4.86206023
2026-01-07 11:00:00+00:00,78631,78846,78617,78805,9.2672336
2026-01-07 11:15:00+00:00,78806,78889,78751,78825,16.93199506
2026-01-07 11:30:00+00:00,78821,78928,78789,78881,4.19808656
2026-01-07 11:45:00+00:00,78888,78888,78767,78790,5.06505235
2026-01-07 12:00:00+00:00,78788,78870,78725,78764,6.76412025
2026-01-07 12:15:00+00:00,78786,78873,78725,78769,3.15285888
2026-01-07 12:30:00+00:00,78770,78810,78675,78716,4.26222932
2026-01-07 12:45:00+00:00,78725,78765,78691,78693,2.59836348
2026-01-07 13:00:00+00:00,78694,78748,78577,78626,5.52125888
2026-01-07 13:15:00+00:00,78625,78949,78610,78886,13.02168749
2026-01-07 13:30:00+00:00,78870,78890,78756,78793,4.96554286
2026-01-07 13:45:00+00:00,78779,78820,78694,78707,2.20454364
2026-01-07 14:00:00+00:00,78710,78710,78320,78410,14.54216575
2026-01-07 14:15:00+00:00,78428,78460,78250,78295,14.8643023
2026-01-07 14:30:00+00:00,78281,78724,78120,78521,33.29562006
2026-01-07 14:45:00+00:00,78534,78770,78480,78611,13.42669261
2026-01-07 15:00:00+00:00,78611,78691,78176,78402,39.71951275
2026-01-07 15:15:00+00:00,78403,78423,77867,78075,51.75769045
2026-01-07 15:30:00+00:00,78088,78249,77930,78120,25.7339983
2026-01-07 15:45:00+00:00,78112,78341,78055,78118,15.04161023
2026-01-07 16:00:00+00:00,78122,78427,78061,78374,19.63796192
2026-01-07 16:15:00+00:00,78387,78520,78281,78367,12.31355385
2026-01-07 16:30:00+00:00,78379,78386,77980,78217,10.05007939
2026-01-07 16:45:00+00:00,78225,78301,78004,78038,13.93421149
2026-01-07 17:00:00+00:00,78038,78060,77830,78038,21.06075128
2026-01-07 17:15:00+00:00,78046,78380,78026,78326,8.9119703
2026-01-07 17:30:00+00:00,78330,78404,78220,78321,6.9454945
2026-01-07 17:45:00+00:00,78349,78370,78000,78047,8.30436774
2026-01-07 18:00:00+00:00,78031,78097,77979,78049,6.99733866
2026-01-07 18:15:00+00:00,78049,78107,77898,78093,9.3227536
2026-01-07 18:30:00+00:00,78087,78209,77942,77944,7.8819731
2026-01-07 18:45:00+00:00,77944,78030,77608,77766,20.37715977
2026-01-07 19:00:00+00:00,77760,77933,77642,77676,9.46693675
2026-01-07 19:15:00+00:00,77689,77785,77582,77784,13.64758245
2026-01-07 19:30:00+00:00,77785,78002,77769,77922,7.52465236
2026-01-07 19:45:00+00:00,77930,78075,77916,77990,9.31558795
2026-01-07 20:00:00+00:00,77999,78094,77812,77832,4.83206885
2026-01-07 20:15:00+00:00,77812,77874,77654,77750,4.57674017
2026-01-07 20:30:00+00:00,77759,77968,77757,77847,3.23242924
2026-01-07 20:45:00+00:00,77860,77967,77827,77895,5.92500749
2026-01-07 21:00:00+00:00,77882,78059,77882,78010,2.98997752
2026-01-07 21:15:00+00:00,78000,78055,77972,78045,3.41142729
2026-01-07 21:30:00+00:00,78058,78082,77922,77978,5.59500227
2026-01-07 21:45:00+00:00,77968,78015,77931,77975,2.46966246
2026-01-07 22:00:00+00:00,77940,77960,77777,77872,2.39365187
2026-01-07 22:15:00+00:00,77870,77955,77854,77939,1.43102487
2026-01-07 22:30:00+00:00,77949,78206,77929,77929,9.62515972
2026-01-07 22:45:00+00:00,77932,78095,77860,78031,4.98453713
2026-01-07 23:00:00+00:00,78020,78056,77883,78056,3.38114864
2026-01-07 23:15:00+00:00,78090,78303,78080,78154,12.45431807
2026-01-07 23:30:00+00:00,78152,78232,78035,78079,1.80828099
2026-01-07 23:45:00+00:00,78058,78232,78046,78205,0.71858639
2026-01-08 00:00:00+00:00,78199,78350,78066,78083,4.28440652
2026-01-08 00:15:00+00:00,78068,78078,77957,77987,0.53846756
2026-01-08 00:30:00+00:00,77989,78086,77958,78086,2.30980707
2026-01-08 00:45:00+00:00,78094,78245,78094,78219,16.37829413
2026-01-08 01:00:00+00:00,78220,78250,78136,78250,4.47408313
2026-01-08 01:15:00+00:00,78247,78469,78146,78329,8.19812152
2026-01-08 01:30:00+00:00,78318,78319,78191,78228,2.00133285
2026-01-08 01:45:00+00:00,78205,78297,78189,78261,0.97873119
2026-01-08 02:00:00+00:00,78253,78288,78171,78264,5.10645425
2026-01-08 02:15:00+00:00,78243,78280,77978,78020,3.06073361
2026-01-08 02:30:00+00:00,78050,78050,77749,77770,8.9942047
2026-01-08 02:45:00+00:00,77749,77860,77650,77823,1.98132217
2026-01-08 03:00:00+00:00,77810,77955,77776,77899,3.62600071
2026-01-08 03:15:00+00:00,77909,77943,77781,77789,4.09821306
2026-01-08 03:30:00+00:00,77803,77883,77618,77640,1.83228464
2026-01-08 03:45:00+00:00,77673,77709,77495,77681,5.1412714
2026-01-08 04:00:00+00:00,77719,77740,77590,77685,1.39704757
2026-01-08 04:15:00+00:00,77678,77993,77678,77947,15.10134649
2026-01-08 04:30:00+00:00,77957,77969,77860,77889,1.64719722
2026-01-08 04:45:00+00:00,77922,77922,77848,77888,0.84068944
2026-01-08 05:00:00+00:00,77900,78009,77870,77928,2.06633959
2026-01-08 05:15:00+00:00,77939,77984,77860,77866,0.4744655
2026-01-08 05:30:00+00:00,77859,77900,77740,77740,2.72238209
2026-01-08 05:45:00+00:00,77759,77763,77643,77668,0.7841034
2026-01-08 06:00:00+00:00,77680,77720,77333,77410,9.07913653
2026-01-08 06:15:00+00:00,77402,77419,77159,77240,14.84835367
2026-01-08 06:30:00+00:00,77248,77338,77153,77320,5.05117922
2026-01-08 06:45:00+00:00,77300,77300,76876,76877,13.43550925
2026-01-08 07:00:00+00:00,76875,77069,76666,77020,12.30493303
2026-01-08 07:15:00+00:00,77009,77222,76981,77205,4.61846022
2026-01-08 07:30:00+00:00,77208,77378,77160,77356,6.06830714
2026-01-08 07:45:00+00:00,77370,77470,77333,77450,7.78405439
2026-01-08 08:00:00+00:00,77453,77540,77380,77540,4.41213629
2026-01-08 08:15:00+00:00,77520,77623,77489,77614,7.23539851
2026-01-08 08:30:00+00:00,77607,77715,77370,77406,12.18984706
2026-01-08 08:45:00+00:00,77393,77409,77180,77224,1.99231093
2026-01-08 09:00:00+00:00,77258,77359,77180,77335,12.75826271
2026-01-08 09:15:00+00:00,77320,77339,77050,77062,8.56169179
2026-01-08 09:30:00+00:00,77070,77150,77000,77107,4.67785977
2026-01-08 09:45:00+00:00,77107,77186,76999,77037,2.52518592
2026-01-08 10:00:00+00:00,77033,77069,76821,76925,13.54240269
2026-01-08 10:15:00+00:00,76927,77251,76910,77172,5.59714366
2026-01-08 10:30:00+00:00,77185,77265,77113,77140,2.85498848
2026-01-08 10:45:00+00:00,77165,77434,77164,77341,7.48483102
2026-01-08 11:00:00+00:00,77365,77420,77219,77243,8.35500679
2026-01-08 11:15:00+00:00,77255,77268,77061,77189,4.4587409
2026-01-08 11:30:00+00:00,77187,77219,77034,77065,11.5373291
2026-01-08 11:45:00+00:00,77052,77231,77005,77185,7.24760095
2026-01-08 12:00:00+00:00,77187,77208,76847,76905,23.11004731
2026-01-08 12:15:00+00:00,76938,77074,76845,77001,14.79508668
2026-01-08 12:30:00+00:00,77005,77063,76848,77034,5.48741143
2026-01-08 12:45:00+00:00,77039,77098,76987,77021,5.41910345
2026-01-08 13:00:00+00:00,77019,77051,76952,77016,5.02097962
2026-01-08 13:15:00+00:00,77027,77111,76972,77081,5.65104399
2026-01-08 13:30:00+00:00,77089,77119,76908,77067,17.57287561
2026-01-08 13:45:00+00:00,77068,77110,76945,77056,15.34050263
2026-01-08 14:00:00+00:00,77056,77059,76843,76978,20.53263518
2026-01-08 14:15:00+00:00,76978,77013,76586,76810,24.98404628
2026-01-08 14:30:00+00:00,76809,77032,76580,76635,25.13827645
2026-01-08 14:45:00+00:00,76610,77270,76521,77122,19.00350889
2026-01-08 15:00:00+00:00,77119,77470,76937,77370,15.57858179
2026-01-08 15:15:00+00:00,77355,77604,77347,77582,19.79068147
2026-01-08 15:30:00+00:00,77574,77746,77329,77487,26.08810516
2026-01-08 15:45:00+00:00,77500,77810,77329,77790,15.57400165
2026-01-08 16:00:00+00:00,77780,77903,77636,77730,26.89294957
2026-01-08 16:15:00+00:00,77715,77761,77540,77739,11.06226884
2026-01-08 16:30:00+00:00,77715,77820,77440,77735,13.89599659
2026-01-08 16:45:00+00:00,77782,77978,77753,77968,9.0189363
2026-01-08 17:00:00+00:00,77985,78267,77936,78158,18.68751901
2026-01-08 17:15:00+00:00,78149,78236,77956,77960,8.67490214
2026-01-08 17:30:00+00:00,77986,78290,77986,78270,11.39147049
2026-01-08 17:45:00+00:00,78270,78464,78263,78396,10.88909857
2026-01-08 18:00:00+00:00,78389,78490,78239,78239,7.40123277
2026-01-08 18:15:00+00:00,78234,78346,78181,78303,3.11362778
2026-01-08 18:30:00+00:00,78303,78345,78041,78078,10.03264115
2026-01-08 18:45:00+00:00,78104,78244,78060,78213,13.58328711
2026-01-08 19:00:00+00:00,78228,78386,78139,78295,5.52403035
2026-01-08 19:15:00+00:00,78254,78254,78069,78195,2.20529088
2026-01-08 19:30:00+00:00,78200,78370,78200,78257,7.9395394
2026-01-08 19:45:00+00:00,78250,78251,77908,78006,9.01997765
2026-01-08 20:00:00+00:00,77997,77997,77685,77796,10.07338639
2026-01-08 20:15:00+00:00,77785,77840,77701,77701,2.3406515
2026-01-08 20:30:00+00:00,77724,77932,77701,77900,15.69496262
2026-01-08 20:45:00+00:00,77894,78072,77894,78016,5.15167687
2026-01-08 21:00:00+00:00,78019,78188,78004,78178,4.55150378
2026-01-08 21:15:00+00:00,78188,78238,78082,78154,7.50721264
2026-01-08 21:30:00+00:00,78154,78304,78104,78243,15.70260105
2026-01-08 21:45:00+00:00,78233,78304,78227,78249,5.66169803
2026-01-08 22:00:00+00:00,78255,78435,78160,78383,4.03726773
2026-01-08 22:15:00+00:00,78387,78387,78229,78269,1.90443466
2026-01-08 22:30:00+00:00,78235,78248,78055,78150,1.81045815
2026-01-08 22:45:00+00:00,78140,78221,78140,78221,3.24470782
2026-01-08 23:00:00+00:00,78245,78303,78217,78240,3.37822713
2026-01-08 23:15:00+00:00,78244,78296,78228,78271,2.05373915
2026-01-08 23:30:00+00:00,78275,78286,78125,78125,0.88304205
2026-01-08 23:45:00+00:00,78131,78159,78075,78122,1.28281965
2026-01-09 00:00:00+00:00,78117,78193,78081,78167,1.30783441
2026-01-09 00:15:00+00:00,78150,78167,78083,78104,1.75514921
2026-01-09 00:30:00+00:00,78114,78237,78100,78235,0.67579029
2026-01-09 00:45:00+00:00,78227,78314,78222,78299,0.65799511
2026-01-09 01:00:00+00:00,78290,78333,78263,78285,0.39895428
2026-01-09 01:15:00+00:00,78285,78540,78093,78470,7.76048527
2026-01-09 01:30:00+00:00,78500,78605,77930,78005,14.76669543
2026-01-09 01:45:00+00:00,78017,78126,78017,78118,0.2207245
2026-01-09 02:00:00+00:00,78123,78490,78079,78460,7.07547795
2026-01-09 02:15:00+00:00,78461,78504,78316,78320,3.18703882
2026-01-09 02:30:00+00:00,78321,78353,78190,78248,1.43258838
2026-01-09 02:45:00+00:00,78247,78268,78056,78071,0.53600674
2026-01-09 03:00:00+00:00,78080,78209,78016,78162,1.55303351
2026-01-09 03:15:00+00:00,78133,78223,77988,78043,8.18140449
2026-01-09 03:30:00+00:00,78041,78217,78019,78179,5.31489216
2026-01-09 03:45:00+00:00,78194,78249,78171,78207,0.66983109
2026-01-09 04:00:00+00:00,78218,78218,78062,78086,0.16995442
2026-01-09 04:15:00+00:00,78085,78160,78079,78145,1.63533085
2026-01-09 04:30:00+00:00,78152,78152,77977,78056,2.59579811
2026-01-09 04:45:00+00:00,78069,78082,78040,78054,0.26416843
2026-01-09 05:00:00+00:00,78069,78146,78067,78126,1.71830812
2026-01-09 05:15:00+00:00,78105,78110,77950,78054,2.73347995
2026-01-09 05:30:00+00:00,78049,78086,77979,78046,1.01652205
2026-01-09 05:45:00+00:00,78050,78145,78032,78133,10.91687362
2026-01-09 06:00:00+00:00,78144,78152,78092,78092,2.44482093
2026-01-09 06:15:00+00:00,78090,78177,78050,78054,2.696871
2026-01-09 06:30:00+00:00,78050,78176,78040,78145,2.31083176
2026-01-09 06:45:00+00:00,78143,78188,78123,78187,1.46022195
2026-01-09 07:00:00+00:00,78180,78180,78094,78125,4.61267566
2026-01-09 07:15:00+00:00,78119,78143,78071,78096,2.05849774
2026-01-09 07:30:00+00:00,78100,78110,78018,78088,5.60639341
2026-01-09 07:45:00+00:00,78080,78080,77841,77848,11.39636282
2026-01-09 08:00:00+00:00,77851,77919,77637,77833,21.32738319
2026-01-09 08:15:00+00:00,77835,77966,77800,77829,7.62166848
2026-01-09 08:30:00+00:00,77814,77842,77488,77521,16.0829226
2026-01-09 08:45:00+00:00,77518,77548,76960,77241,31.31783943
2026-01-09 09:00:00+00:00,77237,77434,77223,77355,14.99667972
2026-01-09 09:15:00+00:00,77360,77659,77273,77605,17.58894485
2026-01-09 09:30:00+00:00,77600,77600,77502,77556,8.37404743
2026-01-09 09:45:00+00:00,77555,77619,77490,77550,4.90467986
2026-01-09 10:00:00+00:00,77539,77671,77490,77576,5.86143529
2026-01-09 10:15:00+00:00,77589,77772,77581,77638,10.80767145
2026-01-09 10:30:00+00:00,77639,77711,77609,77680,4.75360877
2026-01-09 10:45:00+00:00,77676,77702,77652,77654,7.31152667
2026-01-09 11:00:00+00:00,77652,77750,77625,77747,6.12193645
2026-01-09 11:15:00+00:00,77743,77836,77682,77730,2.63200132
2026-01-09 11:30:00+00:00,77727,77764,77650,77684,4.14161388
2026-01-09 11:45:00+00:00,77687,77708,77571,77627,3.85363251
2026-01-09 12:00:00+00:00,77613,77745,77565,77590,5.40109748
2026-01-09 12:15:00+00:00,77608,77608,77443,77525,15.1353888
2026-01-09 12:30:00+00:00,77526,77649,77498,77605,4.72333269
2026-01-09 12:45:00+00:00,77608,77672,77578,77642,3.82987567
2026-01-09 13:00:00+00:00,77649,77822,77621,77789,3.40353609
2026-01-09 13:15:00+00:00,77787,77857,77740,77793,9.0360612
2026-01-09 13:30:00+00:00,77767,78144,77600,77688,57.43743175
2026-01-09 13:45:00+00:00,77680,77837,77589,77744,10.95350181
2026-01-09 14:00:00+00:00,77752,77752,77460,77547,6.02154007
2026-01-09 14:15:00+00:00,77529,77798,77518,77756,5.9408554
2026-01-09 14:30:00+00:00,77777,77835,77388,77399,11.34575686
2026-01-09 14:45:00+00:00,77400,77540,77257,77429,18.52518694
2026-01-09 15:00:00+00:00,77457,77618,77219,77575,17.52499839
2026-01-09 15:15:00+00:00,77588,78864,77514,78816,46.48948234
2026-01-09 15:30:00+00:00,78816,79066,78332,78356,44.56795516
2026-01-09 15:45:00+00:00,78389,78650,78047,78281,31.52332515
2026-01-09 16:00:00+00:00,78290,78806,78278,78799,24.39476167
2026-01-09 16:15:00+00:00,78797,78806,78457,78511,12.25410563
2026-01-09 16:30:00+00:00,78489,78592,78400,78570,11.58032641
2026-01-09 16:45:00+00:00,78571,78767,78545,78702,7.27317893
2026-01-09 17:00:00+00:00,78719,78803,78400,78483,22.80492019
2026-01-09 17:15:00+00:00,78491,78491,78209,78317,18.26693377
2026-01-09 17:30:00+00:00,78298,78453,78250,78343,2.98133185
2026-01-09 17:45:00+00:00,78319,78660,78317,78569,5.19575994
2026-01-09 18:00:00+00:00,78539,78671,78389,78424,16.54259951
2026-01-09 18:15:00+00:00,78407,78407,77811,77839,9.08383529
2026-01-09 18:30:00+00:00,77850,78039,77609,77977,14.2215438
2026-01-09 18:45:00+00:00,77948,78129,77862,78012,4.1280163
2026-01-09 19:00:00+00:00,78003,78007,77759,77769,5.54576443
2026-01-09 19:15:00+00:00,77780,77800,77537,77570,10.86931868
2026-01-09 19:30:00+00:00,77565,77715,77450,77596,8.26370047
2026-01-09 19:45:00+00:00,77592,77847,77584,77598,4.04089859
2026-01-09 20:00:00+00:00,77580,77689,77490,77647,3.4194687
2026-01-09 20:15:00+00:00,77647,77778,77600,77689,3.68689841
2026-01-09 20:30:00+00:00,77699,77804,77523,77523,3.82233956
2026-01-09 20:45:00+00:00,77518,77646,77496,77553,7.90162431
2026-01-09 21:00:00+00:00,77557,77669,77411,77605,4.09494615
2026-01-09 21:15:00+00:00,77588,77851,77562,77778,6.09016489
2026-01-09 21:30:00+00:00,77770,77831,77666,77685,1.96852789
2026-01-09 21:45:00+00:00,77695,77790,77672,77752,1.67552003
2026-01-09 22:00:00+00:00,77742,77779,77582,77619,2.71250438
2026-01-09 22:15:00+00:00,77597,77821,77597,77804,2.51668038
2026-01-09 22:30:00+00:00,77805,77910,77747,77758,1.46752837
2026-01-09 22:45:00+00:00,77777,77856,77764,77846,0.68295336
2026-01-09 23:00:00+00:00,77827,77897,77801,77889,2.12600066
2026-01-09 23:15:00+00:00,77882,77913,77860,77908,0.84018525
2026-01-09 23:30:00+00:00,77901,77912,77834,77869,0.92022905
2026-01-09 23:45:00+00:00,77879,77891,77801,77846,0.19185129
2026-01-10 00:00:00+00:00,77842,77879,77787,77787,0.72877221
2026-01-10 00:15:00+00:00,77784,77821,77744,77821,1.78085598
2026-01-10 00:30:00+00:00,77823,77866,77792,77800,2.52288612
2026-01-10 00:45:00+00:00,77818,77818,77746,77802,0.14797824
2026-01-10 01:00:00+00:00,77808,77850,77793,77847,0.08122757
2026-01-10 01:15:00+00:00,77841,77885,77814,77873,1.53951594
2026-01-10 01:30:00+00:00,77880,77920,77862,77911,0.36495152
2026-01-10 01:45:00+00:00,77919,77923,77856,77894,0.30800985
2026-01-10 02:00:00+00:00,77909,77932,77906,77927,0.49016906
2026-01-10 02:15:00+00:00,77925,77962,77897,77935,0.41039742
2026-01-10 02:30:00+00:00,77969,77969,77807,77820,0.09653459
2026-01-10 02:45:00+00:00,77823,77889,77814,77889,0.31332095
2026-01-10 03:00:00+00:00,77895,77896,77763,77803,0.09994406
2026-01-10 03:15:00+00:00,77783,77838,77783,77837,0.16803144
2026-01-10 03:30:00+00:00,77847,77847,77800,77800,0.25122706
2026-01-10 03:45:00+00:00,77809,77845,77798,77830,0.04569211
2026-01-10 04:00:00+00:00,77831,77851,77726,77753,0.18024177
2026-01-10 04:15:00+00:00,77745,77781,77727,77751,0.8750714
2026-01-10 04:30:00+00:00,77760,77760,77706,77740,0.52414183
2026-01-10 04:45:00+00:00,77725,77743,77645,77688,1.60673015
2026-01-10 05:00:00+00:00,77708,77748,77660,77743,0.57129843
2026-01-10 05:15:00+00:00,77749,77789,77745,77789,0.32111004
2026-01-10 05:30:00+00:00,77788,77832,77750,77814,0.04767915
2026-01-10 05:45:00+00:00,77816,77825,77806,77812,0.10703213
2026-01-10 06:00:00+00:00,77815,77819,77785,77785,0.43917098
2026-01-10 06:15:00+00:00,77785,77789,77703,77753,1.05283653
2026-01-10 06:30:00+00:00,77755,77767,77727,77760,0.60755166
2026-01-10 06:45:00+00:00,77759,77768,77719,77729,0.76097258
2026-01-10 07:00:00+00:00,77721,77853,77721,77819,0.62080799
2026-01-10 07:15:00+00:00,77812,77830,77778,77829,0.52492824
2026-01-10 07:30:00+00:00,77832,77889,77808,77820,1.59438871
2026-01-10 07:45:00+00:00,77828,77889,77822,77889,1.03379652
2026-01-10 08:00:00+00:00,77888,77950,77850,77919,0.51218601
2026-01-10 08:15:00+00:00,77910,77925,77832,77899,2.91186104
2026-01-10 08:30:00+00:00,77894,77894,77840,77854,0.56624631
2026-01-10 08:45:00+00:00,77855,77878,77837,77878,0.84483484
2026-01-10 09:00:00+00:00,77874,77920,77840,77851,0.68442854
2026-01-10 09:15:00+00:00,77850,77904,77850,77881,0.5596137
2026-01-10 09:30:00+00:00,77885,77938,77838,77895,1.23947181
2026-01-10 09:45:00+00:00,77904,77957,77879,77957,1.84413263
2026-01-10 10:00:00+00:00,77950,77965,77920,77961,0.84549746
2026-01-10 10:15:00+00:00,77954,77987,77931,77972,0.55357116
2026-01-10 10:30:00+00:00,77971,78016,77958,77994,1.36561354
2026-01-10 10:45:00+00:00,77980,78035,77980,78026,1.97217047
2026-01-10 11:00:00+00:00,78016,78029,77967,77995,1.08254487
2026-01-10 11:15:00+00:00,77999,78015,77978,77983,0.40484334
2026-01-10 11:30:00+00:00,77983,78019,77979,77979,2.57476331
2026-01-10 11:45:00+00:00,77977,77978,77927,77958,3.45975692
2026-01-10 12:00:00+00:00,77957,77985,77928,77956,0.69458202
2026-01-10 12:15:00+00:00,77963,78010,77927,77936,0.39247416
2026-01-10 12:30:00+00:00,77930,77937,77880,77936,1.290202
2026-01-10 12:45:00+00:00,77933,77978,77919,77959,7.57878038
2026-01-10 13:00:00+00:00,77959,77981,77927,77928,2.91410819
2026-01-10 13:15:00+00:00,77923,77970,77921,77947,0.73225156
2026-01-10 13:30:00+00:00,77944,77956,77915,77933,0.31882428
2026-01-10 13:45:00+00:00,77940,77949,77869,77884,1.14677479
2026-01-10 14:00:00+00:00,77885,77903,77775,77847,2.16360254
2026-01-10 14:15:00+00:00,77842,77887,77825,77844,2.46557071
2026-01-10 14:30:00+00:00,77836,77844,77785,77799,1.17065645
2026-01-10 14:45:00+00:00,77810,77830,77803,77830,0.5336176
2026-01-10 15:00:00+00:00,77810,77878,77810,77866,1.14155185
2026-01-10 15:15:00+00:00,77866,77876,77819,77849,1.3322596
2026-01-10 15:30:00+00:00,77851,77889,77844,77878,1.78623434
2026-01-10 15:45:00+00:00,77874,77906,77845,77898,1.49610477
2026-01-10 16:00:00+00:00,77897,77964,77894,77921,0.82450047
2026-01-10 16:15:00+00:00,77921,77921,77858,77890,0.38715189
2026-01-10 16:30:00+00:00,77887,77930,77844,77927,1.18020522
2026-01-10 16:45:00+00:00,77925,77934,77890,77911,0.70457269
2026-01-10 17:00:00+00:00,77926,77960,77912,77960,2.43742512
2026-01-10 17:15:00+00:00,77962,77981,77951,77957,0.63970176
2026-01-10 17:30:00+00:00,77958,77961,77879,77886,0.74123108
2026-01-10 17:45:00+00:00,77888,77898,77775,77795,1.79260737
2026-01-10 18:00:00+00:00,77801,77818,77756,77790,0.32347364
2026-01-10 18:15:00+00:00,77794,77831,77781,77827,0.23926582
2026-01-10 18:30:00+00:00,77824,77844,77809,77835,2.06431952
2026-01-10 18:45:00+00:00,77842,77844,77818,77823,0.22622766
2026-01-10 19:00:00+00:00,77832,77838,77808,77815,0.59665513
2026-01-10 19:15:00+00:00,77817,77847,77810,77840,1.41571093
2026-01-10 19:30:00+00:00,77841,77878,77836,77878,0.75055503
2026-01-10 19:45:00+00:00,77869,77875,77834,77860,0.5906189
2026-01-10 20:00:00+00:00,77876,77902,77864,77893,0.43147031
2026-01-10 20:15:00+00:00,77881,77892,77864,77875,0.17239166
2026-01-10 20:30:00+00:00,77873,77875,77814,77826,0.38316445
2026-01-10 21:00:00+00:00,77810,77826,77753,77783,1.3179621
2026-01-10 21:15:00+00:00,77789,77832,77774,77817,1.77452619
2026-01-10 21:30:00+00:00,77806,77824,77768,77793,1.18250773
2026-01-10 21:45:00+00:00,77787,77795,77763,77772,0.45251242
2026-01-10 22:00:00+00:00,77764,77773,77681,77700,1.51655893
2026-01-10 22:15:00+00:00,77697,77767,77673,77767,0.68447369
2026-01-10 22:30:00+00:00,77761,77853,77761,77853,0.38685627
2026-01-10 22:45:00+00:00,77836,77836,77702,77702,0.32776416
2026-01-10 23:00:00+00:00,77710,77805,77710,77767,0.45451496
2026-01-10 23:15:00+00:00,77787,77816,77772,77795,0.27951956
2026-01-10 23:30:00+00:00,77806,77827,77783,77810,0.31555382
2026-01-10 23:45:00+00:00,77786,77843,77768,77788,0.4234091
2026-01-11 00:00:00+00:00,77797,77798,77727,77786,1.69364449
2026-01-11 00:15:00+00:00,77795,77873,77793,77867,0.42098737
2026-01-11 00:30:00+00:00,77847,77854,77811,77827,0.03681401
2026-01-11 00:45:00+00:00,77834,77893,77834,77884,0.31643313
2026-01-11 01:00:00+00:00,77884,77916,77853,77878,1.70261145
2026-01-11 01:15:00+00:00,77881,77906,77831,77849,0.08248695
2026-01-11 01:30:00+00:00,77856,77856,77814,77855,0.81614041
2026-01-11 01:45:00+00:00,77845,77902,77844,77882,1.44866244
2026-01-11 02:00:00+00:00,77896,77954,77873,77943,4.52393851
2026-01-11 02:15:00+00:00,77942,77950,77890,77926,0.94471757
2026-01-11 02:30:00+00:00,77926,77934,77894,77934,0.74351597
2026-01-11 02:45:00+00:00,77933,77974,77933,77942,1.25372765
2026-01-11 03:00:00+00:00,77943,77949,77883,77899,0.02649869
2026-01-11 03:15:00+00:00,77902,77964,77894,77951,1.52555465
2026-01-11 03:30:00+00:00,77940,77948,77921,77943,0.04497323
2026-01-11 03:45:00+00:00,77945,77969,77926,77969,0.13817469
2026-01-11 04:00:00+00:00,77957,77967,77922,77961,1.07406153
2026-01-11 04:15:00+00:00,77966,77992,77945,77956,2.45951433
2026-01-11 04:30:00+00:00,77971,78011,77966,77983,1.14663204
2026-01-11 04:45:00+00:00,77978,78006,77978,78001,0.20048004
2026-01-11 05:00:00+00:00,78004,78019,78004,78019,0.57081697
2026-01-11 05:15:00+00:00,78018,78018,77972,77993,0.55453331
2026-01-11 05:30:00+00:00,77983,78039,77983,78039,1.26525621
2026-01-11 05:45:00+00:00,78039,78059,77978,77998,1.38458382
2026-01-11 06:00:00+00:00,77995,78006,77993,78002,0.06269462
2026-01-11 06:15:00+00:00,78003,78005,77835,77908,0.63365528
2026-01-11 06:30:00+00:00,77906,77915,77898,77910,0.38044106
2026-01-11 06:45:00+00:00,77917,77980,77901,77974,1.18409402
2026-01-11 07:00:00+00:00,77974,77974,77908,77931,0.19913399
2026-01-11 07:15:00+00:00,77921,77987,77913,77964,0.33329716
2026-01-11 07:30:00+00:00,77963,77975,77931,77940,0.12019995
2026-01-11 07:45:00+00:00,77942,77942,77924,77933,0.16960565
2026-01-11 08:00:00+00:00,77935,77949,77839,77899,1.69387472
2026-01-11 08:15:00+00:00,77912,77944,77912,77940,1.20509398
2026-01-11 08:30:00+00:00,77947,78008,77890,77940,1.59500161
2026-01-11 08:45:00+00:00,77932,78016,77907,77981,2.59800589
2026-01-11 09:00:00+00:00,77986,78017,77969,77969,0.31014839
2026-01-11 09:15:00+00:00,77987,78010,77952,77958,0.44699021
2026-01-11 09:30:00+00:00,77958,77980,77894,77947,1.23222152
2026-01-11 09:45:00+00:00,77942,77989,77932,77947,0.76649223
2026-01-11 10:00:00+00:00,77947,77959,77905,77957,0.88159139
2026-01-11 10:15:00+00:00,77960,77960,77920,77941,0.91874798
2026-01-11 10:30:00+00:00,77940,77959,77911,77921,1.22646206
2026-01-11 10:45:00+00:00,77925,77956,77914,77950,0.55987282
2026-01-11 11:00:00+00:00,77943,77952,77911,77911,0.28554354
2026-01-11 11:15:00+00:00,77911,77940,77910,77933,0.77646699
2026-01-11 11:30:00+00:00,77933,77971,77930,77940,1.42143661
2026-01-11 11:45:00+00:00,77927,77950,77903,77950,2.24613508
2026-01-11 12:00:00+00:00,77945,77987,77919,77986,1.26177313
2026-01-11 12:15:00+00:00,77986,78057,77965,78054,2.5217834
2026-01-11 12:30:00+00:00,78060,78076,78005,78068,2.58561789
2026-01-11 12:45:00+00:00,78077,78172,78073,78120,4.08232508
2026-01-11 13:00:00+00:00,78123,78136,78079,78121,1.45151537
2026-01-11 13:15:00+00:00,78129,78138,78030,78075,4.70936637
2026-01-11 13:30:00+00:00,78065,78065,78017,78024,0.62320748
2026-01-11 13:45:00+00:00,78019,78081,78006,78044,0.57296881
2026-01-11 14:00:00+00:00,78044,78139,78043,78108,1.93819855
2026-01-11 14:15:00+00:00,78110,78150,78091,78140,0.46939503
2026-01-11 14:30:00+00:00,78147,78200,78113,78177,2.12663813
2026-01-11 14:45:00+00:00,78198,78320,78140,78254,2.46937844
2026-01-11 15:00:00+00:00,78250,78250,78046,78065,3.36717181
2026-01-11 15:15:00+00:00,78074,78165,78039,78123,3.7252689
2026-01-11 15:30:00+00:00,78115,78171,77990,78024,2.71577953
2026-01-11 15:45:00+00:00,78032,78069,77914,78046,2.12329516
2026-01-11 16:00:00+00:00,78054,78151,78042,78052,6.3839188
2026-01-11 16:15:00+00:00,78052,78213,78038,78181,3.78570329
2026-01-11 16:30:00+00:00,78172,78384,78172,78225,9.00423432
2026-01-11 16:45:00+00:00,78227,78241,78081,78154,2.39912804
2026-01-11 17:00:00+00:00,78172,78262,78150,78184,1.56605261
2026-01-11 17:15:00+00:00,78159,78196,78070,78177,2.53546055
2026-01-11 17:30:00+00:00,78179,78189,78043,78134,2.13404755
2026-01-11 17:45:00+00:00,78134,78152,78092,78132,1.25698235
2026-01-11 18:00:00+00:00,78114,78115,78046,78050,0.7939423
2026-01-11 18:15:00+00:00,78050,78090,78048,78074,1.82432499
2026-01-11 18:30:00+00:00,78077,78083,77963,78022,1.34584935
2026-01-11 18:45:00+00:00,78016,78094,77994,78017,11.01659113
2026-01-11 19:00:00+00:00,78018,78054,77974,78046,3.07480372
2026-01-11 19:15:00+00:00,78040,78057,77999,78026,1.47587567
2026-01-11 19:30:00+00:00,78023,78042,77918,77924,1.97142137
2026-01-11 19:45:00+00:00,77924,77924,77823,77854,2.28699492
2026-01-11 20:00:00+00:00,77850,77871,77612,77748,17.22876293
2026-01-11 20:15:00+00:00,77732,77769,77611,77717,3.0697506
2026-01-11 20:30:00+00:00,77711,77838,77670,77796,4.78427898
2026-01-11 20:45:00+00:00,77796,77884,77796,77864,3.89054232
2026-01-11 21:00:00+00:00,77864,77864,77771,77849,2.90294901
2026-01-11 21:15:00+00:00,77836,77957,77817,77825,2.24794501
2026-01-11 21:30:00+00:00,77824,77897,77824,77874,2.34904673
2026-01-11 21:45:00+00:00,77874,78000,77861,77938,7.84137241
2026-01-11 22:00:00+00:00,77925,77930,77681,77768,1.88546653
2026-01-11 22:15:00+00:00,77808,77925,77771,77889,0.55323115
2026-01-11 22:30:00+00:00,77888,77939,77821,77888,0.84155278
2026-01-11 22:45:00+00:00,77887,77901,77745,77762,0.78693918
2026-01-11 23:00:00+00:00,77750,77922,77505,77901,21.56366065
2026-01-11 23:15:00+00:00,77909,78202,77909,77957,12.35864621
2026-01-11 23:30:00+00:00,77978,78134,77911,78123,5.2933596
2026-01-11 23:45:00+00:00,78116,78210,78079,78210,2.94133102
2026-01-12 00:00:00+00:00,78208,78249,77972,78009,16.20621457
2026-01-12 00:15:00+00:00,78010,78274,77981,78226,21.06390437
2026-01-12 00:30:00+00:00,78196,78243,77821,77840,17.50927487
2026-01-12 00:45:00+00:00,77828,78159,77700,78159,26.51878133
2026-01-12 01:00:00+00:00,78171,78646,78139,78390,42.17237688
2026-01-12 01:15:00+00:00,78354,78400,78260,78370,10.30221003
2026-01-12 01:30:00+00:00,78378,78378,78054,78288,10.39785552
2026-01-12 01:45:00+00:00,78296,78407,78287,78333,1.901901
2026-01-12 02:00:00+00:00,78357,78591,78316,78584,4.48089649
2026-01-12 02:15:00+00:00,78590,78779,78520,78650,10.08421254
2026-01-12 02:30:00+00:00,78660,78810,78577,78764,11.03344501
2026-01-12 02:45:00+00:00,78790,79165,78790,79031,11.5822048
2026-01-12 03:00:00+00:00,79053,79219,78959,79183,8.80621869
2026-01-12 03:15:00+00:00,79207,79268,79130,79169,3.36430167
2026-01-12 03:30:00+00:00,79151,79215,78782,78835,9.93790898
2026-01-12 03:45:00+00:00,78807,78834,78659,78659,0.99005519
2026-01-12 04:00:00+00:00,78668,78910,78621,78909,3.22092909
2026-01-12 04:15:00+00:00,78895,78919,78832,78869,1.04477569
2026-01-12 04:30:00+00:00,78854,79032,78844,78987,1.99203105
2026-01-12 04:45:00+00:00,79003,79084,78964,78983,2.82729106
2026-01-12 05:00:00+00:00,78982,79017,78859,78917,2.80085302
2026-01-12 05:15:00+00:00,78917,79013,78889,78972,1.03857036
2026-01-12 05:30:00+00:00,78974,79000,78834,78850,1.41104721
2026-01-12 05:45:00+00:00,78846,78869,78817,78845,1.90430241
2026-01-12 06:00:00+00:00,78845,78950,78790,78915,2.35021129
2026-01-12 06:15:00+00:00,78927,78954,78722,78726,0.65349136
2026-01-12 06:30:00+00:00,78716,78728,78605,78697,3.11762853
2026-01-12 06:45:00+00:00,78689,78695,78573,78609,4.0086832
2026-01-12 07:00:00+00:00,78611,78690,78560,78560,4.35711376
2026-01-12 07:15:00+00:00,78560,78637,78472,78586,10.32753044
2026-01-12 07:30:00+00:00,78580,78590,78307,78328,13.39808621
2026-01-12 07:45:00+00:00,78340,78340,78146,78150,17.37888627
2026-01-12 08:00:00+00:00,78146,78360,78072,78296,18.56121814
2026-01-12 08:15:00+00:00,78292,78347,78219,78219,3.71740467
2026-01-12 08:30:00+00:00,78219,78219,77370,77434,36.98411165
2026-01-12 08:45:00+00:00,77405,77640,77283,77577,18.64342618
2026-01-12 09:00:00+00:00,77571,77640,77480,77606,9.35982566
2026-01-12 09:15:00+00:00,77604,77681,77560,77583,19.29655456
2026-01-12 09:30:00+00:00,77573,77701,77553,77638,12.77053901
2026-01-12 09:45:00+00:00,77627,77706,77539,77545,6.39838841
2026-01-12 10:00:00+00:00,77559,77637,77456,77515,6.83973523
2026-01-12 10:15:00+00:00,77528,77574,77436,77452,4.7817009
2026-01-12 10:30:00+00:00,77457,77510,77420,77429,2.99340051
2026-01-12 10:45:00+00:00,77425,77425,77267,77322,12.1005424
2026-01-12 11:00:00+00:00,77326,77477,77317,77454,6.22427293
2026-01-12 11:15:00+00:00,77455,77636,77420,77547,4.57043476
2026-01-12 11:30:00+00:00,77547,77601,77460,77484,6.92383924
2026-01-12 11:45:00+00:00,77484,77602,77484,77524,3.63568109
2026-01-12 12:00:00+00:00,77535,77646,77528,77618,5.71808864
2026-01-12 12:15:00+00:00,77620,77730,77620,77655,3.96305819
2026-01-12 12:30:00+00:00,77647,77661,77530,77570,5.9232989
2026-01-12 12:45:00+00:00,77569,77681,77543,77647,5.10773184
2026-01-12 13:00:00+00:00,77640,77674,77354,77374,10.21745951
2026-01-12 13:15:00+00:00,77400,77540,77389,77499,6.74997919
2026-01-12 13:30:00+00:00,77509,77585,77426,77463,1.66327014
2026-01-12 13:45:00+00:00,77454,77493,77372,77440,7.73220411
2026-01-12 14:00:00+00:00,77441,77511,77418,77511,2.43788376
2026-01-12 14:15:00+00:00,77502,77530,77070,77243,11.78477841
2026-01-12 14:30:00+00:00,77229,77874,77180,77697,13.34264031
2026-01-12 14:45:00+00:00,77697,77955,77512,77773,4.2093233
2026-01-12 15:00:00+00:00,77763,77844,77603,77774,10.6851686
2026-01-12 15:15:00+00:00,77785,78225,77758,78148,21.84783891
2026-01-12 15:30:00+00:00,78150,78346,78083,78296,17.10776735
2026-01-12 15:45:00+00:00,78294,78400,78149,78400,14.88967252
2026-01-12 16:00:00+00:00,78389,78624,78389,78557,15.64262165
2026-01-12 16:15:00+00:00,78560,78920,78377,78892,18.59945493
2026-01-12 16:30:00+00:00,78919,78990,78693,78858,23.42225315
2026-01-12 16:45:00+00:00,78832,78944,78755,78859,14.50765996
2026-01-12 17:00:00+00:00,78876,79017,78628,78716,22.20175232
2026-01-12 17:15:00+00:00,78717,78865,78500,78547,10.24033802
2026-01-12 17:30:00+00:00,78531,78572,77938,78218,24.22890642
2026-01-12 17:45:00+00:00,78209,78401,78190,78370,6.09451423
2026-01-12 18:00:00+00:00,78364,78633,78279,78534,4.65042599
2026-01-12 18:15:00+00:00,78537,78735,78531,78700,8.73355824
2026-01-12 18:30:00+00:00,78706,78714,78329,78486,6.61904975
2026-01-12 18:45:00+00:00,78493,78588,78456,78507,1.81306632
2026-01-12 19:00:00+00:00,78486,78556,78287,78447,6.26760711
2026-01-12 19:15:00+00:00,78482,78608,78482,78608,2.72399364
2026-01-12 19:30:00+00:00,78598,78655,78549,78611,3.93327781
2026-01-12 19:45:00+00:00,78587,78654,78525,78639,3.24509138
2026-01-12 20:00:00+00:00,78641,78809,78613,78661,9.30486385
2026-01-12 20:15:00+00:00,78661,78663,78497,78536,1.89385343
2026-01-12 20:30:00+00:00,78530,78530,78300,78336,6.44400685
2026-01-12 20:45:00+00:00,78337,78375,78289,78363,4.66553205
2026-01-12 21:00:00+00:00,78353,78365,78114,78339,5.96610759
2026-01-12 21:15:00+00:00,78334,78359,78222,78229,5.48925454
2026-01-12 21:30:00+00:00,78212,78265,78179,78188,2.1189032
2026-01-12 21:45:00+00:00,78180,78180,77887,77996,7.05368025
2026-01-12 22:00:00+00:00,77998,78317,77988,78278,1.47770569
2026-01-12 22:15:00+00:00,78271,78271,78155,78155,1.99723196
2026-01-12 22:30:00+00:00,78150,78270,78092,78219,2.66397164
2026-01-12 22:45:00+00:00,78203,78209,78110,78137,3.45035723
2026-01-12 23:00:00+00:00,78134,78180,77991,78077,3.58472
2026-01-12 23:15:00+00:00,78073,78176,78050,78161,0.60359566
2026-01-12 23:30:00+00:00,78157,78190,78110,78166,1.00825361
2026-01-12 23:45:00+00:00,78136,78194,78115,78186,3.46498812
2026-01-13 00:00:00+00:00,78184,78288,78150,78231,3.57542173
2026-01-13 00:15:00+00:00,78217,78407,78206,78331,5.77510995
2026-01-13 00:30:00+00:00,78330,78413,78167,78221,2.32816996
2026-01-13 00:45:00+00:00,78237,78381,78222,78380,2.15048531
2026-01-13 01:00:00+00:00,78358,78422,78291,78362,6.18557223
2026-01-13 01:15:00+00:00,78349,78359,78231,78251,0.31974454
2026-01-13 01:30:00+00:00,78254,78258,78008,78035,4.11611352
2026-01-13 01:45:00+00:00,78057,78147,78057,78147,2.995555
2026-01-13 02:00:00+00:00,78153,78290,78150,78218,2.03635722
2026-01-13 02:15:00+00:00,78230,78233,78190,78202,0.97131417
2026-01-13 02:30:00+00:00,78202,78242,78066,78066,4.34081393
2026-01-13 02:45:00+00:00,78090,78170,78057,78057,1.5412785
2026-01-13 03:00:00+00:00,78085,78198,78084,78198,2.90939507
2026-01-13 03:15:00+00:00,78218,78349,78197,78289,2.5935321
2026-01-13 03:30:00+00:00,78297,78324,78245,78258,0.62906775
2026-01-13 03:45:00+00:00,78262,78332,78218,78326,1.77930295
2026-01-13 04:00:00+00:00,78349,78380,78310,78364,0.65542113
2026-01-13 04:15:00+00:00,78364,78519,78289,78362,4.01066469
2026-01-13 04:30:00+00:00,78348,78348,78259,78263,0.28530674
2026-01-13 04:45:00+00:00,78267,78402,78248,78383,1.0660515
2026-01-13 05:00:00+00:00,78378,78580,78367,78578,3.87125573
2026-01-13 05:15:00+00:00,78572,78991,78554,78859,13.84742755
2026-01-13 05:30:00+00:00,78860,78880,78669,78741,3.04233254
2026-01-13 05:45:00+00:00,78749,78894,78722,78736,3.15088136
2026-01-13 06:00:00+00:00,78723,78882,78648,78779,13.08001088
2026-01-13 06:15:00+00:00,78771,78882,78746,78751,3.87029044
2026-01-13 06:30:00+00:00,78753,78980,78745,78857,3.25861761
2026-01-13 06:45:00+00:00,78849,79095,78849,79000,10.86495533
2026-01-13 07:00:00+00:00,79026,79026,78873,78873,4.99125587
2026-01-13 07:15:00+00:00,78873,78884,78766,78839,2.4739894
2026-01-13 07:30:00+00:00,78844,78858,78770,78770,1.79104017
2026-01-13 07:45:00+00:00,78777,78789,78735,78771,2.74956108
2026-01-13 08:00:00+00:00,78764,78840,78743,78784,2.33973933
2026-01-13 08:15:00+00:00,78780,78894,78780,78798,1.68682668
2026-01-13 08:30:00+00:00,78808,78988,78794,78945,5.93566286
2026-01-13 08:45:00+00:00,78940,79018,78920,78931,2.20124428
2026-01-13 09:00:00+00:00,78938,79171,78932,79171,6.76445561
2026-01-13 09:15:00+00:00,79175,79376,79098,79240,10.32287367
2026-01-13 09:30:00+00:00,79238,79270,78730,78900,15.14526318
2026-01-13 09:45:00+00:00,78920,79063,78901,79009,7.82113592
2026-01-13 10:00:00+00:00,79010,79050,78940,78957,5.17823278
2026-01-13 10:15:00+00:00,78944,79004,78864,78996,2.44727117
2026-01-13 10:30:00+00:00,78995,79031,78817,78817,5.26010749
2026-01-13 10:45:00+00:00,78815,78906,78786,78892,2.1590882
2026-01-13 11:00:00+00:00,78897,78997,78811,78955,2.64205461
2026-01-13 11:15:00+00:00,78939,78986,78879,78943,2.00185553
2026-01-13 11:30:00+00:00,78949,78953,78815,78815,3.93479759
2026-01-13 11:45:00+00:00,78815,78858,78757,78774,3.20547104
2026-01-13 12:00:00+00:00,78782,78813,78706,78734,2.6532507
2026-01-13 12:15:00+00:00,78720,78881,78718,78839,1.56774652
2026-01-13 12:30:00+00:00,78840,78950,78836,78940,5.8241937
2026-01-13 12:45:00+00:00,78939,78950,78902,78949,3.36539305
2026-01-13 13:00:00+00:00,78945,78946,78828,78865,2.39305658
2026-01-13 13:15:00+00:00,78876,78994,78855,78981,1.1390221
2026-01-13 13:30:00+00:00,78982,79337,78756,78949,84.62406738
2026-01-13 13:45:00+00:00,78943,79035,78826,78842,10.90632188
2026-01-13 14:00:00+00:00,78823,78823,78583,78747,15.87651075
2026-01-13 14:15:00+00:00,78747,79135,78747,79135,5.58087755
2026-01-13 14:30:00+00:00,79098,79618,79062,79419,33.29885554
2026-01-13 14:45:00+00:00,79427,79478,79169,79224,14.31150845
2026-01-13 15:00:00+00:00,79163,79391,78934,79378,15.46676645
2026-01-13 15:15:00+00:00,79355,79369,79083,79283,13.95089946
2026-01-13 15:30:00+00:00,79283,79950,79253,79724,24.47398412
2026-01-13 15:45:00+00:00,79736,80170,79640,80165,21.37227369
2026-01-13 16:00:00+00:00,80177,80416,80132,80132,24.07125286
2026-01-13 16:15:00+00:00,80106,80270,79921,80027,25.58647487
2026-01-13 16:30:00+00:00,80010,80401,79978,80298,18.84181334
2026-01-13 16:45:00+00:00,80302,80465,80132,80164,8.29474539
2026-01-13 17:00:00+00:00,80160,80249,80040,80109,6.77399804
2026-01-13 17:15:00+00:00,80095,80230,79932,80196,14.9394169
2026-01-13 17:30:00+00:00,80199,80233,79956,80148,13.02183178
2026-01-13 17:45:00+00:00,80134,80216,80010,80021,6.88629819
2026-01-13 18:00:00+00:00,80007,80357,79978,80301,17.2804684
2026-01-13 18:15:00+00:00,80301,80444,80260,80290,5.4845804
2026-01-13 18:30:00+00:00,80290,80448,80236,80336,7.68281199
2026-01-13 18:45:00+00:00,80322,80532,80210,80321,9.08529711
2026-01-13 19:00:00+00:00,80327,80362,80198,80267,5.08357243
2026-01-13 19:15:00+00:00,80259,80557,80204,80548,10.63363028
2026-01-13 19:30:00+00:00,80557,80821,80493,80708,26.22667425
2026-01-13 19:45:00+00:00,80712,80870,80672,80868,11.01972439
2026-01-13 20:00:00+00:00,80864,81033,80822,80967,25.71494234
2026-01-13 20:15:00+00:00,80950,81111,80916,81011,16.99463962
2026-01-13 20:30:00+00:00,81016,81029,80780,80938,24.70788902
2026-01-13 20:45:00+00:00,80952,81090,80864,81053,14.82975897
2026-01-13 21:00:00+00:00,81050,81132,81007,81043,14.31385146
2026-01-13 21:15:00+00:00,81029,81161,80975,80987,11.81049098
2026-01-13 21:30:00+00:00,80977,81026,80813,80831,10.93700558
2026-01-13 21:45:00+00:00,80834,80867,80735,80781,20.97490517
2026-01-13 22:00:00+00:00,80777,82841,80762,82038,178.33848427
2026-01-13 22:15:00+00:00,82038,82119,81532,81813,49.33327549
2026-01-13 22:30:00+00:00,81808,82088,81636,82017,16.13885697
2026-01-13 22:45:00+00:00,82026,82473,81951,82122,32.20422373
2026-01-13 23:00:00+00:00,82234,82491,82104,82157,24.99320392
2026-01-13 23:15:00+00:00,82166,82166,81814,81850,5.21671794
2026-01-13 23:30:00+00:00,81828,81889,81617,81701,8.93750521
2026-01-13 23:45:00+00:00,81718,81933,81559,81892,19.04507404
2026-01-14 00:00:00+00:00,81892,82105,81860,82015,17.14549326
2026-01-14 00:15:00+00:00,82020,82100,81958,81963,2.81732276
2026-01-14 00:30:00+00:00,81927,81936,81676,81784,7.79709575
2026-01-14 00:45:00+00:00,81773,81830,81690,81742,3.62221687
2026-01-14 01:00:00+00:00,81735,81999,81664,81989,15.56389546
2026-01-14 01:15:00+00:00,81988,82066,81924,81971,2.22837411
2026-01-14 01:30:00+00:00,81976,82023,81717,81787,3.10419641
2026-01-14 01:45:00+00:00,81778,81864,81666,81771,4.20075787
2026-01-14 02:00:00+00:00,81770,82034,81728,81993,3.08117912
2026-01-14 02:15:00+00:00,81979,82015,81877,82000,4.23441389
2026-01-14 02:30:00+00:00,82001,82001,81858,81973,0.56251002
2026-01-14 02:45:00+00:00,81962,81995,81759,81823,5.91636141
2026-01-14 03:00:00+00:00,81841,81937,81763,81882,0.39181785
2026-01-14 03:15:00+00:00,81886,81945,81823,81843,1.28870016
2026-01-14 03:30:00+00:00,81840,81992,81839,81968,0.72616309
2026-01-14 03:45:00+00:00,81958,82125,81957,82109,1.18086549
2026-01-14 04:00:00+00:00,82121,82174,81823,81871,5.9560765
2026-01-14 04:15:00+00:00,81860,81975,81860,81928,0.42930556
2026-01-14 04:30:00+00:00,81894,81912,81746,81805,1.42349682
2026-01-14 04:45:00+00:00,81771,81808,81722,81739,0.95117852
2026-01-14 05:00:00+00:00,81719,81733,81613,81732,1.228474
2026-01-14 05:15:00+00:00,81744,81778,81508,81573,6.08734356
2026-01-14 05:30:00+00:00,81551,81731,81527,81542,5.09109372
2026-01-14 05:45:00+00:00,81542,81657,81533,81551,2.34409625
2026-01-14 06:00:00+00:00,81547,81556,81226,81409,11.602002
2026-01-14 06:15:00+00:00,81400,81423,81211,81246,5.90655369
2026-01-14 06:30:00+00:00,81246,81417,81068,81405,17.81482999
2026-01-14 06:45:00+00:00,81408,81519,81408,81516,3.86952191
2026-01-14 07:00:00+00:00,81511,81613,81419,81539,7.92244694
2026-01-14 07:15:00+00:00,81534,81667,81429,81445,7.05320883
2026-01-14 07:30:00+00:00,81440,81537,81360,81512,7.85121261
2026-01-14 07:45:00+00:00,81513,81702,81505,81690,4.17961645
2026-01-14 08:00:00+00:00,81688,81779,81663,81756,4.78652721
2026-01-14 08:15:00+00:00,81771,81773,81669,81672,4.38417904
2026-01-14 08:30:00+00:00,81675,81702,81465,81500,3.79446211
2026-01-14 08:45:00+00:00,81506,81531,81419,81433,6.0737529
2026-01-14 09:00:00+00:00,81420,81638,81408,81585,15.16034918
2026-01-14 09:15:00+00:00,81582,81697,81554,81567,5.33853411
2026-01-14 09:30:00+00:00,81583,81630,81489,81526,6.16072265
2026-01-14 09:45:00+00:00,81528,81588,81466,81572,3.4071618
2026-01-14 10:00:00+00:00,81569,81667,81562,81649,2.20992107
2026-01-14 10:15:00+00:00,81666,81760,81391,81490,5.58177021
2026-01-14 10:30:00+00:00,81525,81618,81395,81573,5.41666871
2026-01-14 10:45:00+00:00,81576,81640,81542,81547,4.95815233
2026-01-14 11:00:00+00:00,81540,81565,81389,81429,5.30696544
2026-01-14 11:15:00+00:00,81423,81514,81357,81488,2.22752363
2026-01-14 11:30:00+00:00,81488,81522,81430,81442,2.04442953
2026-01-14 11:45:00+00:00,81449,81457,81287,81353,3.90615777
2026-01-14 12:00:00+00:00,81350,81544,81229,81544,3.65722136
2026-01-14 12:15:00+00:00,81536,81623,81477,81596,3.7257547
2026-01-14 12:30:00+00:00,81598,81670,81575,81582,2.23877455
2026-01-14 12:45:00+00:00,81570,81604,81510,81515,1.86031678
2026-01-14 13:00:00+00:00,81516,81537,81419,81469,3.1318631
2026-01-14 13:15:00+00:00,81466,81729,81463,81688,3.24874408
2026-01-14 13:30:00+00:00,81677,81688,81560,81560,2.55674615
2026-01-14 13:45:00+00:00,81575,81583,81443,81530,5.06793991
2026-01-14 14:00:00+00:00,81521,81947,81512,81924,20.90430122
2026-01-14 14:15:00+00:00,81907,82191,81891,82054,26.01169933
2026-01-14 14:30:00+00:00,82031,82371,81816,82242,25.87718259
2026-01-14 14:45:00+00:00,82223,83042,82212,82784,49.80789377
2026-01-14 15:00:00+00:00,82779,83319,82542,83198,58.41370895
2026-01-14 15:15:00+00:00,83189,83250,83021,83047,20.12154466
2026-01-14 15:30:00+00:00,83054,83210,82679,82770,19.80260375
2026-01-14 15:45:00+00:00,82759,83098,82658,83002,32.50989532
2026-01-14 16:00:00+00:00,83013,83627,82979,83530,37.22499734
2026-01-14 16:15:00+00:00,83547,83614,83348,83444,21.94538391
2026-01-14 16:30:00+00:00,83454,83722,83230,83691,31.82897385
2026-01-14 16:45:00+00:00,83686,83870,83361,83505,50.05135037
2026-01-14 17:00:00+00:00,83502,83894,83420,83843,29.52998524
2026-01-14 17:15:00+00:00,83835,83979,83740,83740,30.09736668
2026-01-14 17:30:00+00:00,83737,83737,83112,83459,52.62512783
2026-01-14 17:45:00+00:00,83449,83686,83228,83275,32.35040129
2026-01-14 18:00:00+00:00,83268,83409,83050,83128,27.94062046
2026-01-14 18:15:00+00:00,83114,83372,82994,83368,10.07084852
2026-01-14 18:30:00+00:00,83390,83439,82750,82819,13.10991253
2026-01-14 18:45:00+00:00,82816,83250,82689,83189,11.99368558
2026-01-14 19:00:00+00:00,83178,83371,83077,83371,6.59833995
2026-01-14 19:15:00+00:00,83361,83857,83350,83830,27.11903712
2026-01-14 19:30:00+00:00,83830,83907,83461,83665,12.6155772
2026-01-14 19:45:00+00:00,83654,83800,83541,83594,8.8874746
2026-01-14 20:00:00+00:00,83592,84147,83532,83870,25.0300832
2026-01-14 20:15:00+00:00,83833,83874,83565,83616,9.17325086
2026-01-14 20:30:00+00:00,83603,83965,83586,83818,7.68447746
2026-01-14 20:45:00+00:00,83819,83920,83650,83885,6.91843271
2026-01-14 21:00:00+00:00,83872,83872,83674,83759,6.3945611
2026-01-14 21:15:00+00:00,83724,83867,83718,83838,3.4226138
2026-01-14 21:30:00+00:00,83837,83977,83763,83763,5.62795351
2026-01-14 21:45:00+00:00,83765,83861,83653,83832,8.66316557
2026-01-14 22:00:00+00:00,83806,83836,83573,83607,12.39806179
2026-01-14 22:15:00+00:00,83598,83716,83576,83599,3.86311562
2026-01-14 22:30:00+00:00,83568,83623,83202,83329,23.89022271
2026-01-14 22:45:00+00:00,83347,83552,83106,83201,11.4943398
2026-01-14 23:00:00+00:00,83206,83543,83206,83527,13.74614268
2026-01-14 23:15:00+00:00,83529,83620,83292,83292,3.30352804
2026-01-14 23:30:00+00:00,83293,83403,83189,83351,3.67347874
2026-01-14 23:45:00+00:00,83353,83375,83249,83273,3.24036813
2026-01-15 00:00:00+00:00,83268,83313,83122,83313,2.74243332
2026-01-15 00:15:00+00:00,83295,83316,83052,83078,2.16663604
2026-01-15 00:30:00+00:00,83108,83116,82912,83016,6.84555117
2026-01-15 00:45:00+00:00,83011,83078,82907,83068,2.71639303
2026-01-15 01:00:00+00:00,83080,83320,83076,83147,1.6102625
2026-01-15 01:15:00+00:00,83128,83147,82817,82835,4.05092883
2026-01-15 01:30:00+00:00,82822,83003,82770,82912,3.77935142
2026-01-15 01:45:00+00:00,82914,82971,82836,82881,0.4719906
2026-01-15 02:00:00+00:00,82879,83016,82835,82835,0.37900348
2026-01-15 02:15:00+00:00,82804,82999,82804,82957,1.32050009
2026-01-15 02:30:00+00:00,82977,83023,82585,82773,8.56007409
2026-01-15 02:45:00+00:00,82720,82746,82616,82743,1.99252333
2026-01-15 03:00:00+00:00,82762,82808,82657,82773,2.72044987
2026-01-15 03:15:00+00:00,82714,82813,82400,82400,9.12482579
2026-01-15 03:30:00+00:00,82400,82565,82263,82416,3.82998291
2026-01-15 03:45:00+00:00,82378,82495,82301,82467,2.69662209
2026-01-15 04:00:00+00:00,82450,82603,82431,82559,0.65024216
2026-01-15 04:15:00+00:00,82556,82825,82515,82713,5.03251664
2026-01-15 04:30:00+00:00,82661,82753,82657,82690,1.52829951
2026-01-15 04:45:00+00:00,82697,82776,82637,82775,4.99772184
2026-01-15 05:00:00+00:00,82755,82926,82714,82714,4.83620506
2026-01-15 05:15:00+00:00,82716,82847,82680,82680,2.64636744
2026-01-15 05:30:00+00:00,82703,82881,82699,82881,1.4905438
2026-01-15 05:45:00+00:00,82877,82932,82838,82878,2.71481688
2026-01-15 06:00:00+00:00,82858,82941,82817,82887,3.55912117
2026-01-15 06:15:00+00:00,82905,83018,82835,82936,11.82211301
2026-01-15 06:30:00+00:00,82949,82953,82696,82696,4.00227916
2026-01-15 06:45:00+00:00,82682,82834,82674,82733,4.6893807
2026-01-15 07:00:00+00:00,82718,82803,82681,82754,1.00637599
2026-01-15 07:15:00+00:00,82725,82991,82725,82977,11.44264786
2026-01-15 07:30:00+00:00,82973,83210,82953,83086,6.77815786
2026-01-15 07:45:00+00:00,83096,83163,83016,83108,4.66467703
2026-01-15 08:00:00+00:00,83109,83123,82951,82981,10.23307666
2026-01-15 08:15:00+00:00,82990,83038,82816,82850,5.67189636
2026-01-15 08:30:00+00:00,82850,82932,82800,82923,6.69572089
2026-01-15 08:45:00+00:00,82922,83121,82917,83118,3.28552768
2026-01-15 09:00:00+00:00,83097,83137,83041,83052,6.97894282
2026-01-15 09:15:00+00:00,83040,83249,83014,83200,2.77855611
2026-01-15 09:30:00+00:00,83200,83468,83162,83456,13.66254189
2026-01-15 09:45:00+00:00,83447,83536,83359,83423,4.80143784
2026-01-15 10:00:00+00:00,83433,83448,83250,83261,2.41579388
2026-01-15 10:15:00+00:00,83262,83306,83169,83173,5.78616615
2026-01-15 10:30:00+00:00,83151,83208,83115,83151,2.04834958
2026-01-15 10:45:00+00:00,83143,83251,83142,83194,2.9805887
2026-01-15 11:00:00+00:00,83199,83241,83123,83127,3.47576324
2026-01-15 11:15:00+00:00,83127,83272,83101,83272,1.59375733
2026-01-15 11:30:00+00:00,83283,83324,83080,83102,6.76526114
2026-01-15 11:45:00+00:00,83119,83137,83030,83034,0.96906732
2026-01-15 12:00:00+00:00,83030,83115,82986,83105,2.31353637
2026-01-15 12:15:00+00:00,83110,83111,82986,83061,3.04546923
2026-01-15 12:30:00+00:00,83052,83183,83014,83160,6.93378621
2026-01-15 12:45:00+00:00,83161,83482,83150,83449,7.22673985
2026-01-15 13:00:00+00:00,83449,83475,83318,83333,6.11213102
2026-01-15 13:15:00+00:00,83334,83453,83334,83423,1.07068371
2026-01-15 13:30:00+00:00,83423,83452,83205,83398,8.45477327
2026-01-15 13:45:00+00:00,83400,83631,83400,83483,8.86878937
2026-01-15 14:00:00+00:00,83480,83699,83480,83685,8.43910575
2026-01-15 14:15:00+00:00,83684,83703,83322,83384,8.14361453
2026-01-15 14:30:00+00:00,83380,83478,82587,82598,30.043925
2026-01-15 14:45:00+00:00,82610,83111,82401,82799,22.57870168
2026-01-15 15:00:00+00:00,82793,83043,82620,82949,13.60192363
2026-01-15 15:15:00+00:00,82918,83122,82587,82633,18.68894344
2026-01-15 15:30:00+00:00,82632,82787,82367,82599,12.59171576
2026-01-15 15:45:00+00:00,82601,83420,82213,83396,40.55967817
2026-01-15 16:00:00+00:00,83365,83553,82950,83027,24.89480543
2026-01-15 16:15:00+00:00,82985,83204,82956,83025,9.4960984
2026-01-15 16:30:00+00:00,83018,83420,82984,83340,9.05934416
2026-01-15 16:45:00+00:00,83339,83424,83184,83322,3.38712603
2026-01-15 17:00:00+00:00,83315,83437,83067,83101,5.9449224
2026-01-15 17:15:00+00:00,83114,83280,83028,83280,6.86929948
2026-01-15 17:30:00+00:00,83281,83613,83230,83504,17.01046504
2026-01-15 17:45:00+00:00,83500,83577,83187,83230,11.09337466
2026-01-15 18:00:00+00:00,83219,83223,82749,82869,26.14909205
2026-01-15 18:15:00+00:00,82892,82900,82692,82816,7.73680169
2026-01-15 18:30:00+00:00,82798,82871,82450,82681,13.47752731
2026-01-15 18:45:00+00:00,82671,82685,82497,82512,5.17819526
2026-01-15 19:00:00+00:00,82509,82590,82283,82448,15.86947954
2026-01-15 19:15:00+00:00,82479,82535,82160,82202,11.09369074
2026-01-15 19:30:00+00:00,82195,82276,81700,82117,29.24041807
2026-01-15 19:45:00+00:00,82111,82389,82089,82230,9.38319131
2026-01-15 20:00:00+00:00,82200,82350,82174,82277,8.12908128
2026-01-15 20:15:00+00:00,82270,82312,81970,81999,7.06608949
2026-01-15 20:30:00+00:00,82002,82177,81941,82063,9.37971291
2026-01-15 20:45:00+00:00,82074,82118,81954,82050,2.74836796
2026-01-15 21:00:00+00:00,82076,82244,82011,82119,2.47427081
2026-01-15 21:15:00+00:00,82117,82231,82106,82227,3.50205411
2026-01-15 21:30:00+00:00,82213,82277,82181,82258,10.30239023
2026-01-15 21:45:00+00:00,82262,82365,82262,82336,3.37743302
2026-01-15 22:00:00+00:00,82330,82465,82261,82324,2.54130515
2026-01-15 22:15:00+00:00,82307,82478,82257,82444,0.93129142
2026-01-15 22:30:00+00:00,82456,82561,82386,82403,4.37404171
2026-01-15 22:45:00+00:00,82419,82440,82293,82384,1.60840378
2026-01-15 23:00:00+00:00,82326,82356,82176,82348,3.61115939
2026-01-15 23:15:00+00:00,82343,82447,82303,82313,4.01146118
2026-01-15 23:30:00+00:00,82290,82309,82238,82285,0.7551556
2026-01-15 23:45:00+00:00,82288,82366,82266,82352,1.08209508
2026-01-16 00:00:00+00:00,82316,82467,82308,82399,0.10719049
2026-01-16 00:15:00+00:00,82433,82492,82391,82431,0.25943297
2026-01-16 00:30:00+00:00,82439,82547,82433,82514,1.72087496
2026-01-16 00:45:00+00:00,82535,82535,82374,82374,0.50305515
2026-01-16 01:00:00+00:00,82398,82409,82213,82242,2.01578475
2026-01-16 01:15:00+00:00,82254,82413,82254,82408,1.11326063
2026-01-16 01:30:00+00:00,82433,82578,82385,82394,1.51162402
2026-01-16 01:45:00+00:00,82403,82491,82403,82414,0.29448938
2026-01-16 02:00:00+00:00,82413,82414,82229,82243,0.5597062
2026-01-16 02:15:00+00:00,82244,82398,82152,82383,2.74147393
2026-01-16 02:30:00+00:00,82395,82404,82171,82206,0.98612392
2026-01-16 02:45:00+00:00,82204,82276,82202,82251,0.66632074
2026-01-16 03:00:00+00:00,82255,82323,82252,82320,0.48912575
2026-01-16 03:15:00+00:00,82298,82302,82236,82248,0.13558766
2026-01-16 03:30:00+00:00,82246,82246,82164,82188,0.31038716
2026-01-16 03:45:00+00:00,82175,82187,82070,82095,0.17681903
2026-01-16 04:00:00+00:00,82073,82191,82073,82179,0.04435834
2026-01-16 04:15:00+00:00,82176,82300,82133,82138,1.2994383
2026-01-16 04:30:00+00:00,82139,82172,81943,81987,7.23422162
2026-01-16 04:45:00+00:00,81986,82033,81921,82031,0.96697958
2026-01-16 05:00:00+00:00,82012,82198,82012,82175,0.62820132
2026-01-16 05:15:00+00:00,82173,82199,82038,82057,0.39499283
2026-01-16 05:30:00+00:00,82073,82371,82065,82317,2.91194949
2026-01-16 05:45:00+00:00,82307,82416,82304,82412,3.42723811
2026-01-16 06:00:00+00:00,82409,82535,82327,82333,2.818962
2026-01-16 06:15:00+00:00,82357,82431,82272,82393,0.69855312
2026-01-16 06:30:00+00:00,82389,82481,82377,82454,1.00259705
2026-01-16 06:45:00+00:00,82460,82504,82419,82453,0.99844659
2026-01-16 07:00:00+00:00,82461,82503,82390,82409,0.78931237
2026-01-16 07:15:00+00:00,82367,82410,82294,82305,0.4486736
2026-01-16 07:30:00+00:00,82299,82299,82190,82205,1.80768493
2026-01-16 07:45:00+00:00,82215,82382,82204,82369,2.31393561
2026-01-16 08:00:00+00:00,82383,82425,82292,82421,4.72220142
2026-01-16 08:15:00+00:00,82415,82541,82398,82498,8.78597073
2026-01-16 08:30:00+00:00,82509,82550,82361,82476,4.13213026
2026-01-16 08:45:00+00:00,82453,82465,82374,82397,6.45811775
2026-01-16 09:00:00+00:00,82370,82492,82370,82407,2.21931766
2026-01-16 09:15:00+00:00,82397,82417,82306,82417,1.44662308
2026-01-16 09:30:00+00:00,82429,82430,82340,82365,1.08332822
2026-01-16 09:45:00+00:00,82366,82374,82310,82325,1.57428302
2026-01-16 10:00:00+00:00,82334,82359,82248,82296,1.12275269
2026-01-16 10:15:00+00:00,82294,82294,82147,82152,3.37890859
2026-01-16 10:30:00+00:00,82137,82160,82024,82094,10.68809881
2026-01-16 10:45:00+00:00,82093,82137,82026,82050,4.46506528
2026-01-16 11:00:00+00:00,82051,82096,82000,82009,2.03424851
2026-01-16 11:15:00+00:00,82020,82071,81959,82046,3.67760518
2026-01-16 11:30:00+00:00,82008,82078,81990,82018,1.22961835
2026-01-16 11:45:00+00:00,82008,82155,81988,82120,2.67658523
2026-01-16 12:00:00+00:00,82112,82171,82101,82145,1.89532682
2026-01-16 12:15:00+00:00,82159,82260,82145,82251,5.3790088
2026-01-16 12:30:00+00:00,82246,82259,82138,82184,3.0915353
2026-01-16 12:45:00+00:00,82209,82209,82083,82152,2.67586966
2026-01-16 13:00:00+00:00,82162,82243,82089,82231,2.26375035
2026-01-16 13:15:00+00:00,82243,82285,82215,82248,4.66342559
2026-01-16 13:30:00+00:00,82239,82278,82006,82127,1.16661353
2026-01-16 13:45:00+00:00,82136,82190,82124,82153,0.76802766
2026-01-16 14:00:00+00:00,82179,82269,82146,82170,5.10926383
2026-01-16 14:15:00+00:00,82170,82413,82100,82408,9.81586047
2026-01-16 14:30:00+00:00,82420,82493,82005,82005,22.18522159
2026-01-16 14:45:00+00:00,82005,82211,81936,81936,13.5834788
2026-01-16 15:00:00+00:00,81920,82297,81785,82208,25.25081476
2026-01-16 15:15:00+00:00,82209,82230,81603,81620,54.43040133
2026-01-16 15:30:00+00:00,81608,81754,81345,81560,39.00985337
2026-01-16 15:45:00+00:00,81560,81649,81325,81579,28.46862569
2026-01-16 16:00:00+00:00,81567,81770,81458,81670,22.60886176
2026-01-16 16:15:00+00:00,81678,81850,81524,81806,14.12801775
2026-01-16 16:30:00+00:00,81785,81848,81640,81789,6.76732068
2026-01-16 16:45:00+00:00,81774,81870,81720,81799,2.39604826
2026-01-16 17:00:00+00:00,81780,81789,81576,81697,3.5087223
2026-01-16 17:15:00+00:00,81700,81806,81503,81692,4.4717972
2026-01-16 17:30:00+00:00,81678,81851,81678,81851,2.01596245
2026-01-16 17:45:00+00:00,81843,82033,81725,81982,3.17783605
2026-01-16 18:00:00+00:00,81987,82111,81975,81999,5.84681941
2026-01-16 18:15:00+00:00,81989,82120,81977,82096,3.39075612
2026-01-16 18:30:00+00:00,82108,82126,82011,82039,12.82709566
2026-01-16 18:45:00+00:00,82044,82066,81879,81923,6.27278724
2026-01-16 19:00:00+00:00,81919,81961,81854,81923,5.92219659
2026-01-16 19:15:00+00:00,81925,81940,81788,81797,2.34993736
2026-01-16 19:30:00+00:00,81788,81970,81788,81865,2.64539556
2026-01-16 19:45:00+00:00,81869,81950,81859,81911,3.99326993
2026-01-16 20:00:00+00:00,81890,81890,81614,81780,2.55630693
2026-01-16 20:15:00+00:00,81810,82006,81763,81984,4.35697113
2026-01-16 20:30:00+00:00,81979,82144,81968,82120,6.24740939
2026-01-16 20:45:00+00:00,82110,82395,82069,82380,5.3713411
2026-01-16 21:00:00+00:00,82373,82410,82238,82242,8.29689989
2026-01-16 21:15:00+00:00,82224,82290,82210,82257,1.10919865
2026-01-16 21:30:00+00:00,82250,82395,82218,82370,2.55103034
2026-01-16 21:45:00+00:00,82370,82390,82297,82346,6.6213923
2026-01-16 22:00:00+00:00,82355,82390,82141,82230,3.0636433
2026-01-16 22:15:00+00:00,82227,82300,82195,82215,4.24979094
2026-01-16 22:30:00+00:00,82215,82239,82116,82239,3.24684323
2026-01-16 22:45:00+00:00,82240,82332,82181,82332,1.11911648
2026-01-16 23:00:00+00:00,82323,82351,82264,82351,0.42943101
2026-01-16 23:15:00+00:00,82327,82395,82301,82382,1.99063713
2026-01-16 23:30:00+00:00,82364,82390,82277,82277,2.04476807
2026-01-16 23:45:00+00:00,82321,82395,82319,82352,0.38580399
2026-01-17 00:00:00+00:00,82379,82396,82329,82339,0.31784434
2026-01-17 00:15:00+00:00,82345,82376,82292,82297,0.50885162
2026-01-17 00:30:00+00:00,82291,82323,82259,82323,0.2572021
2026-01-17 00:45:00+00:00,82280,82332,82270,82306,0.16216769
2026-01-17 01:00:00+00:00,82293,82337,82260,82278,0.15395536
2026-01-17 01:15:00+00:00,82278,82307,82275,82295,0.33861672
2026-01-17 01:30:00+00:00,82295,82299,82214,82229,0.49005231
2026-01-17 01:45:00+00:00,82234,82253,82218,82218,0.05001076
2026-01-17 02:00:00+00:00,82240,82246,82121,82137,1.09622185
2026-01-17 02:15:00+00:00,82135,82149,82109,82141,0.21581891
2026-01-17 02:30:00+00:00,82141,82198,82075,82169,1.77524667
2026-01-17 02:45:00+00:00,82183,82233,82149,82205,0.14727918
2026-01-17 03:00:00+00:00,82228,82228,82168,82174,0.07682609
2026-01-17 03:15:00+00:00,82175,82186,82150,82171,0.19753875
2026-01-17 03:30:00+00:00,82183,82190,82130,82189,0.04548746
2026-01-17 03:45:00+00:00,82186,82229,82130,82208,1.97411598
2026-01-17 04:00:00+00:00,82199,82221,82168,82175,0.07255941
2026-01-17 04:15:00+00:00,82165,82172,82119,82171,0.15788605
2026-01-17 04:30:00+00:00,82156,82180,82125,82180,0.37396908
2026-01-17 04:45:00+00:00,82177,82217,82166,82166,0.57061317
2026-01-17 05:00:00+00:00,82182,82238,82164,82164,0.18133029
2026-01-17 05:15:00+00:00,82143,82198,82140,82180,0.47835935
2026-01-17 05:30:00+00:00,82175,82181,82153,82169,0.09663378
2026-01-17 05:45:00+00:00,82172,82181,82141,82178,0.21310502
2026-01-17 06:00:00+00:00,82150,82150,82075,82104,0.08068308
2026-01-17 06:15:00+00:00,82096,82101,82062,82078,1.28313371
2026-01-17 06:30:00+00:00,82075,82197,82074,82121,0.25872125
2026-01-17 06:45:00+00:00,82113,82126,82080,82099,0.76269949
2026-01-17 07:00:00+00:00,82098,82098,81982,81999,2.87349217
2026-01-17 07:15:00+00:00,81997,82076,81997,82051,1.00388161
2026-01-17 07:30:00+00:00,82072,82073,82008,82023,1.35156443
2026-01-17 07:45:00+00:00,82019,82020,81941,81989,1.8880493
2026-01-17 08:00:00+00:00,81991,82063,81919,82049,1.00703951
2026-01-17 08:15:00+00:00,82044,82100,82028,82100,1.47776435
2026-01-17 08:30:00+00:00,82083,82119,82062,82069,1.76234676
2026-01-17 08:45:00+00:00,82075,82114,82075,82111,0.37613048
2026-01-17 09:00:00+00:00,82108,82119,82062,82072,0.20948593
2026-01-17 09:15:00+00:00,82072,82100,82036,82094,0.23881899
2026-01-17 09:30:00+00:00,82097,82142,82066,82132,1.4354073
2026-01-17 09:45:00+00:00,82136,82158,82121,82137,1.12972439
2026-01-17 10:00:00+00:00,82139,82139,82090,82126,0.72120889
2026-01-17 10:15:00+00:00,82135,82149,82096,82117,0.43507501
2026-01-17 10:30:00+00:00,82110,82117,82044,82049,0.95963549
2026-01-17 10:45:00+00:00,82050,82050,82001,82009,3.3272641
2026-01-17 11:00:00+00:00,82009,82021,81963,82021,0.67675791
2026-01-17 11:15:00+00:00,82019,82176,82015,82175,1.05248374
2026-01-17 11:30:00+00:00,82169,82188,82138,82188,0.56499872
2026-01-17 11:45:00+00:00,82189,82190,82159,82190,0.36844778
2026-01-17 12:00:00+00:00,82187,82200,82152,82200,0.93862447
2026-01-17 12:15:00+00:00,82212,82274,82109,82156,2.27792175
2026-01-17 12:30:00+00:00,82140,82169,82132,82145,1.98132298
2026-01-17 12:45:00+00:00,82159,82159,82131,82138,1.01799461
2026-01-17 13:00:00+00:00,82147,82160,82082,82132,0.97566189
2026-01-17 13:15:00+00:00,82132,82250,82119,82231,1.39676723
2026-01-17 13:30:00+00:00,82230,82300,82194,82297,1.77527398
2026-01-17 13:45:00+00:00,82289,82311,82256,82290,1.33501813
2026-01-17 14:00:00+00:00,82287,82290,82229,82290,0.60402537
2026-01-17 14:15:00+00:00,82297,82331,82248,82330,1.83212713
2026-01-17 14:30:00+00:00,82320,82390,82293,82318,2.49418922
2026-01-17 14:45:00+00:00,82300,82347,82264,82334,2.17484978
2026-01-17 15:00:00+00:00,82322,82480,82296,82344,8.11351019
2026-01-17 15:15:00+00:00,82357,82414,82281,82357,2.95433022
2026-01-17 15:30:00+00:00,82355,82437,82355,82416,2.20095378
2026-01-17 15:45:00+00:00,82433,82443,82293,82419,1.38321284
2026-01-17 16:00:00+00:00,82422,82422,82322,82355,3.24387236
2026-01-17 16:15:00+00:00,82360,82387,82160,82335,6.63507763
2026-01-17 16:30:00+00:00,82318,82318,82181,82262,3.0845171
2026-01-17 16:45:00+00:00,82269,82269,82121,82213,5.32890966
2026-01-17 17:00:00+00:00,82205,82289,82190,82255,1.59596217
2026-01-17 17:15:00+00:00,82260,82306,82238,82298,1.074273
2026-01-17 17:30:00+00:00,82298,82325,82282,82320,4.08238936
2026-01-17 17:45:00+00:00,82319,82319,82210,82256,2.96765238
2026-01-17 18:00:00+00:00,82256,82340,82248,82325,1.3281524
2026-01-17 18:15:00+00:00,82335,82366,82329,82354,0.61414043
2026-01-17 18:30:00+00:00,82362,82368,82333,82343,0.19438842
2026-01-17 18:45:00+00:00,82348,82348,82304,82338,2.45688072
2026-01-17 19:00:00+00:00,82331,82332,82296,82303,0.35392329
2026-01-17 19:15:00+00:00,82298,82309,82259,82265,0.55632873
2026-01-17 19:30:00+00:00,82265,82293,82225,82225,0.41621919
2026-01-17 19:45:00+00:00,82222,82236,82213,82232,0.38627149
2026-01-17 20:00:00+00:00,82233,82239,82212,82228,0.37780753
2026-01-17 20:15:00+00:00,82223,82278,82222,82252,0.33274058
2026-01-17 20:30:00+00:00,82245,82258,82221,82257,0.40029914
2026-01-17 20:45:00+00:00,82257,82305,82257,82297,0.73677392
2026-01-17 21:00:00+00:00,82296,82297,82280,82280,1.16038371
2026-01-17 21:15:00+00:00,82274,82330,82268,82288,2.3970359
2026-01-17 21:30:00+00:00,82277,82277,82213,82219,1.93582482
2026-01-17 21:45:00+00:00,82211,82238,82204,82234,0.76151526
2026-01-17 22:00:00+00:00,82231,82242,82100,82128,3.88329606
2026-01-17 22:15:00+00:00,82141,82181,82114,82125,2.12103032
2026-01-17 22:30:00+00:00,82124,82124,82020,82091,0.79385224
2026-01-17 22:45:00+00:00,82078,82163,82008,82091,1.65719855
2026-01-17 23:00:00+00:00,82086,82140,82075,82118,1.01928941
2026-01-17 23:15:00+00:00,82121,82135,82083,82083,1.46105051
2026-01-17 23:30:00+00:00,82083,82120,82073,82100,2.0551611
2026-01-17 23:45:00+00:00,82098,82103,82069,82097,0.67735511
2026-01-18 00:00:00+00:00,82075,82158,82040,82133,1.10953519
2026-01-18 00:15:00+00:00,82132,82169,82130,82130,0.22958926
2026-01-18 00:30:00+00:00,82131,82165,82077,82088,0.32271722
2026-01-18 00:45:00+00:00,82082,82084,82019,82056,1.83812054
2026-01-18 01:00:00+00:00,82055,82055,81855,81912,3.10901603
2026-01-18 01:15:00+00:00,81881,82001,81881,82001,0.32642427
2026-01-18 01:30:00+00:00,82004,82024,81962,81962,0.15724381
2026-01-18 01:45:00+00:00,81952,81973,81877,81927,0.18044688
2026-01-18 02:00:00+00:00,81941,81991,81941,81984,0.30821515
2026-01-18 02:15:00+00:00,81984,82029,81976,81976,0.26221132
2026-01-18 02:30:00+00:00,81975,81975,81872,81948,0.36806983
2026-01-18 02:45:00+00:00,81952,82012,81952,81997,0.22958598
2026-01-18 03:00:00+00:00,82006,82044,81989,82037,1.27790422
2026-01-18 03:15:00+00:00,82036,82096,82003,82096,0.33301747
2026-01-18 03:30:00+00:00,82094,82155,82094,82128,1.64897407
2026-01-18 03:45:00+00:00,82143,82166,82124,82163,1.01514163
2026-01-18 04:00:00+00:00,82119,82151,82086,82123,0.44812935
2026-01-18 04:15:00+00:00,82119,82122,82073,82073,0.01961305
2026-01-18 04:30:00+00:00,82088,82088,82055,82071,0.06527503
2026-01-18 04:45:00+00:00,82081,82094,82061,82083,0.19671184
2026-01-18 05:00:00+00:00,82067,82067,82021,82050,0.77605061
2026-01-18 05:15:00+00:00,82038,82083,82035,82083,0.50521761
2026-01-18 05:30:00+00:00,82073,82127,82018,82127,0.59566191
2026-01-18 05:45:00+00:00,82147,82166,82105,82126,0.22947364
2026-01-18 06:00:00+00:00,82129,82145,82104,82120,0.98706966
2026-01-18 06:15:00+00:00,82122,82129,82091,82129,0.18814697
2026-01-18 06:30:00+00:00,82126,82141,82094,82116,0.8700944
2026-01-18 06:45:00+00:00,82109,82114,82090,82114,0.28866165
2026-01-18 07:00:00+00:00,82101,82117,82032,82036,1.04554577
2026-01-18 07:15:00+00:00,82035,82068,82009,82067,1.65279019
2026-01-18 07:30:00+00:00,82063,82063,81998,82009,1.4270534
2026-01-18 07:45:00+00:00,82013,82056,82006,82006,1.36522777
2026-01-18 08:00:00+00:00,82001,82030,81991,82026,0.22161506
2026-01-18 08:15:00+00:00,82017,82074,82001,82074,1.17876381
2026-01-18 08:30:00+00:00,82073,82150,82063,82120,0.81925946
2026-01-18 08:45:00+00:00,82120,82150,82101,82137,0.28477824
2026-01-18 09:00:00+00:00,82134,82138,82106,82138,0.7807022
2026-01-18 09:15:00+00:00,82147,82180,82134,82134,1.27076574
2026-01-18 09:30:00+00:00,82140,82211,82140,82178,1.72329418
2026-01-18 09:45:00+00:00,82178,82220,82168,82200,1.097378
2026-01-18 10:00:00+00:00,82200,82225,82040,82100,0.97322306
2026-01-18 10:15:00+00:00,82099,82099,82064,82093,0.67673409
2026-01-18 10:30:00+00:00,82096,82120,82062,82112,0.74875028
2026-01-18 10:45:00+00:00,82118,82129,82099,82117,0.2730844
2026-01-18 11:00:00+00:00,82110,82111,82055,82079,0.43397157
2026-01-18 11:15:00+00:00,82074,82083,82045,82045,0.53670762
2026-01-18 11:30:00+00:00,82048,82083,82016,82060,1.7252129
2026-01-18 11:45:00+00:00,82050,82110,82043,82104,2.83257479
2026-01-18 12:00:00+00:00,82104,82113,82039,82050,1.08484657
2026-01-18 12:15:00+00:00,82050,82083,82042,82079,1.54198479
2026-01-18 12:30:00+00:00,82084,82105,82059,82099,0.26736395
2026-01-18 12:45:00+00:00,82101,82107,82019,82048,1.38291487
2026-01-18 13:00:00+00:00,82050,82055,81955,82005,3.25180175
2026-01-18 13:15:00+00:00,82007,82007,81875,81937,7.5460818
2026-01-18 13:30:00+00:00,81923,82111,81910,82091,4.17398828
2026-01-18 13:45:00+00:00,82092,82136,82086,82087,0.61945499
2026-01-18 14:00:00+00:00,82086,82152,82058,82143,5.03262977
2026-01-18 14:15:00+00:00,82144,82230,82072,82098,1.95836829
2026-01-18 14:30:00+00:00,82105,82172,82053,82061,1.42098343
2026-01-18 14:45:00+00:00,82055,82063,81880,81904,1.70644673
2026-01-18 15:00:00+00:00,81906,81971,81876,81957,2.96482097
2026-01-18 15:15:00+00:00,81953,82000,81940,81995,1.24815445
2026-01-18 15:30:00+00:00,81985,82040,81964,81980,0.67700992
2026-01-18 15:45:00+00:00,81969,82050,81969,82047,1.10148449
2026-01-18 16:00:00+00:00,82044,82096,82001,82055,0.83191851
2026-01-18 16:15:00+00:00,82060,82094,82006,82022,0.342757
2026-01-18 16:30:00+00:00,82022,82102,82001,82098,0.99085966
2026-01-18 16:45:00+00:00,82089,82108,82039,82083,0.64416673
2026-01-18 17:00:00+00:00,82079,82148,82064,82072,0.50107775
2026-01-18 17:15:00+00:00,82087,82185,82087,82169,0.82671717
2026-01-18 17:30:00+00:00,82172,82185,82104,82112,1.17436267
2026-01-18 17:45:00+00:00,82118,82176,82100,82174,1.71447362
2026-01-18 18:00:00+00:00,82172,82174,82128,82167,3.70146772
2026-01-18 18:15:00+00:00,82160,82313,82117,82275,6.22714916
2026-01-18 18:30:00+00:00,82275,82335,82211,82230,2.90983992
2026-01-18 18:45:00+00:00,82260,82387,82226,82308,9.03046215
2026-01-18 19:00:00+00:00,82306,82370,82286,82288,2.97080732
2026-01-18 19:15:00+00:00,82287,82340,82230,82305,1.65811188
2026-01-18 19:30:00+00:00,82304,82351,82265,82265,1.01259687
2026-01-18 19:45:00+00:00,82267,82271,82192,82250,1.03330228
2026-01-18 20:00:00+00:00,82233,82255,82152,82168,2.33895492
2026-01-18 20:15:00+00:00,82171,82301,82171,82291,0.63127224
2026-01-18 20:30:00+00:00,82291,82305,82171,82218,1.85893213
2026-01-18 20:45:00+00:00,82215,82238,82169,82174,0.59122004
2026-01-18 21:00:00+00:00,82186,82247,82159,82242,1.01194673
2026-01-18 21:15:00+00:00,82245,82245,82192,82196,0.53433415
2026-01-18 21:30:00+00:00,82195,82275,82195,82260,1.17901966
2026-01-18 21:45:00+00:00,82274,82300,82256,82299,1.96455238
2026-01-18 22:00:00+00:00,82300,82434,82292,82414,4.26864161
2026-01-18 22:15:00+00:00,82412,82418,82383,82395,1.43316948
2026-01-18 22:30:00+00:00,82384,82419,82337,82400,0.66606695
2026-01-18 22:45:00+00:00,82406,82418,82357,82399,1.58706735
2026-01-18 23:00:00+00:00,82398,82405,81842,81952,10.51361421
2026-01-18 23:15:00+00:00,81958,82025,81465,81478,18.10967164
2026-01-18 23:30:00+00:00,81490,81663,81237,81269,26.23438766
2026-01-18 23:45:00+00:00,81269,81269,80257,80588,64.87892397
2026-01-19 00:00:00+00:00,80569,80579,79109,79626,87.28988035
2026-01-19 00:15:00+00:00,79585,79955,79379,79729,33.24139462
2026-01-19 00:30:00+00:00,79707,79993,79436,79918,20.84551553
2026-01-19 00:45:00+00:00,79900,79900,79701,79711,5.13655225
2026-01-19 01:00:00+00:00,79701,79864,79552,79779,10.35531586
2026-01-19 01:15:00+00:00,79763,79883,79626,79643,7.83881812
2026-01-19 01:30:00+00:00,79644,79825,79612,79622,9.60322449
2026-01-19 01:45:00+00:00,79609,79673,79349,79673,11.31697261
2026-01-19 02:00:00+00:00,79674,79703,79514,79535,1.65579457
2026-01-19 02:15:00+00:00,79536,79787,79514,79612,10.49023826
2026-01-19 02:30:00+00:00,79610,79719,79569,79712,2.38050956
2026-01-19 02:45:00+00:00,79677,79719,79625,79694,2.00520601
2026-01-19 03:00:00+00:00,79676,79848,79676,79848,3.17174267
2026-01-19 03:15:00+00:00,79848,79887,79612,79648,2.86250554
2026-01-19 03:30:00+00:00,79659,79744,79620,79733,1.61038743
2026-01-19 03:45:00+00:00,79721,79777,79711,79749,1.69881198
2026-01-19 04:00:00+00:00,79755,79782,79658,79659,4.77345868
2026-01-19 04:15:00+00:00,79653,79720,79555,79704,5.19080817
2026-01-19 04:30:00+00:00,79704,79732,79604,79707,2.89910078
2026-01-19 04:45:00+00:00,79712,79737,79663,79663,7.20928435
2026-01-19 05:00:00+00:00,79668,79748,79631,79631,5.83637033
2026-01-19 05:15:00+00:00,79634,79639,79554,79638,4.71129724
2026-01-19 05:30:00+00:00,79682,79756,79563,79619,3.98855285
2026-01-19 05:45:00+00:00,79635,79670,79546,79556,3.33698374
2026-01-19 06:00:00+00:00,79566,79623,79473,79580,5.44362576
2026-01-19 06:15:00+00:00,79560,79612,79430,79548,6.43940974
2026-01-19 06:30:00+00:00,79540,79639,79524,79588,11.17717383
2026-01-19 06:45:00+00:00,79596,79650,79575,79625,5.4217204
2026-01-19 07:00:00+00:00,79625,79666,79541,79577,5.44643109
2026-01-19 07:15:00+00:00,79582,79627,79561,79596,5.000073
2026-01-19 07:30:00+00:00,79596,79744,79577,79743,4.13094404
2026-01-19 07:45:00+00:00,79748,79881,79714,79859,6.92093672
2026-01-19 08:00:00+00:00,79856,79884,79735,79822,6.20558391
2026-01-19 08:15:00+00:00,79811,80486,79810,80030,33.52122332
2026-01-19 08:30:00+00:00,80015,80180,79961,80142,16.0401569
2026-01-19 08:45:00+00:00,80138,80320,80137,80250,10.76221444
2026-01-19 09:00:00+00:00,80239,80245,80050,80084,11.10024508
2026-01-19 09:15:00+00:00,80083,80171,80016,80122,11.95458586
2026-01-19 09:30:00+00:00,80120,80133,79977,79986,10.03801166
2026-01-19 09:45:00+00:00,79986,80071,79986,80040,6.30188136
2026-01-19 10:00:00+00:00,80048,80048,79900,79958,3.8488702
2026-01-19 10:15:00+00:00,79976,80064,79976,80003,2.96918417
2026-01-19 10:30:00+00:00,80003,80032,79958,80022,5.0881099
2026-01-19 10:45:00+00:00,80026,80050,79992,80050,2.36882502
2026-01-19 11:00:00+00:00,80050,80050,79985,80007,6.32891725
2026-01-19 11:15:00+00:00,80010,80155,80010,80121,8.09877963
2026-01-19 11:30:00+00:00,80116,80252,80100,80203,5.96553975
2026-01-19 11:45:00+00:00,80203,80267,80132,80139,4.521762
2026-01-19 12:00:00+00:00,80141,80156,80001,80024,9.7903922
2026-01-19 12:15:00+00:00,80024,80093,79953,79981,10.07944028
2026-01-19 12:30:00+00:00,79981,80154,79981,80071,9.571158
2026-01-19 12:45:00+00:00,80068,80129,80000,80055,4.25190473
2026-01-19 13:00:00+00:00,80054,80054,79927,79947,2.97109451
2026-01-19 13:15:00+00:00,79943,79975,79782,79906,10.88646533
2026-01-19 13:30:00+00:00,79903,80070,79903,80003,7.27468707
2026-01-19 13:45:00+00:00,80007,80058,79959,79983,1.68693725
2026-01-19 14:00:00+00:00,79990,79999,79776,79860,3.13055895
2026-01-19 14:15:00+00:00,79842,79950,79790,79839,2.1178386
2026-01-19 14:30:00+00:00,79839,79927,79690,79756,8.61076471
2026-01-19 14:45:00+00:00,79732,79830,79701,79736,7.97758061
2026-01-19 15:00:00+00:00,79737,79940,79737,79940,9.44165102
2026-01-19 15:15:00+00:00,79945,79967,79840,79878,1.62001556
2026-01-19 15:30:00+00:00,79879,79989,79861,79933,7.82543255
2026-01-19 15:45:00+00:00,79931,79984,79914,79960,3.70568654
2026-01-19 16:00:00+00:00,79967,80046,79918,79919,13.35956245
2026-01-19 16:15:00+00:00,79919,80036,79871,80023,3.54021481
2026-01-19 16:30:00+00:00,80009,80090,80008,80064,2.32423002
2026-01-19 16:45:00+00:00,80059,80237,79994,80159,4.75228971
2026-01-19 17:00:00+00:00,80143,80209,80016,80192,7.5789388
2026-01-19 17:15:00+00:00,80189,80236,80135,80177,2.5666954
2026-01-19 17:30:00+00:00,80157,80159,80006,80048,4.71020356
2026-01-19 17:45:00+00:00,80032,80091,80001,80070,2.69792835
2026-01-19 18:00:00+00:00,80048,80082,79915,79922,3.52024048
2026-01-19 18:15:00+00:00,79904,79949,79800,79819,3.49695136
2026-01-19 18:30:00+00:00,79820,79960,79781,79942,8.16616735
2026-01-19 18:45:00+00:00,79942,79962,79871,79908,2.82727301
2026-01-19 19:00:00+00:00,79909,79946,79850,79912,2.56447694
2026-01-19 19:15:00+00:00,79920,79979,79872,79909,2.71370977
2026-01-19 19:30:00+00:00,79908,79978,79878,79973,4.3040692
2026-01-19 19:45:00+00:00,79973,79999,79929,79955,1.40927931
2026-01-19 20:00:00+00:00,79972,80075,79972,80029,4.5931034
2026-01-19 20:15:00+00:00,80024,80110,80019,80087,2.82397105
2026-01-19 20:30:00+00:00,80084,80093,79965,79965,2.16878757
2026-01-19 20:45:00+00:00,79976,79990,79936,79978,0.9651163
2026-01-19 21:00:00+00:00,79986,80142,79909,79949,7.79247389
2026-01-19 21:15:00+00:00,79948,79948,79848,79876,3.23369574
2026-01-19 21:30:00+00:00,79876,79914,79844,79882,0.84291897
2026-01-19 21:45:00+00:00,79884,79886,79839,79849,3.17991099
2026-01-19 22:00:00+00:00,79850,79871,79597,79708,7.55025011
2026-01-19 22:15:00+00:00,79720,79871,79710,79795,4.72178723
2026-01-19 22:30:00+00:00,79812,79812,79633,79671,3.31291848
2026-01-19 22:45:00+00:00,79681,79681,79443,79443,8.82757894
2026-01-19 23:00:00+00:00,79459,79593,78956,79342,46.94454301
2026-01-19 23:15:00+00:00,79339,79453,79093,79420,8.7419525
2026-01-19 23:30:00+00:00,79420,79606,79420,79544,7.8601069
2026-01-19 23:45:00+00:00,79544,79616,79501,79538,2.8388561
2026-01-20 00:00:00+00:00,79535,79749,79496,79612,3.53523993
2026-01-20 00:15:00+00:00,79600,79615,79317,79401,1.46736319
2026-01-20 00:30:00+00:00,79404,79664,79404,79645,1.41843572
2026-01-20 00:45:00+00:00,79648,79689,79540,79609,4.69236743
2026-01-20 01:00:00+00:00,79607,79677,79442,79613,5.29429674
2026-01-20 01:15:00+00:00,79630,79756,79566,79746,1.5411364
2026-01-20 01:30:00+00:00,79734,79749,79576,79622,0.5086537
2026-01-20 01:45:00+00:00,79631,79722,79574,79592,3.69394391
2026-01-20 02:00:00+00:00,79592,79592,79371,79399,5.13099038
2026-01-20 02:15:00+00:00,79382,79450,79294,79397,6.56422952
2026-01-20 02:30:00+00:00,79396,79538,79396,79483,3.37194564
2026-01-20 02:45:00+00:00,79484,79563,79410,79449,9.26032948
2026-01-20 03:00:00+00:00,79450,79534,79298,79321,5.00807972
2026-01-20 03:15:00+00:00,79319,79378,79222,79222,3.71899987
2026-01-20 03:30:00+00:00,79217,79245,79121,79245,4.44480636
2026-01-20 03:45:00+00:00,79240,79302,79220,79270,4.3933849
2026-01-20 04:00:00+00:00,79261,79301,79162,79162,1.40550163
2026-01-20 04:15:00+00:00,79153,79158,79027,79116,3.90613256
2026-01-20 04:30:00+00:00,79128,79208,79030,79054,1.75636781
2026-01-20 04:45:00+00:00,79057,79102,78809,78880,11.46934586
2026-01-20 05:00:00+00:00,78890,78890,78237,78275,45.57042057
2026-01-20 05:15:00+00:00,78266,78590,78189,78590,15.8615558
2026-01-20 05:30:00+00:00,78600,78642,78411,78518,13.48336308
2026-01-20 05:45:00+00:00,78509,78654,78499,78506,11.05933646
2026-01-20 06:00:00+00:00,78500,78513,78354,78354,7.49884036
2026-01-20 06:15:00+00:00,78363,78402,77816,78193,36.94429329
2026-01-20 06:30:00+00:00,78156,78156,77803,78052,15.5659035
2026-01-20 06:45:00+00:00,78060,78060,77744,77859,18.74842228
2026-01-20 07:00:00+00:00,77858,78067,77817,77960,21.22082548
2026-01-20 07:15:00+00:00,77950,77973,77866,77926,10.41860256
2026-01-20 07:30:00+00:00,77902,77977,77871,77935,17.01861644
2026-01-20 07:45:00+00:00,77929,78049,77903,77938,10.53358137
2026-01-20 08:00:00+00:00,77929,77929,77558,77717,16.51897358
2026-01-20 08:15:00+00:00,77707,77945,77653,77888,28.7306012
2026-01-20 08:30:00+00:00,77882,77882,77400,77524,23.7058549
2026-01-20 08:45:00+00:00,77525,77689,77432,77677,26.93259425
2026-01-20 09:00:00+00:00,77652,77652,77546,77627,22.3164326
2026-01-20 09:15:00+00:00,77634,77650,77513,77589,14.6472473
2026-01-20 09:30:00+00:00,77589,77591,77425,77535,14.63416686
2026-01-20 09:45:00+00:00,77550,77590,77500,77564,16.77282382
2026-01-20 10:00:00+00:00,77563,77722,77503,77722,16.98342569
2026-01-20 10:15:00+00:00,77726,77824,77713,77822,9.68460756
2026-01-20 10:30:00+00:00,77830,77830,77650,77736,24.98442735
2026-01-20 10:45:00+00:00,77736,77796,77718,77730,17.96713984
2026-01-20 11:00:00+00:00,77730,77907,77721,77858,17.95731769
2026-01-20 11:15:00+00:00,77870,77910,77826,77892,9.81235776
2026-01-20 11:30:00+00:00,77886,77894,77745,77784,13.12070719
2026-01-20 11:45:00+00:00,77784,77784,77674,77682,10.9457305
2026-01-20 12:00:00+00:00,77704,77756,77662,77716,10.58520054
2026-01-20 12:15:00+00:00,77725,77740,77511,77597,22.84038968
2026-01-20 12:30:00+00:00,77589,77702,77589,77647,10.2512377
2026-01-20 12:45:00+00:00,77644,77809,77643,77805,13.43397722
2026-01-20 13:00:00+00:00,77800,77810,77425,77465,17.25226359
2026-01-20 13:15:00+00:00,77453,77597,77425,77480,21.66381366
2026-01-20 13:30:00+00:00,77479,77570,77206,77512,70.85265589
2026-01-20 13:45:00+00:00,77507,77537,77389,77464,27.12310148
2026-01-20 14:00:00+00:00,77466,77677,77466,77653,16.20041628
2026-01-20 14:15:00+00:00,77631,77635,77292,77555,24.75245818
2026-01-20 14:30:00+00:00,77537,77894,77298,77679,75.34471563
2026-01-20 14:45:00+00:00,77641,77641,76934,77190,61.42957909
2026-01-20 15:00:00+00:00,77161,77249,76571,76963,53.33603906
2026-01-20 15:15:00+00:00,76957,77316,76700,77237,67.88910611
2026-01-20 15:30:00+00:00,77223,77358,77103,77119,26.00990534
2026-01-20 15:45:00+00:00,77124,77267,76944,77259,34.73470802
2026-01-20 16:00:00+00:00,77259,77360,77058,77292,23.26516853
2026-01-20 16:15:00+00:00,77290,77482,77136,77172,10.48123673
2026-01-20 16:30:00+00:00,77186,77199,76715,76739,22.50927114
2026-01-20 16:45:00+00:00,76748,76844,76656,76752,16.86986888
2026-01-20 17:00:00+00:00,76739,77006,76634,76989,18.62648112
2026-01-20 17:15:00+00:00,76988,77041,76781,76791,16.78783809
2026-01-20 17:30:00+00:00,76797,76805,76341,76349,43.17471956
2026-01-20 17:45:00+00:00,76365,76482,76150,76450,26.63460632
2026-01-20 18:00:00+00:00,76440,76560,76388,76555,24.08723221
2026-01-20 18:15:00+00:00,76550,76591,76323,76420,20.90838232
2026-01-20 18:30:00+00:00,76399,76422,76145,76216,37.06933264
2026-01-20 18:45:00+00:00,76214,76304,76118,76236,18.5047799
2026-01-20 19:00:00+00:00,76264,76489,76203,76328,17.56142946
2026-01-20 19:15:00+00:00,76310,76428,76233,76233,9.81889367
2026-01-20 19:30:00+00:00,76231,76333,76078,76240,16.26823635
2026-01-20 19:45:00+00:00,76236,76533,76158,76498,19.27464374
2026-01-20 20:00:00+00:00,76490,76490,76205,76205,9.74471167
2026-01-20 20:15:00+00:00,76216,76594,76200,76496,46.61075795
2026-01-20 20:30:00+00:00,76496,76527,76360,76411,13.34539356
2026-01-20 20:45:00+00:00,76405,76564,76304,76441,18.72572563
2026-01-20 21:00:00+00:00,76453,76540,76368,76509,6.13202008
2026-01-20 21:15:00+00:00,76508,76512,76325,76362,5.42426593
2026-01-20 21:30:00+00:00,76345,76345,76217,76280,7.43622035
2026-01-20 21:45:00+00:00,76318,76324,76170,76215,3.90880929
2026-01-20 22:00:00+00:00,76200,76347,76171,76347,14.80143102
2026-01-20 22:15:00+00:00,76355,76360,76204,76247,4.05619715
2026-01-20 22:30:00+00:00,76248,76264,74900,75456,100.73926712
2026-01-20 22:45:00+00:00,75456,75538,75127,75406,19.16513042
2026-01-20 23:00:00+00:00,75400,75400,75041,75140,35.09768853
2026-01-20 23:15:00+00:00,75140,75207,74879,75067,29.51124501
2026-01-20 23:30:00+00:00,75109,75412,75109,75393,17.8499243
2026-01-20 23:45:00+00:00,75380,75411,75250,75325,17.87287657
2026-01-21 00:00:00+00:00,75319,75496,75281,75322,16.09675216
2026-01-21 00:15:00+00:00,75305,75498,75179,75468,9.68606563
2026-01-21 00:30:00+00:00,75469,75785,75417,75724,14.22689828
2026-01-21 00:45:00+00:00,75721,75844,75714,75778,13.2296287
2026-01-21 01:00:00+00:00,75777,75932,75696,75900,14.00520778
2026-01-21 01:15:00+00:00,75920,75931,75746,75841,9.55941328
2026-01-21 01:30:00+00:00,75846,75882,75754,75809,12.04834497
2026-01-21 01:45:00+00:00,75806,75922,75760,75815,8.52534437
2026-01-21 02:00:00+00:00,75827,76096,75819,76040,17.71890925
2026-01-21 02:15:00+00:00,76040,76074,75896,75922,6.90317097
2026-01-21 02:30:00+00:00,75928,75929,75784,75870,4.64944199
2026-01-21 02:45:00+00:00,75865,75950,75842,75850,1.1022876
2026-01-21 03:00:00+00:00,75853,76024,75837,76024,3.38768321
2026-01-21 03:15:00+00:00,76026,76140,75974,76140,5.51255276
2026-01-21 03:30:00+00:00,76121,76392,76099,76368,10.27517702
2026-01-21 03:45:00+00:00,76358,76358,76211,76231,3.02141277
2026-01-21 04:00:00+00:00,76216,76279,76194,76194,3.43169271
2026-01-21 04:15:00+00:00,76180,76309,76171,76309,7.27125117
2026-01-21 04:30:00+00:00,76295,76367,76225,76367,4.39194525
2026-01-21 04:45:00+00:00,76367,76420,76239,76240,5.01083947
2026-01-21 05:00:00+00:00,76240,76361,76231,76357,8.17016882
2026-01-21 05:15:00+00:00,76368,76398,76321,76379,12.60975355
2026-01-21 05:30:00+00:00,76397,76695,76391,76695,17.61752287
2026-01-21 05:45:00+00:00,76689,76851,76666,76715,16.18358721
2026-01-21 06:00:00+00:00,76694,76694,76548,76651,14.61361784
2026-01-21 06:15:00+00:00,76624,76670,76582,76647,6.44022517
2026-01-21 06:30:00+00:00,76632,76634,76382,76386,14.34442188
2026-01-21 06:45:00+00:00,76373,76416,76273,76416,5.90149751
2026-01-21 07:00:00+00:00,76415,76547,76339,76362,8.28505958
2026-01-21 07:15:00+00:00,76365,76439,76347,76392,3.51622414
2026-01-21 07:30:00+00:00,76382,76382,76064,76087,13.47053811
2026-01-21 07:45:00+00:00,76105,76115,75952,76099,13.07307112
2026-01-21 08:00:00+00:00,76065,76195,76024,76045,9.66428833
2026-01-21 08:15:00+00:00,76051,76245,76051,76161,7.27405722
2026-01-21 08:30:00+00:00,76162,76204,75927,75956,6.85979043
2026-01-21 08:45:00+00:00,75958,76130,75954,76095,6.12557929
2026-01-21 09:00:00+00:00,76081,76205,76073,76205,5.80436049
2026-01-21 09:15:00+00:00,76185,76316,76184,76276,4.45202317
2026-01-21 09:30:00+00:00,76276,76370,76252,76319,3.40785841
2026-01-21 09:45:00+00:00,76312,76335,76044,76070,3.7113957
2026-01-21 10:00:00+00:00,76073,76261,76030,76216,6.99484368
2026-01-21 10:15:00+00:00,76225,76294,76201,76251,3.17484131
2026-01-21 10:30:00+00:00,76254,76301,76166,76222,4.6188253
2026-01-21 10:45:00+00:00,76219,76240,76175,76180,3.74413322
2026-01-21 11:00:00+00:00,76174,76222,76082,76211,3.02017149
2026-01-21 11:15:00+00:00,76207,76279,76188,76209,2.68621755
2026-01-21 11:30:00+00:00,76212,76235,76112,76163,5.69685962
2026-01-21 11:45:00+00:00,76165,76181,75653,75751,22.16127745
2026-01-21 12:00:00+00:00,75747,75799,75186,75344,39.5493374
2026-01-21 12:15:00+00:00,75361,75413,75198,75307,20.76016832
2026-01-21 12:30:00+00:00,75294,75549,75243,75500,18.52569543
2026-01-21 12:45:00+00:00,75500,75600,75415,75575,12.69487032
2026-01-21 13:00:00+00:00,75565,75785,75525,75730,31.21911953
2026-01-21 13:15:00+00:00,75729,75752,75602,75672,16.36801117
2026-01-21 13:30:00+00:00,75670,75825,75527,75539,14.24323235
2026-01-21 13:45:00+00:00,75548,75654,75382,75480,10.28681534
2026-01-21 14:00:00+00:00,75455,76465,75415,76356,74.16470819
2026-01-21 14:15:00+00:00,76346,76492,76170,76350,58.18855876
2026-01-21 14:30:00+00:00,76359,76698,76250,76420,58.99034853
2026-01-21 14:45:00+00:00,76428,76677,76136,76548,38.30771904
2026-01-21 15:00:00+00:00,76537,77050,76494,77024,69.46469984
2026-01-21 15:15:00+00:00,77031,77311,76815,76850,68.55984177
2026-01-21 15:30:00+00:00,76851,76973,76687,76899,30.01473775
2026-01-21 15:45:00+00:00,76900,77179,76795,77114,24.09232617
2026-01-21 16:00:00+00:00,77124,77180,76607,76619,36.02631244
2026-01-21 16:15:00+00:00,76609,76707,76274,76506,32.17044334
2026-01-21 16:30:00+00:00,76481,76486,75251,75306,34.2606173
2026-01-21 16:45:00+00:00,75310,75710,74791,74813,61.71419975
2026-01-21 17:00:00+00:00,74803,75245,74501,74534,49.77153744
2026-01-21 17:15:00+00:00,74534,75000,74472,74920,36.33181041
2026-01-21 17:30:00+00:00,74902,75300,74737,75100,41.95245884
2026-01-21 17:45:00+00:00,75104,75224,75008,75083,20.60554871
2026-01-21 18:00:00+00:00,75087,75238,74807,75103,28.22944444
2026-01-21 18:15:00+00:00,75096,75194,75028,75168,16.45360904
2026-01-21 18:30:00+00:00,75201,75413,75123,75293,22.99466755
2026-01-21 18:45:00+00:00,75309,75738,75279,75608,25.44073961
2026-01-21 19:00:00+00:00,75616,75755,75431,75538,22.35795761
2026-01-21 19:15:00+00:00,75520,76752,75496,76674,44.03257801
2026-01-21 19:30:00+00:00,76660,77113,76558,77035,58.01532603
2026-01-21 19:45:00+00:00,77046,77395,76903,77258,62.46315334
2026-01-21 20:00:00+00:00,77233,77265,76732,76900,26.03284869
2026-01-21 20:15:00+00:00,76900,76900,76501,76786,36.51198538
2026-01-21 20:30:00+00:00,76790,77010,76644,76896,32.95384381
2026-01-21 20:45:00+00:00,76897,77160,76881,77129,31.9298301
2026-01-21 21:00:00+00:00,77144,77168,76934,77070,20.7986847
2026-01-21 21:15:00+00:00,77070,77261,77029,77035,8.34986161
2026-01-21 21:30:00+00:00,77056,77188,77030,77180,12.73760607
2026-01-21 21:45:00+00:00,77172,77212,77089,77194,5.578447
2026-01-21 22:00:00+00:00,77188,77319,77151,77176,5.08296424
2026-01-21 22:15:00+00:00,77175,77196,76938,76982,7.93493624
2026-01-21 22:30:00+00:00,76970,77074,76869,76935,12.15520931
2026-01-21 22:45:00+00:00,76934,76984,76763,76789,3.30839557
2026-01-21 23:00:00+00:00,76764,77199,76733,77188,9.4229154
2026-01-21 23:15:00+00:00,77167,77167,76919,77062,5.63056684
2026-01-21 23:30:00+00:00,77036,77036,76659,76660,9.85780001
2026-01-21 23:45:00+00:00,76651,76725,76501,76592,17.94683573
2026-01-22 00:00:00+00:00,76591,76786,76588,76773,10.86590242
2026-01-22 00:15:00+00:00,76774,76948,76685,76880,7.63886458
2026-01-22 00:30:00+00:00,76888,76988,76876,76920,3.05406222
2026-01-22 00:45:00+00:00,76899,77016,76858,76874,3.58580307
2026-01-22 01:00:00+00:00,76889,77081,76820,76991,7.09390679
2026-01-22 01:15:00+00:00,76991,77167,76991,77094,7.09038946
2026-01-22 01:30:00+00:00,77074,77141,76915,76967,3.51507115
2026-01-22 01:45:00+00:00,76967,77101,76944,77052,3.06863255
2026-01-22 02:00:00+00:00,77047,77103,76970,77092,9.1830861
2026-01-22 02:15:00+00:00,77073,77289,77073,77232,9.80412263
2026-01-22 02:30:00+00:00,77222,77222,77017,77086,7.77937435
2026-01-22 02:45:00+00:00,77074,77079,76841,76919,3.61811823
2026-01-22 03:00:00+00:00,76949,77118,76937,77076,5.33180439
2026-01-22 03:15:00+00:00,77038,77038,76840,76903,7.77526036
2026-01-22 03:30:00+00:00,76901,76901,76700,76821,6.03547912
2026-01-22 03:45:00+00:00,76810,76880,76810,76877,2.9007126
2026-01-22 04:00:00+00:00,76865,76910,76800,76803,2.97691257
2026-01-22 04:15:00+00:00,76810,76908,76759,76908,5.28955297
2026-01-22 04:30:00+00:00,76903,76947,76847,76924,4.04387392
2026-01-22 04:45:00+00:00,76923,76995,76912,76947,4.46861469
2026-01-22 05:00:00+00:00,76954,76995,76918,76983,2.19886196
2026-01-22 05:15:00+00:00,76979,76990,76915,76936,2.14631219
2026-01-22 05:30:00+00:00,76939,76995,76889,76968,3.07825599
2026-01-22 05:45:00+00:00,76963,77018,76899,76975,6.17011864
2026-01-22 06:00:00+00:00,76989,77065,76880,76997,6.90336147
2026-01-22 06:15:00+00:00,77000,77037,76936,76946,6.39510792
2026-01-22 06:30:00+00:00,76945,77116,76945,77080,3.40444249
2026-01-22 06:45:00+00:00,77085,77143,77081,77113,8.42709586
2026-01-22 07:00:00+00:00,77109,77120,77013,77024,6.61852799
2026-01-22 07:15:00+00:00,77022,77058,76876,76920,6.39914366
2026-01-22 07:30:00+00:00,76920,76929,76860,76889,3.71184914
2026-01-22 07:45:00+00:00,76901,76904,76749,76782,5.85949414
2026-01-22 08:00:00+00:00,76782,76926,76761,76767,8.03574625
2026-01-22 08:15:00+00:00,76768,76901,76766,76843,16.03432622
2026-01-22 08:30:00+00:00,76836,76888,76778,76822,3.57734255
2026-01-22 08:45:00+00:00,76819,76925,76800,76889,3.14998906
2026-01-22 09:00:00+00:00,76872,76995,76849,76982,5.34808986
2026-01-22 09:15:00+00:00,76992,77011,76900,76922,4.88055507
2026-01-22 09:30:00+00:00,76945,77041,76890,77013,1.35345688
2026-01-22 09:45:00+00:00,77021,77026,76948,76958,2.679721
2026-01-22 10:00:00+00:00,76961,77000,76868,76986,1.80988248
2026-01-22 10:15:00+00:00,77000,77049,76945,76994,4.35237376
2026-01-22 10:30:00+00:00,76998,77018,76943,77000,4.79435277
2026-01-22 10:45:00+00:00,76988,77027,76966,76981,4.48078654
2026-01-22 11:00:00+00:00,76982,77028,76838,76901,8.55340074
2026-01-22 11:15:00+00:00,76900,76943,76814,76854,10.92093292
2026-01-22 11:30:00+00:00,76855,76910,76785,76850,8.44647999
2026-01-22 11:45:00+00:00,76846,76926,76786,76799,6.56731702
2026-01-22 12:00:00+00:00,76810,76900,76755,76864,2.81538435
2026-01-22 12:15:00+00:00,76849,76889,76800,76853,2.82042848
2026-01-22 12:30:00+00:00,76853,76944,76831,76881,3.54734815
2026-01-22 12:45:00+00:00,76866,76899,76849,76869,2.09769752
2026-01-22 13:00:00+00:00,76871,76891,76826,76855,2.53441322
2026-01-22 13:15:00+00:00,76858,76951,76810,76941,5.57289775
2026-01-22 13:30:00+00:00,76945,77100,76410,76464,31.26131378
2026-01-22 13:45:00+00:00,76459,76577,76348,76463,15.39795824
2026-01-22 14:00:00+00:00,76445,76510,76261,76510,8.03773017
2026-01-22 14:15:00+00:00,76514,76518,76238,76422,11.83913507
2026-01-22 14:30:00+00:00,76413,76503,76032,76301,44.74600762
2026-01-22 14:45:00+00:00,76327,76327,75921,75970,22.47970194
2026-01-22 15:00:00+00:00,75959,76194,75888,76063,26.47142381
2026-01-22 15:15:00+00:00,76060,76143,75500,75540,25.05875556
2026-01-22 15:30:00+00:00,75542,75961,75414,75943,23.62795974
2026-01-22 15:45:00+00:00,75932,76209,75750,75804,25.54199271
2026-01-22 16:00:00+00:00,75805,75960,75518,75585,19.6302229
2026-01-22 16:15:00+00:00,75583,75849,75439,75730,21.52203253
2026-01-22 16:30:00+00:00,75737,75868,75540,75708,22.1084988
2026-01-22 16:45:00+00:00,75717,75969,75653,75803,23.073629
2026-01-22 17:00:00+00:00,75803,76150,75775,75964,62.57009291
2026-01-22 17:15:00+00:00,75970,76127,75801,75881,13.1082911
2026-01-22 17:30:00+00:00,75895,76000,75800,75908,6.40110328
2026-01-22 17:45:00+00:00,75914,76244,75914,76193,9.3704137
2026-01-22 18:00:00+00:00,76180,76247,76057,76129,10.25779029
2026-01-22 18:15:00+00:00,76130,76396,76122,76244,8.90475666
2026-01-22 18:30:00+00:00,76253,76375,76210,76284,7.36764862
2026-01-22 18:45:00+00:00,76291,76330,75954,75990,5.56047849
2026-01-22 19:00:00+00:00,75995,76127,75798,76079,4.06050956
2026-01-22 19:15:00+00:00,76067,76229,75990,76187,9.64411525
2026-01-22 19:30:00+00:00,76190,76492,76158,76463,12.84191029
2026-01-22 19:45:00+00:00,76457,76526,76272,76394,15.21845753
2026-01-22 20:00:00+00:00,76382,76489,76324,76489,6.60162342
2026-01-22 20:15:00+00:00,76503,76517,76181,76188,3.19672054
2026-01-22 20:30:00+00:00,76182,76312,76074,76109,4.4459013
2026-01-22 20:45:00+00:00,76136,76141,76025,76030,5.12017634
2026-01-22 21:00:00+00:00,76049,76239,76019,76164,7.32971431
2026-01-22 21:15:00+00:00,76160,76252,76126,76140,11.98930887
2026-01-22 21:30:00+00:00,76143,76173,75780,75974,21.99407038
2026-01-22 21:45:00+00:00,75974,75979,75849,75863,12.42776648
2026-01-22 22:00:00+00:00,75883,76140,75774,76082,9.36379812
2026-01-22 22:15:00+00:00,76074,76092,75960,76010,3.65749821
2026-01-22 22:30:00+00:00,76012,76022,75779,75876,3.5285503
2026-01-22 22:45:00+00:00,75874,75966,75871,75955,2.85964894
2026-01-22 23:00:00+00:00,75930,75964,75774,75879,4.29947106
2026-01-22 23:15:00+00:00,75896,76087,75885,76015,3.16741208
2026-01-22 23:30:00+00:00,76015,76152,75988,76093,4.67915245
2026-01-22 23:45:00+00:00,76083,76146,76083,76135,0.43020705
2026-01-23 00:00:00+00:00,76142,76173,76060,76151,4.22753082
2026-01-23 00:15:00+00:00,76152,76229,76142,76201,0.96850399
2026-01-23 00:30:00+00:00,76164,76215,76130,76177,1.88667714
2026-01-23 00:45:00+00:00,76173,76217,76128,76137,0.95407536
2026-01-23 01:00:00+00:00,76146,76273,76146,76208,1.62515384
2026-01-23 01:15:00+00:00,76238,76260,76190,76260,5.41092693
2026-01-23 01:30:00+00:00,76269,76415,76244,76382,5.70276349
2026-01-23 01:45:00+00:00,76382,76490,76328,76490,3.28797354
2026-01-23 02:00:00+00:00,76465,76530,76379,76494,7.12287812
2026-01-23 02:15:00+00:00,76499,76499,76309,76339,0.94694742
2026-01-23 02:30:00+00:00,76332,76411,76332,76381,3.35101313
2026-01-23 02:45:00+00:00,76381,76400,76260,76270,1.4977712
2026-01-23 03:00:00+00:00,76256,76397,76243,76397,4.43976174
2026-01-23 03:15:00+00:00,76376,76485,76376,76468,0.70386801
2026-01-23 03:30:00+00:00,76467,76495,76394,76460,1.25796388
2026-01-23 03:45:00+00:00,76465,76505,76440,76505,1.29160462
2026-01-23 04:00:00+00:00,76502,76610,76461,76610,1.87341009
2026-01-23 04:15:00+00:00,76610,76628,76516,76546,3.52894684
2026-01-23 04:30:00+00:00,76519,76602,76484,76534,1.06042099
2026-01-23 04:45:00+00:00,76546,76572,76504,76513,1.15942435
2026-01-23 05:00:00+00:00,76499,76501,76403,76424,1.23294632
2026-01-23 05:15:00+00:00,76412,76414,76101,76224,2.70670307
2026-01-23 05:30:00+00:00,76209,76258,76190,76221,1.18057778
2026-01-23 05:45:00+00:00,76207,76243,76072,76187,3.3590494
2026-01-23 06:00:00+00:00,76205,76332,76128,76304,16.05381747
2026-01-23 06:15:00+00:00,76304,76339,76049,76112,5.08244846
2026-01-23 06:30:00+00:00,76100,76275,76094,76275,7.74586288
2026-01-23 06:45:00+00:00,76270,76270,76138,76147,4.6572705
2026-01-23 07:00:00+00:00,76164,76207,76123,76192,5.2099209
2026-01-23 07:15:00+00:00,76199,76320,76180,76299,3.88952396
2026-01-23 07:30:00+00:00,76288,76336,76186,76199,6.9700166
2026-01-23 07:45:00+00:00,76200,76268,76073,76212,6.56435941
2026-01-23 08:00:00+00:00,76206,76300,76149,76219,8.35147368
2026-01-23 08:15:00+00:00,76230,76272,76065,76079,7.04079959
2026-01-23 08:30:00+00:00,76071,76107,75843,76009,12.50141362
2026-01-23 08:45:00+00:00,76024,76071,75867,75924,14.85308662
2026-01-23 09:00:00+00:00,75922,76047,75900,75950,16.44108524
2026-01-23 09:15:00+00:00,75923,75925,75734,75848,10.58302532
2026-01-23 09:30:00+00:00,75854,75872,75675,75722,10.35285162
2026-01-23 09:45:00+00:00,75722,75740,75626,75732,10.58891616
2026-01-23 10:00:00+00:00,75731,75856,75646,75828,12.83813879
2026-01-23 10:15:00+00:00,75858,75891,75786,75873,5.36347554
2026-01-23 10:30:00+00:00,75868,75900,75750,75900,9.26002498
2026-01-23 10:45:00+00:00,75882,75926,75794,75827,8.98729107
2026-01-23 11:00:00+00:00,75816,75983,75764,75961,4.92577353
2026-01-23 11:15:00+00:00,75945,75997,75739,75942,23.92428322
2026-01-23 11:30:00+00:00,75943,76100,75939,75975,25.91451535
2026-01-23 11:45:00+00:00,75978,75995,75884,75928,6.65716147
2026-01-23 12:00:00+00:00,75928,75963,75876,75876,2.33048239
2026-01-23 12:15:00+00:00,75876,75902,75844,75881,2.23659739
2026-01-23 12:30:00+00:00,75881,75934,75804,75934,1.17382909
2026-01-23 12:45:00+00:00,75953,76022,75924,75940,2.76083522
2026-01-23 13:00:00+00:00,75930,76068,75908,76040,3.65843487
2026-01-23 13:15:00+00:00,76035,76060,75906,75906,5.09230728
2026-01-23 13:30:00+00:00,75914,76033,75905,76033,1.79395886
2026-01-23 13:45:00+00:00,76014,76121,76004,76061,6.46534235
2026-01-23 14:00:00+00:00,76061,76132,75982,76121,5.23890563
2026-01-23 14:15:00+00:00,76110,76298,76082,76280,22.87145319
2026-01-23 14:30:00+00:00,76266,76321,75392,75692,33.60049444
2026-01-23 14:45:00+00:00,75692,75799,75437,75687,10.82761591
2026-01-23 15:00:00+00:00,75710,75838,75490,75533,12.9542077
2026-01-23 15:15:00+00:00,75520,75883,75301,75642,16.63615684
2026-01-23 15:30:00+00:00,75642,75920,75599,75888,14.05537691
2026-01-23 15:45:00+00:00,75882,76384,75882,76259,17.16802387
2026-01-23 16:00:00+00:00,76270,76454,76186,76317,15.41439586
2026-01-23 16:15:00+00:00,76295,76301,76038,76076,8.03909713
2026-01-23 16:30:00+00:00,76073,76779,75981,76638,21.86199081
2026-01-23 16:45:00+00:00,76643,76788,76488,76504,26.50224668
2026-01-23 17:00:00+00:00,76496,76501,76329,76486,10.35782272
2026-01-23 17:15:00+00:00,76510,77085,76510,77085,23.03795343
2026-01-23 17:30:00+00:00,77061,77325,76889,77000,52.23233753
2026-01-23 17:45:00+00:00,77007,77184,76699,76748,22.27667188
2026-01-23 18:00:00+00:00,76748,77164,76633,76970,17.68537127
2026-01-23 18:15:00+00:00,76977,77107,76884,77009,28.31371683
2026-01-23 18:30:00+00:00,77007,77171,76900,76903,11.36313016
2026-01-23 18:45:00+00:00,76899,76899,76678,76700,16.18516815
2026-01-23 19:00:00+00:00,76699,76708,76414,76436,36.60311284
2026-01-23 19:15:00+00:00,76437,76437,75981,76090,18.39059674
2026-01-23 19:30:00+00:00,76083,76162,75903,76117,23.359625
2026-01-23 19:45:00+00:00,76116,76145,75988,76120,7.18773669
2026-01-23 20:00:00+00:00,76099,76250,76005,76224,7.52731938
2026-01-23 20:15:00+00:00,76203,76203,75901,75908,4.7461639
2026-01-23 20:30:00+00:00,75908,75908,75472,75609,11.88660788
2026-01-23 20:45:00+00:00,75609,75710,75450,75655,13.08150675
2026-01-23 21:00:00+00:00,75635,75810,75602,75702,10.3596133
2026-01-23 21:15:00+00:00,75700,75779,75587,75685,3.21552444
2026-01-23 21:30:00+00:00,75673,75700,75544,75579,4.66123061
2026-01-23 21:45:00+00:00,75576,75615,75455,75491,4.23689134
2026-01-23 22:00:00+00:00,75473,75832,75459,75716,3.98139205
2026-01-23 22:15:00+00:00,75711,75835,75684,75800,2.19508562
2026-01-23 22:30:00+00:00,75800,75832,75698,75699,3.94457993
2026-01-23 22:45:00+00:00,75695,75756,75661,75733,0.96090721
2026-01-23 23:00:00+00:00,75732,75732,75647,75695,1.77894194
2026-01-23 23:15:00+00:00,75695,75711,75637,75689,0.35178456
2026-01-23 23:30:00+00:00,75689,75711,75653,75653,2.99054885
2026-01-23 23:45:00+00:00,75652,75748,75611,75721,1.15104177
2026-01-24 00:00:00+00:00,75722,75754,75648,75648,0.27569228
2026-01-24 00:15:00+00:00,75648,75701,75607,75607,0.18913913
2026-01-24 00:30:00+00:00,75606,75679,75606,75607,2.55650263
2026-01-24 00:45:00+00:00,75617,75620,75559,75597,0.32994213
2026-01-24 01:00:00+00:00,75587,75649,75587,75645,0.42330941
2026-01-24 01:15:00+00:00,75645,75708,75630,75696,0.15550906
2026-01-24 01:30:00+00:00,75694,75694,75607,75661,0.2515062
2026-01-24 01:45:00+00:00,75668,75678,75643,75672,0.06576669
2026-01-24 02:00:00+00:00,75684,75775,75684,75728,0.31323039
2026-01-24 02:15:00+00:00,75731,75770,75706,75723,0.04776502
2026-01-24 02:30:00+00:00,75722,75788,75722,75783,0.55907883
2026-01-24 02:45:00+00:00,75791,75811,75757,75787,0.42384224
2026-01-24 03:00:00+00:00,75798,75936,75764,75930,0.28456685
2026-01-24 03:15:00+00:00,75943,75980,75862,75980,1.56944371
2026-01-24 03:30:00+00:00,75979,75979,75863,75895,0.24984627
2026-01-24 03:45:00+00:00,75898,75901,75825,75852,0.62338616
2026-01-24 04:00:00+00:00,75847,75895,75841,75869,0.48745728
2026-01-24 04:15:00+00:00,75874,75887,75801,75805,0.20982824
2026-01-24 04:30:00+00:00,75806,75842,75806,75833,0.22379251
2026-01-24 04:45:00+00:00,75845,75908,75825,75901,0.39640997
2026-01-24 05:00:00+00:00,75910,75910,75861,75892,0.40192371
2026-01-24 05:15:00+00:00,75895,75919,75876,75886,0.12213729
2026-01-24 05:30:00+00:00,75882,75883,75839,75844,0.26096286
2026-01-24 05:45:00+00:00,75844,75865,75832,75862,0.18533244
2026-01-24 06:00:00+00:00,75865,75865,75797,75831,1.23126716
2026-01-24 06:15:00+00:00,75818,75818,75739,75750,1.16854248
2026-01-24 06:30:00+00:00,75747,75769,75732,75760,0.30574199
2026-01-24 06:45:00+00:00,75752,75772,75724,75735,0.79669896
2026-01-24 07:00:00+00:00,75731,75748,75715,75740,1.52674347
2026-01-24 07:15:00+00:00,75740,75740,75667,75699,3.00782917
2026-01-24 07:30:00+00:00,75696,75750,75692,75750,0.48350395
2026-01-24 07:45:00+00:00,75749,75788,75711,75733,2.28663563
2026-01-24 08:00:00+00:00,75719,75746,75685,75720,1.66376227
2026-01-24 08:15:00+00:00,75728,75735,75719,75727,0.9783735
2026-01-24 08:30:00+00:00,75727,75764,75724,75764,0.99540186
2026-01-24 08:45:00+00:00,75756,75788,75737,75765,0.54237366
2026-01-24 09:00:00+00:00,75765,75765,75716,75738,0.69998917
2026-01-24 09:15:00+00:00,75750,75750,75715,75729,1.30354836
2026-01-24 09:30:00+00:00,75726,75732,75700,75716,0.91393811
2026-01-24 09:45:00+00:00,75702,75717,75699,75704,0.58156076
2026-01-24 10:00:00+00:00,75705,75754,75690,75730,0.98575516
2026-01-24 10:15:00+00:00,75722,75742,75714,75718,1.39580851
2026-01-24 10:30:00+00:00,75719,75737,75684,75715,0.69805494
2026-01-24 10:45:00+00:00,75713,75745,75704,75732,0.7712342
2026-01-24 11:00:00+00:00,75730,75734,75714,75715,0.28714689
2026-01-24 11:15:00+00:00,75715,75756,75711,75728,1.64999483
2026-01-24 11:30:00+00:00,75728,75763,75719,75751,0.53497169
2026-01-24 11:45:00+00:00,75750,75760,75703,75709,0.92520248
2026-01-24 12:00:00+00:00,75707,75709,75657,75659,0.58675681
2026-01-24 12:15:00+00:00,75659,75684,75656,75666,0.32684361
2026-01-24 12:30:00+00:00,75663,75696,75605,75650,0.33208866
2026-01-24 12:45:00+00:00,75649,75667,75635,75653,2.13771718
2026-01-24 13:00:00+00:00,75653,75668,75632,75653,0.62559602
2026-01-24 13:15:00+00:00,75652,75657,75636,75656,0.44218547
2026-01-24 13:30:00+00:00,75647,75662,75641,75655,1.54899754
2026-01-24 13:45:00+00:00,75655,75665,75510,75510,1.16865417
2026-01-24 14:00:00+00:00,75524,75614,75350,75588,4.72753317
2026-01-24 14:15:00+00:00,75582,75597,75553,75592,0.64856848
2026-01-24 14:30:00+00:00,75592,75631,75561,75616,0.98844879
2026-01-24 14:45:00+00:00,75618,75622,75566,75582,1.3772189
2026-01-24 15:00:00+00:00,75588,75616,75550,75596,3.27915448
2026-01-24 15:15:00+00:00,75562,75587,75515,75525,0.6982574
2026-01-24 15:30:00+00:00,75522,75560,75458,75485,1.10205706
2026-01-24 15:45:00+00:00,75485,75500,75414,75427,1.70687108
2026-01-24 16:00:00+00:00,75437,75504,75350,75383,4.43521447
2026-01-24 16:15:00+00:00,75401,75420,75330,75407,1.23171454
2026-01-24 16:30:00+00:00,75410,75418,75338,75369,1.09079383
2026-01-24 16:45:00+00:00,75358,75462,75331,75430,1.84436188
2026-01-24 17:00:00+00:00,75429,75526,75400,75510,0.94161168
2026-01-24 17:15:00+00:00,75509,75544,75468,75532,1.50492194
2026-01-24 17:30:00+00:00,75534,75535,75461,75468,3.28248826
2026-01-24 17:45:00+00:00,75464,75513,75446,75513,1.39352428
2026-01-24 18:00:00+00:00,75522,75535,75498,75533,1.63997121
2026-01-24 18:15:00+00:00,75533,75548,75504,75540,0.6817902
2026-01-24 18:30:00+00:00,75540,75564,75519,75526,1.12836702
2026-01-24 18:45:00+00:00,75530,75555,75520,75525,0.31263608
2026-01-24 19:00:00+00:00,75524,75526,75440,75452,0.99549484
2026-01-24 19:15:00+00:00,75455,75455,75409,75438,1.08696549
2026-01-24 19:30:00+00:00,75438,75478,75436,75478,1.68061856
2026-01-24 19:45:00+00:00,75480,75499,75448,75464,3.07247945
2026-01-24 20:00:00+00:00,75463,75517,75456,75500,3.22770928
2026-01-24 20:15:00+00:00,75500,75534,75495,75530,1.07637791
2026-01-24 20:30:00+00:00,75529,75529,75508,75520,0.52269717
2026-01-24 20:45:00+00:00,75520,75528,75505,75511,0.7518279
2026-01-24 21:00:00+00:00,75511,75519,75406,75436,4.61409652
2026-01-24 21:15:00+00:00,75435,75482,75423,75466,2.40227273
2026-01-24 21:30:00+00:00,75465,75504,75450,75502,2.44889055
2026-01-24 21:45:00+00:00,75496,75510,75464,75510,0.73385998
2026-01-24 22:00:00+00:00,75515,75602,75514,75581,0.95605496
2026-01-24 22:15:00+00:00,75580,75602,75525,75528,0.80365178
2026-01-24 22:30:00+00:00,75526,75529,75437,75437,1.0322794
2026-01-24 22:45:00+00:00,75449,75560,75449,75559,1.39404156
2026-01-24 23:00:00+00:00,75560,75587,75436,75486,4.90046116
2026-01-24 23:15:00+00:00,75489,75512,75458,75512,0.84742246
2026-01-24 23:30:00+00:00,75503,75504,75447,75447,1.42094088
2026-01-24 23:45:00+00:00,75444,75479,75363,75377,8.81954093
2026-01-25 00:00:00+00:00,75373,75423,75373,75408,2.01812864
2026-01-25 00:15:00+00:00,75409,75444,75334,75349,2.20803697
2026-01-25 00:30:00+00:00,75341,75427,75340,75425,1.7636648
2026-01-25 00:45:00+00:00,75427,75451,75410,75450,1.0367224
2026-01-25 01:00:00+00:00,75451,75463,75390,75411,1.54337109
2026-01-25 01:15:00+00:00,75410,75421,75350,75350,1.06679848
2026-01-25 01:30:00+00:00,75349,75349,75253,75295,4.74754576
2026-01-25 01:45:00+00:00,75295,75361,75294,75335,1.0759487
2026-01-25 02:00:00+00:00,75330,75405,75328,75391,2.20679153
2026-01-25 02:15:00+00:00,75395,75399,75300,75306,3.44004746
2026-01-25 02:30:00+00:00,75306,75348,75296,75296,0.57157402
2026-01-25 02:45:00+00:00,75296,75324,75294,75302,2.2851282
2026-01-25 03:00:00+00:00,75308,75339,75288,75301,1.3205209
2026-01-25 03:15:00+00:00,75299,75299,75188,75215,5.64162821
2026-01-25 03:30:00+00:00,75215,75215,75062,75125,3.76426824
2026-01-25 03:45:00+00:00,75126,75189,75060,75153,3.73024269
2026-01-25 04:00:00+00:00,75154,75220,75140,75175,1.04512705
2026-01-25 04:15:00+00:00,75181,75194,75143,75159,0.47842393
2026-01-25 04:30:00+00:00,75158,75262,75158,75245,0.64150359
2026-01-25 04:45:00+00:00,75245,75262,75192,75195,0.42836623
2026-01-25 05:00:00+00:00,75202,75233,75176,75232,0.69092386
2026-01-25 05:15:00+00:00,75234,75234,75167,75179,0.84149345
2026-01-25 05:30:00+00:00,75180,75182,75079,75091,1.39658014
2026-01-25 05:45:00+00:00,75103,75190,75103,75190,0.42672259
2026-01-25 06:00:00+00:00,75180,75180,74950,74955,10.89062625
2026-01-25 06:15:00+00:00,74966,75057,74894,75018,3.35024355
2026-01-25 06:30:00+00:00,75018,75098,74935,75071,3.40484611
2026-01-25 06:45:00+00:00,75076,75087,75037,75056,2.43331986
2026-01-25 07:00:00+00:00,75056,75060,74951,74962,2.91517543
2026-01-25 07:15:00+00:00,74972,75017,74960,75014,1.26669065
2026-01-25 07:30:00+00:00,75013,75013,74948,74950,2.06048305
2026-01-25 07:45:00+00:00,74950,74950,74865,74897,6.16109194
2026-01-25 08:00:00+00:00,74897,74987,74866,74957,2.94785841
2026-01-25 08:15:00+00:00,74961,74971,74907,74910,9.5015637
2026-01-25 08:30:00+00:00,74908,74908,74500,74610,19.26995316
2026-01-25 08:45:00+00:00,74580,74625,74447,74588,11.10965435
2026-01-25 09:00:00+00:00,74580,74659,74526,74631,6.13874992
2026-01-25 09:15:00+00:00,74634,74730,74613,74717,3.60681078
2026-01-25 09:30:00+00:00,74714,74749,74622,74737,10.34384447
2026-01-25 09:45:00+00:00,74738,74746,74650,74675,3.01558433
2026-01-25 10:00:00+00:00,74675,74773,74674,74735,8.24140341
2026-01-25 10:15:00+00:00,74737,74865,74730,74860,4.69704941
2026-01-25 10:30:00+00:00,74860,74867,74789,74858,3.64217932
2026-01-25 10:45:00+00:00,74858,74902,74793,74882,2.79771706
2026-01-25 11:00:00+00:00,74874,74879,74812,74838,1.07483613
2026-01-25 11:15:00+00:00,74835,74901,74824,74901,2.37788455
2026-01-25 11:30:00+00:00,74896,74922,74816,74828,3.66358499
2026-01-25 11:45:00+00:00,74818,74849,74750,74793,2.0264082
2026-01-25 12:00:00+00:00,74785,74869,74689,74856,3.53923485
2026-01-25 12:15:00+00:00,74844,74962,74774,74900,6.03672421
2026-01-25 12:30:00+00:00,74906,74956,74878,74949,5.17315009
2026-01-25 12:45:00+00:00,74949,74984,74899,74969,4.06333944
2026-01-25 13:00:00+00:00,74967,75021,74932,74942,1.93767498
2026-01-25 13:15:00+00:00,74929,75007,74888,74888,3.06490084
2026-01-25 13:30:00+00:00,74899,75028,74847,75025,4.10327882
2026-01-25 13:45:00+00:00,75019,75129,74999,75077,5.40637144
2026-01-25 14:00:00+00:00,75079,75106,75000,75055,3.30959645
2026-01-25 14:15:00+00:00,75052,75095,74841,74908,6.23436147
2026-01-25 14:30:00+00:00,74904,74942,74839,74898,3.90198335
2026-01-25 14:45:00+00:00,74901,74927,74840,74908,3.12901261
2026-01-25 15:00:00+00:00,74908,74958,74876,74940,1.68571939
2026-01-25 15:15:00+00:00,74934,74950,74837,74938,2.49094905
2026-01-25 15:30:00+00:00,74933,74934,74877,74891,3.73429311
2026-01-25 15:45:00+00:00,74889,74891,74634,74709,6.39082176
2026-01-25 16:00:00+00:00,74701,74709,74212,74223,61.06138466
2026-01-25 16:15:00+00:00,74222,74406,73952,74351,34.83884908
2026-01-25 16:30:00+00:00,74341,74444,74100,74249,13.63478517
2026-01-25 16:45:00+00:00,74240,74438,74142,74393,21.60389157
2026-01-25 17:00:00+00:00,74373,74419,74182,74201,7.81181886
2026-01-25 17:15:00+00:00,74207,74327,74113,74216,8.86327208
2026-01-25 17:30:00+00:00,74208,74304,74120,74289,15.59192387
2026-01-25 17:45:00+00:00,74293,74293,74137,74195,9.43255025
2026-01-25 18:00:00+00:00,74190,74269,73840,74046,32.96232062
2026-01-25 18:15:00+00:00,74055,74204,73800,73908,14.01506202
2026-01-25 18:30:00+00:00,73909,73961,73303,73510,48.60227717
2026-01-25 18:45:00+00:00,73512,73830,73461,73784,35.03613306
2026-01-25 19:00:00+00:00,73784,73866,73626,73689,13.70255867
2026-01-25 19:15:00+00:00,73678,73717,72955,73011,56.95233239
2026-01-25 19:30:00+00:00,73008,73302,72851,73177,45.89448602
2026-01-25 19:45:00+00:00,73166,73166,72756,73026,39.10703974
2026-01-25 20:00:00+00:00,73020,73140,72847,72908,23.48543551
2026-01-25 20:15:00+00:00,72901,72957,72735,72919,10.77388173
2026-01-25 20:30:00+00:00,72919,72936,72687,72766,12.98287528
2026-01-25 20:45:00+00:00,72758,73040,72703,73032,9.19115997
2026-01-25 21:15:00+00:00,73248,73328,73185,73311,13.11415384
2026-01-25 21:30:00+00:00,73291,73309,72824,72931,13.85230604
2026-01-25 21:45:00+00:00,72931,73050,72905,72970,13.67336043
2026-01-25 22:00:00+00:00,72971,72981,72750,72891,27.27108144
2026-01-25 22:15:00+00:00,72900,72904,72598,72707,13.39017379
2026-01-25 22:30:00+00:00,72708,72978,72583,72917,17.40719823
2026-01-25 22:45:00+00:00,72921,72924,72565,72716,6.7613229
2026-01-25 23:00:00+00:00,72721,72782,72365,72567,26.02096338
2026-01-25 23:15:00+00:00,72579,72985,72434,72838,26.62023908
2026-01-25 23:30:00+00:00,72840,72906,72650,72768,13.23092195
2026-01-25 23:45:00+00:00,72775,73121,72775,73017,20.14809544
2026-01-26 00:00:00+00:00,73013,73387,73013,73378,29.51292183
2026-01-26 00:15:00+00:00,73400,73521,73156,73197,9.93052596
2026-01-26 00:30:00+00:00,73190,73225,72983,73012,7.39781225
2026-01-26 00:45:00+00:00,73011,73284,72890,73163,7.68839799
2026-01-26 01:00:00+00:00,73165,73669,73104,73503,9.50883212
2026-01-26 01:15:00+00:00,73533,73942,73528,73812,8.09621169
2026-01-26 01:30:00+00:00,73826,73911,73767,73831,3.22393597
2026-01-26 01:45:00+00:00,73848,73946,73672,73879,7.06263397
2026-01-26 02:00:00+00:00,73879,73884,73597,73635,2.76111374
2026-01-26 02:15:00+00:00,73618,74000,73618,73979,4.83087476
2026-01-26 02:30:00+00:00,73988,74011,73721,73724,2.50633067
2026-01-26 02:45:00+00:00,73723,73790,73651,73711,1.74321811
2026-01-26 03:00:00+00:00,73710,73812,73656,73732,2.07620445
2026-01-26 03:15:00+00:00,73730,73758,73629,73639,2.41715216
2026-01-26 03:30:00+00:00,73639,73658,73500,73554,3.19897419
2026-01-26 03:45:00+00:00,73560,73570,73350,73497,4.78386289
2026-01-26 04:00:00+00:00,73497,73707,73480,73629,11.93819218
2026-01-26 04:15:00+00:00,73624,73995,73614,73993,14.91203325
2026-01-26 04:30:00+00:00,73994,74066,73904,73913,4.51604093
2026-01-26 04:45:00+00:00,73905,73991,73870,73899,8.72357099
2026-01-26 05:00:00+00:00,73899,73968,73835,73865,5.48144837
2026-01-26 05:15:00+00:00,73862,73987,73862,73956,6.0503071
2026-01-26 05:30:00+00:00,73954,74021,73885,73950,2.6100142
2026-01-26 05:45:00+00:00,73958,74047,73903,73942,5.9479334
2026-01-26 06:00:00+00:00,73936,74045,73902,73962,4.19017725
2026-01-26 06:15:00+00:00,73969,74120,73961,74082,3.92715216
2026-01-26 06:30:00+00:00,74125,74125,73992,74089,5.23120794
2026-01-26 06:45:00+00:00,74112,74155,73982,74123,10.71057692
2026-01-26 07:00:00+00:00,74122,74166,74022,74166,7.46010935
2026-01-26 07:15:00+00:00,74176,74203,73931,73947,9.09262524
2026-01-26 07:30:00+00:00,73951,74204,73901,74139,6.26565278
2026-01-26 07:45:00+00:00,74142,74288,74105,74261,6.74234518
2026-01-26 08:00:00+00:00,74275,74623,74181,74181,30.35541346
2026-01-26 08:15:00+00:00,74160,74585,74110,74381,13.70607628
2026-01-26 08:30:00+00:00,74373,74394,74212,74244,10.49192243
2026-01-26 08:45:00+00:00,74243,74256,74124,74148,6.97332501
2026-01-26 09:00:00+00:00,74148,74164,73982,74051,12.86217671
2026-01-26 09:15:00+00:00,74061,74097,73924,73973,14.98103542
2026-01-26 09:30:00+00:00,73974,73977,73837,73893,10.64273132
2026-01-26 09:45:00+00:00,73900,73945,73752,73807,18.49369824
2026-01-26 10:00:00+00:00,73803,74041,73795,73989,5.3998495
2026-01-26 10:15:00+00:00,73984,74052,73945,74030,5.13112864
2026-01-26 10:30:00+00:00,74041,74079,74006,74034,17.77217014
2026-01-26 10:45:00+00:00,74032,74093,74024,74037,5.75457996
2026-01-26 11:00:00+00:00,74033,74150,74027,74140,4.75704648
2026-01-26 11:15:00+00:00,74140,74144,74005,74006,2.20170718
2026-01-26 11:30:00+00:00,74006,74074,73977,74030,13.41571338
2026-01-26 11:45:00+00:00,74027,74042,73984,74028,3.8952785
2026-01-26 12:00:00+00:00,74028,74142,73951,74064,4.30276042
2026-01-26 12:15:00+00:00,74060,74118,74042,74104,4.93303267
2026-01-26 12:30:00+00:00,74102,74122,73994,74013,3.44206388
2026-01-26 12:45:00+00:00,74032,74122,74024,74087,8.03000549
2026-01-26 13:00:00+00:00,74085,74152,74012,74124,11.4555412
2026-01-26 13:15:00+00:00,74122,74217,74100,74133,3.18597539
2026-01-26 13:30:00+00:00,74146,74261,74120,74225,4.08186204
2026-01-26 13:45:00+00:00,74225,74239,74101,74130,5.86838028
2026-01-26 14:00:00+00:00,74129,74183,73855,73875,6.08263044
2026-01-26 14:15:00+00:00,73891,74007,73803,73826,19.0781736
2026-01-26 14:30:00+00:00,73827,74513,73633,74196,50.73322507
2026-01-26 14:45:00+00:00,74187,74312,73902,74177,14.97982043
2026-01-26 15:00:00+00:00,74168,74760,74074,74673,30.5737761
2026-01-26 15:15:00+00:00,74665,74784,74343,74457,18.4964104
2026-01-26 15:30:00+00:00,74414,74414,73477,73563,50.96991971
2026-01-26 15:45:00+00:00,73562,73715,73397,73614,22.66039959
2026-01-26 16:00:00+00:00,73627,73729,73337,73453,20.9956065
2026-01-26 16:15:00+00:00,73457,73946,73197,73736,39.62146177
2026-01-26 16:30:00+00:00,73746,73801,73473,73537,4.1184207
2026-01-26 16:45:00+00:00,73529,73905,73482,73657,11.3613377
2026-01-26 17:00:00+00:00,73661,73804,73469,73478,12.84966935
2026-01-26 17:15:00+00:00,73484,73599,73278,73500,11.16061365
2026-01-26 17:30:00+00:00,73491,73682,73211,73629,20.76960054
2026-01-26 17:45:00+00:00,73634,73816,73600,73763,7.25145408
2026-01-26 18:00:00+00:00,73762,73869,73730,73849,9.9894712
2026-01-26 18:15:00+00:00,73856,74080,73758,74049,6.32577844
2026-01-26 18:30:00+00:00,74043,74266,73996,74021,7.31869032
2026-01-26 18:45:00+00:00,74020,74355,73951,74346,7.29418796
2026-01-26 19:00:00+00:00,74364,74473,74294,74357,30.64604083
2026-01-26 19:15:00+00:00,74355,74399,74148,74201,5.13746435
2026-01-26 19:30:00+00:00,74175,74345,74130,74252,5.70888238
2026-01-26 19:45:00+00:00,74257,74283,73982,74019,15.9818025
2026-01-26 20:00:00+00:00,74025,74125,73930,73932,10.21896366
2026-01-26 20:15:00+00:00,73941,74014,73840,73895,2.93966381
2026-01-26 20:30:00+00:00,73899,73926,73810,73842,2.71556015
2026-01-26 20:45:00+00:00,73840,73871,73600,73678,6.93268994
2026-01-26 21:00:00+00:00,73678,73877,73617,73877,8.97466275
2026-01-26 21:15:00+00:00,73870,73973,73807,73973,5.08568856
2026-01-26 21:30:00+00:00,73978,74225,73926,74159,9.03119365
2026-01-26 21:45:00+00:00,74155,74166,74036,74061,3.52059301
2026-01-26 22:00:00+00:00,74059,74158,74024,74100,1.34452666
2026-01-26 22:15:00+00:00,74107,74130,74001,74087,1.92976354
2026-01-26 22:30:00+00:00,74087,74240,74051,74107,2.8019213
2026-01-26 22:45:00+00:00,74116,74233,74098,74132,11.98178274
2026-01-26 23:00:00+00:00,74117,74169,74014,74169,3.56285877
2026-01-26 23:15:00+00:00,74161,74403,74123,74401,14.53871054
2026-01-26 23:30:00+00:00,74406,74600,74406,74480,4.74859639
2026-01-26 23:45:00+00:00,74480,74500,74318,74340,1.68693474
2026-01-27 00:00:00+00:00,74345,74380,74178,74213,5.07487593
2026-01-27 00:15:00+00:00,74206,74384,74195,74338,1.39580414
2026-01-27 00:30:00+00:00,74338,74338,74216,74254,1.33757038
2026-01-27 00:45:00+00:00,74249,74349,74221,74310,0.61056105
2026-01-27 01:00:00+00:00,74316,74316,74192,74254,0.9098795
2026-01-27 01:15:00+00:00,74239,74400,74239,74390,1.74701482
2026-01-27 01:30:00+00:00,74393,74626,74376,74543,3.38870279
2026-01-27 01:45:00+00:00,74544,74564,74422,74479,1.64161077
2026-01-27 02:00:00+00:00,74489,74672,74489,74581,3.79599543
2026-01-27 02:15:00+00:00,74582,74600,74412,74415,1.63679449
2026-01-27 02:30:00+00:00,74458,74591,74433,74508,1.75248741
2026-01-27 02:45:00+00:00,74521,74639,74499,74606,1.75502335
2026-01-27 03:00:00+00:00,74575,74686,74440,74485,2.71563882
2026-01-27 03:15:00+00:00,74476,74584,74451,74584,0.79581606
2026-01-27 03:30:00+00:00,74580,74639,74533,74634,0.43353296
2026-01-27 03:45:00+00:00,74634,74651,74583,74644,1.05269196
2026-01-27 04:00:00+00:00,74632,74840,74568,74688,3.39587407
2026-01-27 04:15:00+00:00,74679,74754,74668,74736,2.95230805
2026-01-27 04:30:00+00:00,74735,74740,74609,74619,1.73927167
2026-01-27 04:45:00+00:00,74610,74634,74473,74521,1.33896038
2026-01-27 05:00:00+00:00,74523,74533,74395,74421,0.89717209
2026-01-27 05:15:00+00:00,74418,74438,74364,74421,1.78347005
2026-01-27 05:30:00+00:00,74445,74490,74435,74435,0.7725311
2026-01-27 05:45:00+00:00,74430,74487,74349,74394,1.09720772
2026-01-27 06:00:00+00:00,74397,74450,74372,74430,0.48528168
2026-01-27 06:15:00+00:00,74430,74441,74347,74358,1.40608553
2026-01-27 06:30:00+00:00,74348,74348,74244,74244,1.81883046
2026-01-27 06:45:00+00:00,74236,74324,74233,74324,1.61183479
2026-01-27 07:00:00+00:00,74322,74464,74309,74455,0.96514101
2026-01-27 07:15:00+00:00,74439,74481,74393,74481,2.11935474
2026-01-27 07:30:00+00:00,74493,74519,74425,74430,2.09575072
2026-01-27 07:45:00+00:00,74427,74428,74332,74373,2.88525094
2026-01-27 08:00:00+00:00,74371,74432,74331,74429,1.76151791
2026-01-27 08:15:00+00:00,74430,74459,74316,74363,3.62644723
2026-01-27 08:30:00+00:00,74349,74426,74314,74359,1.33643166
2026-01-27 08:45:00+00:00,74358,74358,74240,74257,3.10955687
2026-01-27 09:00:00+00:00,74254,74254,74078,74084,4.76835798
2026-01-27 09:15:00+00:00,74084,74134,74050,74050,1.82704028
2026-01-27 09:30:00+00:00,74053,74090,73975,74065,1.88238622
2026-01-27 09:45:00+00:00,74061,74087,73831,73846,32.40938763
2026-01-27 10:00:00+00:00,73843,74058,73836,74008,6.49473223
2026-01-27 10:15:00+00:00,74019,74040,73965,73979,2.68822496
2026-01-27 10:30:00+00:00,73977,73977,73811,73811,5.39829443
2026-01-27 10:45:00+00:00,73814,73854,73731,73760,5.39016429
2026-01-27 11:00:00+00:00,73760,73860,73707,73842,2.57920377
2026-01-27 11:15:00+00:00,73843,73874,73772,73846,4.07036815
2026-01-27 11:30:00+00:00,73846,74000,73831,73996,3.4185033
2026-01-27 11:45:00+00:00,73997,74026,73886,73890,4.50613356
2026-01-27 12:00:00+00:00,73879,73919,73860,73904,4.83942593
2026-01-27 12:15:00+00:00,73902,73940,73749,73778,26.97650638
2026-01-27 12:30:00+00:00,73787,73817,73722,73723,19.15166129
2026-01-27 12:45:00+00:00,73723,73737,73651,73683,17.19147165
2026-01-27 13:00:00+00:00,73684,73694,73596,73626,12.5049393
2026-01-27 13:15:00+00:00,73618,73641,73505,73567,5.21336569
2026-01-27 13:30:00+00:00,73570,73729,73553,73708,8.10585756
2026-01-27 13:45:00+00:00,73697,73762,73606,73708,16.05124533
2026-01-27 14:00:00+00:00,73702,73949,73676,73949,11.62893078
2026-01-27 14:15:00+00:00,73945,74080,73874,73908,8.45877664
2026-01-27 14:30:00+00:00,73913,73913,73302,73316,42.88599565
2026-01-27 14:45:00+00:00,73354,73580,73311,73361,12.84213784
2026-01-27 15:00:00+00:00,73375,73684,73185,73449,35.62323082
2026-01-27 15:15:00+00:00,73441,73478,73153,73159,20.03729024
2026-01-27 15:30:00+00:00,73163,73369,73161,73288,22.74997077
2026-01-27 15:45:00+00:00,73289,73598,73289,73585,22.05481711
2026-01-27 16:00:00+00:00,73575,74067,73512,73835,37.31906317
2026-01-27 16:15:00+00:00,73861,73961,73680,73756,21.26111982
2026-01-27 16:30:00+00:00,73747,74035,73747,73959,24.7437155
2026-01-27 16:45:00+00:00,73960,74044,73897,73912,12.73655777
2026-01-27 17:00:00+00:00,73944,73990,73381,73432,16.93614463
2026-01-27 17:15:00+00:00,73421,73451,73120,73416,18.00755071
2026-01-27 17:30:00+00:00,73390,73488,72834,72854,30.17422062
2026-01-27 17:45:00+00:00,72847,73028,72800,73011,21.30233803
2026-01-27 18:00:00+00:00,73006,73233,72920,73134,14.00860759
2026-01-27 18:15:00+00:00,73137,73347,73137,73286,15.49967104
2026-01-27 18:30:00+00:00,73294,73349,73170,73259,9.0656241
2026-01-27 18:45:00+00:00,73272,73783,73254,73611,25.97866209
2026-01-27 19:00:00+00:00,73616,73656,73414,73553,11.54196931
2026-01-27 19:15:00+00:00,73554,73718,73548,73600,4.63459479
2026-01-27 19:30:00+00:00,73603,73833,73531,73796,3.87320882
2026-01-27 19:45:00+00:00,73771,73822,73676,73726,5.67988464
2026-01-27 20:00:00+00:00,73710,74000,73710,73989,6.7588478
2026-01-27 20:15:00+00:00,73989,74340,73914,74267,23.71735736
2026-01-27 20:30:00+00:00,74266,74268,74045,74129,29.51052782
2026-01-27 20:45:00+00:00,74127,74231,73940,74220,199.13647671
2026-01-27 21:00:00+00:00,74225,74353,74099,74189,47.00985152
2026-01-27 21:15:00+00:00,74189,74246,74028,74030,24.75626301
2026-01-27 21:30:00+00:00,74028,74102,73947,73968,15.58163402
2026-01-27 21:45:00+00:00,73953,74085,73835,73887,20.07812138
2026-01-27 22:00:00+00:00,73889,74006,73886,73967,4.37145115
2026-01-27 22:15:00+00:00,73965,74051,73851,73961,3.29660735
2026-01-27 22:30:00+00:00,73955,74182,73922,74111,2.848985
2026-01-27 22:45:00+00:00,74114,74114,74030,74030,2.87961332
2026-01-27 23:00:00+00:00,74028,74163,73943,74163,13.17780848
2026-01-27 23:15:00+00:00,74150,74391,74105,74368,14.66833857
2026-01-27 23:30:00+00:00,74371,74386,74232,74287,7.51539966
2026-01-27 23:45:00+00:00,74288,74342,74131,74143,8.74005135
2026-01-28 00:00:00+00:00,74143,74234,74109,74203,6.1969554
2026-01-28 00:15:00+00:00,74202,74336,74118,74261,25.94750943
2026-01-28 00:30:00+00:00,74255,74255,74080,74143,7.36972059
2026-01-28 00:45:00+00:00,74134,74367,74134,74358,2.66434936
2026-01-28 01:00:00+00:00,74362,74409,74288,74339,10.50973738
2026-01-28 01:15:00+00:00,74338,74450,74293,74316,4.67873498
2026-01-28 01:30:00+00:00,74339,74382,74254,74376,5.91305754
2026-01-28 01:45:00+00:00,74373,74481,74307,74441,7.22828596
2026-01-28 02:00:00+00:00,74427,74463,74304,74368,5.12505459
2026-01-28 02:15:00+00:00,74368,74407,74328,74388,2.32997767
2026-01-28 02:30:00+00:00,74384,74420,74223,74232,2.88253071
2026-01-28 02:45:00+00:00,74233,74323,74174,74323,1.72083119
2026-01-28 03:00:00+00:00,74306,74348,74119,74128,3.87699235
2026-01-28 03:15:00+00:00,74123,74150,74049,74109,3.28787837
2026-01-28 03:30:00+00:00,74112,74218,74049,74154,3.05792303
2026-01-28 03:45:00+00:00,74150,74233,74150,74176,2.75461303
2026-01-28 04:00:00+00:00,74152,74225,74047,74051,5.51031517
2026-01-28 04:15:00+00:00,74055,74067,73964,74048,5.1778043
2026-01-28 04:30:00+00:00,74037,74204,74011,74119,3.10279301
2026-01-28 04:45:00+00:00,74100,74126,74046,74068,0.97455759
2026-01-28 05:00:00+00:00,74059,74251,74059,74109,46.75981188
2026-01-28 05:15:00+00:00,74103,74113,74027,74032,2.99306691
2026-01-28 05:30:00+00:00,74060,74165,74012,74028,5.45408539
2026-01-28 05:45:00+00:00,74024,74188,74024,74162,3.7510575
2026-01-28 06:00:00+00:00,74160,74319,74160,74293,1.42945987
2026-01-28 06:15:00+00:00,74282,74324,74227,74227,5.14828216
2026-01-28 06:30:00+00:00,74229,74339,74191,74244,9.89707845
2026-01-28 06:45:00+00:00,74240,74447,74227,74366,2.23943904
2026-01-28 07:00:00+00:00,74384,74384,74148,74148,11.63416921
2026-01-28 07:15:00+00:00,74159,74272,74092,74268,15.97704813
2026-01-28 07:30:00+00:00,74215,74495,74200,74330,23.25018856
2026-01-28 07:45:00+00:00,74330,74387,74205,74243,9.31246953
2026-01-28 08:00:00+00:00,74243,74357,74215,74243,5.76644893
2026-01-28 08:15:00+00:00,74240,74277,74077,74092,14.8720034
2026-01-28 08:30:00+00:00,74089,74230,74089,74218,19.63432092
2026-01-28 08:45:00+00:00,74209,74317,74114,74147,26.91502293
2026-01-28 09:00:00+00:00,74150,74227,74061,74175,10.33952243
2026-01-28 09:15:00+00:00,74177,74199,74075,74172,4.43933634
2026-01-28 09:30:00+00:00,74196,74500,74180,74426,13.88491412
2026-01-28 09:45:00+00:00,74449,74626,74393,74626,14.42439055
2026-01-28 10:00:00+00:00,74625,74671,74497,74647,9.74288237
2026-01-28 10:15:00+00:00,74647,74759,74457,74510,17.92433277
2026-01-28 10:30:00+00:00,74504,74636,74504,74581,7.99109182
2026-01-28 10:45:00+00:00,74586,74587,74485,74488,10.94217605
2026-01-28 11:00:00+00:00,74487,74554,74487,74521,2.50293707
2026-01-28 11:15:00+00:00,74516,74651,74503,74651,5.08781802
2026-01-28 11:30:00+00:00,74647,74847,74592,74846,11.63245302
2026-01-28 11:45:00+00:00,74838,75237,74783,75187,57.11639999
2026-01-28 12:00:00+00:00,75178,75228,75007,75008,20.66606008
2026-01-28 12:15:00+00:00,75013,75080,74873,74915,11.16673239
2026-01-28 12:30:00+00:00,74927,75034,74857,74986,8.55634809
2026-01-28 12:45:00+00:00,74986,75109,74881,75044,23.22481791
2026-01-28 13:00:00+00:00,75051,75405,75014,75239,25.61956318
2026-01-28 13:15:00+00:00,75231,75343,75151,75256,28.25865984
2026-01-28 13:30:00+00:00,75255,75559,75199,75483,39.58086166
2026-01-28 13:45:00+00:00,75485,75518,75327,75392,24.21248286
2026-01-28 14:00:00+00:00,75403,75415,75259,75260,8.71682903
2026-01-28 14:15:00+00:00,75255,75304,75060,75130,9.03272306
2026-01-28 14:30:00+00:00,75107,75221,74761,74806,61.50915527
2026-01-28 14:45:00+00:00,74811,74958,74522,74840,40.66076097
2026-01-28 15:00:00+00:00,74824,75001,74544,74556,127.50938631
2026-01-28 15:15:00+00:00,74535,74714,74350,74626,76.32330126
2026-01-28 15:30:00+00:00,74629,74811,74600,74780,29.7016624
2026-01-28 15:45:00+00:00,74780,74940,74668,74840,69.05801333
2026-01-28 16:00:00+00:00,74840,74869,74643,74676,10.30674492
2026-01-28 16:15:00+00:00,74698,75172,74688,75164,19.9340283
2026-01-28 16:30:00+00:00,75165,75241,74895,74955,26.02692855
2026-01-28 16:45:00+00:00,74965,75122,74905,74992,9.41248395
2026-01-28 17:00:00+00:00,74994,75142,74971,75087,6.85509651
2026-01-28 17:15:00+00:00,75086,75113,74954,74983,15.21311449
2026-01-28 17:30:00+00:00,74982,75328,74714,75211,30.53255882
2026-01-28 17:45:00+00:00,75206,75800,75201,75469,45.10163413
2026-01-28 18:00:00+00:00,75420,75423,74852,75175,56.50980091
2026-01-28 18:15:00+00:00,75183,75286,75082,75132,12.46807839
2026-01-28 18:30:00+00:00,75132,75198,75035,75096,7.76999092
2026-01-28 18:45:00+00:00,75100,75116,74840,75029,26.55545119
2026-01-28 19:00:00+00:00,75000,75131,74725,74942,107.03030279
2026-01-28 19:15:00+00:00,74889,75179,74855,75012,9.62062021
2026-01-28 19:30:00+00:00,75016,75091,74551,74608,25.54827119
2026-01-28 19:45:00+00:00,74614,75012,74614,74797,24.4359519
2026-01-28 20:00:00+00:00,74790,75017,74739,74999,5.98448257
2026-01-28 20:15:00+00:00,74989,75183,74859,75094,28.34615945
2026-01-28 20:30:00+00:00,75091,75099,74543,74607,20.20665604
2026-01-28 20:45:00+00:00,74603,74624,74404,74511,7.39874694
2026-01-28 21:00:00+00:00,74523,74582,74292,74555,12.20110606
2026-01-28 21:15:00+00:00,74561,74615,74524,74563,5.28355958
2026-01-28 21:30:00+00:00,74568,74799,74464,74737,12.43792149
2026-01-28 21:45:00+00:00,74738,74768,74642,74697,3.92548292
2026-01-28 22:00:00+00:00,74727,74761,74596,74601,3.94934307
2026-01-28 22:15:00+00:00,74583,74589,74463,74589,2.47870229
2026-01-28 22:30:00+00:00,74600,74601,74507,74577,1.30333869
2026-01-28 22:45:00+00:00,74576,74705,74576,74679,0.88084767
2026-01-28 23:00:00+00:00,74669,74730,74644,74666,2.14967591
2026-01-28 23:15:00+00:00,74632,74703,74475,74518,2.64450458
2026-01-28 23:30:00+00:00,74554,74558,74400,74521,5.09776794
2026-01-28 23:45:00+00:00,74507,74571,74399,74453,7.55988898
2026-01-29 00:00:00+00:00,74453,74535,74284,74284,17.83074121
2026-01-29 00:15:00+00:00,74292,74330,74189,74195,9.65050014
2026-01-29 00:30:00+00:00,74249,74318,74188,74193,3.53928228
2026-01-29 00:45:00+00:00,74201,74364,74143,74364,0.70664149
2026-01-29 01:00:00+00:00,74355,74417,74298,74387,2.98343872
2026-01-29 01:15:00+00:00,74397,74397,73999,74165,10.19110799
2026-01-29 01:30:00+00:00,74142,74221,74087,74161,3.09346631
2026-01-29 01:45:00+00:00,74150,74206,73904,73970,22.37043552
2026-01-29 02:00:00+00:00,73944,74113,73857,74035,7.16992961
2026-01-29 02:15:00+00:00,74057,74076,73949,73955,10.38065015
2026-01-29 02:30:00+00:00,73924,73924,73477,73537,38.70269832
2026-01-29 02:45:00+00:00,73507,73524,73167,73325,11.65536257
2026-01-29 03:00:00+00:00,73333,73591,73212,73459,17.88323421
2026-01-29 03:15:00+00:00,73473,73536,73365,73396,18.52118026
2026-01-29 03:30:00+00:00,73417,73488,73348,73456,2.16309727
2026-01-29 03:45:00+00:00,73491,73491,73326,73380,1.76909388
2026-01-29 04:00:00+00:00,73379,73404,73296,73329,2.00051684
2026-01-29 04:15:00+00:00,73321,73405,73254,73363,6.26925834
2026-01-29 04:30:00+00:00,73407,73529,73407,73479,0.71920656
2026-01-29 04:45:00+00:00,73482,73603,73469,73571,2.71061637
2026-01-29 05:00:00+00:00,73562,73652,73519,73582,4.619969
2026-01-29 05:15:00+00:00,73580,73611,73499,73512,1.69769709
2026-01-29 05:30:00+00:00,73512,73647,73506,73598,2.88897974
2026-01-29 05:45:00+00:00,73598,73604,73467,73522,1.03733322
2026-01-29 06:00:00+00:00,73519,73630,73502,73599,1.69342243
2026-01-29 06:15:00+00:00,73594,73636,73484,73559,5.58371953
2026-01-29 06:30:00+00:00,73572,73627,73561,73607,4.98141857
2026-01-29 06:45:00+00:00,73607,73618,73544,73604,3.5004227
2026-01-29 07:00:00+00:00,73600,73634,73578,73602,4.58900565
2026-01-29 07:15:00+00:00,73599,73623,73550,73581,3.54828337
2026-01-29 07:30:00+00:00,73580,73711,73575,73703,7.51807984
2026-01-29 07:45:00+00:00,73701,73771,73655,73702,11.98772397
2026-01-29 08:00:00+00:00,73704,73704,73321,73322,35.49051941
2026-01-29 08:15:00+00:00,73338,73762,73292,73761,25.46029011
2026-01-29 08:30:00+00:00,73749,73780,73513,73522,29.13434818
2026-01-29 08:45:00+00:00,73532,73609,73373,73477,21.94407771
2026-01-29 09:00:00+00:00,73487,73535,73413,73413,5.76673032
2026-01-29 09:15:00+00:00,73417,73523,73395,73491,6.9542771
2026-01-29 09:30:00+00:00,73484,73549,73406,73467,3.75239077
2026-01-29 09:45:00+00:00,73457,73486,73410,73413,2.45358789
2026-01-29 10:00:00+00:00,73405,73489,73369,73455,7.33063829
2026-01-29 10:15:00+00:00,73451,73519,73418,73481,15.80388878
2026-01-29 10:30:00+00:00,73479,73515,73438,73467,2.95474377
2026-01-29 10:45:00+00:00,73467,73572,73418,73547,6.10735244
2026-01-29 11:00:00+00:00,73547,73627,73470,73582,3.90568334
2026-01-29 11:15:00+00:00,73580,73595,73359,73384,10.72404267
2026-01-29 11:30:00+00:00,73384,73466,73359,73380,9.23201659
2026-01-29 11:45:00+00:00,73378,73425,73321,73412,4.31727796
2026-01-29 12:00:00+00:00,73410,73628,73401,73571,5.78057451
2026-01-29 12:15:00+00:00,73569,73622,73482,73485,3.1745199
2026-01-29 12:30:00+00:00,73485,73602,73424,73555,3.94539833
2026-01-29 12:45:00+00:00,73553,73602,73495,73559,2.58314141
2026-01-29 13:00:00+00:00,73558,73589,73505,73568,2.82637624
2026-01-29 13:15:00+00:00,73557,73576,73501,73576,1.53611115
2026-01-29 13:30:00+00:00,73556,73594,73484,73508,2.63278618
2026-01-29 13:45:00+00:00,73505,73635,73465,73549,41.37238061
2026-01-29 14:00:00+00:00,73546,73567,73441,73449,7.27125379
2026-01-29 14:15:00+00:00,73448,73518,73259,73298,7.19458546
2026-01-29 14:30:00+00:00,73281,73400,73107,73163,29.8132354
2026-01-29 14:45:00+00:00,73143,73328,72591,72591,33.83195858
2026-01-29 15:00:00+00:00,72596,72609,71308,71323,144.94454872
2026-01-29 15:15:00+00:00,71322,71887,71314,71660,117.12384707
2026-01-29 15:30:00+00:00,71652,71772,70702,70896,111.52862377
2026-01-29 15:45:00+00:00,70888,71272,70632,71087,54.19757384
2026-01-29 16:00:00+00:00,71080,71098,70590,70938,34.84466551
2026-01-29 16:15:00+00:00,70938,71089,70675,70696,33.07446838
2026-01-29 16:30:00+00:00,70706,70913,70501,70763,31.5216323
2026-01-29 16:45:00+00:00,70777,71407,70732,71298,43.53055361
2026-01-29 17:00:00+00:00,71315,71456,71104,71250,25.04488553
2026-01-29 17:15:00+00:00,71255,71569,71049,71056,27.68780293
2026-01-29 17:30:00+00:00,71050,71125,70741,70887,31.57961701
2026-01-29 17:45:00+00:00,70884,70922,70186,70391,107.27589201
2026-01-29 18:00:00+00:00,70429,70692,70388,70600,27.20607059
2026-01-29 18:15:00+00:00,70606,70646,70000,70108,83.85093548
2026-01-29 18:30:00+00:00,70091,70269,69856,70159,54.97445796
2026-01-29 18:45:00+00:00,70141,70166,69644,69694,36.18762789
2026-01-29 19:00:00+00:00,69694,69912,69609,69912,31.20697147
2026-01-29 19:15:00+00:00,69914,70110,69755,69979,14.1633459
2026-01-29 19:30:00+00:00,69982,70448,69982,70300,42.13923295
2026-01-29 19:45:00+00:00,70300,70372,70161,70176,12.34595274
2026-01-29 20:00:00+00:00,70189,70267,70054,70072,20.65797277
2026-01-29 20:15:00+00:00,70071,70297,70071,70123,10.32384833
2026-01-29 20:30:00+00:00,70124,70218,69955,70170,12.42516602
2026-01-29 20:45:00+00:00,70169,70407,70103,70262,10.24787391
2026-01-29 21:00:00+00:00,70269,70502,70264,70458,13.55129354
2026-01-29 21:15:00+00:00,70443,70443,70276,70398,4.46652791
2026-01-29 21:30:00+00:00,70400,70489,70313,70450,4.93468266
2026-01-29 21:45:00+00:00,70450,70630,70430,70522,10.2233849
2026-01-29 22:00:00+00:00,70512,70608,70353,70391,6.8609134
2026-01-29 22:15:00+00:00,70418,70488,70418,70459,4.15800921
2026-01-29 22:30:00+00:00,70460,70496,70416,70475,2.91598032
2026-01-29 22:45:00+00:00,70474,70578,70419,70566,1.53173344
2026-01-29 23:00:00+00:00,70557,70566,70450,70489,2.86476981
2026-01-29 23:15:00+00:00,70508,70633,70461,70547,3.29570266
2026-01-29 23:30:00+00:00,70579,70691,70571,70636,3.15908844
2026-01-29 23:45:00+00:00,70631,70709,70602,70645,2.839343
2026-01-30 00:00:00+00:00,70647,70711,70520,70536,3.75166527
2026-01-30 00:15:00+00:00,70525,70633,70513,70538,35.83119308
2026-01-30 00:30:00+00:00,70515,70621,70431,70614,31.57024919
2026-01-30 00:45:00+00:00,70615,70713,70400,70453,8.72056288
2026-01-30 01:00:00+00:00,70458,70514,70326,70441,5.78776881
2026-01-30 01:15:00+00:00,70435,70464,69967,70135,41.46379078
2026-01-30 01:30:00+00:00,70127,70214,67892,68655,189.76358522
2026-01-30 01:45:00+00:00,68607,69153,68269,69118,72.70309807
2026-01-30 02:00:00+00:00,69119,69204,68649,68660,24.89615267
2026-01-30 02:15:00+00:00,68674,68833,68125,68330,90.91811325
2026-01-30 02:30:00+00:00,68330,68855,68075,68746,26.05538437
2026-01-30 02:45:00+00:00,68744,68869,68615,68858,15.90073788
2026-01-30 03:00:00+00:00,68859,69063,68770,69043,10.05488276
2026-01-30 03:15:00+00:00,69044,69068,68919,69023,13.36225143
2026-01-30 03:30:00+00:00,69026,69182,69026,69150,3.20705272
2026-01-30 03:45:00+00:00,69160,69307,69114,69281,13.39918422
2026-01-30 04:00:00+00:00,69281,69486,69269,69471,7.38065693
2026-01-30 04:15:00+00:00,69500,69773,69445,69553,10.82974178
2026-01-30 04:30:00+00:00,69570,69680,69427,69449,5.79070604
2026-01-30 04:45:00+00:00,69449,69536,69420,69469,4.57416407
2026-01-30 05:00:00+00:00,69470,69531,69386,69418,7.0126028
2026-01-30 05:15:00+00:00,69439,69792,69395,69728,13.68028782
2026-01-30 05:30:00+00:00,69734,69777,69620,69654,10.78701421
2026-01-30 05:45:00+00:00,69653,69679,69439,69448,12.07916708
2026-01-30 06:00:00+00:00,69447,69449,69276,69307,12.73092588
2026-01-30 06:15:00+00:00,69311,69318,68985,69053,13.61603125
2026-01-30 06:30:00+00:00,69053,69129,68810,68814,13.37644986
2026-01-30 06:45:00+00:00,68816,69307,68728,69226,18.06901559
2026-01-30 07:00:00+00:00,69231,69587,69222,69490,19.52241141
2026-01-30 07:15:00+00:00,69498,69557,69208,69208,9.39705207
2026-01-30 07:30:00+00:00,69216,69273,69048,69109,19.73750606
2026-01-30 07:45:00+00:00,69107,69380,69082,69280,12.42431281
2026-01-30 08:00:00+00:00,69280,69344,69077,69312,14.73960656
2026-01-30 08:15:00+00:00,69324,69413,69198,69198,9.24993866
2026-01-30 08:30:00+00:00,69180,69189,69005,69129,15.59328617
2026-01-30 08:45:00+00:00,69126,69188,69005,69180,13.11100565
2026-01-30 09:00:00+00:00,69207,69329,69150,69196,11.05122944
2026-01-30 09:15:00+00:00,69203,69224,68856,69054,22.33335121
2026-01-30 09:30:00+00:00,69056,69245,69050,69144,14.27588428
2026-01-30 09:45:00+00:00,69128,69153,68925,69062,19.68735843
2026-01-30 10:00:00+00:00,69061,69097,68872,68989,13.70857981
2026-01-30 10:15:00+00:00,68987,69221,68900,69147,11.67884667
2026-01-30 10:30:00+00:00,69133,69255,69122,69207,6.13168093
2026-01-30 10:45:00+00:00,69204,69437,69176,69403,8.49853531
2026-01-30 11:00:00+00:00,69395,69401,69273,69358,3.96898362
2026-01-30 11:15:00+00:00,69351,69403,69212,69246,12.50007605
2026-01-30 11:30:00+00:00,69245,69406,69216,69268,9.25073225
2026-01-30 11:45:00+00:00,69269,69652,69186,69498,24.83583434
2026-01-30 12:00:00+00:00,69492,69627,69306,69306,29.46634454
2026-01-30 12:15:00+00:00,69302,69338,69094,69181,8.96472258
2026-01-30 12:30:00+00:00,69189,69361,69133,69275,11.85735501
2026-01-30 12:45:00+00:00,69270,69442,69263,69368,11.87364754
2026-01-30 13:00:00+00:00,69368,69426,69147,69323,13.29567925
2026-01-30 13:15:00+00:00,69321,69412,69226,69289,7.41064839
2026-01-30 13:30:00+00:00,69300,69621,69080,69463,66.41710858
2026-01-30 13:45:00+00:00,69465,69492,69307,69369,18.87069966
2026-01-30 14:00:00+00:00,69353,69664,69353,69543,19.99371356
2026-01-30 14:15:00+00:00,69528,69692,69503,69594,13.63434077
2026-01-30 14:30:00+00:00,69618,70120,69406,70119,43.66606317
2026-01-30 14:45:00+00:00,70119,70255,69541,69687,37.01625944
2026-01-30 15:00:00+00:00,69703,70167,69672,69967,54.77100662
2026-01-30 15:15:00+00:00,69962,70191,69350,69371,32.45782055
2026-01-30 15:30:00+00:00,69358,69990,69200,69869,58.64616933
2026-01-30 15:45:00+00:00,69866,69901,69549,69590,44.04311207
2026-01-30 16:00:00+00:00,69554,69846,69466,69799,17.05217679
2026-01-30 16:15:00+00:00,69800,69978,69384,69922,28.77293838
2026-01-30 16:30:00+00:00,69893,70223,69821,70090,15.44764765
2026-01-30 16:45:00+00:00,70087,70091,69787,69850,22.28395791
2026-01-30 17:00:00+00:00,69874,69888,69466,69610,35.32582626
2026-01-30 17:15:00+00:00,69583,70161,69516,70076,37.87346136
2026-01-30 17:30:00+00:00,70029,70060,69677,69940,11.32042887
2026-01-30 17:45:00+00:00,69947,70011,69777,69777,9.07845418
2026-01-30 18:00:00+00:00,69765,70029,69650,69736,14.80566369
2026-01-30 18:15:00+00:00,69726,69749,68919,69470,60.89343804
2026-01-30 18:30:00+00:00,69489,69967,69206,69967,21.19664244
2026-01-30 18:45:00+00:00,69954,70762,69823,70588,62.72596034
2026-01-30 19:00:00+00:00,70569,70915,70533,70746,20.58647224
2026-01-30 19:15:00+00:00,70742,71096,70701,70940,24.29742748
2026-01-30 19:30:00+00:00,70927,71151,70769,70839,16.02889621
2026-01-30 19:45:00+00:00,70839,71199,70741,70866,13.44878367
2026-01-30 20:00:00+00:00,70872,70887,70435,70630,24.63219737
2026-01-30 20:15:00+00:00,70630,70886,70339,70740,13.40480671
2026-01-30 20:30:00+00:00,70739,70939,70359,70672,20.84779324
2026-01-30 20:45:00+00:00,70677,70807,70488,70659,17.40354405
2026-01-30 21:00:00+00:00,70674,70801,70588,70788,5.18315219
2026-01-30 21:15:00+00:00,70797,71182,70797,70970,27.24843539
2026-01-30 21:30:00+00:00,70999,71090,70791,70933,7.34951935
2026-01-30 21:45:00+00:00,70935,71113,70855,71018,7.27932978
2026-01-30 22:00:00+00:00,71001,71045,70786,70787,1.40923184
2026-01-30 22:15:00+00:00,70778,70868,70707,70707,3.80468954
2026-01-30 22:30:00+00:00,70744,70861,70740,70760,1.80688829
2026-01-30 22:45:00+00:00,70770,70972,70730,70971,3.79592696
2026-01-30 23:00:00+00:00,70960,70981,70724,70789,3.30660495
2026-01-30 23:15:00+00:00,70789,70954,70764,70812,3.41614126
2026-01-30 23:30:00+00:00,70811,70970,70776,70970,2.64483088
2026-01-30 23:45:00+00:00,70986,71032,70959,71003,2.15903857
2026-01-31 00:00:00+00:00,71000,71014,70880,70932,2.85242541
2026-01-31 00:15:00+00:00,70931,70990,70883,70922,7.14714052
2026-01-31 00:30:00+00:00,70919,71020,70886,70992,2.84665502
2026-01-31 00:45:00+00:00,70984,70991,70802,70831,1.17403715
2026-01-31 01:00:00+00:00,70842,71000,70842,70976,2.49280328
2026-01-31 01:15:00+00:00,70966,70988,70890,70894,1.46735844
2026-01-31 01:30:00+00:00,70888,70890,70701,70823,4.58579267
2026-01-31 01:45:00+00:00,70821,70833,70735,70782,1.18537543
2026-01-31 02:00:00+00:00,70797,70829,70742,70803,1.81871038
2026-01-31 02:15:00+00:00,70792,70806,70657,70692,1.28500603
2026-01-31 02:30:00+00:00,70687,70911,70631,70902,4.78111041
2026-01-31 02:45:00+00:00,70892,70952,70869,70901,0.12108639
2026-01-31 03:00:00+00:00,70907,70971,70888,70947,0.24773801
2026-01-31 03:15:00+00:00,70925,70983,70903,70907,0.10912149
2026-01-31 03:30:00+00:00,70931,70949,70849,70863,0.17727542
2026-01-31 03:45:00+00:00,70853,70866,70804,70813,1.66448697
2026-01-31 04:00:00+00:00,70800,70862,70800,70853,2.25349653
2026-01-31 04:15:00+00:00,70852,70902,70780,70898,0.53625407
2026-01-31 04:30:00+00:00,70899,70901,70838,70838,0.54404627
2026-01-31 04:45:00+00:00,70825,70840,70721,70771,0.43560558
2026-01-31 05:00:00+00:00,70764,70790,70707,70790,0.16435891
2026-01-31 05:15:00+00:00,70777,70795,70687,70745,1.14712373
2026-01-31 05:30:00+00:00,70777,70868,70777,70799,0.86276725
2026-01-31 05:45:00+00:00,70790,70835,70767,70789,1.06248598
2026-01-31 06:00:00+00:00,70792,70821,70723,70790,0.867367
2026-01-31 06:15:00+00:00,70773,70809,70488,70506,7.6835962
2026-01-31 06:30:00+00:00,70521,70601,70519,70588,0.48851563
2026-01-31 06:45:00+00:00,70603,70650,70534,70601,1.19233373
2026-01-31 07:00:00+00:00,70601,70611,70521,70576,1.65033902
2026-01-31 07:15:00+00:00,70569,70601,70516,70536,1.14131948
2026-01-31 07:30:00+00:00,70527,70551,70268,70327,7.39281431
2026-01-31 07:45:00+00:00,70338,70415,70331,70397,2.30323995
2026-01-31 08:00:00+00:00,70405,70468,70091,70221,9.06291368
2026-01-31 08:15:00+00:00,70224,70224,69985,70027,11.38526678
2026-01-31 08:30:00+00:00,70008,70008,69586,69748,18.63768155
2026-01-31 08:45:00+00:00,69764,70122,69677,70002,11.54642109
2026-01-31 09:00:00+00:00,70021,70183,70005,70074,4.37504286
2026-01-31 09:15:00+00:00,70090,70113,69857,69974,2.46599333
2026-01-31 09:30:00+00:00,69989,70209,69984,70136,1.83282946
2026-01-31 09:45:00+00:00,70136,70152,70027,70057,13.02278045
2026-01-31 10:00:00+00:00,70066,70100,69940,69959,3.71917148
2026-01-31 10:15:00+00:00,69968,70027,69889,70014,4.57586209
2026-01-31 10:30:00+00:00,70000,70138,69997,70115,7.76825424
2026-01-31 10:45:00+00:00,70102,70129,70011,70108,5.31012124
2026-01-31 11:00:00+00:00,70107,70107,69955,69983,3.46961778
2026-01-31 11:15:00+00:00,69982,70033,69956,69968,1.66748107
2026-01-31 11:30:00+00:00,69972,70035,69930,69936,3.12699306
2026-01-31 11:45:00+00:00,69942,69979,69851,69974,5.91947827
2026-01-31 12:00:00+00:00,69968,70079,69787,69826,3.51435176
2026-01-31 12:15:00+00:00,69825,70031,69817,69953,3.93998018
2026-01-31 12:30:00+00:00,69935,69943,69800,69862,4.71892622
2026-01-31 12:45:00+00:00,69912,69912,69717,69734,10.59162348
2026-01-31 13:00:00+00:00,69754,69872,69700,69780,12.86219756
2026-01-31 13:15:00+00:00,69773,69875,69751,69807,2.80500585
2026-01-31 13:30:00+00:00,69807,69821,69520,69654,18.6842578
2026-01-31 13:45:00+00:00,69653,69759,69608,69759,5.38753082
2026-01-31 14:00:00+00:00,69751,69900,69407,69481,14.79855573
2026-01-31 14:15:00+00:00,69530,69547,68548,68776,87.76735453
2026-01-31 14:30:00+00:00,68761,68800,68123,68266,66.27617331
2026-01-31 14:45:00+00:00,68263,68748,68167,68679,27.22173998
2026-01-31 15:00:00+00:00,68660,68932,68436,68480,29.96885835
2026-01-31 15:15:00+00:00,68494,68564,68353,68562,22.3477932
2026-01-31 15:30:00+00:00,68540,68597,68405,68560,10.36348928
2026-01-31 15:45:00+00:00,68575,68721,68471,68523,10.63763136
2026-01-31 16:00:00+00:00,68518,68650,68044,68269,43.48671136
2026-01-31 16:15:00+00:00,68269,69295,67852,68359,167.92175261
2026-01-31 16:30:00+00:00,68370,68514,68205,68291,17.49082858
2026-01-31 16:45:00+00:00,68263,68310,67508,67741,144.75938677
2026-01-31 17:00:00+00:00,67724,67896,65980,66547,237.11418636
2026-01-31 17:15:00+00:00,66545,67014,66348,66709,71.67270874
2026-01-31 17:30:00+00:00,66745,66843,66162,66482,91.47006762
2026-01-31 17:45:00+00:00,66509,66650,66300,66500,29.77988357
2026-01-31 18:00:00+00:00,66496,66698,66206,66264,20.07688543
2026-01-31 18:15:00+00:00,66253,66273,65675,66092,62.26838226
2026-01-31 18:30:00+00:00,66080,66333,63922,65442,216.74769763
2026-01-31 18:45:00+00:00,65430,66048,65055,65837,120.50133146
2026-01-31 19:00:00+00:00,65837,66288,65650,66034,54.51211969
2026-01-31 19:15:00+00:00,66033,66151,65713,65854,47.22371317
2026-01-31 19:30:00+00:00,65854,65931,65179,65465,32.69307028
2026-01-31 19:45:00+00:00,65473,65860,65411,65660,25.6909338
2026-01-31 20:00:00+00:00,65660,65821,65454,65481,14.08321271
2026-01-31 20:15:00+00:00,65465,65994,65356,65377,15.73162453
2026-01-31 20:30:00+00:00,65380,65505,65116,65456,21.15469519
2026-01-31 20:45:00+00:00,65455,65976,65308,65880,19.97123607
2026-01-31 21:00:00+00:00,65891,66000,65562,65601,23.98463377
2026-01-31 21:15:00+00:00,65611,65886,65370,65768,13.24959343
2026-01-31 21:30:00+00:00,65786,66140,65682,66057,12.11138968
2026-01-31 21:45:00+00:00,66056,66230,66014,66186,13.06155809
2026-01-31 22:00:00+00:00,66182,66347,66083,66108,21.54402155
2026-01-31 22:15:00+00:00,66111,66269,66022,66264,7.76487347
2026-01-31 22:30:00+00:00,66265,66325,66022,66049,8.55419402
2026-01-31 22:45:00+00:00,66022,66164,65942,66093,7.98630707
2026-01-31 23:00:00+00:00,66063,66249,66027,66154,11.3373728
2026-01-31 23:15:00+00:00,66148,67000,66089,66782,37.54292937
2026-01-31 23:30:00+00:00,66769,66940,66580,66663,12.19509205
2026-01-31 23:45:00+00:00,66684,66742,66480,66559,10.58842554
2026-02-01 00:00:00+00:00,66556,67130,66456,67074,24.23348909
2026-02-01 00:15:00+00:00,67071,67136,66756,66878,10.79275292
2026-02-01 00:30:00+00:00,66860,66975,66576,66593,7.13068263
2026-02-01 00:45:00+00:00,66566,66865,66566,66714,6.27069096
2026-02-01 01:00:00+00:00,66719,66737,66322,66525,10.44663728
2026-02-01 01:15:00+00:00,66515,66665,66262,66639,6.5049726
2026-02-01 01:30:00+00:00,66631,66661,66169,66213,5.46824485
2026-02-01 01:45:00+00:00,66225,66386,66177,66361,4.49993684
2026-02-01 02:00:00+00:00,66392,66630,66246,66624,4.30782228
2026-02-01 02:15:00+00:00,66620,66690,66357,66443,3.42607426
2026-02-01 02:30:00+00:00,66444,66602,66435,66551,2.2337225
2026-02-01 02:45:00+00:00,66573,66790,66554,66680,2.2997277
2026-02-01 03:00:00+00:00,66701,66757,66544,66624,7.45291523
2026-02-01 03:15:00+00:00,66643,66659,66476,66537,9.81292
2026-02-01 03:30:00+00:00,66537,66629,66483,66526,7.6550542
2026-02-01 03:45:00+00:00,66539,66671,66539,66629,5.67042817
2026-02-01 04:00:00+00:00,66634,66740,66514,66701,4.69609095
2026-02-01 04:15:00+00:00,66718,66839,66660,66686,10.81321736
2026-02-01 04:30:00+00:00,66687,66742,66659,66728,8.16818404
2026-02-01 04:45:00+00:00,66723,66767,66696,66704,6.80968723
2026-02-01 05:00:00+00:00,66718,66729,66486,66586,11.00210525
2026-02-01 05:15:00+00:00,66580,66696,66475,66662,4.31787354
2026-02-01 05:30:00+00:00,66660,66662,66289,66289,5.35949447
2026-02-01 05:45:00+00:00,66367,66399,66289,66358,3.11007206
2026-02-01 06:00:00+00:00,66361,66437,66354,66427,4.92146331
2026-02-01 06:15:00+00:00,66434,66514,66420,66449,1.61940821
2026-02-01 06:30:00+00:00,66433,66500,66200,66286,6.68961353
2026-02-01 06:45:00+00:00,66277,66277,66059,66089,10.94494963
2026-02-01 07:00:00+00:00,66081,66141,65796,65937,15.07447161
2026-02-01 07:15:00+00:00,65944,66020,65840,66018,4.441035
2026-02-01 07:30:00+00:00,66015,66448,65986,66337,11.49885975
2026-02-01 07:45:00+00:00,66316,66339,66147,66155,9.68553295
2026-02-01 08:00:00+00:00,66158,66300,66158,66234,5.77641339
2026-02-01 08:15:00+00:00,66225,66289,66080,66272,7.42373567
2026-02-01 08:30:00+00:00,66284,66594,66250,66594,8.43219062
2026-02-01 08:45:00+00:00,66585,66592,66333,66380,4.25694659
2026-02-01 09:00:00+00:00,66380,66581,66323,66515,5.59066718
2026-02-01 09:15:00+00:00,66521,66537,66400,66448,3.50789715
2026-02-01 09:30:00+00:00,66448,66635,66443,66606,5.13773392
2026-02-01 09:45:00+00:00,66609,66821,66513,66763,10.2443981
2026-02-01 10:00:00+00:00,66758,66922,66626,66885,10.1582391
2026-02-01 10:15:00+00:00,66865,66865,66734,66768,4.59318698
2026-02-01 10:30:00+00:00,66764,66770,66217,66217,17.56864789
2026-02-01 10:45:00+00:00,66215,66343,66008,66111,14.71379099
2026-02-01 11:00:00+00:00,66134,66312,66126,66301,6.12743919
2026-02-01 11:15:00+00:00,66290,66307,66131,66246,9.46680679
2026-02-01 11:30:00+00:00,66262,66623,66240,66598,8.69033295
2026-02-01 11:45:00+00:00,66603,66630,66490,66532,8.35635022
2026-02-01 12:00:00+00:00,66529,66536,66309,66395,5.1844828
2026-02-01 12:15:00+00:00,66378,66438,66121,66282,13.93679344
2026-02-01 12:30:00+00:00,66282,66452,66197,66197,8.15175389
2026-02-01 12:45:00+00:00,66227,66322,66227,66281,5.02179805
2026-02-01 13:00:00+00:00,66275,66510,66275,66446,8.71320198
2026-02-01 13:15:00+00:00,66455,66535,66390,66473,5.28317921
2026-02-01 13:30:00+00:00,66474,66474,66275,66339,6.26593772
2026-02-01 13:45:00+00:00,66334,66436,66047,66147,10.05211552
2026-02-01 14:00:00+00:00,66146,66216,65919,65987,17.35955331
2026-02-01 14:15:00+00:00,65992,66019,65684,65714,15.53933434
2026-02-01 14:30:00+00:00,65703,65946,65189,65720,32.87732829
2026-02-01 14:45:00+00:00,65746,66260,65665,65999,15.5161619
2026-02-01 15:00:00+00:00,66004,66048,65431,65506,10.84907415
2026-02-01 15:15:00+00:00,65505,65552,64924,64971,70.98156548
2026-02-01 15:30:00+00:00,65039,65294,64771,65090,42.10328622
2026-02-01 15:45:00+00:00,65110,65700,65107,65489,23.86668243
2026-02-01 16:00:00+00:00,65498,65498,65058,65453,20.14599857
2026-02-01 16:15:00+00:00,65452,65673,65101,65416,14.99600529
2026-02-01 16:30:00+00:00,65416,65601,65117,65169,8.6498417
2026-02-01 16:45:00+00:00,65216,65447,65089,65395,10.71611249
2026-02-01 17:00:00+00:00,65375,65607,65322,65510,13.47545313
2026-02-01 17:15:00+00:00,65488,65602,65277,65452,8.55160171
2026-02-01 17:30:00+00:00,65452,65538,65224,65377,7.87728924
2026-02-01 17:45:00+00:00,65382,65628,65311,65628,12.32681974
2026-02-01 18:00:00+00:00,65628,66076,65606,66033,34.57363467
2026-02-01 18:15:00+00:00,66017,66203,65851,65973,12.2500757
2026-02-01 18:30:00+00:00,65954,65999,65812,65827,4.33798425
2026-02-01 18:45:00+00:00,65815,65873,65610,65847,28.26149899
2026-02-01 19:00:00+00:00,65842,65914,65612,65615,7.14538328
2026-02-01 19:15:00+00:00,65611,65661,65500,65586,4.52224719
2026-02-01 19:30:00+00:00,65582,65665,65405,65450,10.75336633
2026-02-01 19:45:00+00:00,65444,65444,64971,65101,34.86811841
2026-02-01 20:00:00+00:00,65097,65213,64845,65110,24.88003048
2026-02-01 20:15:00+00:00,65109,65304,64614,64687,22.30513865
2026-02-01 20:30:00+00:00,64705,65569,64705,65323,14.6229543
2026-02-01 20:45:00+00:00,65311,65311,65014,65049,7.35123636
2026-02-01 21:00:00+00:00,65040,65082,64500,64734,34.70386784
2026-02-01 21:15:00+00:00,64731,64978,64561,64915,15.86018248
2026-02-01 21:30:00+00:00,64939,65088,64764,64812,14.47376016
2026-02-01 21:45:00+00:00,64802,64823,64394,64532,48.96164007
2026-02-01 22:00:00+00:00,64517,65590,64459,65345,31.26424417
2026-02-01 22:15:00+00:00,65350,65350,64684,65097,34.30319881
2026-02-01 22:30:00+00:00,65092,65452,65035,65308,5.17151777
2026-02-01 22:45:00+00:00,65326,65396,65060,65143,12.24826295
2026-02-01 23:00:00+00:00,65130,65212,63902,64682,92.55937065
2026-02-01 23:15:00+00:00,64686,64990,64283,64812,141.87026164
2026-02-01 23:30:00+00:00,64800,65469,64742,65191,62.93518826
2026-02-01 23:45:00+00:00,65192,65200,64849,64920,31.48748634
2026-02-02 00:00:00+00:00,64920,65420,64542,65281,69.56165803
2026-02-02 00:15:00+00:00,65244,65729,65244,65607,34.8286877
2026-02-02 00:30:00+00:00,65608,65805,65462,65565,21.94650806
2026-02-02 00:45:00+00:00,65581,65660,65314,65415,13.3287894
2026-02-02 01:00:00+00:00,65420,65646,64752,64759,25.86321217
2026-02-02 01:15:00+00:00,64811,65628,64580,65518,35.98232639
2026-02-02 01:30:00+00:00,65529,65537,65243,65432,23.77713404
2026-02-02 01:45:00+00:00,65439,65463,65139,65257,7.37327231
2026-02-02 02:00:00+00:00,65245,65269,64810,64970,9.79824153
2026-02-02 02:15:00+00:00,65028,65288,64861,64921,7.46252353
2026-02-02 02:30:00+00:00,64928,65000,64630,64781,10.07559526
2026-02-02 02:45:00+00:00,64793,64811,64376,64423,16.15864741
2026-02-02 03:00:00+00:00,64414,64463,63863,63892,10.92034542
2026-02-02 03:15:00+00:00,63880,63924,63205,63229,97.62995617
2026-02-02 03:30:00+00:00,63226,63336,62830,62832,61.55319456
2026-02-02 03:45:00+00:00,62823,64368,62810,64252,51.66993675
2026-02-02 04:00:00+00:00,64266,64284,63413,63584,10.97074589
2026-02-02 04:15:00+00:00,63557,64403,63557,64403,14.40177796
2026-02-02 04:30:00+00:00,64427,64504,64149,64196,16.24703219
2026-02-02 04:45:00+00:00,64148,64149,63809,63901,8.3501041
2026-02-02 05:00:00+00:00,63909,63978,63476,63579,22.28087948
2026-02-02 05:15:00+00:00,63594,63604,63104,63248,31.36721954
2026-02-02 05:30:00+00:00,63255,63529,63114,63396,9.65043553
2026-02-02 05:45:00+00:00,63423,63778,63304,63608,38.20935093
2026-02-02 06:00:00+00:00,63607,63782,63348,63759,39.05578863
2026-02-02 06:15:00+00:00,63754,64120,63551,63809,20.64795767
2026-02-02 06:30:00+00:00,63809,64753,63172,64448,46.21717925
2026-02-02 06:45:00+00:00,64445,64606,64107,64487,15.42542231
2026-02-02 07:00:00+00:00,64481,64718,64327,64480,11.29599548
2026-02-02 07:15:00+00:00,64464,64594,64300,64353,10.93851903
2026-02-02 07:30:00+00:00,64353,64627,64334,64502,15.19648154
2026-02-02 07:45:00+00:00,64492,64830,64481,64589,22.31820338
2026-02-02 08:00:00+00:00,64591,64832,64544,64758,20.01921663
2026-02-02 08:15:00+00:00,64743,64981,64609,64668,31.30593424
2026-02-02 08:30:00+00:00,64681,64905,64580,64819,20.09225742
2026-02-02 08:45:00+00:00,64793,64989,64746,64841,14.22499943
2026-02-02 09:00:00+00:00,64819,64888,64626,64730,11.64423042
2026-02-02 09:15:00+00:00,64739,65198,64647,65195,19.2125573
2026-02-02 09:30:00+00:00,65188,65490,65085,65275,24.84214415
2026-02-02 09:45:00+00:00,65266,65587,65266,65445,39.06204977
2026-02-02 10:00:00+00:00,65489,65590,65371,65395,21.90800237
2026-02-02 10:15:00+00:00,65419,65434,65240,65400,15.15076357
2026-02-02 10:30:00+00:00,65396,65560,65284,65397,8.90612379
2026-02-02 10:45:00+00:00,65380,65400,65255,65277,7.84152033
2026-02-02 11:00:00+00:00,65290,65515,65226,65494,14.05566677
2026-02-02 11:15:00+00:00,65494,65544,65371,65535,8.21159779
2026-02-02 11:30:00+00:00,65539,65672,65482,65583,17.14095858
2026-02-02 11:45:00+00:00,65580,65686,65456,65509,14.63281078
2026-02-02 12:00:00+00:00,65528,65741,65451,65729,12.54116867
2026-02-02 12:15:00+00:00,65727,66120,65670,65909,25.72386237
2026-02-02 12:30:00+00:00,65905,65928,65660,65676,12.02826034
2026-02-02 12:45:00+00:00,65664,65854,65640,65780,13.37910246
2026-02-02 13:00:00+00:00,65779,65859,65638,65859,18.94920688
2026-02-02 13:15:00+00:00,65852,65997,65725,65827,9.85799636
2026-02-02 13:30:00+00:00,65820,65949,65771,65822,12.23232443
2026-02-02 13:45:00+00:00,65831,66343,65766,66123,24.19230461
2026-02-02 14:00:00+00:00,66135,66205,65791,65837,28.68599097
2026-02-02 14:15:00+00:00,65849,66110,65700,66018,20.31304681
2026-02-02 14:30:00+00:00,66003,66719,65993,66380,68.50343064
2026-02-02 14:45:00+00:00,66374,66588,65688,65808,45.85207269
2026-02-02 15:00:00+00:00,65824,66371,65655,66294,61.52744622
2026-02-02 15:15:00+00:00,66302,66836,66176,66584,44.89302154
2026-02-02 15:30:00+00:00,66584,67240,66449,67017,51.0071318
2026-02-02 15:45:00+00:00,67022,67154,66686,66879,26.07600057
2026-02-02 16:00:00+00:00,66871,67109,66685,67003,16.13547778
2026-02-02 16:15:00+00:00,67000,67194,66858,67095,31.0108887
2026-02-02 16:30:00+00:00,67107,67127,66804,66994,32.4397845
2026-02-02 16:45:00+00:00,67002,67002,66610,66639,25.33440212
2026-02-02 17:00:00+00:00,66635,66941,66610,66880,18.07315883
2026-02-02 17:15:00+00:00,66879,67141,66820,66920,17.05682013
2026-02-02 17:30:00+00:00,66919,67132,66748,66829,12.09265302
2026-02-02 17:45:00+00:00,66829,67039,66779,66966,8.46006555
2026-02-02 18:00:00+00:00,66959,66961,66728,66810,11.07659494
2026-02-02 18:15:00+00:00,66801,66829,66484,66535,15.57599881
2026-02-02 18:30:00+00:00,66529,66888,66510,66668,11.57661468
2026-02-02 18:45:00+00:00,66682,66791,66633,66676,8.90247342
2026-02-02 19:00:00+00:00,66663,66799,66524,66648,13.54966971
2026-02-02 19:15:00+00:00,66650,66726,66470,66612,6.45407383
2026-02-02 19:30:00+00:00,66601,66626,66459,66606,16.71721194
2026-02-02 19:45:00+00:00,66592,66615,66381,66426,24.78147617
2026-02-02 20:00:00+00:00,66409,66703,66253,66519,17.23333016
2026-02-02 20:15:00+00:00,66534,66642,66466,66511,7.02564177
2026-02-02 20:30:00+00:00,66512,66556,66298,66324,8.37904618
2026-02-02 20:45:00+00:00,66312,66346,66031,66104,13.37043935
2026-02-02 21:00:00+00:00,66111,66463,66034,66401,9.31465595
2026-02-02 21:15:00+00:00,66400,66492,66277,66366,5.73380706
2026-02-02 21:30:00+00:00,66362,66576,66341,66438,6.77754909
2026-02-02 21:45:00+00:00,66438,66591,66429,66587,8.10640088
2026-02-02 22:00:00+00:00,66581,66864,66575,66777,7.3540998
2026-02-02 22:15:00+00:00,66784,66784,66634,66691,2.62198849
2026-02-02 22:30:00+00:00,66680,66848,66666,66846,2.23866583
2026-02-02 22:45:00+00:00,66846,66859,66698,66816,1.78030942
2026-02-02 23:00:00+00:00,66816,66816,66691,66751,3.12769637
2026-02-02 23:15:00+00:00,66757,66811,66571,66628,5.82099089
2026-02-02 23:30:00+00:00,66621,66916,66607,66851,3.41688075
2026-02-02 23:45:00+00:00,66866,66866,66683,66706,2.00239998
2026-02-03 00:00:00+00:00,66721,66736,66414,66546,3.74191266
2026-02-03 00:15:00+00:00,66544,66813,66513,66813,1.59385893
2026-02-03 00:30:00+00:00,66786,66844,66689,66834,3.58453513
2026-02-03 00:45:00+00:00,66838,66982,66776,66947,2.84942177
2026-02-03 01:00:00+00:00,66945,67050,66725,66811,5.63055556
2026-02-03 01:15:00+00:00,66823,66857,66637,66791,0.73948314
2026-02-03 01:30:00+00:00,66774,66800,66691,66800,1.10417606
2026-02-03 01:45:00+00:00,66796,66863,66762,66860,0.61938627
2026-02-03 02:00:00+00:00,66836,66837,66447,66461,0.77618045
2026-02-03 02:15:00+00:00,66452,66747,66452,66621,1.32406988
2026-02-03 02:30:00+00:00,66615,66635,66382,66386,9.25563438
2026-02-03 02:45:00+00:00,66371,66371,65882,65897,17.40106614
2026-02-03 03:00:00+00:00,65898,66132,65737,66062,6.88975372
2026-02-03 03:15:00+00:00,66072,66296,65858,66272,5.45145404
2026-02-03 03:30:00+00:00,66279,66523,66249,66482,1.93834049
2026-02-03 03:45:00+00:00,66457,66770,66437,66659,5.13246043
2026-02-03 04:00:00+00:00,66622,66662,66447,66636,1.61155355
2026-02-03 04:15:00+00:00,66612,66625,66395,66425,2.07712611
2026-02-03 04:30:00+00:00,66481,66848,66431,66844,5.41675018
2026-02-03 04:45:00+00:00,66843,66843,66679,66697,4.1264272
2026-02-03 05:00:00+00:00,66702,66702,66450,66456,1.64504868
2026-02-03 05:15:00+00:00,66467,66481,66283,66383,7.283519
2026-02-03 05:30:00+00:00,66375,66430,66267,66316,1.70517335
2026-02-03 05:45:00+00:00,66314,66433,66205,66219,6.90334708
2026-02-03 06:00:00+00:00,66231,66289,65979,66052,11.80720449
2026-02-03 06:15:00+00:00,66057,66526,66034,66460,6.7526776
2026-02-03 06:30:00+00:00,66453,66543,66369,66398,7.99350678
2026-02-03 06:45:00+00:00,66405,66545,66400,66498,7.04655817
2026-02-03 07:00:00+00:00,66489,66757,66447,66605,10.92289752
2026-02-03 07:15:00+00:00,66590,66664,66496,66560,6.66365864
2026-02-03 07:30:00+00:00,66550,66751,66529,66660,3.588797
2026-02-03 07:45:00+00:00,66660,66679,66573,66641,5.37505354
2026-02-03 08:00:00+00:00,66658,66763,66405,66432,7.99496598
2026-02-03 08:15:00+00:00,66421,66858,66409,66796,9.80054541
2026-02-03 08:30:00+00:00,66796,66940,66711,66850,10.27654437
2026-02-03 08:45:00+00:00,66856,66872,66550,66645,4.04747714
2026-02-03 09:00:00+00:00,66628,66760,66183,66209,11.46858292
2026-02-03 09:15:00+00:00,66209,66346,66019,66019,13.58584358
2026-02-03 09:30:00+00:00,66048,66428,66000,66342,4.77735735
2026-02-03 09:45:00+00:00,66339,66497,66256,66451,5.93575881
2026-02-03 10:00:00+00:00,66452,66567,66400,66541,7.70527503
2026-02-03 10:15:00+00:00,66538,66580,66464,66513,5.82730701
2026-02-03 10:30:00+00:00,66504,66504,66242,66265,4.19215216
2026-02-03 10:45:00+00:00,66272,66386,66213,66266,17.64741263
2026-02-03 11:00:00+00:00,66273,66384,66236,66331,9.31439105
2026-02-03 11:15:00+00:00,66321,66370,66150,66184,8.61519813
2026-02-03 11:30:00+00:00,66184,66354,66126,66311,9.73810839
2026-02-03 11:45:00+00:00,66304,66432,66200,66219,5.93455841
2026-02-03 12:00:00+00:00,66220,66382,66128,66317,6.73154548
2026-02-03 12:15:00+00:00,66312,66398,66233,66389,6.27161864
2026-02-03 12:30:00+00:00,66380,66401,66271,66293,7.82496125
2026-02-03 12:45:00+00:00,66282,66443,66282,66359,9.99448589
2026-02-03 13:00:00+00:00,66375,66437,66276,66398,8.84704145
2026-02-03 13:15:00+00:00,66404,66474,66251,66463,8.97555327
2026-02-03 13:30:00+00:00,66466,66478,66323,66342,9.77458521
2026-02-03 13:45:00+00:00,66354,66434,66244,66349,6.45956941
2026-02-03 14:00:00+00:00,66347,66478,66338,66464,8.50845057
2026-02-03 14:15:00+00:00,66446,66512,66220,66485,10.95242035
2026-02-03 14:30:00+00:00,66436,66458,65800,65983,38.95202949
2026-02-03 14:45:00+00:00,65978,66255,65399,65435,32.76722667
2026-02-03 15:00:00+00:00,65450,65832,65358,65380,27.14209238
2026-02-03 15:15:00+00:00,65400,66136,65280,65789,57.53223768
2026-02-03 15:30:00+00:00,65800,66215,65600,65600,37.43448819
2026-02-03 15:45:00+00:00,65571,66177,65468,66121,29.30535739
2026-02-03 16:00:00+00:00,66111,66112,65427,65427,20.29951738
2026-02-03 16:15:00+00:00,65447,65482,64870,64900,76.97799219
2026-02-03 16:30:00+00:00,64889,65064,64649,64923,70.53629293
2026-02-03 16:45:00+00:00,64903,65015,64684,64684,24.87114316
2026-02-03 17:00:00+00:00,64718,64719,64000,64014,64.00606112
2026-02-03 17:15:00+00:00,64016,64355,63979,64164,52.69973501
2026-02-03 17:30:00+00:00,64171,64219,63551,63551,48.21891603
2026-02-03 17:45:00+00:00,63555,63747,63308,63330,46.47148546
2026-02-03 18:00:00+00:00,63347,63649,63140,63150,78.46056422
2026-02-03 18:15:00+00:00,63139,63274,62501,62658,168.46760082
2026-02-03 18:30:00+00:00,62659,62850,62360,62368,122.99117452
2026-02-03 18:45:00+00:00,62365,62417,61861,61885,97.22439679
2026-02-03 19:00:00+00:00,61874,63403,61716,63118,134.44001055
2026-02-03 19:15:00+00:00,63128,63715,62854,63398,83.85100759
2026-02-03 19:30:00+00:00,63389,63680,63291,63394,42.36362813
2026-02-03 19:45:00+00:00,63397,63494,62876,63400,37.32931478
2026-02-03 20:00:00+00:00,63393,63545,63109,63209,18.47577731
2026-02-03 20:15:00+00:00,63203,64200,63116,64048,41.52280359
2026-02-03 20:30:00+00:00,64048,64800,64028,64601,63.33714931
2026-02-03 20:45:00+00:00,64607,64883,64440,64660,24.46571028
2026-02-03 21:00:00+00:00,64654,65040,64646,64890,35.15870242
2026-02-03 21:15:00+00:00,64904,64924,64529,64679,15.41459231
2026-02-03 21:30:00+00:00,64673,64784,64403,64542,10.41821388
2026-02-03 21:45:00+00:00,64521,64614,64320,64452,14.55795332
2026-02-03 22:00:00+00:00,64480,64495,64010,64101,19.84630748
2026-02-03 22:15:00+00:00,64064,64300,63793,64257,47.28309756
2026-02-03 22:30:00+00:00,64263,64312,64074,64105,4.89451114
2026-02-03 22:45:00+00:00,64070,64080,63739,64003,9.6022961
2026-02-03 23:00:00+00:00,64018,64036,63746,64036,6.11731825
2026-02-03 23:15:00+00:00,64058,64215,63963,64065,3.86111544
2026-02-03 23:30:00+00:00,64056,64264,64027,64147,4.27686024
2026-02-03 23:45:00+00:00,64152,64152,63885,64061,5.74760145
2026-02-04 00:00:00+00:00,64053,64057,63823,63827,13.99838499
2026-02-04 00:15:00+00:00,63857,64292,63852,64285,5.57363644
2026-02-04 00:30:00+00:00,64289,64492,64210,64308,2.01097635
2026-02-04 00:45:00+00:00,64320,64469,64156,64185,3.52405824
2026-02-04 01:00:00+00:00,64208,64714,64208,64678,11.79218951
2026-02-04 01:15:00+00:00,64641,64706,64500,64584,3.44426218
2026-02-04 01:30:00+00:00,64579,64886,64575,64760,9.76401775
2026-02-04 01:45:00+00:00,64783,64783,64431,64566,4.61904057
2026-02-04 02:00:00+00:00,64538,64687,64493,64521,2.1417822
2026-02-04 02:15:00+00:00,64542,64712,64369,64369,5.09460271
2026-02-04 02:30:00+00:00,64361,64365,63977,64190,5.89546415
2026-02-04 02:45:00+00:00,64196,64258,64039,64190,10.79995783
2026-02-04 03:00:00+00:00,64195,64767,64137,64755,9.42345868
2026-02-04 03:15:00+00:00,64688,64815,64536,64545,5.27365652
2026-02-04 03:30:00+00:00,64548,65060,64547,64804,18.22449687
2026-02-04 03:45:00+00:00,64808,64866,64783,64792,7.18671332
2026-02-04 04:00:00+00:00,64764,64911,64725,64813,1.54629955
2026-02-04 04:15:00+00:00,64755,64764,64638,64689,3.64802475
2026-02-04 04:30:00+00:00,64689,64820,64689,64699,1.76281639
2026-02-04 04:45:00+00:00,64691,64691,64527,64574,3.00271281
2026-02-04 05:00:00+00:00,64574,64612,64510,64604,4.41325674
2026-02-04 05:15:00+00:00,64578,64603,64468,64563,2.841565
2026-02-04 05:30:00+00:00,64546,64546,64365,64380,1.59335534
2026-02-04 05:45:00+00:00,64385,64454,64266,64422,3.28846699
2026-02-04 06:00:00+00:00,64427,64664,64406,64640,4.76480975
2026-02-04 06:15:00+00:00,64642,64643,64502,64583,2.84089985
2026-02-04 06:30:00+00:00,64576,64799,64540,64776,4.21897718
2026-02-04 06:45:00+00:00,64770,64835,64621,64732,7.8186111
2026-02-04 07:00:00+00:00,64730,64740,64468,64721,8.67132691
2026-02-04 07:15:00+00:00,64722,64731,64500,64571,5.54810508
2026-02-04 07:30:00+00:00,64571,64729,64508,64651,7.57238968
2026-02-04 07:45:00+00:00,64654,64680,64563,64600,4.85259366
2026-02-04 08:00:00+00:00,64620,64630,64382,64501,13.85233507
2026-02-04 08:15:00+00:00,64501,64606,64255,64285,9.71913165
2026-02-04 08:30:00+00:00,64264,64539,64264,64499,6.1324891
2026-02-04 08:45:00+00:00,64510,64699,64497,64667,8.37418952
2026-02-04 09:00:00+00:00,64670,64700,64422,64438,14.49904579
2026-02-04 09:15:00+00:00,64440,64477,64303,64340,8.13184705
2026-02-04 09:30:00+00:00,64340,64422,64216,64337,10.78802846
2026-02-04 09:45:00+00:00,64331,64459,64314,64335,7.17103429
2026-02-04 10:00:00+00:00,64359,64451,64319,64404,8.02506714
2026-02-04 10:15:00+00:00,64403,64456,64357,64369,6.64092882
2026-02-04 10:30:00+00:00,64384,64572,64379,64512,8.46242978
2026-02-04 10:45:00+00:00,64517,64546,64468,64517,8.91475334
2026-02-04 11:00:00+00:00,64519,64519,64069,64133,11.88267889
2026-02-04 11:15:00+00:00,64127,64348,64012,64161,13.60718222
2026-02-04 11:30:00+00:00,64160,64474,64150,64301,9.96597512
2026-02-04 11:45:00+00:00,64304,64451,64251,64288,14.0498615
2026-02-04 12:00:00+00:00,64296,64459,64279,64370,8.87340365
2026-02-04 12:15:00+00:00,64373,64479,64260,64317,13.49897979
2026-02-04 12:30:00+00:00,64310,64445,64289,64349,6.36425431
2026-02-04 12:45:00+00:00,64351,64380,64263,64357,9.35126956
2026-02-04 13:00:00+00:00,64342,64379,64258,64307,4.75693763
2026-02-04 13:15:00+00:00,64286,64295,64010,64125,19.9346381
2026-02-04 13:30:00+00:00,64118,64173,63590,63662,33.79923138
2026-02-04 13:45:00+00:00,63665,63754,63226,63232,40.11674252
2026-02-04 14:00:00+00:00,63230,63727,63179,63720,14.3874188
2026-02-04 14:15:00+00:00,63730,63896,63585,63686,12.25686273
2026-02-04 14:30:00+00:00,63673,64076,63182,63585,39.58163875
2026-02-04 14:45:00+00:00,63550,63814,62758,62853,37.49941535
2026-02-04 15:00:00+00:00,62854,63469,62438,63252,110.82216862
2026-02-04 15:15:00+00:00,63238,63684,62970,63361,40.2642001
2026-02-04 15:30:00+00:00,63335,63386,62436,62907,88.27278178
2026-02-04 15:45:00+00:00,62909,62988,62502,62754,39.30140012
2026-02-04 16:00:00+00:00,62758,62827,62297,62556,43.02514367
2026-02-04 16:15:00+00:00,62557,62824,62138,62759,39.75927314
2026-02-04 16:30:00+00:00,62770,62830,61874,61888,53.22464203
2026-02-04 16:45:00+00:00,61901,62513,61860,62302,59.25060206
2026-02-04 17:00:00+00:00,62292,62474,61575,62220,46.40559606
2026-02-04 17:15:00+00:00,62237,62432,61234,61290,71.11244656
2026-02-04 17:30:00+00:00,61292,61712,61058,61576,100.68852156
2026-02-04 17:45:00+00:00,61569,61695,61154,61403,35.8872066
2026-02-04 18:00:00+00:00,61410,62007,61136,61658,36.98051048
2026-02-04 18:15:00+00:00,61655,62287,61479,62158,32.06390559
2026-02-04 18:30:00+00:00,62130,62731,62037,62653,46.31749511
2026-02-04 18:45:00+00:00,62600,62609,62082,62122,25.32312591
2026-02-04 19:00:00+00:00,62118,62550,62088,62202,18.2567658
2026-02-04 19:15:00+00:00,62212,62400,61837,61898,24.52592886
2026-02-04 19:30:00+00:00,61886,62289,61795,62270,18.84373908
2026-02-04 19:45:00+00:00,62267,62568,62086,62488,43.20494468
2026-02-04 20:00:00+00:00,62489,62692,62141,62197,17.31321684
2026-02-04 20:15:00+00:00,62189,62441,62186,62239,12.39863258
2026-02-04 20:30:00+00:00,62232,62335,62080,62271,7.04742771
2026-02-04 20:45:00+00:00,62285,62307,62147,62169,7.72256835
2026-02-04 21:00:00+00:00,62160,62285,61999,62208,4.85342122
2026-02-04 21:15:00+00:00,62193,62207,61772,61788,16.74327124
2026-02-04 21:30:00+00:00,61787,61985,61324,61398,17.2287982
2026-02-04 21:45:00+00:00,61399,61584,61037,61540,29.66891239
2026-02-04 22:00:00+00:00,61532,61596,60755,61141,60.43724751
2026-02-04 22:15:00+00:00,61133,62286,61133,62161,29.70718138
2026-02-04 22:30:00+00:00,62154,62173,61462,61547,20.47279599
2026-02-04 22:45:00+00:00,61586,61780,61214,61312,11.42709556
2026-02-04 23:00:00+00:00,61296,61586,61249,61586,5.63893945
2026-02-04 23:15:00+00:00,61581,62040,61532,62037,23.94712431
2026-02-04 23:30:00+00:00,62034,62150,61895,62032,13.20297667
2026-02-04 23:45:00+00:00,62039,62166,61858,61890,10.36460475
2026-02-05 00:00:00+00:00,61870,61914,61531,61534,8.05902478
2026-02-05 00:15:00+00:00,61535,61983,61523,61938,4.43581719
2026-02-05 00:30:00+00:00,61879,61910,61636,61810,1.60944818
2026-02-05 00:45:00+00:00,61813,61870,61603,61618,2.11975701
2026-02-05 01:00:00+00:00,61605,62003,61558,61851,4.24290545
2026-02-05 01:15:00+00:00,61786,61850,60870,61665,19.36996745
2026-02-05 01:30:00+00:00,61720,61848,61114,61382,27.67396862
2026-02-05 01:45:00+00:00,61381,61537,61232,61232,4.99453038
2026-02-05 02:00:00+00:00,61220,61329,60899,60935,12.31659999
2026-02-05 02:15:00+00:00,60943,61222,60644,61173,44.30591713
2026-02-05 02:30:00+00:00,61190,61616,61129,61408,16.819654
2026-02-05 02:45:00+00:00,61398,61434,60386,60520,57.50300496
2026-02-05 03:00:00+00:00,60515,60847,60407,60551,30.64331707
2026-02-05 03:15:00+00:00,60529,60740,60355,60561,11.0122223
2026-02-05 03:30:00+00:00,60572,60638,60365,60485,13.38408126
2026-02-05 03:45:00+00:00,60452,60571,60255,60306,11.7321743
2026-02-05 04:00:00+00:00,60302,60517,59911,60087,101.57722319
2026-02-05 04:15:00+00:00,60111,60427,59900,60161,40.34201691
2026-02-05 04:30:00+00:00,60153,60454,60017,60423,18.85617018
2026-02-05 04:45:00+00:00,60430,60430,59896,60026,21.72860036
2026-02-05 05:00:00+00:00,60030,60184,59843,59989,30.6160734
2026-02-05 05:15:00+00:00,59993,60100,59407,59653,52.20138213
2026-02-05 05:30:00+00:00,59648,60258,59573,60148,32.05372093
2026-02-05 05:45:00+00:00,60137,60150,59762,59881,41.83319036
2026-02-05 06:00:00+00:00,59884,60020,59657,59833,29.46657193
2026-02-05 06:15:00+00:00,59844,59978,59640,59703,40.34848536
2026-02-05 06:30:00+00:00,59721,60088,59721,59993,27.82266516
2026-02-05 06:45:00+00:00,60007,60096,59758,60067,17.31069811
2026-02-05 07:00:00+00:00,60050,60600,60027,60157,43.85409698
2026-02-05 07:15:00+00:00,60162,60567,60072,60443,17.46265218
2026-02-05 07:30:00+00:00,60408,60446,60021,60194,28.57865984
2026-02-05 07:45:00+00:00,60210,60223,59744,59841,24.65789998
2026-02-05 08:00:00+00:00,59864,60116,59770,60099,32.04317518
2026-02-05 08:15:00+00:00,60105,60475,59988,60341,35.46742715
2026-02-05 08:30:00+00:00,60334,60513,60249,60260,20.61933448
2026-02-05 08:45:00+00:00,60237,60328,60092,60101,20.59299754
2026-02-05 09:00:00+00:00,60106,60833,60097,60798,48.73584926
2026-02-05 09:15:00+00:00,60787,60913,60639,60775,17.09163179
2026-02-05 09:30:00+00:00,60760,60813,60538,60550,17.54935066
2026-02-05 09:45:00+00:00,60572,60770,60518,60656,25.06348823
2026-02-05 10:00:00+00:00,60657,60710,60405,60560,12.08396633
2026-02-05 10:15:00+00:00,60566,60739,60485,60716,15.93076242
2026-02-05 10:30:00+00:00,60724,60725,60283,60407,28.88276503
2026-02-05 10:45:00+00:00,60409,60423,59822,60000,53.54959605
2026-02-05 11:00:00+00:00,59995,60172,59876,59931,15.84743901
2026-02-05 11:15:00+00:00,59965,60075,59245,59326,102.3097378
2026-02-05 11:30:00+00:00,59328,59894,59215,59700,44.44750864
2026-02-05 11:45:00+00:00,59694,59788,59433,59538,31.02354352
2026-02-05 12:00:00+00:00,59531,59771,59186,59202,31.82570051
2026-02-05 12:15:00+00:00,59193,59218,58573,58946,126.12792743
2026-02-05 12:30:00+00:00,58955,59089,58580,58693,42.38121322
2026-02-05 12:45:00+00:00,58686,59039,58539,58842,59.53178853
2026-02-05 13:00:00+00:00,58833,59085,58726,58820,26.86291803
2026-02-05 13:15:00+00:00,58821,58890,58582,58618,29.17795332
2026-02-05 13:30:00+00:00,58603,58890,58561,58697,40.26065389
2026-02-05 13:45:00+00:00,58702,58946,58645,58898,34.54724893
2026-02-05 14:00:00+00:00,58912,59420,58885,58912,77.17614285
2026-02-05 14:15:00+00:00,58912,59314,58700,59292,30.66043817
2026-02-05 14:30:00+00:00,59288,59918,59140,59567,54.35754252
2026-02-05 14:45:00+00:00,59573,59827,58648,58740,72.38895394
2026-02-05 15:00:00+00:00,58709,58868,57493,57510,201.38520871
2026-02-05 15:15:00+00:00,57525,58077,56527,56582,160.73056464
2026-02-05 15:30:00+00:00,56561,57419,56450,57183,116.56578923
2026-02-05 15:45:00+00:00,57209,57791,56776,57148,78.23534637
2026-02-05 16:00:00+00:00,57158,57409,56704,56770,45.77563833
2026-02-05 16:15:00+00:00,56795,57797,56772,57736,85.88531902
2026-02-05 16:30:00+00:00,57763,57964,57407,57432,61.02251738
2026-02-05 16:45:00+00:00,57450,58100,57200,57787,50.38801424
2026-02-05 17:00:00+00:00,57788,57832,56819,56912,46.38905499
2026-02-05 17:15:00+00:00,56900,57218,56228,57015,59.31830202
2026-02-05 17:30:00+00:00,57014,57133,56315,56782,61.60695181
2026-02-05 17:45:00+00:00,56786,56946,55961,55988,83.2167217
2026-02-05 18:00:00+00:00,55994,56279,55965,56211,47.43905894
2026-02-05 18:15:00+00:00,56218,56275,55381,55681,85.7019344
2026-02-05 18:30:00+00:00,55689,55838,55392,55644,51.47872855
2026-02-05 18:45:00+00:00,55640,56277,55319,56162,55.73078027
2026-02-05 19:00:00+00:00,56160,56351,55877,56117,29.56946536
2026-02-05 19:15:00+00:00,56102,56350,55525,55731,38.01063862
2026-02-05 19:30:00+00:00,55745,56000,55592,55709,28.54044541
2026-02-05 19:45:00+00:00,55709,55805,55180,55226,65.90149466
2026-02-05 20:00:00+00:00,55238,55622,55016,55072,56.94290239
2026-02-05 20:15:00+00:00,55075,55107,53661,54068,227.02265127
2026-02-05 20:30:00+00:00,54058,54309,53467,53932,144.17266782
2026-02-05 20:45:00+00:00,53932,54120,52773,54040,159.41083345
2026-02-05 21:00:00+00:00,54023,54882,53750,53807,134.76379864
2026-02-05 21:15:00+00:00,53761,54395,53302,54220,75.67902248
2026-02-05 21:30:00+00:00,54247,54447,53676,54020,44.90689373
2026-02-05 21:45:00+00:00,54029,54274,53436,53587,49.15110457
2026-02-05 22:00:00+00:00,53576,54032,53150,53851,72.86182273
2026-02-05 22:15:00+00:00,53851,54500,53145,54334,50.67811795
2026-02-05 22:30:00+00:00,54346,54769,53936,54280,48.489231
2026-02-05 22:45:00+00:00,54276,54709,54000,54185,50.56163505
2026-02-05 23:00:00+00:00,54165,55029,54118,54790,61.87516791
2026-02-05 23:15:00+00:00,54756,54901,54306,54622,34.0461182
2026-02-05 23:30:00+00:00,54627,54711,53819,53822,39.92876922
2026-02-05 23:45:00+00:00,53827,53930,53185,53342,69.52337557
2026-02-06 00:00:00+00:00,53344,53478,51000,51155,222.11983785
2026-02-06 00:15:00+00:00,51152,52482,50941,52082,86.62397896
2026-02-06 00:30:00+00:00,52108,53792,52069,53365,26.17485575
2026-02-06 00:45:00+00:00,53462,54168,53045,53869,20.74620802
2026-02-06 01:00:00+00:00,53868,55060,53868,54547,49.12622353
2026-02-06 01:15:00+00:00,54582,54705,54287,54367,23.88935923
2026-02-06 01:30:00+00:00,54382,54962,54332,54876,10.94611463
2026-02-06 01:45:00+00:00,54862,55754,54760,55729,26.9864506
2026-02-06 02:00:00+00:00,55709,55950,54873,54914,17.70947163
2026-02-06 02:15:00+00:00,54985,55195,54422,54734,24.05013543
2026-02-06 02:30:00+00:00,54757,55410,54631,55226,22.69155375
2026-02-06 02:45:00+00:00,55234,55318,54851,55089,11.466998
2026-02-06 03:00:00+00:00,55065,55234,54566,54613,16.91785596
2026-02-06 03:15:00+00:00,54631,55022,54601,54860,14.53607186
2026-02-06 03:30:00+00:00,54855,55045,54648,54674,18.30197598
2026-02-06 03:45:00+00:00,54685,54701,54062,54407,32.18777375
2026-02-06 04:00:00+00:00,54395,54734,54219,54650,12.13385362
2026-02-06 04:15:00+00:00,54664,55120,54625,55037,25.10173302
2026-02-06 04:30:00+00:00,55025,55034,54690,54878,16.21573142
2026-02-06 04:45:00+00:00,54878,55067,54860,54996,20.43031472
2026-02-06 05:00:00+00:00,54986,55576,54904,55503,25.22186693
2026-02-06 05:15:00+00:00,55496,55642,55306,55450,18.02943881
2026-02-06 05:30:00+00:00,55462,55915,55388,55899,38.16613351
2026-02-06 05:45:00+00:00,55898,56602,55723,56251,62.2658795
2026-02-06 06:00:00+00:00,56270,56584,56037,56063,46.07017887
2026-02-06 06:15:00+00:00,56051,56065,55555,55789,30.26029847
2026-02-06 06:30:00+00:00,55778,55783,55033,55140,31.83273566
2026-02-06 06:45:00+00:00,55150,55288,54948,55068,26.73561742
2026-02-06 07:00:00+00:00,55061,55143,54789,55116,30.47236176
2026-02-06 07:15:00+00:00,55139,55397,54938,55100,26.35295452
2026-02-06 07:30:00+00:00,55093,55555,55024,55278,41.5105729
2026-02-06 07:45:00+00:00,55256,55285,54801,54980,25.09063308
2026-02-06 08:00:00+00:00,54984,55288,54692,55194,26.00279194
2026-02-06 08:15:00+00:00,55207,55287,54914,54964,36.81751767
2026-02-06 08:30:00+00:00,54962,55045,54708,54920,26.44954547
2026-02-06 08:45:00+00:00,54926,55230,54894,55020,15.93566347
2026-02-06 09:00:00+00:00,55024,55280,54885,55211,18.53861893
2026-02-06 09:15:00+00:00,55190,55676,55122,55647,25.90601816
2026-02-06 09:30:00+00:00,55635,56027,55583,55797,55.24614415
2026-02-06 09:45:00+00:00,55806,56082,55620,55798,17.75901591
2026-02-06 10:00:00+00:00,55797,55909,55558,55766,23.91200526
2026-02-06 10:15:00+00:00,55801,56120,55718,55980,25.1124998
2026-02-06 10:30:00+00:00,55989,56098,55922,56024,21.8438695
2026-02-06 10:45:00+00:00,55983,56049,55817,55949,14.25506578
2026-02-06 11:00:00+00:00,55937,55985,55780,55940,11.39566789
2026-02-06 11:15:00+00:00,55936,56074,55865,56015,12.46359549
2026-02-06 11:30:00+00:00,56021,56336,55980,56263,21.94112241
2026-02-06 11:45:00+00:00,56251,56652,56124,56513,38.08298989
2026-02-06 12:00:00+00:00,56499,56501,56190,56356,15.89083609
2026-02-06 12:15:00+00:00,56356,56413,56177,56337,18.46712181
2026-02-06 12:30:00+00:00,56329,56336,56096,56261,26.86896176
2026-02-06 12:45:00+00:00,56272,56517,56250,56515,14.21078999
2026-02-06 13:00:00+00:00,56472,56897,56374,56861,42.41407274
2026-02-06 13:15:00+00:00,56871,57243,56667,56772,35.78052291
2026-02-06 13:30:00+00:00,56749,57149,56649,57016,25.05237912
2026-02-06 13:45:00+00:00,57030,57394,57013,57082,29.73618474
2026-02-06 14:00:00+00:00,57082,57138,56666,56948,29.06151217
2026-02-06 14:15:00+00:00,56947,56951,56437,56834,40.79769841
2026-02-06 14:30:00+00:00,56820,57894,56794,57824,65.90835814
2026-02-06 14:45:00+00:00,57809,58140,57527,57769,53.7749463
2026-02-06 15:00:00+00:00,57716,58125,57414,57582,59.72562294
2026-02-06 15:15:00+00:00,57563,58134,57504,57808,58.01592767
2026-02-06 15:30:00+00:00,57812,58359,57712,58319,62.84562614
2026-02-06 15:45:00+00:00,58296,58645,57937,58147,51.13847882
2026-02-06 16:00:00+00:00,58150,58893,57995,58734,64.56381326
2026-02-06 16:15:00+00:00,58722,59207,58619,58950,70.30894788
2026-02-06 16:30:00+00:00,58949,59230,58859,59219,53.38073597
2026-02-06 16:45:00+00:00,59219,59573,59113,59345,62.71981106
2026-02-06 17:00:00+00:00,59341,59678,59037,59588,41.82848533
2026-02-06 17:15:00+00:00,59611,60271,59526,60202,55.35266007
2026-02-06 17:30:00+00:00,60205,60706,60054,60333,68.30784625
2026-02-06 17:45:00+00:00,60336,60522,59824,59993,55.27043063
2026-02-06 18:00:00+00:00,60006,60066,59016,59333,62.46580049
2026-02-06 18:15:00+00:00,59326,59352,58700,58887,43.64564982
2026-02-06 18:30:00+00:00,58894,59533,58736,59270,39.82773858
2026-02-06 18:45:00+00:00,59274,59442,59063,59092,23.89419503
2026-02-06 19:00:00+00:00,59112,59448,59056,59105,10.52323242
2026-02-06 19:15:00+00:00,59115,59684,58984,59517,25.48757013
2026-02-06 19:30:00+00:00,59508,59737,59403,59622,15.99498764
2026-02-06 19:45:00+00:00,59643,60104,59627,59922,25.15863909
2026-02-06 20:00:00+00:00,59910,60029,59632,59727,31.00093629
2026-02-06 20:15:00+00:00,59721,59871,59500,59788,16.72001043
2026-02-06 20:30:00+00:00,59773,60127,59417,59496,30.30843373
2026-02-06 20:45:00+00:00,59499,59770,59281,59281,25.44350733
2026-02-06 21:00:00+00:00,59285,59447,59136,59277,18.37340171
2026-02-06 21:15:00+00:00,59284,59719,59225,59631,20.0872082
2026-02-06 21:30:00+00:00,59624,59643,59378,59556,10.00921956
2026-02-06 21:45:00+00:00,59529,59697,59519,59611,6.98864994
2026-02-06 22:00:00+00:00,59634,59954,59550,59656,28.83597394
2026-02-06 22:15:00+00:00,59662,59996,59648,59996,10.90981201
2026-02-06 22:30:00+00:00,59999,60549,59995,60352,27.16168555
2026-02-06 22:45:00+00:00,60340,60635,60231,60496,12.47703033
2026-02-06 23:00:00+00:00,60510,60817,60255,60297,17.90948861
2026-02-06 23:15:00+00:00,60283,60283,59796,59809,17.37656378
2026-02-06 23:30:00+00:00,59806,60065,59806,59892,4.00746086
2026-02-06 23:45:00+00:00,59879,59988,59715,59821,10.42398499
2026-02-07 00:00:00+00:00,59802,59816,59327,59594,22.08881767
2026-02-07 00:15:00+00:00,59586,59732,59408,59416,15.23259721
2026-02-07 00:30:00+00:00,59433,59487,59104,59104,11.62346865
2026-02-07 00:45:00+00:00,59133,59615,59133,59313,6.07696274
2026-02-07 01:00:00+00:00,59326,59427,59129,59221,4.14523349
2026-02-07 01:15:00+00:00,59246,59501,59246,59340,2.58850123
2026-02-07 01:30:00+00:00,59355,59628,59300,59601,3.14698319
2026-02-07 01:45:00+00:00,59582,59918,59582,59760,3.16430025
2026-02-07 02:00:00+00:00,59746,59888,59662,59709,1.2513052
2026-02-07 02:15:00+00:00,59708,59818,59628,59725,0.81921165
2026-02-07 02:30:00+00:00,59722,59805,59700,59724,1.14097464
2026-02-07 02:45:00+00:00,59720,59720,59497,59667,2.29050106
2026-02-07 03:00:00+00:00,59655,60021,59592,59948,2.50762407
2026-02-07 03:15:00+00:00,59948,60083,59840,60076,1.5810368
2026-02-07 03:30:00+00:00,60034,60081,59827,59976,1.4420413
2026-02-07 03:45:00+00:00,59951,60130,59879,60129,1.3854749
2026-02-07 04:00:00+00:00,60103,60469,60073,60428,7.16389626
2026-02-07 04:15:00+00:00,60354,60749,60250,60303,18.90915371
2026-02-07 04:30:00+00:00,60304,60394,59901,59929,5.52975791
2026-02-07 04:45:00+00:00,59925,60018,59867,59983,1.90309703
2026-02-07 05:00:00+00:00,59978,60123,59916,60113,1.79065938
2026-02-07 05:15:00+00:00,60113,60338,59480,59567,12.19942629
2026-02-07 05:30:00+00:00,59584,59689,59439,59527,6.73984558
2026-02-07 05:45:00+00:00,59566,59582,59293,59489,14.01126546
2026-02-07 06:00:00+00:00,59469,59633,59339,59443,26.09775761
2026-02-07 06:15:00+00:00,59443,59614,59250,59549,7.60815194
2026-02-07 06:30:00+00:00,59554,59635,59347,59424,11.74330314
2026-02-07 06:45:00+00:00,59420,59440,58301,58313,42.57917054
2026-02-07 07:00:00+00:00,58345,58572,57568,57568,51.25205303
2026-02-07 07:15:00+00:00,57562,57793,57050,57595,56.31330394
2026-02-07 07:30:00+00:00,57545,58193,57237,58021,35.48150184
2026-02-07 07:45:00+00:00,58012,58012,57480,57711,58.17637942
2026-02-07 08:00:00+00:00,57699,58055,57407,57847,16.42656647
2026-02-07 08:15:00+00:00,57858,58191,57733,57984,14.13677371
2026-02-07 08:30:00+00:00,57997,58308,57943,57970,17.51408426
2026-02-07 08:45:00+00:00,57975,58281,57975,58106,8.11780766
2026-02-07 09:00:00+00:00,58113,58366,58077,58366,20.67118595
2026-02-07 09:15:00+00:00,58374,58397,58121,58121,13.18644016
2026-02-07 09:30:00+00:00,58127,58127,57709,57805,13.15559841
2026-02-07 09:45:00+00:00,57799,57849,57619,57817,10.94201048
2026-02-07 10:00:00+00:00,57812,57968,57626,57655,6.28692781
2026-02-07 10:15:00+00:00,57685,57816,57588,57653,9.13869313
2026-02-07 10:30:00+00:00,57649,57760,57361,57511,16.11353697
2026-02-07 10:45:00+00:00,57522,57718,57348,57674,5.34653641
2026-02-07 11:00:00+00:00,57658,57818,57601,57665,9.7244013
2026-02-07 11:15:00+00:00,57654,57771,57566,57678,5.95693261
2026-02-07 11:30:00+00:00,57642,57723,57503,57555,6.65811639
2026-02-07 11:45:00+00:00,57572,57691,57413,57628,13.3049203
2026-02-07 12:00:00+00:00,57641,58487,57592,58383,20.70783993
2026-02-07 12:15:00+00:00,58383,59352,58282,58822,37.67113695
2026-02-07 12:30:00+00:00,58786,59364,58647,58690,21.6342713
2026-02-07 12:45:00+00:00,58653,58813,58395,58585,16.56460084
2026-02-07 13:00:00+00:00,58604,58761,58476,58553,6.29457439
2026-02-07 13:15:00+00:00,58561,58791,58501,58771,6.44735428
2026-02-07 13:30:00+00:00,58769,58853,58388,58481,8.20593677
2026-02-07 13:45:00+00:00,58458,58637,58448,58627,5.72891345
2026-02-07 14:00:00+00:00,58634,58711,58499,58580,5.4895966
2026-02-07 14:15:00+00:00,58566,58683,58452,58547,4.40400409
2026-02-07 14:30:00+00:00,58530,58591,58109,58387,12.35346388
2026-02-07 14:45:00+00:00,58413,58430,57954,58233,7.63989403
2026-02-07 15:00:00+00:00,58266,58734,58175,58676,10.80381184
2026-02-07 15:15:00+00:00,58705,58999,58565,58828,9.02166248
2026-02-07 15:30:00+00:00,58840,59199,58742,58856,9.47941046
2026-02-07 15:45:00+00:00,58856,58990,58635,58701,14.05022457
2026-02-07 16:00:00+00:00,58738,59338,58600,58966,143.44827644
2026-02-07 16:15:00+00:00,58960,59199,58816,58829,8.49420886
2026-02-07 16:30:00+00:00,58846,58937,58684,58785,3.12822745
2026-02-07 16:45:00+00:00,58822,58831,58439,58526,6.7164693
2026-02-07 17:00:00+00:00,58578,58629,58271,58342,10.88286489
2026-02-07 17:15:00+00:00,58367,58648,58180,58615,6.37414359
2026-02-07 17:30:00+00:00,58626,58909,58530,58812,6.03199691
2026-02-07 17:45:00+00:00,58830,58839,58622,58717,4.54300789
2026-02-07 18:00:00+00:00,58711,58789,58564,58598,2.39637967
2026-02-07 18:15:00+00:00,58595,59006,58573,58857,5.74293831
2026-02-07 18:30:00+00:00,58899,59100,58792,58976,15.01158224
2026-02-07 18:45:00+00:00,58969,59130,58900,58988,4.75217029
2026-02-07 19:00:00+00:00,58986,59028,58779,58826,4.51311448
2026-02-07 19:15:00+00:00,58838,59005,58828,58918,1.86590325
2026-02-07 19:30:00+00:00,58900,58941,58800,58836,1.99476615
2026-02-07 19:45:00+00:00,58841,58975,58771,58866,2.82631088
2026-02-07 20:00:00+00:00,58823,58907,58769,58833,2.59723474
2026-02-07 20:15:00+00:00,58813,58951,58794,58921,3.07261456
2026-02-07 20:30:00+00:00,58925,59076,58864,58990,3.44911134
2026-02-07 20:45:00+00:00,59003,59163,59000,59078,3.69902532
2026-02-07 21:00:00+00:00,59094,59145,58939,59010,4.40583065
2026-02-07 21:15:00+00:00,58978,59079,58916,58989,1.87494838
2026-02-07 21:30:00+00:00,58994,59117,58979,59003,2.19632304
2026-02-07 21:45:00+00:00,58937,58977,58850,58977,2.89143474
2026-02-07 22:00:00+00:00,58955,59149,58943,59013,4.42544111
2026-02-07 22:15:00+00:00,58987,59035,58905,59035,3.57327134
2026-02-07 22:30:00+00:00,58997,59012,58858,58880,1.24646648
2026-02-07 22:45:00+00:00,58901,58967,58833,58895,2.43310702
2026-02-07 23:00:00+00:00,58885,58913,58430,58606,14.08848541
2026-02-07 23:15:00+00:00,58611,58634,58353,58631,7.44538889
2026-02-07 23:30:00+00:00,58571,58783,58571,58783,2.44414276
2026-02-07 23:45:00+00:00,58777,58926,58750,58810,0.90085205
2026-02-08 00:00:00+00:00,58733,58892,58676,58851,1.25760827
2026-02-08 00:15:00+00:00,58794,58794,58562,58562,1.21661263
2026-02-08 00:30:00+00:00,58562,58660,58435,58507,8.91581604
2026-02-08 00:45:00+00:00,58465,58685,58417,58624,3.9196024
2026-02-08 01:00:00+00:00,58649,58854,58609,58833,1.7658623
2026-02-08 01:15:00+00:00,58832,58835,58612,58625,1.33285265
2026-02-08 01:30:00+00:00,58595,58823,58595,58776,3.37767769
2026-02-08 01:45:00+00:00,58787,58943,58747,58832,1.44166138
2026-02-08 02:00:00+00:00,58833,58924,58725,58864,6.00961656
2026-02-08 02:15:00+00:00,58854,59077,58825,58872,7.15485708
2026-02-08 02:30:00+00:00,58892,58963,58722,58796,1.37304126
2026-02-08 02:45:00+00:00,58763,58839,58649,58830,0.64750042
2026-02-08 03:00:00+00:00,58823,58876,58677,58726,3.12093294
2026-02-08 03:15:00+00:00,58727,58843,58695,58797,1.63653746
2026-02-08 03:30:00+00:00,58807,58870,58695,58721,0.82213111
2026-02-08 03:45:00+00:00,58727,58758,58561,58591,0.3514459
2026-02-08 04:00:00+00:00,58603,58695,58554,58564,0.30313425
2026-02-08 04:15:00+00:00,58553,58794,58483,58701,0.83767915
2026-02-08 04:30:00+00:00,58743,58753,58605,58700,0.73211347
2026-02-08 04:45:00+00:00,58703,58794,58682,58794,0.96100734
2026-02-08 05:00:00+00:00,58799,58846,58706,58821,4.10274264
2026-02-08 05:15:00+00:00,58819,58857,58693,58732,0.97450796
2026-02-08 05:30:00+00:00,58704,58722,58626,58671,0.63725101
2026-02-08 05:45:00+00:00,58643,58701,58640,58676,0.64557412
2026-02-08 06:00:00+00:00,58677,58825,58555,58789,7.63594746
2026-02-08 06:15:00+00:00,58793,58847,58694,58804,11.95590187
2026-02-08 06:30:00+00:00,58803,58803,58705,58750,1.84077796
2026-02-08 06:45:00+00:00,58779,58848,58740,58814,6.9140802
2026-02-08 07:00:00+00:00,58819,58885,58713,58843,7.90049355
2026-02-08 07:15:00+00:00,58829,58941,58794,58901,3.79131047
2026-02-08 07:30:00+00:00,58896,59039,58863,58945,2.82478376
2026-02-08 07:45:00+00:00,58945,59135,58945,59121,5.43060381
2026-02-08 08:00:00+00:00,59120,59276,59040,59051,10.06992044
2026-02-08 08:15:00+00:00,59054,59700,58962,59553,11.16930136
2026-02-08 08:30:00+00:00,59554,60038,59444,59665,19.66779432
2026-02-08 08:45:00+00:00,59679,59998,59622,59947,13.57277547
2026-02-08 09:00:00+00:00,59949,59994,59684,59726,15.10952272
2026-02-08 09:15:00+00:00,59733,59827,59653,59783,8.44813748
2026-02-08 09:30:00+00:00,59783,59895,59490,59504,10.42339501
2026-02-08 09:45:00+00:00,59502,59637,59467,59493,7.01207983
2026-02-08 10:00:00+00:00,59490,59769,59490,59665,13.49128817
2026-02-08 10:15:00+00:00,59665,59739,59277,59409,25.2912939
2026-02-08 10:30:00+00:00,59440,59666,59400,59612,14.93316109
2026-02-08 10:45:00+00:00,59609,59746,59577,59608,2.92382509
2026-02-08 11:00:00+00:00,59603,59946,59580,59943,5.27911561
2026-02-08 11:15:00+00:00,59936,60176,59851,59978,17.6558347
2026-02-08 11:30:00+00:00,59962,60280,59945,60157,14.44685822
2026-02-08 11:45:00+00:00,60163,60422,60104,60246,16.64510133
2026-02-08 12:00:00+00:00,60278,60310,60104,60135,13.73743886
2026-02-08 12:15:00+00:00,60144,60240,60064,60224,9.50107381
2026-02-08 12:30:00+00:00,60205,60286,60013,60038,7.69839536
2026-02-08 12:45:00+00:00,60039,60512,60005,60482,25.85682638
2026-02-08 13:00:00+00:00,60480,60536,60250,60377,10.87039316
2026-02-08 13:15:00+00:00,60369,60679,60357,60629,13.14471399
2026-02-08 13:30:00+00:00,60634,60658,60412,60433,6.28418963
2026-02-08 13:45:00+00:00,60455,60682,60455,60682,13.76011862
2026-02-08 14:00:00+00:00,60684,60713,60500,60555,9.79862291
2026-02-08 14:15:00+00:00,60569,60624,60374,60452,6.01646355
2026-02-08 14:30:00+00:00,60450,60548,60329,60350,7.01826559
2026-02-08 14:45:00+00:00,60395,60473,60361,60440,2.74890922
2026-02-08 15:00:00+00:00,60459,60626,60423,60538,4.97319188
2026-02-08 15:15:00+00:00,60526,60640,60087,60161,9.28083108
2026-02-08 15:30:00+00:00,60158,60475,60140,60378,8.29948197
2026-02-08 15:45:00+00:00,60374,60409,60223,60409,5.74428661
2026-02-08 16:00:00+00:00,60403,60488,60255,60288,6.05715308
2026-02-08 16:15:00+00:00,60266,60440,60256,60396,3.88860913
2026-02-08 16:30:00+00:00,60388,60390,60060,60091,5.76958242
2026-02-08 16:45:00+00:00,60093,60131,59616,59763,20.23186372
2026-02-08 17:00:00+00:00,59760,60025,59758,59918,4.28305351
2026-02-08 17:15:00+00:00,59908,60144,59800,59900,8.73330511
2026-02-08 17:30:00+00:00,59931,60100,59900,60090,3.37140042
2026-02-08 17:45:00+00:00,60092,60129,59958,60026,4.20594251
2026-02-08 18:00:00+00:00,60052,60224,60015,60152,7.61351895
2026-02-08 18:15:00+00:00,60175,60245,60096,60219,3.20556888
2026-02-08 18:30:00+00:00,60233,60597,60233,60502,8.78341432
2026-02-08 18:45:00+00:00,60580,60592,60343,60358,12.4497884
2026-02-08 19:00:00+00:00,60347,60512,60347,60508,5.50141738
2026-02-08 19:15:00+00:00,60502,60530,60359,60388,4.31088153
2026-02-08 19:30:00+00:00,60391,60494,60339,60458,4.00401038
2026-02-08 19:45:00+00:00,60476,60651,60409,60563,8.14175725
2026-02-08 20:00:00+00:00,60562,60564,60149,60295,7.14252713
2026-02-08 20:15:00+00:00,60277,60391,60164,60214,6.4473443
2026-02-08 20:30:00+00:00,60241,60360,60219,60345,2.92329131
2026-02-08 20:45:00+00:00,60296,60337,59966,60068,6.88833829
2026-02-08 21:00:00+00:00,60076,60261,59993,60237,9.5065759
2026-02-08 21:15:00+00:00,60238,60322,60177,60188,8.69897692
2026-02-08 21:30:00+00:00,60177,60218,59900,60011,8.99034736
2026-02-08 21:45:00+00:00,60019,60109,59811,59947,7.41214535
2026-02-08 22:00:00+00:00,59962,60068,59957,60067,16.05401513
2026-02-08 22:15:00+00:00,60037,60172,60009,60085,4.62278231
2026-02-08 22:30:00+00:00,60078,60168,59913,60137,16.86502474
2026-02-08 22:45:00+00:00,60118,60266,60056,60216,3.5338491
2026-02-08 23:00:00+00:00,60228,61244,60225,60484,54.97783301
2026-02-08 23:15:00+00:00,60488,60580,59623,59824,19.38149378
2026-02-08 23:30:00+00:00,59767,59767,59285,59713,52.38988806
2026-02-08 23:45:00+00:00,59716,59991,59517,59581,23.25662737
2026-02-09 00:00:00+00:00,59537,59805,59504,59768,37.98039384
2026-02-09 00:15:00+00:00,59788,59893,59600,59638,23.30076372
2026-02-09 00:30:00+00:00,59670,59779,59404,59483,11.37303416
2026-02-09 00:45:00+00:00,59508,59691,59345,59676,5.82203244
2026-02-09 01:00:00+00:00,59635,59759,59479,59568,1.75871805
2026-02-09 01:15:00+00:00,59617,60024,59484,59870,2.17279192
2026-02-09 01:30:00+00:00,59887,59909,59300,59463,2.64459851
2026-02-09 01:45:00+00:00,59452,59649,59304,59564,7.95049542
2026-02-09 02:00:00+00:00,59565,59697,59453,59584,1.24259307
2026-02-09 02:15:00+00:00,59546,59705,59509,59657,1.01114387
2026-02-09 02:30:00+00:00,59674,60095,59646,60002,3.67138286
2026-02-09 02:45:00+00:00,60037,60037,59780,59808,0.58500974
2026-02-09 03:00:00+00:00,59825,59986,59804,59884,0.87493885
2026-02-09 03:15:00+00:00,59925,60083,59868,59965,0.80407838
2026-02-09 03:30:00+00:00,59967,60393,59967,60222,4.58607146
2026-02-09 03:45:00+00:00,60217,60456,60134,60388,3.99489891
2026-02-09 04:00:00+00:00,60362,60394,60097,60105,2.47264116
2026-02-09 04:15:00+00:00,60129,60326,60101,60294,0.83235117
2026-02-09 04:30:00+00:00,60280,60280,60001,60101,2.36605313
2026-02-09 04:45:00+00:00,60113,60185,60021,60060,1.59579094
2026-02-09 05:00:00+00:00,60054,60071,59883,59887,3.46747711
2026-02-09 05:15:00+00:00,59896,60079,59887,60074,11.29309634
2026-02-09 05:30:00+00:00,60077,60131,59969,60001,3.77425172
2026-02-09 05:45:00+00:00,60000,60084,59911,60083,4.9597203
2026-02-09 06:00:00+00:00,60085,60086,59764,59919,12.61191412
2026-02-09 06:15:00+00:00,59899,59908,59421,59474,14.55727491
2026-02-09 06:30:00+00:00,59479,59600,59438,59548,8.61381096
2026-02-09 06:45:00+00:00,59547,59709,59513,59654,11.83152804
2026-02-09 07:00:00+00:00,59615,59789,59493,59764,7.2892696
2026-02-09 07:15:00+00:00,59757,59828,59650,59711,27.82765103
2026-02-09 07:30:00+00:00,59700,59731,59362,59427,10.19139296
2026-02-09 07:45:00+00:00,59423,59554,59351,59424,8.17863172
2026-02-09 08:00:00+00:00,59430,59574,59350,59515,7.14848542
2026-02-09 08:15:00+00:00,59517,59529,59115,59144,11.89618726
2026-02-09 08:30:00+00:00,59149,59158,58535,58880,63.79988199
2026-02-09 08:45:00+00:00,58880,59057,58808,58912,10.87888338
2026-02-09 09:00:00+00:00,58911,59093,58873,58873,24.65765353
2026-02-09 09:15:00+00:00,58871,58951,58747,58888,8.65145385
2026-02-09 09:30:00+00:00,58872,58980,58609,58710,25.66929555
2026-02-09 09:45:00+00:00,58711,58829,58555,58683,14.28359663
2026-02-09 10:00:00+00:00,58677,58743,58460,58600,14.52793846
2026-02-09 10:15:00+00:00,58588,58603,58113,58161,16.57581505
2026-02-09 10:30:00+00:00,58147,58152,57671,57848,32.95837898
2026-02-09 10:45:00+00:00,57844,58013,57663,57918,19.30739151
2026-02-09 11:00:00+00:00,57943,58148,57810,57817,17.87575144
2026-02-09 11:15:00+00:00,57823,58102,57800,58031,13.73594195
2026-02-09 11:30:00+00:00,58051,58167,57969,58070,13.88036512
2026-02-09 11:45:00+00:00,58082,58124,57866,58059,11.41447128
2026-02-09 12:00:00+00:00,58060,58328,58007,58281,17.46498473
2026-02-09 12:15:00+00:00,58280,58280,58090,58130,9.87437241
2026-02-09 12:30:00+00:00,58138,58297,58049,58231,10.19158735
2026-02-09 12:45:00+00:00,58225,58251,58100,58204,4.66129634
2026-02-09 13:00:00+00:00,58228,58295,58029,58242,13.72924777
2026-02-09 13:15:00+00:00,58240,58248,58025,58216,8.88505952
2026-02-09 13:30:00+00:00,58209,58209,58033,58067,10.86976689
2026-02-09 13:45:00+00:00,58067,58135,57628,57628,19.3663417
2026-02-09 14:00:00+00:00,57629,57802,57350,57577,30.41362369
2026-02-09 14:15:00+00:00,57597,57945,57422,57910,16.94443697
2026-02-09 14:30:00+00:00,57890,58560,57531,58120,35.1497784
2026-02-09 14:45:00+00:00,58174,58295,57903,58138,7.63012621
2026-02-09 15:00:00+00:00,58134,58669,58134,58353,22.549435
2026-02-09 15:15:00+00:00,58364,58500,57781,57906,18.59802514
2026-02-09 15:30:00+00:00,57897,58494,57805,58420,18.34404603
2026-02-09 15:45:00+00:00,58404,58477,58103,58419,13.19939304
2026-02-09 16:00:00+00:00,58389,58525,58033,58136,6.67037956
2026-02-09 16:15:00+00:00,58145,58534,58086,58513,6.53665658
2026-02-09 16:30:00+00:00,58511,58858,58313,58816,44.7720777
2026-02-09 16:45:00+00:00,58818,59200,58796,58934,25.86673665
2026-02-09 17:00:00+00:00,58924,59127,58727,58760,19.31703272
2026-02-09 17:15:00+00:00,58757,58979,58725,58874,10.87067707
2026-02-09 17:30:00+00:00,58878,59639,58825,59522,43.35899412
2026-02-09 17:45:00+00:00,59514,59589,59295,59311,18.03256193
2026-02-09 18:00:00+00:00,59298,59635,59185,59228,9.45874524
2026-02-09 18:15:00+00:00,59262,59273,58868,59026,9.91262307
2026-02-09 18:30:00+00:00,59021,59202,58887,59142,5.59967426
2026-02-09 18:45:00+00:00,59123,59226,58992,59112,4.2115067
2026-02-09 19:00:00+00:00,59109,59214,58998,59182,4.27492851
2026-02-09 19:15:00+00:00,59181,59353,59142,59319,7.97825447
2026-02-09 19:30:00+00:00,59309,59557,59309,59525,13.84589291
2026-02-09 19:45:00+00:00,59500,59648,59411,59540,11.6718772
2026-02-09 20:00:00+00:00,59524,59687,59335,59576,12.47725918
2026-02-09 20:15:00+00:00,59578,59584,59178,59219,10.36710574
2026-02-09 20:30:00+00:00,59191,59446,59177,59446,3.98968637
2026-02-09 20:45:00+00:00,59443,59486,59331,59387,8.08692786
2026-02-09 21:00:00+00:00,59416,59439,59333,59359,0.16303628
