timestamp,open,high,low,close,volume
2025-12-24 00:00:00+00:00,2512.73,2514.1,2512.4,2512.6,4.44881226
2025-12-24 00:05:00+00:00,2512.5,2514.2,2510.6,2510.6,18.12380527
2025-12-24 00:10:00+00:00,2510.6,2510.6,2507.7,2509.0,15.07960914
2025-12-24 00:15:00+00:00,2508.93,2510.19,2507.14,2507.14,1.42580864
2025-12-24 00:20:00+00:00,2507.83,2508.61,2505.84,2508.61,13.91099131
2025-12-24 00:25:00+00:00,2509.65,2510.04,2507.62,2507.71,3.01512986
2025-12-24 00:30:00+00:00,2508.61,2509.81,2506.5,2509.81,2.83846212
2025-12-24 00:35:00+00:00,2511.16,2514.67,2510.29,2513.78,2.56213812
2025-12-24 00:40:00+00:00,2512.31,2513.15,2512.31,2513.0,0.52606498
2025-12-24 00:45:00+00:00,2513.34,2514.54,2512.02,2512.07,1.35242306
2025-12-24 00:50:00+00:00,2512.89,2516.1,2512.05,2516.1,20.26694807
2025-12-24 00:55:00+00:00,2517.09,2519.54,2517.09,2519.54,8.82185832
2025-12-24 01:00:00+00:00,2517.82,2520.75,2516.68,2517.82,3.76847155
2025-12-24 01:05:00+00:00,2517.79,2521.05,2517.79,2519.54,0.23877074
2025-12-24 01:10:00+00:00,2519.52,2519.52,2518.35,2518.57,0.94068271
2025-12-24 01:15:00+00:00,2518.39,2518.39,2516.88,2517.05,2.48145497
2025-12-24 01:20:00+00:00,2517.2,2517.28,2515.4,2517.28,0.40317957
2025-12-24 01:25:00+00:00,2516.39,2516.39,2515.99,2515.99,0.12925146
2025-12-24 01:30:00+00:00,2515.3,2515.3,2513.21,2513.5,5.12084729
2025-12-24 01:35:00+00:00,2513.67,2517.48,2512.87,2513.2,4.26080868
2025-12-24 01:40:00+00:00,2511.66,2511.66,2507.36,2508.48,10.43107316
2025-12-24 01:45:00+00:00,2509.4,2509.4,2507.31,2507.87,0.54979035
2025-12-24 01:50:00+00:00,2508.55,2510.29,2508.55,2510.29,8.28147591
2025-12-24 01:55:00+00:00,2512.0,2512.0,2510.87,2511.59,5.34148647
2025-12-24 02:00:00+00:00,2511.1,2511.1,2504.02,2504.09,8.01636352
2025-12-24 02:05:00+00:00,2502.91,2504.81,2497.95,2498.48,21.64766762
2025-12-24 02:10:00+00:00,2498.5,2498.9,2496.0,2498.09,7.2830568
2025-12-24 02:15:00+00:00,2497.86,2499.76,2496.43,2499.0,11.73397306
2025-12-24 02:20:00+00:00,2496.98,2499.19,2492.32,2494.21,32.33384108
2025-12-24 02:25:00+00:00,2492.76,2495.35,2492.76,2494.84,3.44165522
2025-12-24 02:30:00+00:00,2495.6,2495.6,2490.0,2493.52,31.06735236
2025-12-24 02:35:00+00:00,2491.51,2491.51,2485.68,2487.16,8.19542242
2025-12-24 02:40:00+00:00,2487.23,2487.23,2477.38,2481.76,34.57296778
2025-12-24 02:45:00+00:00,2479.83,2483.53,2479.68,2481.91,2.30449472
2025-12-24 02:50:00+00:00,2484.9,2489.38,2484.43,2489.38,6.93769745
2025-12-24 02:55:00+00:00,2488.7,2489.19,2487.99,2487.99,0.65585816
2025-12-24 03:00:00+00:00,2486.51,2486.9,2476.0,2478.34,49.95430699
2025-12-24 03:05:00+00:00,2480.15,2482.18,2478.67,2482.17,4.34305586
2025-12-24 03:10:00+00:00,2482.07,2484.24,2482.07,2482.07,8.70925729
2025-12-24 03:15:00+00:00,2481.9,2487.28,2480.27,2487.28,12.42762719
2025-12-24 03:20:00+00:00,2488.85,2491.56,2488.45,2490.75,5.85173076
2025-12-24 03:25:00+00:00,2490.24,2490.24,2490.01,2490.16,3.38162233
2025-12-24 03:30:00+00:00,2489.5,2491.0,2489.4,2490.24,3.92217592
2025-12-24 03:35:00+00:00,2491.24,2497.05,2490.49,2495.05,25.41271839
2025-12-24 03:40:00+00:00,2495.6,2495.66,2495.5,2495.5,0.57562265
2025-12-24 03:45:00+00:00,2496.04,2498.89,2496.04,2498.89,2.21694271
2025-12-24 03:50:00+00:00,2497.82,2499.28,2497.82,2498.13,0.95815893
2025-12-24 03:55:00+00:00,2499.38,2499.38,2497.58,2498.19,6.75138692
2025-12-24 04:00:00+00:00,2498.6,2502.07,2498.0,2502.07,11.42664701
2025-12-24 04:05:00+00:00,2500.08,2509.02,2500.08,2507.18,27.73187216
2025-12-24 04:10:00+00:00,2506.47,2506.47,2505.12,2505.12,3.80967652
2025-12-24 04:15:00+00:00,2505.3,2505.3,2499.77,2499.77,15.13678466
2025-12-24 04:20:00+00:00,2499.34,2501.18,2498.52,2498.52,3.68047269
2025-12-24 04:25:00+00:00,2498.0,2498.0,2495.43,2497.04,0.71561882
2025-12-24 04:30:00+00:00,2496.44,2496.44,2493.7,2493.7,0.05802573
2025-12-24 04:35:00+00:00,2495.16,2496.8,2492.0,2496.51,1.49328893
2025-12-24 04:40:00+00:00,2496.76,2496.76,2495.45,2495.45,1.00197323
2025-12-24 04:45:00+00:00,2495.43,2495.62,2493.16,2493.16,4.49860448
2025-12-24 04:50:00+00:00,2493.04,2493.29,2489.98,2490.64,8.3409269
2025-12-24 04:55:00+00:00,2489.46,2489.49,2487.68,2488.52,7.83279486
2025-12-24 05:00:00+00:00,2488.51,2492.93,2488.51,2492.76,8.88819037
2025-12-24 05:05:00+00:00,2492.57,2492.57,2490.18,2490.18,3.25040055
2025-12-24 05:10:00+00:00,2488.92,2488.92,2485.93,2488.22,5.88264783
2025-12-24 05:15:00+00:00,2487.19,2490.52,2486.43,2488.53,21.73214097
2025-12-24 05:20:00+00:00,2488.6,2488.6,2483.94,2487.85,18.90013095
2025-12-24 05:25:00+00:00,2491.0,2492.64,2489.7,2490.66,9.5209571
2025-12-24 05:30:00+00:00,2489.11,2489.12,2485.83,2485.83,5.64135294
2025-12-24 05:35:00+00:00,2485.79,2485.79,2481.35,2483.3,19.25232272
2025-12-24 05:40:00+00:00,2482.14,2482.14,2477.56,2477.56,22.91953518
2025-12-24 05:45:00+00:00,2479.21,2479.93,2472.83,2479.93,46.74636807
2025-12-24 05:50:00+00:00,2481.72,2482.6,2479.6,2482.59,6.2742068
2025-12-24 05:55:00+00:00,2482.47,2482.47,2481.69,2481.86,0.58783105
2025-12-24 06:00:00+00:00,2481.81,2482.66,2478.5,2478.67,10.1566304
2025-12-24 06:05:00+00:00,2477.49,2480.38,2476.56,2480.38,7.20404708
2025-12-24 06:10:00+00:00,2480.18,2480.66,2478.31,2478.51,8.12278456
2025-12-24 06:15:00+00:00,2478.12,2479.84,2478.04,2479.29,11.38241902
2025-12-24 06:20:00+00:00,2480.8,2488.73,2480.8,2485.3,15.9987241
2025-12-24 06:25:00+00:00,2484.65,2486.41,2484.54,2486.0,20.17503049
2025-12-24 06:30:00+00:00,2485.26,2485.4,2481.93,2482.27,6.16812646
2025-12-24 06:35:00+00:00,2483.5,2486.85,2482.94,2486.85,22.62741659
2025-12-24 06:40:00+00:00,2486.83,2486.83,2484.0,2486.09,6.20018802
2025-12-24 06:45:00+00:00,2486.94,2486.94,2486.13,2486.18,1.13877553
2025-12-24 06:50:00+00:00,2486.72,2487.29,2483.75,2484.07,11.52069051
2025-12-24 06:55:00+00:00,2485.33,2485.35,2482.89,2484.49,6.10814959
2025-12-24 07:00:00+00:00,2485.4,2487.2,2485.4,2487.19,4.74108258
2025-12-24 07:05:00+00:00,2486.77,2488.98,2486.38,2487.89,15.95093149
2025-12-24 07:10:00+00:00,2487.2,2488.39,2487.06,2488.31,13.61959445
2025-12-24 07:15:00+00:00,2489.18,2490.23,2486.8,2487.04,7.67194559
2025-12-24 07:20:00+00:00,2486.9,2487.12,2485.4,2486.98,1.25602107
2025-12-24 07:25:00+00:00,2486.51,2486.8,2484.74,2485.5,11.85065403
2025-12-24 07:30:00+00:00,2486.73,2490.99,2486.73,2490.99,2.0356317
2025-12-24 07:35:00+00:00,2492.92,2495.52,2491.38,2494.45,19.02483423
2025-12-24 07:40:00+00:00,2494.99,2495.36,2493.5,2493.86,12.8647085
2025-12-24 07:45:00+00:00,2493.83,2494.83,2493.6,2493.65,10.92055096
2025-12-24 07:50:00+00:00,2493.88,2496.01,2489.6,2490.89,86.0426481
2025-12-24 07:55:00+00:00,2489.6,2491.25,2486.2,2486.2,9.60828308
2025-12-24 08:00:00+00:00,2485.6,2489.64,2484.77,2489.19,35.62426494
2025-12-24 08:05:00+00:00,2487.9,2489.51,2487.42,2488.74,9.68534851
2025-12-24 08:10:00+00:00,2488.8,2490.51,2488.48,2488.79,24.84444224
2025-12-24 08:15:00+00:00,2488.56,2494.23,2487.39,2492.84,64.0789486
2025-12-24 08:20:00+00:00,2491.51,2493.63,2482.6,2482.6,77.48133018
2025-12-24 08:25:00+00:00,2486.02,2490.77,2484.29,2489.19,5.20779868
2025-12-24 08:30:00+00:00,2488.98,2489.57,2478.14,2480.0,50.3084042
2025-12-24 08:35:00+00:00,2481.42,2482.98,2479.57,2482.98,16.88858255
2025-12-24 08:40:00+00:00,2483.16,2486.59,2481.8,2485.62,16.83763147
2025-12-24 08:45:00+00:00,2485.58,2485.99,2480.43,2481.41,5.15409714
2025-12-24 08:50:00+00:00,2480.81,2481.8,2479.29,2479.29,8.13435691
2025-12-24 08:55:00+00:00,2478.0,2479.41,2476.05,2476.05,9.00648144
2025-12-24 09:00:00+00:00,2477.0,2481.14,2477.0,2481.14,27.9135967
2025-12-24 09:05:00+00:00,2480.5,2481.8,2480.22,2481.72,7.73752519
2025-12-24 09:10:00+00:00,2481.8,2482.96,2481.25,2482.74,3.28058742
2025-12-24 09:15:00+00:00,2482.51,2483.2,2478.26,2478.47,10.11534756
2025-12-24 09:20:00+00:00,2478.24,2479.91,2478.21,2478.21,5.94182245
2025-12-24 09:25:00+00:00,2477.33,2477.99,2476.8,2477.29,5.77238235
2025-12-24 09:30:00+00:00,2477.7,2478.0,2475.92,2477.62,5.59509072
2025-12-24 09:35:00+00:00,2477.1,2477.5,2469.0,2473.14,38.70349917
2025-12-24 09:40:00+00:00,2472.01,2476.9,2472.01,2475.1,15.08606557
2025-12-24 09:45:00+00:00,2475.56,2478.5,2475.1,2478.1,2.65348261
2025-12-24 09:50:00+00:00,2478.45,2478.45,2473.44,2474.48,3.92026872
2025-12-24 09:55:00+00:00,2473.88,2474.81,2473.58,2473.58,1.69185393
2025-12-24 10:00:00+00:00,2473.2,2476.21,2473.2,2476.07,23.46602945
2025-12-24 10:05:00+00:00,2475.71,2480.3,2475.47,2475.74,11.69329653
2025-12-24 10:10:00+00:00,2480.13,2482.3,2479.63,2480.95,6.03796721
2025-12-24 10:15:00+00:00,2481.74,2481.74,2480.0,2480.68,2.22679968
2025-12-24 10:20:00+00:00,2480.59,2483.23,2480.59,2482.85,2.785039
2025-12-24 10:25:00+00:00,2482.36,2482.36,2480.6,2481.11,17.55530313
2025-12-24 10:30:00+00:00,2482.98,2484.96,2482.5,2484.75,3.84152373
2025-12-24 10:35:00+00:00,2484.75,2486.41,2484.36,2486.41,1.34105419
2025-12-24 10:40:00+00:00,2486.24,2486.24,2483.78,2483.78,5.51469974
2025-12-24 10:45:00+00:00,2484.12,2484.72,2482.08,2482.08,7.66110003
2025-12-24 10:50:00+00:00,2481.45,2484.78,2480.7,2482.17,3.53959878
2025-12-24 10:55:00+00:00,2481.68,2483.46,2480.6,2481.39,3.57308981
2025-12-24 11:00:00+00:00,2482.69,2484.7,2482.69,2484.4,5.93222651
2025-12-24 11:05:00+00:00,2486.78,2487.48,2483.15,2487.19,9.39121314
2025-12-24 11:10:00+00:00,2487.1,2489.64,2485.77,2485.98,2.03823602
2025-12-24 11:15:00+00:00,2486.5,2486.55,2485.34,2486.55,7.33474079
2025-12-24 11:20:00+00:00,2486.61,2487.01,2484.77,2485.92,3.70428367
2025-12-24 11:25:00+00:00,2485.96,2485.96,2484.58,2485.91,7.55373633
2025-12-24 11:30:00+00:00,2484.74,2485.7,2483.1,2483.9,4.95180569
2025-12-24 11:35:00+00:00,2483.4,2484.71,2482.72,2484.37,8.4140048
2025-12-24 11:40:00+00:00,2482.46,2484.9,2482.46,2484.89,3.57721869
2025-12-24 11:45:00+00:00,2484.89,2485.14,2481.92,2481.92,18.00910063
2025-12-24 11:50:00+00:00,2481.71,2484.03,2481.71,2484.03,5.16446161
2025-12-24 11:55:00+00:00,2480.0,2484.14,2479.57,2479.93,17.43358213
2025-12-24 12:00:00+00:00,2479.66,2481.56,2478.42,2481.43,2.21274477
2025-12-24 12:05:00+00:00,2481.45,2483.32,2480.11,2483.0,10.4797092
2025-12-24 12:10:00+00:00,2483.18,2484.5,2481.72,2484.0,9.46988263
2025-12-24 12:15:00+00:00,2484.43,2489.64,2483.69,2484.34,17.60212923
2025-12-24 12:20:00+00:00,2484.2,2485.62,2484.2,2485.62,2.23254667
2025-12-24 12:25:00+00:00,2485.69,2486.95,2485.5,2486.95,7.46365227
2025-12-24 12:30:00+00:00,2486.87,2486.92,2485.17,2486.6,11.69701544
2025-12-24 12:35:00+00:00,2487.6,2488.44,2485.88,2487.9,25.86033105
2025-12-24 12:40:00+00:00,2487.83,2490.39,2487.6,2489.6,13.7917259
2025-12-24 12:45:00+00:00,2489.26,2489.6,2486.57,2486.66,4.40901191
2025-12-24 12:50:00+00:00,2486.73,2489.53,2485.61,2489.53,33.36749616
2025-12-24 12:55:00+00:00,2490.32,2491.73,2489.72,2490.23,16.75418343
2025-12-24 13:00:00+00:00,2489.58,2490.05,2487.84,2488.36,45.41270054
2025-12-24 13:05:00+00:00,2488.33,2488.57,2486.1,2486.7,8.71538122
2025-12-24 13:10:00+00:00,2486.4,2486.78,2482.49,2483.08,21.82549988
2025-12-24 13:15:00+00:00,2483.6,2485.1,2481.7,2484.57,41.07468945
2025-12-24 13:20:00+00:00,2483.87,2484.81,2483.61,2484.81,19.13709
2025-12-24 13:25:00+00:00,2484.52,2485.7,2483.26,2485.7,9.02970905
2025-12-24 13:30:00+00:00,2485.58,2486.92,2479.0,2480.76,19.78050462
2025-12-24 13:35:00+00:00,2480.83,2483.92,2480.3,2483.04,14.19905418
2025-12-24 13:40:00+00:00,2483.7,2483.7,2481.37,2482.14,8.39078738
2025-12-24 13:45:00+00:00,2481.88,2483.79,2481.88,2481.92,5.25884304
2025-12-24 13:50:00+00:00,2482.49,2485.71,2482.49,2485.71,9.06799631
2025-12-24 13:55:00+00:00,2485.99,2486.58,2484.86,2485.64,8.08372887
2025-12-24 14:00:00+00:00,2485.8,2488.89,2485.8,2488.26,4.33741087
2025-12-24 14:05:00+00:00,2487.92,2489.86,2487.92,2488.37,20.0401975
2025-12-24 14:10:00+00:00,2489.17,2489.79,2488.19,2488.59,9.63548275
2025-12-24 14:15:00+00:00,2487.47,2487.47,2485.83,2486.43,6.17020091
2025-12-24 14:20:00+00:00,2487.16,2487.84,2485.5,2485.8,2.65379902
2025-12-24 14:25:00+00:00,2486.9,2486.9,2483.67,2483.79,3.05846972
2025-12-24 14:30:00+00:00,2485.0,2485.8,2470.58,2474.67,33.31374121
2025-12-24 14:35:00+00:00,2476.26,2476.26,2450.0,2453.39,132.23013047
2025-12-24 14:40:00+00:00,2462.0,2476.68,2462.0,2469.9,25.96664049
2025-12-24 14:45:00+00:00,2468.12,2468.7,2462.45,2464.47,13.56855409
2025-12-24 14:50:00+00:00,2467.6,2481.9,2466.11,2474.95,41.13064142
2025-12-24 14:55:00+00:00,2473.54,2475.34,2469.4,2471.23,2.50071607
2025-12-24 15:00:00+00:00,2476.3,2478.3,2473.78,2474.59,16.73093964
2025-12-24 15:05:00+00:00,2474.26,2476.6,2470.14,2474.26,5.64795543
2025-12-24 15:10:00+00:00,2475.39,2477.1,2473.54,2473.54,2.67324613
2025-12-24 15:15:00+00:00,2473.3,2475.49,2472.01,2474.94,13.62035447
2025-12-24 15:20:00+00:00,2475.41,2475.41,2463.92,2467.3,20.82727618
2025-12-24 15:25:00+00:00,2472.25,2474.49,2467.2,2472.25,15.34684918
2025-12-24 15:30:00+00:00,2472.72,2486.23,2472.72,2483.59,22.74866635
2025-12-24 15:35:00+00:00,2479.65,2485.2,2477.72,2478.29,4.53609805
2025-12-24 15:40:00+00:00,2477.84,2483.06,2477.84,2483.06,19.11691243
2025-12-24 15:45:00+00:00,2482.35,2483.5,2478.7,2479.89,3.00632756
2025-12-24 15:50:00+00:00,2480.11,2483.64,2479.47,2480.06,10.36754863
2025-12-24 15:55:00+00:00,2480.88,2482.4,2479.95,2482.4,5.91636207
2025-12-24 16:00:00+00:00,2482.18,2491.23,2482.18,2488.48,22.5454878
2025-12-24 16:05:00+00:00,2488.2,2488.2,2484.02,2485.49,11.53725503
2025-12-24 16:10:00+00:00,2485.28,2488.99,2484.0,2488.0,8.37223419
2025-12-24 16:15:00+00:00,2488.4,2490.27,2487.53,2489.68,1.29633686
2025-12-24 16:20:00+00:00,2487.6,2488.01,2485.03,2485.03,5.982546
2025-12-24 16:25:00+00:00,2483.86,2483.88,2480.24,2481.47,16.70691186
2025-12-24 16:30:00+00:00,2483.19,2502.72,2483.19,2498.16,129.32394693
2025-12-24 16:35:00+00:00,2496.11,2498.4,2493.44,2495.95,21.92744816
2025-12-24 16:40:00+00:00,2491.54,2499.59,2491.19,2499.22,13.8509729
2025-12-24 16:45:00+00:00,2498.56,2498.7,2495.37,2497.79,6.59248852
2025-12-24 16:50:00+00:00,2498.1,2498.1,2491.06,2492.83,11.10074689
2025-12-24 16:55:00+00:00,2492.8,2495.16,2492.8,2494.84,21.82223017
2025-12-24 17:00:00+00:00,2496.6,2497.7,2494.3,2495.69,7.84470411
2025-12-24 17:05:00+00:00,2496.9,2500.36,2495.16,2495.37,2.42685704
2025-12-24 17:10:00+00:00,2495.66,2498.73,2495.66,2496.5,14.62917129
2025-12-24 17:15:00+00:00,2495.8,2498.27,2495.8,2497.23,5.74597319
2025-12-24 17:20:00+00:00,2497.96,2499.93,2497.0,2498.14,3.19454698
2025-12-24 17:25:00+00:00,2497.4,2500.17,2496.42,2499.87,16.56750269
2025-12-24 17:30:00+00:00,2502.97,2506.58,2498.54,2500.69,21.40001356
2025-12-24 17:35:00+00:00,2502.2,2502.2,2498.5,2499.5,3.96642708
2025-12-24 17:40:00+00:00,2497.6,2497.6,2493.38,2496.71,18.91884551
2025-12-24 17:45:00+00:00,2496.46,2498.76,2495.93,2498.54,6.69985897
2025-12-24 17:50:00+00:00,2494.93,2495.87,2491.9,2495.37,7.568023
2025-12-24 17:55:00+00:00,2494.33,2494.33,2492.27,2493.4,10.18093979
2025-12-24 18:00:00+00:00,2493.34,2495.66,2490.7,2492.51,13.68138906
2025-12-24 18:05:00+00:00,2493.72,2496.02,2493.72,2493.92,4.65406297
2025-12-24 18:10:00+00:00,2490.0,2491.49,2489.82,2491.45,4.9747912
2025-12-24 18:15:00+00:00,2489.45,2492.1,2489.0,2489.08,1.1436126
2025-12-24 18:20:00+00:00,2488.5,2492.43,2488.5,2492.16,0.92733486
2025-12-24 18:25:00+00:00,2492.89,2494.8,2492.89,2493.57,0.53515156
2025-12-24 18:30:00+00:00,2493.14,2494.0,2492.7,2493.44,4.34620618
2025-12-24 18:35:00+00:00,2494.91,2495.93,2493.81,2493.81,2.02608754
2025-12-24 18:40:00+00:00,2497.36,2497.36,2496.0,2497.36,0.01198282
2025-12-24 18:45:00+00:00,2497.64,2498.92,2497.04,2498.12,2.54173198
2025-12-24 18:50:00+00:00,2497.1,2497.6,2497.02,2497.19,0.88205294
2025-12-24 18:55:00+00:00,2496.14,2496.59,2496.08,2496.4,4.16669002
2025-12-24 19:00:00+00:00,2495.94,2497.08,2495.94,2496.74,0.11875919
2025-12-24 19:05:00+00:00,2497.07,2497.99,2497.01,2497.01,4.23447732
2025-12-24 19:10:00+00:00,2494.67,2495.88,2493.69,2494.44,0.29029872
2025-12-24 19:15:00+00:00,2494.79,2495.33,2491.72,2493.93,42.08587858
2025-12-24 19:20:00+00:00,2493.27,2493.93,2493.19,2493.31,2.55411895
2025-12-24 19:25:00+00:00,2493.29,2499.49,2492.8,2499.3,28.04385123
2025-12-24 19:30:00+00:00,2496.9,2497.1,2496.4,2496.4,0.10960506
2025-12-24 19:35:00+00:00,2496.3,2496.95,2495.88,2496.95,0.2655172
2025-12-24 19:40:00+00:00,2495.99,2497.47,2495.92,2497.47,4.77475851
2025-12-24 19:45:00+00:00,2496.9,2499.05,2496.9,2498.36,3.33362925
2025-12-24 19:50:00+00:00,2500.0,2500.62,2498.71,2498.71,42.22285918
2025-12-24 19:55:00+00:00,2498.85,2499.46,2498.41,2499.45,1.53630789
2025-12-24 20:00:00+00:00,2499.87,2501.01,2499.17,2499.17,9.04313278
2025-12-24 20:05:00+00:00,2499.27,2501.32,2499.27,2500.71,2.81853155
2025-12-24 20:10:00+00:00,2500.61,2505.2,2500.61,2501.4,54.00198945
2025-12-24 20:15:00+00:00,2501.08,2502.84,2501.08,2502.47,5.82661214
2025-12-24 20:20:00+00:00,2501.91,2503.0,2501.4,2501.4,8.51296689
2025-12-24 20:25:00+00:00,2500.93,2500.93,2499.6,2499.76,6.78341553
2025-12-24 20:30:00+00:00,2500.13,2500.87,2497.99,2497.99,5.55881558
2025-12-24 20:35:00+00:00,2498.28,2498.28,2498.28,2498.28,0.00598811
2025-12-24 20:40:00+00:00,2499.21,2500.67,2499.21,2499.95,0.3505285
2025-12-24 20:45:00+00:00,2499.81,2499.81,2497.7,2498.03,5.25847941
2025-12-24 20:50:00+00:00,2497.79,2498.06,2497.11,2497.38,4.01357786
2025-12-24 20:55:00+00:00,2497.05,2497.5,2495.72,2496.74,7.36604654
2025-12-24 21:00:00+00:00,2499.56,2500.39,2497.53,2499.63,19.85292224
2025-12-24 21:05:00+00:00,2499.51,2500.18,2498.21,2498.21,6.55003819
2025-12-24 21:10:00+00:00,2497.89,2500.0,2497.29,2500.0,6.72049214
2025-12-24 21:15:00+00:00,2500.71,2500.71,2499.91,2500.16,0.60910077
2025-12-24 21:20:00+00:00,2499.58,2499.7,2499.49,2499.7,0.14595808
2025-12-24 21:25:00+00:00,2499.3,2501.34,2499.29,2500.7,4.15888217
2025-12-24 21:30:00+00:00,2501.0,2501.11,2500.91,2500.91,0.75066438
2025-12-24 21:35:00+00:00,2501.91,2505.22,2501.73,2504.01,22.04326059
2025-12-24 21:40:00+00:00,2505.07,2507.09,2504.0,2504.1,29.81050833
2025-12-24 21:45:00+00:00,2503.89,2503.89,2501.94,2502.75,5.6776846
2025-12-24 21:50:00+00:00,2503.09,2503.62,2501.68,2501.68,1.54854113
2025-12-24 21:55:00+00:00,2501.92,2504.34,2501.11,2504.01,24.0305231
2025-12-24 22:00:00+00:00,2504.11,2504.57,2503.9,2504.2,2.23246395
2025-12-24 22:05:00+00:00,2504.36,2511.51,2503.91,2509.86,24.28454886
2025-12-24 22:10:00+00:00,2510.09,2510.25,2505.5,2508.7,7.22105567
2025-12-24 22:15:00+00:00,2504.61,2508.55,2504.61,2506.24,10.8921288
2025-12-24 22:20:00+00:00,2505.97,2505.97,2502.68,2503.79,0.90747135
2025-12-24 22:25:00+00:00,2504.0,2504.76,2503.5,2503.58,1.31786326
2025-12-24 22:30:00+00:00,2502.66,2508.51,2502.66,2505.88,8.92254232
2025-12-24 22:35:00+00:00,2508.59,2513.78,2507.97,2511.04,31.78682859
2025-12-24 22:40:00+00:00,2512.4,2512.7,2509.24,2512.09,17.07708541
2025-12-24 22:45:00+00:00,2511.77,2511.77,2509.54,2509.54,2.54179198
2025-12-24 22:50:00+00:00,2510.4,2512.35,2510.4,2512.35,0.71345087
2025-12-24 22:55:00+00:00,2512.52,2512.52,2510.5,2511.76,5.03846691
2025-12-24 23:00:00+00:00,2512.26,2512.26,2506.09,2507.7,13.00977932
2025-12-24 23:05:00+00:00,2506.1,2507.17,2505.7,2506.38,3.4757902
2025-12-24 23:10:00+00:00,2507.38,2507.88,2507.1,2507.14,1.78233726
2025-12-24 23:15:00+00:00,2507.03,2507.31,2506.02,2506.71,10.29543144
2025-12-24 23:20:00+00:00,2506.45,2506.45,2502.7,2502.79,0.63447004
2025-12-24 23:25:00+00:00,2502.14,2503.5,2501.51,2501.89,1.43444976
2025-12-24 23:30:00+00:00,2501.85,2503.49,2501.8,2502.31,6.28832926
2025-12-24 23:40:00+00:00,2500.7,2502.59,2500.7,2501.48,1.59652318
2025-12-24 23:45:00+00:00,2502.0,2502.0,2501.36,2501.78,2.62357026
2025-12-24 23:50:00+00:00,2501.63,2501.83,2500.65,2501.66,0.86400529
2025-12-24 23:55:00+00:00,2501.77,2501.77,2501.5,2501.5,2.02876644
2025-12-25 00:00:00+00:00,2500.6,2500.6,2497.4,2498.88,13.09422057
2025-12-25 00:05:00+00:00,2498.24,2499.8,2498.24,2499.59,0.16479505
2025-12-25 00:10:00+00:00,2497.28,2499.4,2495.9,2497.6,8.27952286
2025-12-25 00:15:00+00:00,2502.39,2502.67,2502.1,2502.1,0.08971124
2025-12-25 00:20:00+00:00,2501.22,2502.08,2501.22,2501.35,0.04156475
2025-12-25 00:25:00+00:00,2501.01,2501.01,2498.9,2498.9,0.20063247
2025-12-25 00:30:00+00:00,2499.9,2501.4,2499.9,2501.21,4.17045631
2025-12-25 00:35:00+00:00,2500.2,2500.35,2497.76,2497.76,0.19034866
2025-12-25 00:40:00+00:00,2498.1,2498.85,2497.21,2498.85,1.38010894
2025-12-25 00:45:00+00:00,2497.41,2498.98,2497.32,2498.71,0.17650891
2025-12-25 00:50:00+00:00,2498.75,2499.17,2496.94,2497.42,24.81896062
2025-12-25 00:55:00+00:00,2497.42,2497.44,2492.04,2493.39,17.98296368
2025-12-25 01:00:00+00:00,2495.56,2495.82,2495.49,2495.82,0.19790206
2025-12-25 01:05:00+00:00,2495.37,2495.68,2495.37,2495.68,0.38458322
2025-12-25 01:10:00+00:00,2497.24,2497.69,2497.24,2497.62,0.1021657
2025-12-25 01:15:00+00:00,2498.15,2499.5,2497.15,2499.5,13.2287275
2025-12-25 01:20:00+00:00,2499.7,2500.83,2499.7,2500.64,4.48082036
2025-12-25 01:25:00+00:00,2498.96,2499.44,2498.96,2499.44,1.49668706
2025-12-25 01:30:00+00:00,2497.8,2500.15,2497.8,2497.8,0.02563782
2025-12-25 01:35:00+00:00,2498.16,2498.78,2497.03,2498.78,4.84538291
2025-12-25 01:40:00+00:00,2499.3,2500.59,2499.3,2500.21,0.48669694
2025-12-25 01:45:00+00:00,2502.44,2502.44,2501.28,2502.4,0.35590617
2025-12-25 01:50:00+00:00,2503.12,2503.2,2502.05,2502.05,0.51442311
2025-12-25 01:55:00+00:00,2502.26,2502.81,2502.16,2502.81,1.33865852
2025-12-25 02:00:00+00:00,2500.23,2503.09,2498.46,2500.23,2.97758104
2025-12-25 02:05:00+00:00,2499.69,2500.25,2499.48,2499.48,0.1166538
2025-12-25 02:10:00+00:00,2499.59,2503.0,2499.59,2502.79,1.60162403
2025-12-25 02:15:00+00:00,2503.11,2503.11,2502.5,2502.98,2.5909986
2025-12-25 02:20:00+00:00,2502.95,2503.6,2501.99,2501.99,2.69656546
2025-12-25 02:25:00+00:00,2501.41,2501.92,2501.41,2501.92,0.19854992
2025-12-25 02:30:00+00:00,2502.6,2502.6,2502.6,2502.6,0.009027
2025-12-25 02:35:00+00:00,2504.51,2504.9,2504.38,2504.38,1.34208066
2025-12-25 02:40:00+00:00,2509.11,2509.47,2505.95,2509.11,9.20944236
2025-12-25 02:45:00+00:00,2509.53,2509.53,2507.09,2507.09,0.82234353
2025-12-25 02:50:00+00:00,2507.32,2507.96,2507.04,2507.44,6.39229635
2025-12-25 02:55:00+00:00,2505.59,2506.45,2504.98,2506.43,15.10790793
2025-12-25 03:00:00+00:00,2506.25,2506.52,2505.75,2506.14,0.68494592
2025-12-25 03:05:00+00:00,2504.51,2504.51,2502.72,2502.72,0.48963015
2025-12-25 03:10:00+00:00,2503.2,2504.58,2503.2,2504.58,0.64777076
2025-12-25 03:15:00+00:00,2504.43,2504.43,2500.5,2502.49,46.30385271
2025-12-25 03:20:00+00:00,2503.31,2504.2,2503.25,2503.25,1.66816087
2025-12-25 03:25:00+00:00,2502.4,2502.4,2502.39,2502.39,1.78117455
2025-12-25 03:30:00+00:00,2501.44,2501.62,2501.06,2501.49,0.35053051
2025-12-25 03:35:00+00:00,2500.8,2500.8,2499.7,2499.7,1.26627486
2025-12-25 03:40:00+00:00,2498.91,2499.55,2498.58,2499.55,8.49391001
2025-12-25 03:45:00+00:00,2499.39,2500.13,2498.63,2500.13,5.28531978
2025-12-25 03:50:00+00:00,2499.99,2499.99,2499.99,2499.99,0.00798003
2025-12-25 03:55:00+00:00,2501.4,2501.4,2501.4,2501.4,0.00199088
2025-12-25 04:00:00+00:00,2500.72,2500.82,2499.9,2500.29,0.05792709
2025-12-25 04:05:00+00:00,2500.47,2501.1,2499.4,2499.4,1.4704369
2025-12-25 04:10:00+00:00,2498.64,2498.9,2497.28,2498.67,11.61461161
2025-12-25 04:15:00+00:00,2500.33,2500.9,2498.75,2499.21,8.34646088
2025-12-25 04:20:00+00:00,2499.32,2499.32,2499.31,2499.31,1.71324905
2025-12-25 04:30:00+00:00,2498.69,2498.69,2498.27,2498.27,1.13931764
2025-12-25 04:35:00+00:00,2498.7,2499.28,2497.24,2499.28,15.45843494
2025-12-25 04:40:00+00:00,2499.11,2499.11,2498.84,2498.84,0.39996691
2025-12-25 04:45:00+00:00,2499.2,2499.2,2498.57,2498.71,0.1551289
2025-12-25 04:50:00+00:00,2499.05,2500.23,2499.05,2500.23,1.80147214
2025-12-25 04:55:00+00:00,2500.11,2500.36,2499.57,2499.57,0.09146573
2025-12-25 05:00:00+00:00,2498.9,2498.9,2496.11,2496.11,0.93635192
2025-12-25 05:05:00+00:00,2496.49,2497.2,2496.15,2496.3,7.61106454
2025-12-25 05:10:00+00:00,2496.76,2497.2,2495.2,2497.2,12.67939961
2025-12-25 05:15:00+00:00,2494.92,2497.2,2494.92,2497.2,1.22447486
2025-12-25 05:20:00+00:00,2497.61,2497.85,2495.82,2495.82,21.07678531
2025-12-25 05:25:00+00:00,2497.3,2497.35,2497.19,2497.19,0.50393699
2025-12-25 05:30:00+00:00,2495.39,2498.01,2495.39,2495.99,4.8072407
2025-12-25 05:35:00+00:00,2495.73,2496.05,2495.47,2496.05,0.15102362
2025-12-25 05:40:00+00:00,2496.23,2496.9,2496.23,2496.9,2.11746953
2025-12-25 05:45:00+00:00,2497.9,2499.1,2497.7,2499.1,8.19126462
2025-12-25 05:50:00+00:00,2498.59,2499.14,2497.44,2497.91,14.53644906
2025-12-25 05:55:00+00:00,2497.57,2497.76,2496.85,2497.12,6.30762344
2025-12-25 06:00:00+00:00,2497.01,2497.11,2495.13,2495.13,4.44422972
2025-12-25 06:05:00+00:00,2494.76,2495.35,2493.92,2494.5,9.80063049
2025-12-25 06:10:00+00:00,2494.01,2494.4,2493.69,2493.69,1.28594308
2025-12-25 06:15:00+00:00,2494.71,2495.01,2494.2,2495.01,2.09775029
2025-12-25 06:20:00+00:00,2495.24,2495.56,2495.1,2495.1,0.22136385
2025-12-25 06:25:00+00:00,2495.11,2495.11,2495.11,2495.11,0.4158477
2025-12-25 06:30:00+00:00,2494.62,2495.95,2494.56,2495.95,0.91977504
2025-12-25 06:35:00+00:00,2496.39,2496.39,2495.24,2495.41,0.09561139
2025-12-25 06:40:00+00:00,2495.79,2495.79,2495.4,2495.73,7.51608344
2025-12-25 06:45:00+00:00,2496.07,2497.15,2496.07,2497.15,0.01099638
2025-12-25 06:50:00+00:00,2497.68,2497.68,2496.9,2496.9,0.21217725
2025-12-25 06:55:00+00:00,2498.3,2498.3,2497.8,2497.8,1.68617027
2025-12-25 07:00:00+00:00,2498.1,2498.1,2497.5,2497.5,0.19890465
2025-12-25 07:05:00+00:00,2496.71,2498.1,2496.41,2498.1,0.47210506
2025-12-25 07:10:00+00:00,2498.1,2498.1,2496.6,2496.7,2.83975914
2025-12-25 07:15:00+00:00,2496.3,2496.4,2495.54,2495.83,1.71449218
2025-12-25 07:20:00+00:00,2495.99,2496.0,2495.53,2496.0,0.21244522
2025-12-25 07:25:00+00:00,2495.79,2496.7,2495.0,2495.2,2.95009503
2025-12-25 07:30:00+00:00,2494.79,2495.55,2494.47,2494.86,4.84338183
2025-12-25 07:35:00+00:00,2495.1,2495.44,2494.57,2495.07,18.45474226
2025-12-25 07:40:00+00:00,2496.0,2496.1,2495.59,2495.66,17.71593826
2025-12-25 07:45:00+00:00,2495.51,2496.76,2495.31,2496.2,8.72746704
2025-12-25 07:50:00+00:00,2495.9,2497.44,2495.85,2496.2,2.56136865
2025-12-25 07:55:00+00:00,2496.6,2497.3,2496.59,2497.08,1.96146133
2025-12-25 08:00:00+00:00,2496.8,2497.28,2496.4,2496.6,0.37723192
2025-12-25 08:05:00+00:00,2498.13,2500.01,2498.0,2498.0,2.78803931
2025-12-25 08:10:00+00:00,2498.0,2498.2,2493.9,2493.9,20.58634504
2025-12-25 08:15:00+00:00,2491.81,2493.78,2481.04,2485.31,97.87573757
2025-12-25 08:20:00+00:00,2487.58,2487.58,2475.59,2477.53,57.34606001
2025-12-25 08:25:00+00:00,2478.31,2481.16,2478.06,2480.5,18.12556978
2025-12-25 08:30:00+00:00,2479.4,2483.5,2479.0,2483.5,7.78827653
2025-12-25 08:35:00+00:00,2483.79,2485.06,2481.64,2484.48,10.84850467
2025-12-25 08:40:00+00:00,2484.39,2484.69,2483.0,2484.03,5.83762433
2025-12-25 08:45:00+00:00,2483.74,2483.77,2482.55,2483.35,6.51287384
2025-12-25 08:50:00+00:00,2484.18,2488.0,2484.18,2486.2,12.78093774
2025-12-25 08:55:00+00:00,2486.55,2486.9,2486.08,2486.9,2.58104648
2025-12-25 09:00:00+00:00,2486.19,2486.19,2485.16,2485.44,1.46519658
2025-12-25 09:05:00+00:00,2484.1,2485.42,2483.51,2485.42,9.18504805
2025-12-25 09:10:00+00:00,2484.58,2484.7,2483.5,2484.5,14.35871186
2025-12-25 09:15:00+00:00,2484.11,2487.5,2483.72,2487.5,0.82344756
2025-12-25 09:20:00+00:00,2486.75,2487.04,2485.41,2485.44,1.36862268
2025-12-25 09:25:00+00:00,2484.98,2485.9,2484.98,2485.73,0.86462997
2025-12-25 09:30:00+00:00,2484.97,2484.97,2483.57,2483.8,1.91313033
2025-12-25 09:35:00+00:00,2484.1,2484.3,2483.6,2483.61,1.59709485
2025-12-25 09:40:00+00:00,2482.73,2483.33,2482.66,2483.3,4.0916122
2025-12-25 09:45:00+00:00,2483.99,2484.47,2483.3,2484.29,70.6860009
2025-12-25 09:50:00+00:00,2484.48,2485.66,2484.48,2485.66,2.13917308
2025-12-25 09:55:00+00:00,2485.27,2485.27,2484.7,2484.7,0.26797464
2025-12-25 10:00:00+00:00,2483.88,2485.0,2482.86,2483.9,4.76723973
2025-12-25 10:05:00+00:00,2483.3,2483.3,2481.5,2482.1,12.12548003
2025-12-25 10:10:00+00:00,2481.45,2481.45,2476.69,2476.69,9.55438577
2025-12-25 10:15:00+00:00,2476.92,2478.5,2474.03,2478.5,13.66861486
2025-12-25 10:20:00+00:00,2479.45,2479.77,2478.36,2479.1,12.62497729
2025-12-25 10:25:00+00:00,2479.0,2479.0,2476.98,2477.39,1.38988877
2025-12-25 10:30:00+00:00,2477.37,2478.52,2477.26,2478.23,6.43528231
2025-12-25 10:35:00+00:00,2477.16,2477.19,2470.92,2474.67,11.23490477
2025-12-25 10:40:00+00:00,2473.69,2475.03,2471.96,2474.16,17.17216358
2025-12-25 10:45:00+00:00,2475.7,2475.93,2473.5,2475.18,6.82583759
2025-12-25 10:50:00+00:00,2474.77,2476.54,2474.61,2476.54,2.11894132
2025-12-25 10:55:00+00:00,2476.19,2477.68,2476.19,2477.63,1.50607429
2025-12-25 11:00:00+00:00,2477.79,2482.66,2477.79,2480.91,30.9532336
2025-12-25 11:05:00+00:00,2479.85,2480.78,2479.85,2480.01,36.34931195
2025-12-25 11:10:00+00:00,2480.1,2480.61,2479.89,2480.61,4.40461659
2025-12-25 11:15:00+00:00,2481.25,2482.3,2480.4,2481.21,2.8253628
2025-12-25 11:20:00+00:00,2480.52,2481.8,2480.52,2481.58,1.00306415
2025-12-25 11:25:00+00:00,2482.03,2484.33,2481.9,2483.81,5.40362986
2025-12-25 11:30:00+00:00,2483.97,2484.9,2482.58,2482.58,4.30251443
2025-12-25 11:35:00+00:00,2481.95,2482.02,2481.6,2481.8,8.62738289
2025-12-25 11:40:00+00:00,2481.82,2482.02,2480.8,2482.02,16.23200762
2025-12-25 11:45:00+00:00,2481.16,2482.84,2480.61,2481.1,9.30206387
2025-12-25 11:50:00+00:00,2481.78,2482.37,2481.56,2482.37,0.3918459
2025-12-25 11:55:00+00:00,2482.74,2483.01,2481.46,2481.95,3.84456535
2025-12-25 12:00:00+00:00,2481.81,2483.4,2481.18,2483.01,14.26095899
2025-12-25 12:05:00+00:00,2483.54,2484.22,2482.85,2483.8,5.53885277
2025-12-25 12:10:00+00:00,2483.09,2483.09,2481.3,2481.3,0.75773176
2025-12-25 12:15:00+00:00,2481.51,2483.0,2481.24,2483.0,1.19801208
2025-12-25 12:20:00+00:00,2484.01,2484.2,2483.1,2483.28,4.83978792
2025-12-25 12:25:00+00:00,2483.04,2483.9,2482.25,2483.78,5.27062351
2025-12-25 12:30:00+00:00,2484.09,2485.8,2484.09,2485.23,1.25897799
2025-12-25 12:35:00+00:00,2484.4,2485.01,2483.49,2483.49,1.04373919
2025-12-25 12:40:00+00:00,2483.46,2483.46,2482.89,2483.01,0.50611934
2025-12-25 12:45:00+00:00,2483.27,2483.27,2482.66,2482.96,1.79993259
2025-12-25 12:50:00+00:00,2482.88,2484.01,2482.88,2483.39,0.82912675
2025-12-25 12:55:00+00:00,2483.46,2484.6,2483.46,2484.39,6.5278594
2025-12-25 13:00:00+00:00,2484.3,2484.3,2482.5,2482.5,2.46939867
2025-12-25 13:05:00+00:00,2482.54,2482.54,2481.57,2482.08,13.38377178
2025-12-25 13:10:00+00:00,2481.45,2482.28,2481.45,2482.28,2.2462663
2025-12-25 13:15:00+00:00,2482.16,2482.63,2477.79,2478.23,9.67956613
2025-12-25 13:20:00+00:00,2479.1,2479.87,2478.47,2479.8,2.67152665
2025-12-25 13:25:00+00:00,2480.7,2481.28,2480.19,2480.9,0.37488433
2025-12-25 13:30:00+00:00,2480.93,2481.35,2480.04,2480.12,1.13264525
2025-12-25 13:35:00+00:00,2479.39,2480.57,2478.87,2479.05,7.28806763
2025-12-25 13:40:00+00:00,2479.61,2487.54,2479.35,2485.16,35.35509968
2025-12-25 13:45:00+00:00,2483.72,2487.36,2483.72,2485.18,14.10600115
2025-12-25 13:50:00+00:00,2484.58,2487.78,2484.51,2487.78,8.7136159
2025-12-25 13:55:00+00:00,2487.76,2488.61,2486.09,2486.09,2.27135646
2025-12-25 14:00:00+00:00,2485.24,2486.76,2485.24,2486.43,4.76272362
2025-12-25 14:05:00+00:00,2487.95,2487.99,2486.68,2487.97,0.43628205
2025-12-25 14:10:00+00:00,2488.85,2492.58,2488.85,2488.97,21.52999921
2025-12-25 14:15:00+00:00,2484.51,2487.9,2484.51,2484.68,6.11763539
2025-12-25 14:20:00+00:00,2486.02,2486.2,2484.56,2485.28,11.6199688
2025-12-25 14:25:00+00:00,2484.03,2484.03,2479.13,2479.77,11.82317128
2025-12-25 14:30:00+00:00,2480.8,2484.36,2480.8,2483.81,15.45988792
2025-12-25 14:35:00+00:00,2483.61,2484.5,2482.1,2482.1,7.88345486
2025-12-25 14:40:00+00:00,2484.03,2484.5,2484.03,2484.5,0.33697691
2025-12-25 14:45:00+00:00,2486.7,2490.3,2484.8,2489.0,15.68140706
2025-12-25 14:50:00+00:00,2488.07,2488.8,2488.07,2488.6,0.57396701
2025-12-25 14:55:00+00:00,2487.5,2489.11,2487.5,2488.5,2.91877466
2025-12-25 15:00:00+00:00,2489.02,2491.12,2488.43,2489.26,6.3410353
2025-12-25 15:05:00+00:00,2487.96,2490.44,2487.96,2489.15,1.79406738
2025-12-25 15:10:00+00:00,2490.22,2492.12,2490.22,2491.0,2.69293533
2025-12-25 15:15:00+00:00,2491.67,2492.14,2490.11,2490.77,5.71878839
2025-12-25 15:20:00+00:00,2492.45,2494.59,2491.59,2491.93,18.60077329
2025-12-25 15:25:00+00:00,2492.3,2507.11,2492.04,2504.06,134.08550568
2025-12-25 15:30:00+00:00,2502.64,2502.74,2499.5,2499.5,9.03716824
2025-12-25 15:35:00+00:00,2500.19,2503.73,2499.3,2501.03,4.75557136
2025-12-25 15:40:00+00:00,2503.3,2517.0,2503.3,2515.75,77.58547037
2025-12-25 15:45:00+00:00,2516.38,2518.87,2512.02,2513.6,23.48800194
2025-12-25 15:50:00+00:00,2514.98,2520.04,2512.31,2513.01,96.52479317
2025-12-25 15:55:00+00:00,2513.4,2513.4,2509.2,2510.0,37.95847546
2025-12-25 16:00:00+00:00,2512.2,2512.91,2507.74,2507.74,14.73356729
2025-12-25 16:05:00+00:00,2507.95,2510.1,2506.32,2508.43,20.55095119
2025-12-25 16:10:00+00:00,2506.05,2510.97,2506.05,2510.97,8.82154904
2025-12-25 16:15:00+00:00,2510.95,2514.0,2510.95,2513.09,14.06148703
2025-12-25 16:20:00+00:00,2512.6,2515.0,2511.77,2515.0,1.17544096
2025-12-25 16:25:00+00:00,2515.0,2516.8,2513.41,2513.69,1.13629816
2025-12-25 16:30:00+00:00,2515.4,2515.9,2511.6,2513.06,19.4509996
2025-12-25 16:35:00+00:00,2510.82,2510.82,2507.54,2508.94,6.13870185
2025-12-25 16:40:00+00:00,2509.6,2511.57,2509.6,2510.89,1.64865416
2025-12-25 16:45:00+00:00,2510.71,2510.71,2505.46,2506.91,16.63304611
2025-12-25 16:50:00+00:00,2504.49,2504.49,2497.08,2500.82,30.60358401
2025-12-25 16:55:00+00:00,2500.7,2501.71,2500.7,2501.31,8.65684616
2025-12-25 17:00:00+00:00,2500.59,2502.38,2497.4,2498.55,35.30561708
2025-12-25 17:05:00+00:00,2499.3,2502.54,2499.3,2502.27,9.24710645
2025-12-25 17:10:00+00:00,2502.36,2503.05,2501.0,2501.0,5.26023482
2025-12-25 17:15:00+00:00,2499.72,2500.09,2497.43,2500.09,15.97205699
2025-12-25 17:20:00+00:00,2500.74,2503.1,2500.74,2502.79,4.71966887
2025-12-25 17:25:00+00:00,2502.6,2502.63,2499.73,2499.97,3.52136208
2025-12-25 17:30:00+00:00,2499.32,2500.7,2499.03,2500.7,3.83508956
2025-12-25 17:35:00+00:00,2501.22,2501.83,2500.74,2501.5,4.03560092
2025-12-25 17:40:00+00:00,2500.8,2501.52,2499.99,2500.91,16.92434214
2025-12-25 17:45:00+00:00,2499.83,2505.07,2499.83,2502.2,0.68626033
2025-12-25 17:50:00+00:00,2505.53,2505.53,2504.81,2504.95,2.684095
2025-12-25 17:55:00+00:00,2504.48,2505.51,2504.48,2504.76,5.24453865
2025-12-25 18:00:00+00:00,2505.9,2510.17,2505.9,2508.62,14.59022715
2025-12-25 18:05:00+00:00,2508.66,2510.6,2508.5,2510.4,26.60558425
2025-12-25 18:10:00+00:00,2509.22,2510.0,2508.85,2509.17,6.36526511
2025-12-25 18:15:00+00:00,2509.34,2509.34,2506.36,2507.02,5.56135359
2025-12-25 18:20:00+00:00,2507.28,2507.3,2503.73,2505.66,24.63487861
2025-12-25 18:25:00+00:00,2505.49,2506.82,2505.12,2506.41,7.12641729
2025-12-25 18:30:00+00:00,2506.72,2507.49,2506.72,2507.1,1.04696173
2025-12-25 18:35:00+00:00,2505.08,2506.69,2505.08,2506.69,1.11928123
2025-12-25 18:40:00+00:00,2506.29,2515.98,2506.1,2511.0,108.14736187
2025-12-25 18:45:00+00:00,2512.26,2513.38,2511.58,2512.26,7.76137391
2025-12-25 18:50:00+00:00,2512.0,2512.0,2510.0,2510.53,2.42530084
2025-12-25 18:55:00+00:00,2510.71,2511.17,2510.4,2510.4,1.93439156
2025-12-25 19:00:00+00:00,2510.37,2510.77,2508.8,2508.99,3.44652944
2025-12-25 19:05:00+00:00,2508.55,2508.71,2506.76,2506.76,0.60436614
2025-12-25 19:10:00+00:00,2505.81,2506.83,2505.81,2506.12,1.1190238
2025-12-25 19:15:00+00:00,2506.3,2506.3,2502.85,2502.85,2.10068391
2025-12-25 19:20:00+00:00,2503.59,2504.16,2502.61,2504.08,2.33276128
2025-12-25 19:25:00+00:00,2504.11,2506.18,2504.11,2506.18,16.77857807
2025-12-25 19:30:00+00:00,2506.19,2506.52,2504.44,2506.52,10.39423229
2025-12-25 19:35:00+00:00,2506.53,2507.3,2505.91,2506.08,0.77814544
2025-12-25 19:40:00+00:00,2507.3,2510.9,2507.3,2508.32,15.33513964
2025-12-25 19:45:00+00:00,2508.35,2508.35,2505.98,2506.95,8.53474949
2025-12-25 19:50:00+00:00,2507.3,2508.57,2506.89,2508.57,2.77438104
2025-12-25 19:55:00+00:00,2508.09,2508.5,2507.81,2508.03,0.40111015
2025-12-25 20:00:00+00:00,2508.11,2508.11,2504.48,2506.03,2.36855124
2025-12-25 20:05:00+00:00,2505.84,2507.2,2505.54,2507.0,0.25531766
2025-12-25 20:10:00+00:00,2506.77,2508.26,2506.77,2507.74,4.70557817
2025-12-25 20:15:00+00:00,2507.63,2508.29,2506.79,2507.46,1.67602702
2025-12-25 20:20:00+00:00,2507.25,2507.25,2505.5,2505.5,0.67373931
2025-12-25 20:25:00+00:00,2504.89,2504.89,2498.65,2499.97,10.80477349
2025-12-25 20:30:00+00:00,2499.21,2502.52,2499.21,2501.51,15.02378599
2025-12-25 20:35:00+00:00,2502.17,2502.2,2501.02,2502.2,3.47786129
2025-12-25 20:40:00+00:00,2501.99,2502.5,2500.93,2501.59,5.32931755
2025-12-25 20:45:00+00:00,2501.85,2503.26,2501.85,2503.14,1.32721181
2025-12-25 20:50:00+00:00,2503.69,2504.05,2502.27,2502.49,3.51302514
2025-12-25 20:55:00+00:00,2502.42,2503.4,2502.42,2503.4,15.36670939
2025-12-25 21:00:00+00:00,2503.4,2503.89,2502.02,2502.59,16.16327251
2025-12-25 21:05:00+00:00,2502.7,2502.92,2501.23,2502.92,7.130312
2025-12-25 21:10:00+00:00,2503.05,2505.5,2503.05,2505.42,1.4264684
2025-12-25 21:15:00+00:00,2504.61,2505.49,2503.71,2504.79,10.21877067
2025-12-25 21:20:00+00:00,2504.62,2504.62,2503.71,2503.76,1.19099649
2025-12-25 21:25:00+00:00,2504.07,2504.24,2503.33,2504.12,5.96618742
2025-12-25 21:30:00+00:00,2503.67,2504.13,2503.43,2503.43,0.65814358
2025-12-25 21:35:00+00:00,2503.51,2503.99,2503.51,2503.89,0.45021593
2025-12-25 21:40:00+00:00,2502.92,2503.52,2502.38,2502.38,10.11676291
2025-12-25 21:45:00+00:00,2501.89,2502.15,2500.36,2501.1,2.39517903
2025-12-25 21:50:00+00:00,2500.81,2500.98,2499.11,2500.17,13.99769691
2025-12-25 21:55:00+00:00,2498.97,2500.55,2498.97,2500.22,3.19169506
2025-12-25 22:00:00+00:00,2500.02,2501.59,2499.91,2501.29,5.00583359
2025-12-25 22:05:00+00:00,2498.78,2498.78,2497.0,2498.17,18.73498577
2025-12-25 22:10:00+00:00,2496.9,2498.13,2492.02,2494.0,42.80979253
2025-12-25 22:15:00+00:00,2492.32,2497.26,2492.32,2497.26,14.35505609
2025-12-25 22:20:00+00:00,2495.64,2497.23,2494.46,2494.9,6.84289163
2025-12-25 22:25:00+00:00,2495.0,2495.0,2493.22,2493.22,0.53797533
2025-12-25 22:30:00+00:00,2493.22,2495.2,2492.95,2494.4,0.09949911
2025-12-25 22:35:00+00:00,2494.26,2495.2,2494.25,2494.69,1.71166515
2025-12-25 22:40:00+00:00,2493.89,2493.9,2484.21,2485.78,26.29081192
2025-12-25 22:45:00+00:00,2483.3,2483.63,2470.78,2471.37,37.34107913
2025-12-25 22:50:00+00:00,2473.6,2478.92,2465.32,2474.35,121.20794201
2025-12-25 22:55:00+00:00,2477.0,2480.2,2475.99,2479.6,11.868314
2025-12-25 23:00:00+00:00,2479.14,2479.42,2473.0,2479.42,11.86981506
2025-12-25 23:05:00+00:00,2479.6,2480.74,2477.53,2478.7,39.03697961
2025-12-25 23:10:00+00:00,2479.9,2483.81,2479.49,2481.2,5.13786178
2025-12-25 23:15:00+00:00,2480.88,2483.8,2480.69,2483.72,11.79402254
2025-12-25 23:20:00+00:00,2480.06,2482.8,2477.59,2479.12,3.58862768
2025-12-25 23:25:00+00:00,2479.58,2481.2,2478.65,2478.78,12.4102328
2025-12-25 23:30:00+00:00,2477.4,2477.4,2467.05,2470.19,44.87985682
2025-12-25 23:35:00+00:00,2466.0,2467.2,2455.56,2458.69,72.33154463
2025-12-25 23:40:00+00:00,2461.5,2461.9,2456.1,2459.6,19.84124609
2025-12-25 23:45:00+00:00,2458.07,2461.7,2453.12,2461.7,18.6738563
2025-12-25 23:50:00+00:00,2460.45,2466.82,2459.58,2464.89,15.90407647
2025-12-25 23:55:00+00:00,2465.24,2467.49,2462.6,2464.5,57.15480439
2025-12-26 00:00:00+00:00,2463.89,2466.53,2461.19,2466.15,53.41831555
2025-12-26 00:05:00+00:00,2465.31,2469.13,2465.0,2465.0,3.02753906
2025-12-26 00:10:00+00:00,2461.22,2463.32,2459.4,2461.68,15.81050157
2025-12-26 00:15:00+00:00,2465.34,2465.34,2459.52,2461.85,10.86329007
2025-12-26 00:20:00+00:00,2464.68,2466.4,2463.49,2466.4,12.4861689
2025-12-26 00:25:00+00:00,2466.6,2468.11,2457.75,2461.79,30.99888403
2025-12-26 00:30:00+00:00,2461.86,2464.38,2461.02,2463.66,5.5267667
2025-12-26 00:35:00+00:00,2463.63,2463.63,2459.49,2462.1,19.19730473
2025-12-26 00:40:00+00:00,2458.08,2462.14,2454.8,2457.65,11.23312886
2025-12-26 00:45:00+00:00,2458.23,2460.09,2456.78,2457.3,33.55465122
2025-12-26 00:50:00+00:00,2459.74,2461.32,2457.8,2460.31,1.92376817
2025-12-26 00:55:00+00:00,2460.83,2462.43,2460.02,2460.79,1.65220136
2025-12-26 01:00:00+00:00,2462.8,2467.32,2462.3,2466.29,9.46018564
2025-12-26 01:05:00+00:00,2466.26,2468.09,2466.16,2468.09,39.56808414
2025-12-26 01:10:00+00:00,2467.54,2470.6,2467.54,2468.73,4.56027416
2025-12-26 01:15:00+00:00,2472.27,2472.27,2470.21,2471.55,1.1249613
2025-12-26 01:20:00+00:00,2471.58,2474.04,2471.2,2473.16,0.63092789
2025-12-26 01:25:00+00:00,2473.96,2476.3,2473.96,2476.3,6.91025234
2025-12-26 01:30:00+00:00,2475.6,2476.1,2474.86,2476.1,1.6828413
2025-12-26 01:35:00+00:00,2477.07,2477.1,2475.01,2475.44,3.3680549
2025-12-26 01:40:00+00:00,2476.05,2478.3,2476.0,2476.07,2.25611144
2025-12-26 01:45:00+00:00,2475.97,2479.3,2475.97,2479.3,16.6014308
2025-12-26 01:50:00+00:00,2477.97,2479.28,2476.7,2477.23,2.65710717
2025-12-26 01:55:00+00:00,2478.49,2478.49,2477.86,2477.86,0.10592261
2025-12-26 02:00:00+00:00,2476.49,2479.57,2476.49,2479.36,0.88674968
2025-12-26 02:05:00+00:00,2478.69,2485.71,2477.88,2484.88,8.62084718
2025-12-26 02:10:00+00:00,2485.9,2507.32,2484.88,2486.41,72.31339881
2025-12-26 02:15:00+00:00,2509.39,2528.48,2509.29,2520.6,125.69101508
2025-12-26 02:20:00+00:00,2520.71,2533.39,2519.7,2529.2,262.5731484
2025-12-26 02:25:00+00:00,2533.02,2539.19,2525.89,2525.97,140.64271389
2025-12-26 02:30:00+00:00,2527.89,2538.94,2524.08,2524.08,105.63135365
2025-12-26 02:35:00+00:00,2525.58,2530.96,2520.76,2521.28,13.33772561
2025-12-26 02:40:00+00:00,2523.44,2525.92,2523.44,2524.42,4.51434382
2025-12-26 02:45:00+00:00,2524.0,2524.95,2517.19,2518.4,17.8293598
2025-12-26 02:50:00+00:00,2519.47,2522.89,2518.71,2519.91,8.93845052
2025-12-26 02:55:00+00:00,2522.63,2522.96,2518.11,2518.37,43.89597215
2025-12-26 03:00:00+00:00,2520.16,2520.7,2515.51,2515.93,14.85995277
2025-12-26 03:05:00+00:00,2516.82,2517.65,2515.31,2516.01,7.92865903
2025-12-26 03:10:00+00:00,2517.88,2519.4,2512.9,2519.4,25.44535453
2025-12-26 03:15:00+00:00,2512.5,2513.39,2507.01,2508.25,13.09049787
2025-12-26 03:20:00+00:00,2506.12,2511.7,2505.19,2511.7,19.11875869
2025-12-26 03:25:00+00:00,2510.4,2511.0,2508.06,2510.3,33.26157004
2025-12-26 03:30:00+00:00,2510.39,2511.3,2509.34,2511.3,8.08746864
2025-12-26 03:35:00+00:00,2512.03,2512.3,2510.1,2511.3,1.96530172
2025-12-26 03:40:00+00:00,2510.2,2511.66,2509.51,2510.29,0.25339799
2025-12-26 03:45:00+00:00,2512.27,2515.21,2512.27,2512.97,8.24280641
2025-12-26 03:50:00+00:00,2512.53,2513.11,2511.75,2512.38,9.33827626
2025-12-26 03:55:00+00:00,2512.52,2515.32,2512.52,2513.16,8.74910799
2025-12-26 04:00:00+00:00,2511.42,2511.49,2504.13,2504.13,16.32612339
2025-12-26 04:05:00+00:00,2503.38,2505.88,2502.91,2505.88,10.54594578
2025-12-26 04:10:00+00:00,2507.58,2508.08,2507.58,2508.08,0.01127815
2025-12-26 04:15:00+00:00,2509.59,2510.67,2507.59,2508.69,13.47573909
2025-12-26 04:20:00+00:00,2509.1,2509.3,2507.73,2507.73,3.33520256
2025-12-26 04:25:00+00:00,2506.7,2507.65,2506.68,2507.65,8.10891127
2025-12-26 04:30:00+00:00,2509.43,2512.8,2509.43,2512.8,4.46041112
2025-12-26 04:35:00+00:00,2512.29,2512.92,2511.69,2511.69,1.90315618
2025-12-26 04:40:00+00:00,2515.46,2515.46,2513.27,2515.46,1.14703984
2025-12-26 04:45:00+00:00,2518.6,2519.33,2517.18,2517.9,2.38844404
2025-12-26 04:50:00+00:00,2518.03,2520.4,2517.59,2520.4,3.00363702
2025-12-26 04:55:00+00:00,2520.5,2520.5,2518.79,2519.41,6.04395197
2025-12-26 05:00:00+00:00,2519.22,2519.87,2518.71,2519.15,0.14627883
2025-12-26 05:05:00+00:00,2519.4,2520.31,2519.29,2519.29,0.04991109
2025-12-26 05:10:00+00:00,2519.1,2519.68,2517.16,2518.5,21.08086364
2025-12-26 05:15:00+00:00,2517.87,2518.49,2516.49,2516.49,3.57330732
2025-12-26 05:20:00+00:00,2516.11,2517.79,2516.11,2517.79,2.22185029
2025-12-26 05:25:00+00:00,2517.44,2517.44,2516.7,2516.7,3.7649544
2025-12-26 05:30:00+00:00,2517.49,2517.8,2516.4,2517.8,0.59400793
2025-12-26 05:35:00+00:00,2517.0,2517.36,2516.1,2517.36,5.02290064
2025-12-26 05:40:00+00:00,2517.58,2518.79,2516.7,2518.79,3.34228269
2025-12-26 05:45:00+00:00,2518.5,2520.72,2518.5,2519.7,4.21624647
2025-12-26 05:50:00+00:00,2518.2,2518.72,2516.79,2517.89,2.9910222
2025-12-26 05:55:00+00:00,2519.29,2521.39,2519.29,2519.71,19.03460257
2025-12-26 06:00:00+00:00,2520.55,2521.98,2518.86,2521.98,8.53289931
2025-12-26 06:05:00+00:00,2521.65,2523.0,2520.55,2522.89,7.3621912
2025-12-26 06:10:00+00:00,2525.32,2526.22,2521.5,2525.5,13.85277722
2025-12-26 06:15:00+00:00,2526.3,2526.3,2524.47,2524.48,0.26999954
2025-12-26 06:20:00+00:00,2523.7,2524.91,2522.9,2523.7,14.18813856
2025-12-26 06:25:00+00:00,2523.6,2523.88,2522.8,2523.24,3.381588
2025-12-26 06:30:00+00:00,2523.43,2523.43,2520.6,2521.12,26.99752101
2025-12-26 06:35:00+00:00,2521.15,2524.37,2521.09,2523.9,8.97594096
2025-12-26 06:40:00+00:00,2526.3,2528.08,2526.3,2527.72,4.35042219
2025-12-26 06:45:00+00:00,2527.87,2527.87,2523.9,2524.89,16.72734283
2025-12-26 06:50:00+00:00,2523.81,2524.63,2523.81,2524.53,3.77141927
2025-12-26 06:55:00+00:00,2523.81,2526.0,2523.81,2524.89,6.01985925
2025-12-26 07:00:00+00:00,2524.99,2527.11,2524.41,2526.69,0.44487768
2025-12-26 07:05:00+00:00,2527.14,2529.57,2527.14,2528.73,2.76098954
2025-12-26 07:10:00+00:00,2528.88,2531.58,2526.14,2531.49,29.47072089
2025-12-26 07:15:00+00:00,2532.09,2533.5,2529.28,2531.84,12.72605004
2025-12-26 07:20:00+00:00,2531.5,2536.4,2529.11,2535.2,33.78371021
2025-12-26 07:25:00+00:00,2536.34,2540.0,2533.21,2533.21,61.64891371
2025-12-26 07:30:00+00:00,2533.5,2533.5,2526.89,2526.89,9.63229993
2025-12-26 07:35:00+00:00,2526.5,2526.5,2519.77,2519.77,17.86434913
2025-12-26 07:40:00+00:00,2521.08,2521.08,2517.97,2518.0,5.10723807
2025-12-26 07:45:00+00:00,2517.9,2517.9,2511.44,2512.4,16.234879
2025-12-26 07:50:00+00:00,2510.6,2511.78,2509.49,2509.49,8.98717977
2025-12-26 07:55:00+00:00,2510.0,2510.35,2506.57,2509.17,21.36470476
2025-12-26 08:00:00+00:00,2508.25,2520.83,2507.68,2514.4,44.76575056
2025-12-26 08:05:00+00:00,2514.08,2514.96,2512.4,2514.05,13.44927549
2025-12-26 08:10:00+00:00,2514.61,2516.06,2511.21,2515.9,9.47190178
2025-12-26 08:15:00+00:00,2515.76,2517.47,2513.9,2514.13,11.84678749
2025-12-26 08:20:00+00:00,2513.77,2515.11,2513.04,2514.55,5.55950834
2025-12-26 08:25:00+00:00,2515.11,2515.82,2513.01,2514.44,22.81012333
2025-12-26 08:30:00+00:00,2514.68,2514.82,2511.44,2513.01,13.0846333
2025-12-26 08:35:00+00:00,2513.68,2513.68,2510.91,2511.45,7.56174104
2025-12-26 08:40:00+00:00,2511.7,2511.93,2509.88,2511.93,5.91252234
2025-12-26 08:45:00+00:00,2511.58,2512.68,2509.73,2512.68,17.46717016
2025-12-26 08:50:00+00:00,2513.21,2514.19,2512.77,2513.31,0.902831
2025-12-26 08:55:00+00:00,2513.9,2515.0,2513.73,2515.0,2.85611561
2025-12-26 09:00:00+00:00,2514.14,2516.2,2513.4,2515.31,0.9636428
2025-12-26 09:05:00+00:00,2516.29,2516.29,2514.39,2516.02,1.75974183
2025-12-26 09:10:00+00:00,2515.61,2515.61,2514.02,2514.24,2.53964787
2025-12-26 09:15:00+00:00,2515.65,2517.21,2515.02,2516.72,13.05925183
2025-12-26 09:20:00+00:00,2518.0,2520.69,2517.5,2520.32,18.09832506
2025-12-26 09:25:00+00:00,2517.96,2519.09,2517.03,2517.76,30.49074334
2025-12-26 09:30:00+00:00,2517.82,2519.51,2517.82,2519.51,7.38551316
2025-12-26 09:35:00+00:00,2520.12,2522.01,2519.96,2519.96,6.17295802
2025-12-26 09:40:00+00:00,2520.43,2522.1,2519.89,2521.69,4.25273239
2025-12-26 09:45:00+00:00,2521.95,2526.95,2521.7,2525.18,96.57950855
2025-12-26 09:50:00+00:00,2525.21,2525.21,2523.23,2523.44,19.24376717
2025-12-26 09:55:00+00:00,2523.5,2524.88,2523.47,2523.57,6.29155619
2025-12-26 10:00:00+00:00,2523.8,2525.11,2522.26,2522.26,10.81734954
2025-12-26 10:05:00+00:00,2522.5,2523.49,2519.5,2521.3,8.35716898
2025-12-26 10:10:00+00:00,2521.09,2522.18,2521.09,2521.8,1.27929312
2025-12-26 10:15:00+00:00,2521.0,2521.01,2518.97,2519.08,0.76087146
2025-12-26 10:20:00+00:00,2519.4,2519.91,2517.6,2519.2,1.85096041
2025-12-26 10:25:00+00:00,2519.23,2523.4,2519.22,2523.29,10.24089103
2025-12-26 10:30:00+00:00,2522.29,2522.29,2519.91,2520.27,3.97123511
2025-12-26 10:35:00+00:00,2520.73,2520.96,2519.56,2520.22,1.84199402
2025-12-26 10:40:00+00:00,2520.4,2520.99,2519.97,2520.11,5.36174897
2025-12-26 10:45:00+00:00,2520.59,2522.25,2520.54,2522.25,6.17638688
2025-12-26 10:50:00+00:00,2521.5,2522.9,2521.49,2522.74,7.56422912
2025-12-26 10:55:00+00:00,2522.49,2522.49,2521.57,2521.97,2.20772592
2025-12-26 11:00:00+00:00,2521.92,2522.61,2519.93,2520.17,22.00259455
2025-12-26 11:05:00+00:00,2520.3,2521.39,2519.6,2520.89,13.63888427
2025-12-26 11:10:00+00:00,2520.69,2520.9,2519.7,2520.4,0.70629075
2025-12-26 11:15:00+00:00,2519.6,2519.8,2517.15,2518.08,10.90058567
2025-12-26 11:20:00+00:00,2518.49,2518.49,2514.1,2515.45,10.81507345
2025-12-26 11:25:00+00:00,2515.3,2516.5,2514.55,2516.31,2.19370199
2025-12-26 11:30:00+00:00,2517.0,2518.8,2516.77,2516.83,3.63031791
2025-12-26 11:35:00+00:00,2517.02,2517.86,2516.34,2517.72,3.93095371
2025-12-26 11:40:00+00:00,2518.05,2518.22,2516.66,2517.98,9.93279223
2025-12-26 11:45:00+00:00,2517.63,2517.94,2515.34,2515.34,1.9224828
2025-12-26 11:50:00+00:00,2516.6,2516.6,2515.51,2515.51,0.37004636
2025-12-26 11:55:00+00:00,2516.13,2516.34,2515.54,2515.54,0.51921528
2025-12-26 12:00:00+00:00,2515.49,2517.8,2515.49,2516.82,1.20325309
2025-12-26 12:05:00+00:00,2517.8,2518.62,2517.49,2517.76,2.38124932
2025-12-26 12:10:00+00:00,2517.3,2520.07,2517.3,2520.07,16.49441905
2025-12-26 12:15:00+00:00,2519.43,2521.1,2519.43,2519.69,3.53232898
2025-12-26 12:20:00+00:00,2519.31,2520.81,2519.31,2520.68,6.88514389
2025-12-26 12:25:00+00:00,2520.7,2521.11,2520.1,2520.67,4.41141072
2025-12-26 12:30:00+00:00,2520.61,2520.61,2519.37,2520.5,5.83058152
2025-12-26 12:35:00+00:00,2520.5,2521.29,2519.6,2521.29,1.63222454
2025-12-26 12:40:00+00:00,2521.81,2522.38,2521.81,2521.87,1.5478772
2025-12-26 12:45:00+00:00,2522.91,2522.99,2520.24,2522.47,0.85454712
2025-12-26 12:50:00+00:00,2520.4,2523.25,2520.23,2522.43,10.90753855
2025-12-26 12:55:00+00:00,2522.08,2522.08,2521.36,2521.94,3.59585493
2025-12-26 13:00:00+00:00,2521.82,2525.0,2520.75,2523.94,7.59819645
2025-12-26 13:05:00+00:00,2523.5,2523.6,2522.11,2522.13,2.36700852
2025-12-26 13:10:00+00:00,2523.43,2524.97,2522.92,2523.58,18.9084164
2025-12-26 13:15:00+00:00,2522.23,2523.77,2522.06,2523.36,17.11107779
2025-12-26 13:20:00+00:00,2523.2,2524.66,2521.43,2524.51,3.20810314
2025-12-26 13:25:00+00:00,2523.82,2525.0,2523.33,2523.96,3.95664986
2025-12-26 13:30:00+00:00,2523.91,2525.0,2522.06,2524.95,14.03907306
2025-12-26 13:35:00+00:00,2524.74,2527.4,2523.99,2527.08,11.31259099
2025-12-26 13:40:00+00:00,2527.28,2528.9,2525.46,2525.6,25.86680143
2025-12-26 13:45:00+00:00,2527.61,2530.19,2525.72,2529.69,2.95895963
2025-12-26 13:50:00+00:00,2529.76,2530.2,2527.37,2529.22,10.61656866
2025-12-26 13:55:00+00:00,2530.57,2530.94,2529.09,2530.43,24.86599673
2025-12-26 14:00:00+00:00,2528.46,2529.6,2525.9,2529.37,27.26805725
2025-12-26 14:05:00+00:00,2528.32,2529.75,2526.39,2526.39,19.0485962
2025-12-26 14:10:00+00:00,2526.87,2528.39,2526.31,2527.62,2.08944542
2025-12-26 14:15:00+00:00,2527.33,2529.53,2527.08,2527.66,1.53337068
2025-12-26 14:20:00+00:00,2527.55,2529.82,2527.54,2529.47,15.27825933
2025-12-26 14:25:00+00:00,2528.0,2529.27,2524.11,2524.62,21.95060961
2025-12-26 14:30:00+00:00,2525.3,2526.07,2517.6,2520.78,29.34022361
2025-12-26 14:35:00+00:00,2519.51,2521.2,2509.75,2511.77,83.64345433
2025-12-26 14:40:00+00:00,2511.56,2511.96,2504.12,2506.98,8.8168983
2025-12-26 14:45:00+00:00,2500.96,2507.53,2485.2,2487.34,166.33246835
2025-12-26 14:50:00+00:00,2487.92,2488.2,2474.5,2482.24,153.84938761
2025-12-26 14:55:00+00:00,2473.64,2478.29,2468.82,2475.83,99.47400573
2025-12-26 15:00:00+00:00,2471.6,2475.0,2455.8,2475.0,220.89995578
2025-12-26 15:05:00+00:00,2473.3,2476.2,2465.07,2470.9,29.15970589
2025-12-26 15:10:00+00:00,2465.05,2468.36,2462.31,2464.44,31.29323334
2025-12-26 15:15:00+00:00,2460.0,2473.5,2460.0,2462.7,54.6642003
2025-12-26 15:20:00+00:00,2467.96,2476.92,2466.81,2475.0,9.74417677
2025-12-26 15:25:00+00:00,2469.55,2475.23,2469.41,2475.23,30.98652958
2025-12-26 15:30:00+00:00,2474.5,2483.9,2473.0,2481.4,18.64182886
2025-12-26 15:35:00+00:00,2481.0,2481.0,2474.95,2475.0,10.5871684
2025-12-26 15:40:00+00:00,2472.39,2476.12,2470.6,2474.5,18.84821887
2025-12-26 15:45:00+00:00,2477.88,2482.32,2472.7,2478.69,4.9170813
2025-12-26 15:50:00+00:00,2479.68,2479.68,2475.0,2477.01,6.9999576
2025-12-26 15:55:00+00:00,2477.14,2480.69,2476.47,2480.26,5.77909714
2025-12-26 16:00:00+00:00,2481.0,2486.31,2481.0,2484.8,14.28144239
2025-12-26 16:05:00+00:00,2481.37,2484.47,2480.69,2482.49,15.49468735
2025-12-26 16:10:00+00:00,2482.42,2482.42,2477.5,2478.02,7.66171618
2025-12-26 16:15:00+00:00,2479.4,2481.7,2478.03,2481.7,13.68735728
2025-12-26 16:20:00+00:00,2482.46,2485.7,2482.23,2485.3,1.78299683
2025-12-26 16:25:00+00:00,2483.92,2483.92,2481.84,2482.76,1.59535988
2025-12-26 16:30:00+00:00,2484.29,2484.7,2479.73,2480.12,2.46002902
2025-12-26 16:35:00+00:00,2479.63,2485.39,2479.63,2483.83,8.02604997
2025-12-26 16:40:00+00:00,2484.0,2486.07,2482.01,2482.01,2.53920677
2025-12-26 16:45:00+00:00,2480.88,2481.32,2479.42,2480.76,12.06416656
2025-12-26 16:50:00+00:00,2481.87,2482.55,2479.5,2481.68,5.15105752
2025-12-26 16:55:00+00:00,2479.86,2480.65,2469.77,2471.7,20.0673499
2025-12-26 17:00:00+00:00,2473.31,2477.7,2471.47,2477.7,12.42176939
2025-12-26 17:05:00+00:00,2476.93,2480.13,2476.93,2477.03,19.45451279
2025-12-26 17:10:00+00:00,2476.69,2478.48,2475.4,2477.96,34.34400222
2025-12-26 17:15:00+00:00,2479.09,2481.03,2478.5,2480.06,6.19914932
2025-12-26 17:20:00+00:00,2479.86,2480.23,2478.04,2479.47,5.71313111
2025-12-26 17:25:00+00:00,2480.08,2494.0,2480.08,2486.51,79.49275719
2025-12-26 17:30:00+00:00,2490.3,2492.6,2487.02,2487.02,20.92706389
2025-12-26 17:35:00+00:00,2484.83,2486.12,2484.17,2484.6,20.26164846
2025-12-26 17:40:00+00:00,2484.28,2487.29,2483.92,2486.2,4.84508802
2025-12-26 17:45:00+00:00,2483.94,2485.56,2483.85,2484.7,22.5915333
2025-12-26 17:50:00+00:00,2484.22,2484.22,2478.76,2479.93,9.93492466
2025-12-26 17:55:00+00:00,2480.8,2482.09,2479.4,2482.08,11.13778794
2025-12-26 18:00:00+00:00,2481.37,2483.36,2480.99,2481.93,3.61256468
2025-12-26 18:05:00+00:00,2482.3,2483.69,2481.31,2483.53,21.65751858
2025-12-26 18:10:00+00:00,2484.27,2485.6,2483.7,2483.93,1.52171523
2025-12-26 18:15:00+00:00,2482.05,2483.94,2482.05,2483.5,5.71943799
2025-12-26 18:20:00+00:00,2483.54,2483.59,2481.8,2482.8,6.89770333
2025-12-26 18:25:00+00:00,2482.1,2483.44,2479.76,2479.76,2.97389091
2025-12-26 18:30:00+00:00,2481.5,2483.33,2481.5,2483.17,5.04857696
2025-12-26 18:35:00+00:00,2483.92,2484.67,2483.31,2484.29,5.66511112
2025-12-26 18:40:00+00:00,2483.2,2485.02,2483.2,2484.49,6.47469048
2025-12-26 18:45:00+00:00,2484.29,2485.69,2481.3,2481.3,14.79540759
2025-12-26 18:50:00+00:00,2486.39,2486.39,2482.11,2483.4,17.24039096
2025-12-26 18:55:00+00:00,2482.6,2483.43,2482.29,2482.58,0.98551612
2025-12-26 19:00:00+00:00,2482.45,2483.54,2481.53,2483.52,3.73778999
2025-12-26 19:05:00+00:00,2483.3,2484.1,2482.27,2483.05,7.2641587
2025-12-26 19:10:00+00:00,2483.15,2484.44,2481.84,2481.84,5.2515827
2025-12-26 19:15:00+00:00,2481.36,2481.98,2478.7,2479.78,9.54772543
2025-12-26 19:20:00+00:00,2482.05,2483.29,2482.05,2482.69,4.11543298
2025-12-26 19:25:00+00:00,2481.16,2481.67,2480.84,2481.67,0.39813617
2025-12-26 19:30:00+00:00,2481.3,2483.15,2480.65,2483.15,3.19279794
2025-12-26 19:35:00+00:00,2483.41,2484.66,2483.41,2484.37,2.96586408
2025-12-26 19:40:00+00:00,2483.79,2484.67,2483.38,2484.67,0.58183619
2025-12-26 19:45:00+00:00,2486.1,2487.3,2484.01,2484.6,26.64448814
2025-12-26 19:50:00+00:00,2485.5,2485.5,2482.84,2483.76,1.27063242
2025-12-26 19:55:00+00:00,2483.52,2484.08,2482.4,2483.0,1.57720836
2025-12-26 20:00:00+00:00,2483.77,2485.59,2481.5,2481.52,13.83965372
2025-12-26 20:05:00+00:00,2481.9,2484.29,2481.9,2484.25,1.88577614
2025-12-26 20:10:00+00:00,2485.07,2485.07,2481.5,2483.67,5.35143426
2025-12-26 20:15:00+00:00,2484.59,2484.78,2483.72,2483.72,0.18526508
2025-12-26 20:20:00+00:00,2484.6,2487.02,2483.9,2486.6,13.08217387
2025-12-26 20:25:00+00:00,2486.53,2487.26,2486.38,2486.38,5.27204437
2025-12-26 20:30:00+00:00,2486.3,2486.3,2484.85,2485.3,0.55336237
2025-12-26 20:35:00+00:00,2485.5,2487.48,2484.19,2487.48,5.9023025
2025-12-26 20:40:00+00:00,2487.59,2490.1,2487.59,2490.1,5.03942921
2025-12-26 20:45:00+00:00,2492.56,2493.81,2490.1,2490.7,12.07656626
2025-12-26 20:50:00+00:00,2491.0,2492.39,2490.73,2490.73,3.04414234
2025-12-26 20:55:00+00:00,2490.54,2491.73,2488.52,2491.73,6.70400634
2025-12-26 21:00:00+00:00,2490.06,2491.3,2490.06,2490.58,4.3918826
2025-12-26 21:05:00+00:00,2490.4,2490.42,2487.2,2489.0,4.49852903
2025-12-26 21:10:00+00:00,2489.24,2490.7,2489.24,2490.38,2.90504527
2025-12-26 21:15:00+00:00,2490.33,2491.48,2489.95,2490.89,5.62780184
2025-12-26 21:20:00+00:00,2491.1,2491.82,2489.06,2489.06,7.33629331
2025-12-26 21:25:00+00:00,2489.48,2490.23,2489.48,2490.23,2.30093733
2025-12-26 21:30:00+00:00,2489.4,2489.4,2486.68,2487.19,36.83235476
2025-12-26 21:35:00+00:00,2487.32,2487.7,2487.26,2487.57,7.88347828
2025-12-26 21:40:00+00:00,2488.07,2488.12,2486.25,2487.3,5.47073833
2025-12-26 21:45:00+00:00,2487.55,2488.0,2486.92,2487.69,0.55338668
2025-12-26 21:50:00+00:00,2487.54,2487.99,2487.54,2487.8,0.76352676
2025-12-26 21:55:00+00:00,2488.1,2488.1,2483.97,2486.3,19.35514734
2025-12-26 22:00:00+00:00,2484.1,2486.3,2483.57,2485.83,3.93948619
2025-12-26 22:05:00+00:00,2486.63,2487.19,2486.35,2487.19,17.56325545
2025-12-26 22:10:00+00:00,2486.44,2487.71,2484.37,2484.37,1.89727714
2025-12-26 22:15:00+00:00,2485.3,2486.42,2485.3,2486.0,2.30243621
2025-12-26 22:20:00+00:00,2486.54,2486.83,2481.19,2481.67,0.65526363
2025-12-26 22:25:00+00:00,2482.5,2483.54,2482.5,2483.54,16.28517474
2025-12-26 22:30:00+00:00,2484.7,2486.81,2484.59,2485.78,12.64282024
2025-12-26 22:35:00+00:00,2485.9,2485.9,2485.31,2485.32,0.77978412
2025-12-26 22:40:00+00:00,2485.01,2485.79,2483.72,2484.5,7.72211586
2025-12-26 22:45:00+00:00,2485.0,2487.69,2483.67,2486.29,2.41940888
2025-12-26 22:50:00+00:00,2488.3,2488.94,2486.09,2486.09,2.11626172
2025-12-26 22:55:00+00:00,2487.79,2489.47,2487.21,2487.54,0.55062345
2025-12-26 23:00:00+00:00,2490.2,2491.09,2489.61,2490.12,4.88456717
2025-12-26 23:05:00+00:00,2490.7,2491.1,2487.7,2489.0,38.85356322
2025-12-26 23:10:00+00:00,2488.61,2489.17,2487.71,2488.09,2.81173166
2025-12-26 23:15:00+00:00,2487.6,2489.2,2487.6,2488.7,2.90835504
2025-12-26 23:20:00+00:00,2488.35,2488.35,2486.22,2487.15,27.62059295
2025-12-26 23:25:00+00:00,2486.91,2488.23,2486.61,2486.65,0.51280896
2025-12-26 23:30:00+00:00,2487.59,2488.08,2487.22,2487.22,1.51975685
2025-12-26 23:35:00+00:00,2487.38,2488.1,2485.91,2485.91,5.22227772
2025-12-26 23:40:00+00:00,2486.08,2486.08,2485.55,2485.68,2.43274568
2025-12-26 23:45:00+00:00,2485.6,2486.56,2485.0,2485.42,1.1378841
2025-12-26 23:50:00+00:00,2486.07,2487.24,2486.07,2487.19,4.90487056
2025-12-26 23:55:00+00:00,2487.3,2487.6,2487.15,2487.15,0.53677944
2025-12-27 00:00:00+00:00,2487.9,2488.41,2487.77,2488.41,1.47625538
2025-12-27 00:05:00+00:00,2488.99,2488.99,2487.64,2488.06,3.63864256
2025-12-27 00:10:00+00:00,2489.13,2489.16,2485.8,2486.05,12.0608198
2025-12-27 00:15:00+00:00,2486.32,2487.21,2486.32,2487.2,8.81569161
2025-12-27 00:20:00+00:00,2486.1,2486.1,2483.23,2483.42,8.11213743
2025-12-27 00:25:00+00:00,2483.86,2483.89,2483.3,2483.3,0.11895866
2025-12-27 00:30:00+00:00,2483.4,2485.17,2483.4,2485.17,2.92717855
2025-12-27 00:35:00+00:00,2484.9,2486.3,2484.82,2486.3,0.91897968
2025-12-27 00:40:00+00:00,2486.6,2487.91,2486.5,2487.7,2.14532346
2025-12-27 00:45:00+00:00,2487.62,2487.62,2486.49,2487.0,0.13391594
2025-12-27 00:50:00+00:00,2486.26,2486.26,2486.0,2486.0,0.41171347
2025-12-27 00:55:00+00:00,2486.23,2486.39,2486.23,2486.39,0.02006467
2025-12-27 01:00:00+00:00,2486.42,2486.51,2485.14,2485.28,2.58223295
2025-12-27 01:05:00+00:00,2484.73,2486.3,2484.73,2486.3,0.5260124
2025-12-27 01:10:00+00:00,2486.3,2486.3,2485.13,2485.23,13.32348106
2025-12-27 01:15:00+00:00,2485.22,2485.61,2481.16,2482.1,25.97919147
2025-12-27 01:20:00+00:00,2482.5,2483.09,2482.37,2483.09,0.23909458
2025-12-27 01:25:00+00:00,2482.44,2484.31,2482.43,2484.31,2.35015087
2025-12-27 01:30:00+00:00,2484.76,2485.4,2484.09,2485.4,0.70491032
2025-12-27 01:35:00+00:00,2485.58,2486.97,2485.58,2486.22,1.20269632
2025-12-27 01:40:00+00:00,2487.15,2487.15,2486.18,2486.76,9.17614382
2025-12-27 01:45:00+00:00,2486.91,2486.91,2486.91,2486.91,0.00400899
2025-12-27 01:50:00+00:00,2486.81,2486.81,2485.4,2485.4,0.28466366
2025-12-27 01:55:00+00:00,2485.74,2486.7,2485.74,2486.29,16.90011312
2025-12-27 02:00:00+00:00,2486.92,2486.92,2483.92,2484.2,15.05137447
2025-12-27 02:05:00+00:00,2484.19,2484.58,2483.67,2484.58,5.254065
2025-12-27 02:10:00+00:00,2485.02,2485.02,2484.59,2484.59,8.89501297
2025-12-27 02:15:00+00:00,2484.9,2484.9,2484.11,2484.11,6.49356785
2025-12-27 02:20:00+00:00,2484.5,2485.02,2483.21,2485.02,4.0375033
2025-12-27 02:25:00+00:00,2484.24,2484.84,2484.24,2484.84,0.05260339
2025-12-27 02:30:00+00:00,2485.91,2486.47,2485.82,2486.47,0.11158164
2025-12-27 02:35:00+00:00,2485.66,2486.02,2485.66,2486.02,0.18649858
2025-12-27 02:40:00+00:00,2486.9,2486.9,2486.9,2486.9,0.33061744
2025-12-27 02:45:00+00:00,2487.79,2487.79,2487.37,2487.37,0.10916467
2025-12-27 02:50:00+00:00,2487.59,2487.59,2486.85,2487.41,0.06241422
2025-12-27 02:55:00+00:00,2487.89,2488.25,2485.9,2486.15,6.7101648
2025-12-27 03:00:00+00:00,2486.57,2488.0,2485.92,2485.99,3.77598047
2025-12-27 03:05:00+00:00,2485.63,2485.63,2485.11,2485.11,7.98951616
2025-12-27 03:10:00+00:00,2484.61,2484.9,2484.53,2484.9,0.39130408
2025-12-27 03:15:00+00:00,2484.86,2486.05,2484.86,2486.02,5.47396716
2025-12-27 03:20:00+00:00,2487.72,2487.72,2486.36,2487.72,0.3297661
2025-12-27 03:25:00+00:00,2487.71,2488.85,2487.46,2487.6,17.28476446
2025-12-27 03:30:00+00:00,2487.71,2488.88,2487.65,2487.65,1.84035079
2025-12-27 03:35:00+00:00,2488.81,2490.3,2488.71,2489.4,2.98415462
2025-12-27 03:40:00+00:00,2489.22,2489.7,2489.04,2489.2,1.7601298
2025-12-27 03:45:00+00:00,2489.82,2489.95,2489.01,2489.95,0.24133954
2025-12-27 03:50:00+00:00,2490.7,2490.82,2490.21,2490.7,0.52613252
2025-12-27 03:55:00+00:00,2491.15,2491.15,2490.87,2490.87,0.14513585
2025-12-27 04:00:00+00:00,2490.51,2490.67,2487.79,2487.79,1.55482073
2025-12-27 04:05:00+00:00,2488.24,2488.49,2487.55,2488.4,0.22668225
2025-12-27 04:10:00+00:00,2489.15,2489.31,2489.15,2489.31,0.10619248
2025-12-27 04:15:00+00:00,2489.25,2489.3,2488.33,2488.33,0.04502214
2025-12-27 04:20:00+00:00,2488.82,2488.82,2488.57,2488.57,0.07118725
2025-12-27 04:25:00+00:00,2487.88,2488.14,2487.87,2488.09,1.31216927
2025-12-27 04:30:00+00:00,2487.89,2487.89,2486.5,2487.11,10.09724051
2025-12-27 04:35:00+00:00,2486.31,2487.77,2486.3,2487.73,1.88911644
2025-12-27 04:40:00+00:00,2487.49,2488.23,2487.49,2488.23,0.519328
2025-12-27 04:45:00+00:00,2487.59,2488.29,2487.59,2488.28,7.13990594
2025-12-27 04:50:00+00:00,2488.53,2488.7,2487.63,2487.63,8.58270702
2025-12-27 04:55:00+00:00,2487.48,2487.48,2487.1,2487.36,4.16140538
2025-12-27 05:00:00+00:00,2489.02,2489.02,2488.41,2489.02,0.14186992
2025-12-27 05:05:00+00:00,2488.7,2488.7,2488.7,2488.7,0.777624
2025-12-27 05:10:00+00:00,2487.81,2487.99,2487.64,2487.99,0.03006096
2025-12-27 05:15:00+00:00,2488.0,2488.0,2487.47,2487.47,0.17039028
2025-12-27 05:20:00+00:00,2486.74,2486.74,2486.74,2486.74,0.05039384
2025-12-27 05:25:00+00:00,2487.66,2487.91,2487.66,2487.91,0.02204681
2025-12-27 05:30:00+00:00,2487.9,2487.91,2487.9,2487.91,2.45797388
2025-12-27 05:35:00+00:00,2488.77,2489.29,2488.7,2489.29,0.77460061
2025-12-27 05:40:00+00:00,2489.09,2489.1,2488.84,2488.84,0.85386999
2025-12-27 05:45:00+00:00,2489.09,2489.5,2488.83,2489.2,6.59288356
2025-12-27 05:50:00+00:00,2489.59,2489.6,2489.5,2489.5,0.36395932
2025-12-27 05:55:00+00:00,2488.9,2489.2,2488.8,2488.97,0.02571665
2025-12-27 06:00:00+00:00,2488.89,2489.29,2488.02,2488.02,0.62729009
2025-12-27 06:05:00+00:00,2487.7,2487.98,2486.69,2487.86,3.53183756
2025-12-27 06:10:00+00:00,2487.36,2487.9,2487.36,2487.63,0.65855958
2025-12-27 06:15:00+00:00,2487.63,2487.63,2486.9,2487.1,0.18815479
2025-12-27 06:20:00+00:00,2486.8,2486.8,2486.63,2486.73,0.1235969
2025-12-27 06:25:00+00:00,2487.47,2487.5,2487.4,2487.4,2.19382288
2025-12-27 06:30:00+00:00,2486.8,2487.39,2486.56,2487.39,1.3335065
2025-12-27 06:35:00+00:00,2486.63,2487.26,2486.63,2487.26,0.02205288
2025-12-27 06:40:00+00:00,2487.35,2489.7,2487.35,2488.3,20.41603324
2025-12-27 06:45:00+00:00,2488.41,2488.41,2487.49,2487.49,0.18526052
2025-12-27 06:50:00+00:00,2487.08,2487.48,2487.02,2487.48,2.36645227
2025-12-27 06:55:00+00:00,2488.19,2488.19,2488.19,2488.19,0.00761597
2025-12-27 07:00:00+00:00,2488.5,2489.79,2488.5,2489.59,0.58069158
2025-12-27 07:05:00+00:00,2490.09,2490.32,2489.9,2489.98,0.18790162
2025-12-27 07:10:00+00:00,2489.99,2490.8,2489.92,2490.5,6.79342737
2025-12-27 07:15:00+00:00,2490.74,2490.74,2489.72,2490.33,1.91688799
2025-12-27 07:20:00+00:00,2491.43,2494.4,2490.65,2494.4,13.06261144
2025-12-27 07:25:00+00:00,2494.2,2494.27,2492.41,2492.41,8.76672079
2025-12-27 07:30:00+00:00,2492.41,2494.31,2492.16,2493.12,17.44790625
2025-12-27 07:35:00+00:00,2491.81,2491.81,2490.4,2490.4,19.68067066
2025-12-27 07:40:00+00:00,2490.67,2490.9,2489.8,2490.8,16.02921766
2025-12-27 07:45:00+00:00,2490.79,2491.38,2490.35,2491.38,2.29819608
2025-12-27 07:50:00+00:00,2491.34,2491.4,2490.85,2491.4,1.74164762
2025-12-27 07:55:00+00:00,2491.03,2491.08,2490.82,2490.82,1.77820711
2025-12-27 08:00:00+00:00,2491.4,2492.13,2490.82,2492.13,2.04086614
2025-12-27 08:05:00+00:00,2492.3,2493.0,2492.3,2492.8,0.5640233
2025-12-27 08:10:00+00:00,2492.5,2492.5,2491.39,2491.52,2.18746357
2025-12-27 08:15:00+00:00,2491.71,2492.24,2491.61,2492.24,3.33724254
2025-12-27 08:20:00+00:00,2492.97,2493.19,2492.65,2493.19,0.17300171
2025-12-27 08:25:00+00:00,2493.23,2493.66,2492.71,2492.95,2.86157278
2025-12-27 08:30:00+00:00,2493.7,2493.8,2492.73,2492.79,11.01041889
2025-12-27 08:35:00+00:00,2492.1,2492.92,2492.1,2492.79,0.72653808
2025-12-27 08:40:00+00:00,2492.62,2492.83,2492.37,2492.81,0.85813515
2025-12-27 08:45:00+00:00,2492.38,2492.38,2491.33,2491.8,3.17618831
2025-12-27 08:50:00+00:00,2491.82,2491.98,2491.12,2491.12,6.77030194
2025-12-27 08:55:00+00:00,2491.38,2491.38,2491.31,2491.31,0.2791989
2025-12-27 09:00:00+00:00,2492.69,2492.7,2491.21,2492.7,1.94381718
2025-12-27 09:05:00+00:00,2492.52,2492.9,2492.52,2492.9,3.17169894
2025-12-27 09:10:00+00:00,2493.09,2493.79,2493.09,2493.33,10.87878984
2025-12-27 09:15:00+00:00,2493.84,2496.3,2493.84,2494.06,11.12221257
2025-12-27 09:20:00+00:00,2492.81,2493.95,2492.72,2493.13,1.79065934
2025-12-27 09:25:00+00:00,2493.1,2493.1,2489.93,2490.72,3.65925757
2025-12-27 09:30:00+00:00,2491.0,2492.19,2490.19,2491.63,4.71867301
2025-12-27 09:35:00+00:00,2491.96,2492.36,2491.75,2492.04,2.2898039
2025-12-27 09:40:00+00:00,2492.32,2492.54,2491.22,2491.85,18.62575522
2025-12-27 09:45:00+00:00,2491.7,2492.33,2491.21,2491.86,3.93732193
2025-12-27 09:50:00+00:00,2491.94,2492.46,2490.8,2492.46,6.44239252
2025-12-27 09:55:00+00:00,2491.49,2494.25,2491.0,2491.83,19.59894148
2025-12-27 10:00:00+00:00,2491.34,2492.11,2490.81,2491.05,4.64268509
2025-12-27 10:05:00+00:00,2490.79,2492.35,2490.79,2492.35,5.00756539
2025-12-27 10:10:00+00:00,2492.1,2492.51,2489.66,2489.66,4.96073744
2025-12-27 10:15:00+00:00,2489.57,2491.7,2488.66,2491.6,8.02354793
2025-12-27 10:20:00+00:00,2491.11,2491.2,2489.9,2489.9,1.9510551
2025-12-27 10:25:00+00:00,2490.69,2490.69,2489.0,2489.0,17.38912876
2025-12-27 10:30:00+00:00,2488.9,2489.0,2487.13,2487.13,18.69599399
2025-12-27 10:35:00+00:00,2488.07,2488.12,2482.5,2482.5,33.66648417
2025-12-27 10:40:00+00:00,2481.6,2483.44,2476.48,2483.25,43.55003049
2025-12-27 10:45:00+00:00,2483.01,2484.77,2482.96,2484.21,1.17191294
2025-12-27 10:50:00+00:00,2484.74,2484.79,2483.36,2484.44,0.88898807
2025-12-27 10:55:00+00:00,2485.06,2485.9,2484.54,2485.19,8.09927484
2025-12-27 11:00:00+00:00,2485.2,2485.57,2484.76,2485.28,0.77271506
2025-12-27 11:05:00+00:00,2484.83,2485.28,2482.41,2484.38,4.24671308
2025-12-27 11:10:00+00:00,2483.51,2485.11,2483.51,2484.6,3.34472885
2025-12-27 11:15:00+00:00,2484.97,2485.12,2483.79,2484.69,1.10492635
2025-12-27 11:20:00+00:00,2484.92,2487.5,2484.92,2487.5,7.45086033
2025-12-27 11:25:00+00:00,2485.88,2486.12,2485.51,2485.97,2.702214
2025-12-27 11:30:00+00:00,2487.64,2488.24,2485.88,2487.63,5.68645821
2025-12-27 11:35:00+00:00,2486.91,2487.69,2486.5,2487.69,0.52842845
2025-12-27 11:40:00+00:00,2487.8,2487.8,2486.83,2487.55,0.50394238
2025-12-27 11:45:00+00:00,2487.49,2487.49,2486.7,2487.41,1.21741127
2025-12-27 11:50:00+00:00,2487.76,2490.39,2487.69,2489.49,6.91420529
2025-12-27 11:55:00+00:00,2488.44,2490.08,2488.17,2488.68,6.57263424
2025-12-27 12:00:00+00:00,2489.7,2490.46,2488.6,2489.01,1.49960335
2025-12-27 12:05:00+00:00,2489.45,2489.55,2488.81,2488.81,0.60235819
2025-12-27 12:10:00+00:00,2488.8,2488.8,2487.4,2488.07,2.58101733
2025-12-27 12:15:00+00:00,2487.98,2488.03,2487.3,2487.57,1.57670079
2025-12-27 12:20:00+00:00,2488.25,2488.4,2487.7,2488.4,2.0916206
2025-12-27 12:25:00+00:00,2488.0,2489.1,2487.56,2489.1,21.0892128
2025-12-27 12:30:00+00:00,2489.0,2489.66,2488.71,2489.6,7.26190241
2025-12-27 12:35:00+00:00,2489.71,2490.36,2489.6,2489.73,1.434753
2025-12-27 12:40:00+00:00,2489.55,2490.96,2489.55,2490.96,13.44230006
2025-12-27 12:45:00+00:00,2490.86,2490.86,2490.31,2490.31,0.30639469
2025-12-27 12:50:00+00:00,2490.17,2490.18,2489.31,2489.87,1.20833344
2025-12-27 12:55:00+00:00,2489.69,2490.12,2489.54,2489.79,1.46303301
2025-12-27 13:00:00+00:00,2490.13,2490.2,2488.64,2489.06,9.53494401
2025-12-27 13:05:00+00:00,2487.45,2487.6,2486.51,2487.6,1.32558536
2025-12-27 13:10:00+00:00,2487.76,2487.76,2487.4,2487.6,2.1891441
2025-12-27 13:15:00+00:00,2487.53,2488.17,2486.27,2487.5,1.41252936
2025-12-27 13:20:00+00:00,2486.53,2486.53,2484.9,2485.89,1.00650463
2025-12-27 13:25:00+00:00,2486.0,2486.45,2485.49,2485.87,3.11920198
2025-12-27 13:30:00+00:00,2486.05,2486.23,2484.2,2486.21,6.76457612
2025-12-27 13:35:00+00:00,2486.2,2489.68,2485.88,2489.36,5.82056207
2025-12-27 13:40:00+00:00,2488.68,2489.41,2488.5,2489.41,1.97374649
2025-12-27 13:45:00+00:00,2489.61,2489.61,2488.17,2488.17,1.07452849
2025-12-27 13:50:00+00:00,2488.25,2488.25,2487.95,2488.09,1.08634145
2025-12-27 13:55:00+00:00,2488.09,2488.1,2487.35,2487.54,3.91806273
2025-12-27 14:00:00+00:00,2487.38,2487.38,2486.6,2487.2,2.69152483
2025-12-27 14:05:00+00:00,2486.75,2487.0,2485.28,2485.54,2.04093738
2025-12-27 14:10:00+00:00,2486.15,2487.09,2485.89,2486.23,4.21250497
2025-12-27 14:15:00+00:00,2486.07,2486.34,2485.5,2485.5,1.37429205
2025-12-27 14:20:00+00:00,2485.44,2485.44,2484.4,2484.52,7.26984039
2025-12-27 14:25:00+00:00,2485.24,2485.39,2484.74,2484.9,0.57421192
2025-12-27 14:30:00+00:00,2486.58,2487.31,2485.52,2487.31,9.75291502
2025-12-27 14:35:00+00:00,2487.04,2487.65,2486.28,2486.64,0.4463632
2025-12-27 14:40:00+00:00,2486.9,2487.12,2486.63,2487.12,0.27605202
2025-12-27 14:45:00+00:00,2487.79,2488.1,2487.79,2488.01,4.08247899
2025-12-27 14:50:00+00:00,2487.73,2487.92,2486.37,2486.86,8.98735179
2025-12-27 14:55:00+00:00,2487.09,2487.77,2487.0,2487.0,15.68178849
2025-12-27 15:00:00+00:00,2487.0,2487.0,2485.3,2485.38,9.98731738
2025-12-27 15:05:00+00:00,2486.5,2487.0,2485.96,2485.96,11.10160969
2025-12-27 15:10:00+00:00,2485.95,2486.28,2485.95,2486.1,2.00231291
2025-12-27 15:15:00+00:00,2486.2,2486.3,2485.4,2485.4,2.42689888
2025-12-27 15:20:00+00:00,2485.43,2485.49,2484.35,2485.18,5.30418498
2025-12-27 15:25:00+00:00,2485.17,2485.53,2485.09,2485.09,1.92184827
2025-12-27 15:30:00+00:00,2486.18,2487.79,2485.9,2487.3,12.44498075
2025-12-27 15:35:00+00:00,2487.29,2487.29,2485.45,2485.45,0.74191164
2025-12-27 15:40:00+00:00,2485.4,2486.88,2485.36,2486.88,5.4318685
2025-12-27 15:45:00+00:00,2486.39,2486.43,2485.74,2486.14,3.92561847
2025-12-27 15:50:00+00:00,2486.89,2486.89,2484.16,2485.23,13.65174954
2025-12-27 15:55:00+00:00,2485.06,2485.09,2483.82,2484.46,3.16105468
2025-12-27 16:00:00+00:00,2483.5,2486.14,2483.5,2485.4,1.70564697
2025-12-27 16:05:00+00:00,2484.91,2485.43,2484.39,2484.39,8.48523364
2025-12-27 16:10:00+00:00,2484.28,2484.89,2484.18,2484.24,0.92849711
2025-12-27 16:15:00+00:00,2484.09,2484.3,2483.99,2484.16,0.96287498
2025-12-27 16:20:00+00:00,2483.43,2483.43,2480.8,2482.18,2.16526249
2025-12-27 16:25:00+00:00,2481.89,2481.89,2478.84,2480.31,8.43097363
2025-12-27 16:30:00+00:00,2480.64,2482.06,2480.41,2481.81,3.18195132
2025-12-27 16:35:00+00:00,2481.52,2482.44,2481.11,2481.19,0.47318561
2025-12-27 16:40:00+00:00,2481.2,2482.62,2481.1,2481.32,1.02848751
2025-12-27 16:45:00+00:00,2481.16,2481.18,2477.9,2479.67,10.42167269
2025-12-27 16:50:00+00:00,2479.68,2479.69,2478.2,2478.2,5.70215483
2025-12-27 16:55:00+00:00,2478.18,2479.29,2477.81,2479.29,11.51476791
2025-12-27 17:00:00+00:00,2478.97,2483.4,2478.97,2480.06,117.53886566
2025-12-27 17:05:00+00:00,2481.07,2481.07,2479.03,2479.2,7.28017363
2025-12-27 17:10:00+00:00,2478.99,2483.2,2478.99,2483.2,4.14566072
2025-12-27 17:15:00+00:00,2482.72,2483.29,2481.19,2481.48,6.25755482
2025-12-27 17:20:00+00:00,2481.89,2484.66,2481.89,2484.66,0.83712797
2025-12-27 17:25:00+00:00,2484.68,2485.02,2483.99,2484.78,7.04712983
2025-12-27 17:30:00+00:00,2484.4,2484.43,2483.4,2483.5,2.70750387
2025-12-27 17:35:00+00:00,2483.89,2484.34,2483.6,2483.79,1.56247211
2025-12-27 17:40:00+00:00,2483.59,2483.93,2483.35,2483.93,0.75248808
2025-12-27 17:45:00+00:00,2485.3,2485.49,2484.84,2485.49,1.6884872
2025-12-27 17:50:00+00:00,2485.37,2486.63,2485.37,2485.99,2.15650951
2025-12-27 17:55:00+00:00,2486.07,2486.43,2485.9,2485.99,2.43935881
2025-12-27 18:00:00+00:00,2485.91,2486.09,2485.28,2485.41,9.27162739
2025-12-27 18:05:00+00:00,2485.73,2485.8,2484.8,2484.8,0.41406064
2025-12-27 18:10:00+00:00,2485.07,2485.12,2484.51,2484.64,3.17267246
2025-12-27 18:15:00+00:00,2484.9,2485.58,2483.93,2485.07,0.8500955
2025-12-27 18:20:00+00:00,2485.34,2485.34,2483.87,2484.98,6.13379574
2025-12-27 18:25:00+00:00,2485.43,2485.94,2485.19,2485.61,1.98135962
2025-12-27 18:30:00+00:00,2485.31,2485.59,2484.61,2484.61,1.23954836
2025-12-27 18:35:00+00:00,2484.66,2484.89,2483.94,2484.15,3.85212338
2025-12-27 18:40:00+00:00,2485.2,2485.2,2483.44,2483.47,0.83454829
2025-12-27 18:45:00+00:00,2483.58,2484.4,2483.5,2483.5,4.43533567
2025-12-27 18:50:00+00:00,2483.69,2483.69,2482.98,2483.41,0.16253568
2025-12-27 18:55:00+00:00,2482.98,2484.08,2482.98,2483.99,1.03139574
2025-12-27 19:00:00+00:00,2484.08,2484.11,2483.7,2483.7,4.23653667
2025-12-27 19:05:00+00:00,2484.56,2485.74,2483.8,2485.74,1.8790336
2025-12-27 19:10:00+00:00,2484.81,2485.41,2484.68,2485.2,2.79822995
2025-12-27 19:15:00+00:00,2485.1,2485.39,2484.29,2484.3,8.54868082
2025-12-27 19:20:00+00:00,2483.87,2485.3,2483.87,2485.3,0.83893396
2025-12-27 19:25:00+00:00,2484.82,2484.82,2484.82,2484.82,0.28053786
2025-12-27 19:30:00+00:00,2485.11,2485.23,2484.5,2484.99,0.3298152
2025-12-27 19:35:00+00:00,2485.56,2486.14,2485.0,2485.7,4.69581584
2025-12-27 19:40:00+00:00,2485.6,2485.6,2484.75,2485.4,8.86005785
2025-12-27 19:45:00+00:00,2486.11,2486.84,2485.84,2486.84,0.29915794
2025-12-27 19:50:00+00:00,2486.7,2487.44,2486.43,2487.19,4.86384229
2025-12-27 19:55:00+00:00,2487.1,2487.6,2486.37,2487.5,12.19407431
2025-12-27 20:00:00+00:00,2487.8,2487.92,2486.98,2487.72,7.21183109
2025-12-27 20:05:00+00:00,2489.0,2490.0,2487.8,2488.97,18.29105334
2025-12-27 20:10:00+00:00,2488.3,2488.57,2488.2,2488.53,2.18423592
2025-12-27 20:15:00+00:00,2489.69,2489.7,2487.4,2487.52,2.70699965
2025-12-27 20:20:00+00:00,2487.84,2487.9,2487.35,2487.9,2.88057887
2025-12-27 20:25:00+00:00,2488.03,2488.75,2487.2,2488.06,0.95703594
2025-12-27 20:30:00+00:00,2488.0,2488.59,2487.92,2488.39,1.48684251
2025-12-27 20:35:00+00:00,2488.3,2488.71,2488.28,2488.28,1.65294286
2025-12-27 20:40:00+00:00,2488.76,2488.86,2486.71,2487.13,8.68244495
2025-12-27 20:45:00+00:00,2487.56,2487.56,2486.63,2487.07,1.45402731
2025-12-27 20:50:00+00:00,2486.79,2486.79,2486.51,2486.51,0.17464597
2025-12-27 20:55:00+00:00,2486.1,2486.64,2485.8,2486.29,1.48382521
2025-12-27 21:00:00+00:00,2486.29,2486.29,2485.3,2485.7,1.26706896
2025-12-27 21:05:00+00:00,2486.68,2487.5,2486.68,2487.37,2.86483439
2025-12-27 21:10:00+00:00,2487.12,2488.25,2486.89,2488.25,2.53094989
2025-12-27 21:15:00+00:00,2488.43,2488.72,2487.13,2488.0,1.29989131
2025-12-27 21:20:00+00:00,2487.81,2488.23,2487.49,2487.62,0.60273341
2025-12-27 21:25:00+00:00,2487.92,2488.29,2487.46,2488.19,0.53364931
2025-12-27 21:30:00+00:00,2488.17,2489.7,2488.17,2489.7,0.81885253
2025-12-27 21:35:00+00:00,2489.71,2489.88,2489.38,2489.88,0.88929506
2025-12-27 21:40:00+00:00,2489.71,2489.71,2488.94,2489.31,1.80545983
2025-12-27 21:45:00+00:00,2489.31,2489.63,2488.96,2489.63,1.02339411
2025-12-27 21:50:00+00:00,2489.4,2489.62,2488.51,2489.27,5.43208246
2025-12-27 21:55:00+00:00,2490.0,2490.0,2489.13,2490.0,0.20055401
2025-12-27 22:00:00+00:00,2491.55,2492.0,2490.02,2490.03,5.34112208
2025-12-27 22:05:00+00:00,2488.46,2488.65,2487.2,2488.43,2.88113672
2025-12-27 22:10:00+00:00,2489.4,2502.3,2489.28,2500.45,81.79905425
2025-12-27 22:15:00+00:00,2503.0,2505.86,2497.96,2497.96,26.18357202
2025-12-27 22:20:00+00:00,2498.17,2498.27,2495.2,2496.0,63.48056065
2025-12-27 22:25:00+00:00,2497.09,2497.09,2495.36,2495.36,6.21505505
2025-12-27 22:30:00+00:00,2495.15,2495.15,2487.69,2487.69,20.08393318
2025-12-27 22:35:00+00:00,2489.6,2490.02,2486.4,2487.35,8.60556454
2025-12-27 22:40:00+00:00,2487.68,2489.89,2486.5,2486.5,28.80716544
2025-12-27 22:45:00+00:00,2487.39,2489.5,2487.39,2489.5,0.27886016
2025-12-27 22:50:00+00:00,2490.66,2491.28,2490.42,2491.12,1.93775857
2025-12-27 22:55:00+00:00,2491.29,2492.18,2489.44,2489.44,2.85323466
2025-12-27 23:00:00+00:00,2490.61,2491.93,2489.45,2489.45,1.92279501
2025-12-27 23:05:00+00:00,2490.71,2492.05,2489.8,2491.91,17.83489162
2025-12-27 23:10:00+00:00,2491.99,2492.33,2490.56,2490.56,5.17032325
2025-12-27 23:15:00+00:00,2491.25,2494.99,2491.25,2494.5,5.6036057
2025-12-27 23:20:00+00:00,2493.94,2497.15,2493.93,2496.57,15.46813412
2025-12-27 23:25:00+00:00,2495.92,2496.3,2495.69,2496.3,0.70382912
2025-12-27 23:30:00+00:00,2497.42,2497.86,2495.3,2495.3,13.1036224
2025-12-27 23:35:00+00:00,2494.42,2494.85,2494.42,2494.79,0.2820048
2025-12-27 23:40:00+00:00,2494.48,2494.82,2494.48,2494.68,0.31555486
2025-12-27 23:45:00+00:00,2495.06,2511.74,2495.06,2502.08,185.40573995
2025-12-27 23:50:00+00:00,2503.33,2505.7,2502.99,2503.65,5.14300851
2025-12-27 23:55:00+00:00,2503.32,2504.3,2501.6,2501.6,5.26045551
2025-12-28 00:00:00+00:00,2502.88,2504.0,2501.02,2501.51,4.88515063
2025-12-28 00:05:00+00:00,2501.53,2502.42,2500.31,2501.99,9.09805726
2025-12-28 00:10:00+00:00,2501.83,2502.6,2501.74,2502.09,0.37514444
2025-12-28 00:15:00+00:00,2501.04,2502.06,2500.6,2500.6,0.79340797
2025-12-28 00:20:00+00:00,2500.11,2501.71,2500.11,2501.18,0.67339097
2025-12-28 00:25:00+00:00,2500.5,2501.14,2498.7,2501.14,3.15116249
2025-12-28 00:30:00+00:00,2497.98,2500.29,2497.95,2499.36,31.58958672
2025-12-28 00:35:00+00:00,2500.59,2503.07,2500.59,2500.92,2.11758585
2025-12-28 00:40:00+00:00,2501.15,2501.33,2501.15,2501.33,0.05149331
2025-12-28 00:45:00+00:00,2502.86,2503.12,2502.33,2503.12,0.40200425
2025-12-28 00:50:00+00:00,2503.61,2503.61,2500.42,2500.42,6.34425856
2025-12-28 00:55:00+00:00,2500.1,2500.1,2500.1,2500.1,0.00199192
2025-12-28 01:00:00+00:00,2500.37,2502.48,2500.37,2502.18,0.7309058
2025-12-28 01:05:00+00:00,2502.6,2503.2,2499.91,2503.2,12.37751519
2025-12-28 01:10:00+00:00,2500.65,2500.65,2500.41,2500.5,0.47872369
2025-12-28 01:15:00+00:00,2498.8,2499.7,2497.89,2499.7,7.23607441
2025-12-28 01:20:00+00:00,2499.15,2499.34,2498.27,2498.27,1.06269908
2025-12-28 01:25:00+00:00,2499.02,2499.45,2498.1,2498.1,1.21134129
2025-12-28 01:30:00+00:00,2497.64,2498.89,2497.0,2498.89,1.58006395
2025-12-28 01:35:00+00:00,2499.69,2500.0,2499.1,2499.14,3.59215766
2025-12-28 01:40:00+00:00,2500.16,2500.16,2498.71,2498.83,6.44936227
2025-12-28 01:45:00+00:00,2498.23,2498.43,2497.23,2498.43,0.16030796
2025-12-28 01:50:00+00:00,2498.64,2498.64,2498.0,2498.0,3.40872823
2025-12-28 01:55:00+00:00,2497.75,2498.38,2497.75,2498.37,0.2664315
2025-12-28 02:00:00+00:00,2497.4,2497.5,2496.94,2497.5,8.06904609
2025-12-28 02:05:00+00:00,2497.48,2499.0,2497.38,2499.0,4.52709953
2025-12-28 02:10:00+00:00,2497.33,2498.06,2497.33,2497.9,2.59299632
2025-12-28 02:15:00+00:00,2497.7,2499.83,2497.7,2499.83,1.95347071
2025-12-28 02:20:00+00:00,2499.67,2499.87,2499.67,2499.87,1.15426494
2025-12-28 02:25:00+00:00,2500.08,2501.03,2500.08,2500.93,3.2984475
2025-12-28 02:30:00+00:00,2500.42,2502.39,2500.42,2502.39,1.69439066
2025-12-28 02:35:00+00:00,2502.1,2502.1,2501.36,2501.36,6.33074711
2025-12-28 02:40:00+00:00,2501.3,2501.35,2501.16,2501.35,1.73445641
2025-12-28 02:45:00+00:00,2501.61,2501.61,2500.0,2500.0,1.16310524
2025-12-28 02:50:00+00:00,2501.14,2501.14,2501.11,2501.11,0.07134166
2025-12-28 02:55:00+00:00,2501.24,2501.24,2500.9,2501.24,1.71511301
2025-12-28 03:00:00+00:00,2500.88,2501.16,2500.5,2500.5,0.08482799
2025-12-28 03:05:00+00:00,2501.81,2501.81,2500.4,2500.81,0.17091935
2025-12-28 03:10:00+00:00,2500.4,2500.4,2499.01,2499.61,7.84509935
2025-12-28 03:15:00+00:00,2499.01,2499.01,2497.52,2498.08,0.08487874
2025-12-28 03:20:00+00:00,2497.92,2498.07,2497.65,2498.07,0.09343265
2025-12-28 03:25:00+00:00,2497.96,2497.96,2496.4,2496.4,0.49406229
2025-12-28 03:35:00+00:00,2497.9,2497.9,2497.55,2497.55,0.10389727
2025-12-28 03:40:00+00:00,2497.77,2498.44,2497.77,2498.44,0.0533607
2025-12-28 03:45:00+00:00,2498.92,2498.92,2498.26,2498.26,0.20122088
2025-12-28 03:50:00+00:00,2497.85,2498.79,2497.85,2498.4,0.15519344
2025-12-28 03:55:00+00:00,2498.69,2498.69,2498.12,2498.12,0.32050736
2025-12-28 04:00:00+00:00,2496.76,2496.76,2496.76,2496.76,0.00998494
2025-12-28 04:05:00+00:00,2496.24,2497.46,2496.24,2497.46,4.14864001
2025-12-28 04:10:00+00:00,2498.85,2500.19,2498.85,2500.11,4.80300676
2025-12-28 04:15:00+00:00,2499.39,2499.98,2499.2,2499.5,0.27874406
2025-12-28 04:20:00+00:00,2500.02,2500.08,2499.59,2499.6,0.67141616
2025-12-28 04:25:00+00:00,2499.49,2499.49,2497.64,2497.79,11.5816254
2025-12-28 04:30:00+00:00,2497.79,2498.0,2497.79,2498.0,0.02327594
2025-12-28 04:35:00+00:00,2496.6,2496.6,2494.87,2494.87,2.39263733
2025-12-28 04:40:00+00:00,2494.75,2495.01,2493.8,2494.71,1.81079281
2025-12-28 04:45:00+00:00,2494.86,2494.94,2493.54,2493.54,0.2738052
2025-12-28 04:50:00+00:00,2494.1,2494.86,2494.1,2494.35,0.51925022
2025-12-28 04:55:00+00:00,2494.29,2494.39,2494.29,2494.39,0.0640413
2025-12-28 05:00:00+00:00,2493.3,2493.3,2491.4,2492.29,8.05096242
2025-12-28 05:05:00+00:00,2492.2,2492.76,2492.08,2492.76,2.94499585
2025-12-28 05:10:00+00:00,2492.68,2494.0,2492.68,2493.14,0.76412167
2025-12-28 05:15:00+00:00,2493.35,2493.35,2492.73,2492.73,0.16166428
2025-12-28 05:20:00+00:00,2491.3,2492.72,2491.3,2491.66,0.61536033
2025-12-28 05:25:00+00:00,2490.6,2491.28,2489.18,2489.18,5.55183175
2025-12-28 05:30:00+00:00,2487.8,2490.1,2486.84,2489.98,4.71582768
2025-12-28 05:35:00+00:00,2491.2,2491.2,2489.6,2489.6,1.22021246
2025-12-28 05:40:00+00:00,2489.39,2492.33,2489.39,2492.33,2.93773315
2025-12-28 05:45:00+00:00,2491.9,2493.3,2491.72,2491.72,2.52436864
2025-12-28 05:50:00+00:00,2492.41,2495.47,2492.41,2493.89,41.50067372
2025-12-28 05:55:00+00:00,2493.99,2493.99,2489.02,2490.39,18.1360884
2025-12-28 06:00:00+00:00,2490.66,2491.9,2490.33,2491.9,2.33026582
2025-12-28 06:05:00+00:00,2493.03,2494.7,2492.94,2493.97,1.57350698
2025-12-28 06:10:00+00:00,2493.41,2495.09,2493.41,2495.09,24.46829906
2025-12-28 06:15:00+00:00,2494.8,2494.8,2493.86,2494.37,4.80308221
2025-12-28 06:20:00+00:00,2494.52,2494.9,2493.67,2493.67,6.23004746
2025-12-28 06:25:00+00:00,2493.8,2493.8,2493.5,2493.5,0.22376997
2025-12-28 06:30:00+00:00,2494.6,2494.6,2494.2,2494.2,0.78839937
2025-12-28 06:35:00+00:00,2495.24,2496.7,2495.23,2496.69,9.36558237
2025-12-28 06:40:00+00:00,2496.97,2497.7,2496.22,2496.22,8.33773225
2025-12-28 06:45:00+00:00,2496.14,2496.7,2495.49,2496.7,16.5363228
2025-12-28 06:50:00+00:00,2497.14,2497.14,2496.47,2497.09,8.79732019
2025-12-28 06:55:00+00:00,2497.55,2497.8,2496.7,2497.35,6.52827081
2025-12-28 07:00:00+00:00,2496.54,2496.54,2495.06,2495.9,14.16870214
2025-12-28 07:05:00+00:00,2496.37,2497.17,2495.56,2496.52,3.70417961
2025-12-28 07:10:00+00:00,2495.6,2496.83,2495.53,2496.49,0.48170521
2025-12-28 07:15:00+00:00,2495.63,2495.76,2494.21,2494.64,2.53784696
2025-12-28 07:20:00+00:00,2494.85,2495.74,2494.85,2495.2,1.23403667
2025-12-28 07:25:00+00:00,2494.91,2494.91,2493.15,2493.68,0.79651702
2025-12-28 07:30:00+00:00,2493.53,2493.61,2493.3,2493.56,2.16178097
2025-12-28 07:35:00+00:00,2493.5,2493.5,2492.56,2493.18,1.16056225
2025-12-28 07:40:00+00:00,2492.83,2493.12,2491.86,2492.04,2.07366516
2025-12-28 07:45:00+00:00,2492.22,2493.7,2492.22,2493.7,0.45367276
2025-12-28 07:50:00+00:00,2493.58,2493.58,2492.4,2492.7,4.68499814
2025-12-28 07:55:00+00:00,2492.8,2493.29,2492.8,2493.12,1.77854251
2025-12-28 08:00:00+00:00,2494.13,2494.69,2493.74,2494.66,2.20405328
2025-12-28 08:05:00+00:00,2495.02,2496.96,2495.02,2496.96,5.15200945
2025-12-28 08:10:00+00:00,2496.2,2496.49,2495.6,2496.24,2.07452773
2025-12-28 08:15:00+00:00,2496.66,2496.66,2495.6,2495.6,0.54303325
2025-12-28 08:20:00+00:00,2496.04,2496.04,2495.0,2495.0,0.62986811
2025-12-28 08:25:00+00:00,2495.11,2495.2,2494.45,2495.2,1.30317817
2025-12-28 08:30:00+00:00,2495.51,2495.56,2493.1,2493.67,14.33202792
2025-12-28 08:35:00+00:00,2493.93,2494.69,2493.8,2494.64,0.81433946
2025-12-28 08:40:00+00:00,2499.6,2500.28,2495.45,2499.28,7.40106903
2025-12-28 08:45:00+00:00,2495.69,2495.69,2494.06,2494.06,2.38052696
2025-12-28 08:50:00+00:00,2493.89,2494.21,2492.55,2494.21,7.14683817
2025-12-28 08:55:00+00:00,2494.62,2495.26,2493.44,2493.44,1.71244603
2025-12-28 09:00:00+00:00,2493.44,2494.0,2492.45,2494.0,35.64080341
2025-12-28 09:05:00+00:00,2494.46,2496.18,2494.25,2496.18,3.42801337
2025-12-28 09:10:00+00:00,2496.48,2497.3,2496.48,2496.74,0.59235046
2025-12-28 09:15:00+00:00,2496.7,2496.9,2496.1,2496.19,1.04262269
2025-12-28 09:20:00+00:00,2496.85,2497.29,2496.68,2497.25,1.82578276
2025-12-28 09:25:00+00:00,2498.43,2498.43,2497.1,2497.1,0.68852733
2025-12-28 09:30:00+00:00,2497.12,2497.12,2495.4,2495.4,2.87031053
2025-12-28 09:35:00+00:00,2495.4,2495.4,2488.38,2489.33,34.08798769
2025-12-28 09:40:00+00:00,2490.36,2491.3,2487.64,2489.57,23.11350586
2025-12-28 09:45:00+00:00,2489.91,2490.51,2489.02,2490.51,11.17756928
2025-12-28 09:50:00+00:00,2490.69,2490.87,2488.73,2490.86,1.59430236
2025-12-28 09:55:00+00:00,2491.23,2492.55,2490.19,2492.34,2.80098132
2025-12-28 10:00:00+00:00,2492.46,2493.98,2492.35,2493.98,0.92598256
2025-12-28 10:05:00+00:00,2493.52,2497.07,2493.52,2497.07,21.85747374
2025-12-28 10:10:00+00:00,2496.82,2497.41,2495.4,2496.09,1.09436228
2025-12-28 10:15:00+00:00,2496.21,2496.77,2495.69,2495.82,5.95848839
2025-12-28 10:20:00+00:00,2496.27,2496.27,2494.3,2495.0,2.24583296
2025-12-28 10:25:00+00:00,2496.1,2496.87,2495.46,2496.34,3.60303906
2025-12-28 10:30:00+00:00,2495.57,2496.49,2495.57,2495.98,0.63074682
2025-12-28 10:35:00+00:00,2496.05,2497.52,2495.0,2495.59,1.37644053
2025-12-28 10:40:00+00:00,2495.29,2495.8,2494.9,2495.39,3.05327301
2025-12-28 10:45:00+00:00,2496.05,2496.08,2495.28,2496.08,2.33603156
2025-12-28 10:50:00+00:00,2496.24,2498.27,2496.08,2498.27,28.67835672
2025-12-28 10:55:00+00:00,2497.06,2497.4,2496.6,2497.08,27.3234071
2025-12-28 11:00:00+00:00,2498.41,2499.84,2497.97,2497.97,6.50001814
2025-12-28 11:05:00+00:00,2498.18,2499.18,2498.05,2498.36,12.25372661
2025-12-28 11:10:00+00:00,2499.2,2499.8,2498.58,2499.8,1.26532177
2025-12-28 11:15:00+00:00,2500.11,2500.2,2498.1,2498.1,3.00285593
2025-12-28 11:20:00+00:00,2498.79,2498.89,2498.0,2498.11,0.55182589
2025-12-28 11:25:00+00:00,2498.19,2498.63,2497.52,2498.39,4.01650677
2025-12-28 11:30:00+00:00,2498.5,2498.81,2497.72,2498.1,2.21275359
2025-12-28 11:35:00+00:00,2497.27,2497.27,2495.41,2495.41,19.2222364
2025-12-28 11:40:00+00:00,2493.83,2495.76,2493.83,2495.73,3.7292791
2025-12-28 11:45:00+00:00,2495.3,2498.1,2494.3,2497.8,18.73082518
2025-12-28 11:50:00+00:00,2498.2,2498.31,2497.31,2497.85,1.40576568
2025-12-28 11:55:00+00:00,2497.89,2498.2,2495.9,2497.41,27.31049057
2025-12-28 12:00:00+00:00,2498.16,2498.22,2496.82,2498.22,1.55337375
2025-12-28 12:05:00+00:00,2496.71,2497.07,2494.89,2494.89,30.13077754
2025-12-28 12:10:00+00:00,2494.78,2495.9,2494.78,2495.61,13.97263961
2025-12-28 12:15:00+00:00,2495.58,2495.61,2494.36,2494.84,4.2329828
2025-12-28 12:20:00+00:00,2494.22,2496.41,2494.15,2496.41,2.01993555
2025-12-28 12:25:00+00:00,2496.39,2496.77,2496.39,2496.77,0.80535507
2025-12-28 12:30:00+00:00,2496.48,2497.42,2496.31,2496.36,3.41946083
2025-12-28 12:35:00+00:00,2496.3,2496.47,2493.01,2493.5,9.36517817
2025-12-28 12:40:00+00:00,2493.81,2494.06,2492.15,2493.68,0.72903799
2025-12-28 12:45:00+00:00,2493.64,2494.71,2493.61,2494.4,4.10576884
2025-12-28 12:50:00+00:00,2494.19,2495.12,2494.19,2495.03,1.70936312
2025-12-28 12:55:00+00:00,2493.92,2493.92,2492.1,2493.01,18.13962878
2025-12-28 13:00:00+00:00,2493.1,2493.89,2492.61,2493.61,13.29238486
2025-12-28 13:05:00+00:00,2493.39,2496.04,2492.54,2492.54,7.49165502
2025-12-28 13:10:00+00:00,2494.22,2494.43,2492.49,2493.63,2.16250636
2025-12-28 13:15:00+00:00,2493.11,2493.92,2492.91,2493.92,2.71064376
2025-12-28 13:20:00+00:00,2494.43,2496.2,2493.8,2496.14,1.05884232
2025-12-28 13:25:00+00:00,2496.48,2497.27,2495.19,2495.86,8.8969197
2025-12-28 13:30:00+00:00,2496.71,2496.74,2494.64,2496.41,2.56744942
2025-12-28 13:35:00+00:00,2495.82,2497.29,2495.75,2496.35,12.69506642
2025-12-28 13:40:00+00:00,2496.39,2496.39,2494.53,2495.1,12.83121526
2025-12-28 13:45:00+00:00,2495.31,2495.31,2494.81,2495.06,0.5233278
2025-12-28 13:50:00+00:00,2494.77,2495.06,2493.89,2493.89,3.87344743
2025-12-28 13:55:00+00:00,2493.57,2493.72,2493.07,2493.7,5.52219715
2025-12-28 14:00:00+00:00,2493.45,2496.77,2493.45,2493.9,9.73069273
2025-12-28 14:05:00+00:00,2497.11,2497.46,2495.82,2497.37,9.54993701
2025-12-28 14:10:00+00:00,2497.84,2498.27,2497.41,2497.79,8.26589435
2025-12-28 14:15:00+00:00,2497.66,2498.06,2497.18,2497.97,6.89498954
2025-12-28 14:20:00+00:00,2498.57,2500.2,2497.47,2498.29,27.67884168
2025-12-28 14:25:00+00:00,2497.91,2499.89,2497.76,2499.21,16.626689
2025-12-28 14:30:00+00:00,2498.53,2500.22,2498.53,2499.47,17.22128749
2025-12-28 14:35:00+00:00,2499.28,2500.2,2498.54,2500.2,2.91148299
2025-12-28 14:40:00+00:00,2500.66,2506.7,2500.66,2502.75,12.54542006
2025-12-28 14:45:00+00:00,2503.45,2506.34,2502.95,2505.8,16.8040682
2025-12-28 14:50:00+00:00,2505.1,2505.1,2500.42,2500.95,57.78101574
2025-12-28 14:55:00+00:00,2500.84,2501.17,2498.75,2499.18,46.84192144
2025-12-28 15:00:00+00:00,2501.56,2503.01,2498.78,2503.01,16.59280237
2025-12-28 15:05:00+00:00,2503.46,2505.04,2502.36,2504.76,4.47974205
2025-12-28 15:10:00+00:00,2506.81,2509.22,2505.03,2507.71,17.402702
2025-12-28 15:15:00+00:00,2508.1,2509.87,2507.99,2508.62,5.88427106
2025-12-28 15:20:00+00:00,2508.57,2511.73,2506.59,2506.59,17.0192271
2025-12-28 15:25:00+00:00,2506.65,2508.89,2506.15,2506.15,12.2821935
2025-12-28 15:30:00+00:00,2506.65,2506.67,2502.47,2503.41,24.52072329
2025-12-28 15:35:00+00:00,2502.68,2505.61,2502.68,2505.61,30.67449157
2025-12-28 15:40:00+00:00,2505.1,2506.21,2505.1,2505.11,1.57534194
2025-12-28 15:45:00+00:00,2504.63,2505.43,2504.61,2505.12,1.76207527
2025-12-28 15:50:00+00:00,2505.51,2506.0,2502.05,2502.1,24.01098747
2025-12-28 15:55:00+00:00,2500.75,2502.58,2500.74,2501.73,2.51091711
2025-12-28 16:00:00+00:00,2501.1,2503.6,2500.8,2501.88,1.772377
2025-12-28 16:05:00+00:00,2502.49,2503.75,2502.01,2503.6,5.38099055
2025-12-28 16:10:00+00:00,2503.3,2503.3,2502.37,2502.37,6.035244
2025-12-28 16:15:00+00:00,2503.59,2506.51,2503.59,2504.9,21.19030464
2025-12-28 16:20:00+00:00,2505.84,2505.84,2500.0,2500.0,9.93301163
2025-12-28 16:25:00+00:00,2499.42,2499.82,2495.0,2496.55,25.9736575
2025-12-28 16:30:00+00:00,2496.19,2498.11,2496.19,2497.25,9.89396435
2025-12-28 16:35:00+00:00,2497.4,2498.63,2496.82,2497.47,3.74282618
2025-12-28 16:40:00+00:00,2497.78,2498.4,2497.18,2497.78,8.80057503
2025-12-28 16:45:00+00:00,2497.5,2498.9,2497.5,2498.66,5.06150109
2025-12-28 16:50:00+00:00,2498.31,2498.79,2498.08,2498.25,1.25359704
2025-12-28 16:55:00+00:00,2498.22,2498.22,2496.72,2497.0,2.8368903
2025-12-28 17:00:00+00:00,2497.0,2497.0,2496.72,2496.93,4.53775895
2025-12-28 17:05:00+00:00,2497.85,2498.0,2497.7,2498.0,2.30407876
2025-12-28 17:10:00+00:00,2500.0,2501.95,2500.0,2500.79,10.77426865
2025-12-28 17:15:00+00:00,2501.43,2503.86,2501.17,2502.7,1.78446791
2025-12-28 17:20:00+00:00,2502.38,2502.79,2501.34,2502.79,11.56084859
2025-12-28 17:25:00+00:00,2502.79,2502.83,2501.78,2501.8,2.70883691
2025-12-28 17:30:00+00:00,2502.0,2502.04,2500.71,2500.71,3.92116449
2025-12-28 17:35:00+00:00,2500.61,2501.91,2500.21,2500.21,13.23401879
2025-12-28 17:40:00+00:00,2500.8,2501.36,2500.8,2500.8,0.66536747
2025-12-28 17:45:00+00:00,2500.01,2500.66,2500.0,2500.52,1.5485994
2025-12-28 17:50:00+00:00,2499.46,2499.47,2498.61,2499.39,2.64983015
2025-12-28 17:55:00+00:00,2499.23,2499.23,2498.64,2498.64,1.0468237
2025-12-28 18:00:00+00:00,2499.48,2499.48,2494.71,2495.41,12.79263742
2025-12-28 18:05:00+00:00,2496.21,2498.2,2495.53,2496.28,3.52167119
2025-12-28 18:10:00+00:00,2496.88,2497.35,2495.9,2497.01,0.74965079
2025-12-28 18:15:00+00:00,2495.42,2495.42,2481.8,2488.26,140.54472968
2025-12-28 18:20:00+00:00,2486.61,2492.16,2486.61,2488.4,110.31248862
2025-12-28 18:25:00+00:00,2489.0,2491.72,2488.38,2490.92,26.93509327
2025-12-28 18:30:00+00:00,2490.91,2492.47,2490.01,2490.5,28.55476042
2025-12-28 18:35:00+00:00,2492.16,2492.58,2490.22,2491.45,14.60982968
2025-12-28 18:40:00+00:00,2491.3,2492.12,2490.76,2491.82,3.69839795
2025-12-28 18:45:00+00:00,2490.07,2490.24,2486.54,2489.15,10.51847491
2025-12-28 18:50:00+00:00,2489.46,2489.46,2485.2,2485.81,13.89529655
2025-12-28 18:55:00+00:00,2486.3,2487.75,2486.29,2486.74,4.36064778
2025-12-28 19:00:00+00:00,2486.7,2488.54,2484.18,2488.16,5.53107485
2025-12-28 19:05:00+00:00,2483.43,2489.84,2483.43,2489.79,30.12020631
2025-12-28 19:10:00+00:00,2492.21,2492.62,2489.07,2490.8,32.92398312
2025-12-28 19:15:00+00:00,2491.09,2491.09,2489.2,2489.61,1.25749886
2025-12-28 19:20:00+00:00,2489.34,2491.87,2488.0,2488.21,5.54556329
2025-12-28 19:25:00+00:00,2488.38,2488.7,2486.84,2486.84,12.65367834
2025-12-28 19:30:00+00:00,2486.55,2490.4,2486.1,2487.34,43.87257088
2025-12-28 19:35:00+00:00,2490.8,2490.8,2487.76,2488.72,85.97849852
2025-12-28 19:40:00+00:00,2488.77,2489.1,2486.55,2487.07,9.05298845
2025-12-28 19:45:00+00:00,2486.1,2487.33,2485.69,2486.69,13.39766845
2025-12-28 19:50:00+00:00,2486.8,2486.8,2485.72,2485.91,12.00989559
2025-12-28 19:55:00+00:00,2485.69,2486.8,2485.47,2486.14,31.6018724
2025-12-28 20:00:00+00:00,2487.08,2488.55,2486.52,2487.08,10.54374279
2025-12-28 20:05:00+00:00,2486.98,2489.17,2485.0,2487.36,46.38726826
2025-12-28 20:10:00+00:00,2487.36,2487.36,2482.44,2484.72,9.91213427
2025-12-28 20:15:00+00:00,2484.86,2488.78,2484.86,2488.64,15.88955028
2025-12-28 20:20:00+00:00,2487.35,2487.8,2486.58,2487.71,7.77957587
2025-12-28 20:25:00+00:00,2487.16,2488.1,2486.78,2487.9,3.42391869
2025-12-28 20:30:00+00:00,2487.18,2489.18,2487.18,2488.71,2.28424942
2025-12-28 20:35:00+00:00,2488.3,2489.01,2488.11,2489.01,2.51316179
2025-12-28 20:40:00+00:00,2489.69,2489.69,2489.0,2489.28,1.46098253
2025-12-28 20:45:00+00:00,2489.06,2489.85,2488.51,2489.75,15.92227035
2025-12-28 20:50:00+00:00,2490.0,2490.76,2487.51,2487.51,4.8971764
2025-12-28 20:55:00+00:00,2486.97,2486.97,2485.47,2486.01,17.21252069
2025-12-28 21:00:00+00:00,2486.34,2487.51,2484.6,2484.98,8.03348749
2025-12-28 21:05:00+00:00,2484.23,2487.82,2483.23,2487.82,23.17524726
2025-12-28 21:10:00+00:00,2488.35,2489.16,2484.82,2486.64,37.71218061
2025-12-28 21:15:00+00:00,2487.6,2488.26,2486.46,2486.68,11.83164165
2025-12-28 21:20:00+00:00,2486.27,2486.47,2484.99,2485.47,6.90559859
2025-12-28 21:25:00+00:00,2484.66,2488.36,2484.66,2487.83,13.1349385
2025-12-28 21:30:00+00:00,2487.24,2489.88,2487.24,2489.88,0.76797939
2025-12-28 21:35:00+00:00,2489.99,2491.3,2489.99,2490.47,2.32408337
2025-12-28 21:40:00+00:00,2489.62,2490.86,2489.62,2490.86,9.18437693
2025-12-28 21:45:00+00:00,2490.81,2491.6,2490.81,2491.14,3.31698979
2025-12-28 21:50:00+00:00,2491.22,2492.3,2490.6,2490.9,1.82773626
2025-12-28 21:55:00+00:00,2490.95,2491.11,2490.1,2490.18,7.41746856
2025-12-28 22:00:00+00:00,2491.66,2491.66,2489.64,2490.31,4.82025518
2025-12-28 22:05:00+00:00,2490.24,2492.26,2489.99,2491.3,109.8713835
2025-12-28 22:10:00+00:00,2492.26,2492.3,2490.59,2492.3,16.55938139
2025-12-28 22:15:00+00:00,2492.7,2492.88,2491.13,2492.03,11.64432043
2025-12-28 22:20:00+00:00,2492.09,2494.45,2492.09,2494.31,7.7675587
2025-12-28 22:25:00+00:00,2494.31,2497.6,2494.31,2496.13,23.38833963
2025-12-28 22:30:00+00:00,2496.18,2496.42,2493.8,2494.46,4.84622566
2025-12-28 22:35:00+00:00,2494.84,2497.32,2494.84,2495.1,5.87126772
2025-12-28 22:40:00+00:00,2497.39,2498.72,2497.13,2498.65,10.63829868
2025-12-28 22:45:00+00:00,2496.8,2503.08,2496.3,2503.08,42.21657091
2025-12-28 22:50:00+00:00,2504.08,2507.4,2502.64,2505.59,42.38904572
2025-12-28 22:55:00+00:00,2505.9,2505.9,2503.08,2503.4,2.13927582
2025-12-28 23:00:00+00:00,2503.9,2506.53,2499.47,2500.49,5.7484314
2025-12-28 23:05:00+00:00,2498.0,2499.8,2495.8,2497.62,13.42061548
2025-12-28 23:10:00+00:00,2497.36,2497.91,2495.26,2495.44,1.94100364
2025-12-28 23:15:00+00:00,2495.9,2500.07,2495.49,2495.58,2.18142721
2025-12-28 23:20:00+00:00,2499.45,2500.0,2497.54,2499.32,12.85895441
2025-12-28 23:25:00+00:00,2498.03,2498.03,2496.11,2496.9,2.80841459
2025-12-28 23:30:00+00:00,2496.1,2501.07,2496.03,2500.1,2.51270441
2025-12-28 23:35:00+00:00,2500.83,2501.46,2500.61,2500.94,10.87189501
2025-12-28 23:40:00+00:00,2500.73,2501.76,2500.66,2501.72,3.39340895
2025-12-28 23:45:00+00:00,2502.75,2505.28,2501.91,2504.72,4.46877605
2025-12-28 23:50:00+00:00,2504.39,2506.44,2502.44,2502.44,3.80083983
2025-12-28 23:55:00+00:00,2503.61,2503.91,2503.27,2503.47,4.60237104
2025-12-29 00:00:00+00:00,2504.6,2504.81,2499.93,2500.42,5.99668661
2025-12-29 00:05:00+00:00,2500.11,2503.06,2500.11,2501.53,6.5942944
2025-12-29 00:10:00+00:00,2501.5,2503.34,2501.41,2501.41,0.59988672
2025-12-29 00:15:00+00:00,2501.0,2501.2,2499.16,2499.59,6.97098579
2025-12-29 00:20:00+00:00,2499.59,2510.0,2498.43,2506.16,47.83242759
2025-12-29 00:25:00+00:00,2506.43,2509.19,2505.21,2508.69,9.17276681
2025-12-29 00:30:00+00:00,2509.15,2521.0,2509.15,2516.57,55.7253094
2025-12-29 00:35:00+00:00,2517.8,2523.43,2516.26,2520.63,33.33280278
2025-12-29 00:40:00+00:00,2518.7,2519.8,2516.54,2516.9,23.62727793
2025-12-29 00:45:00+00:00,2522.0,2522.0,2516.66,2521.85,3.64791124
2025-12-29 00:50:00+00:00,2522.67,2524.36,2517.77,2518.3,13.96433855
2025-12-29 00:55:00+00:00,2516.39,2516.39,2515.17,2516.26,13.68675563
2025-12-29 01:00:00+00:00,2517.22,2517.22,2509.37,2509.94,8.24287605
2025-12-29 01:05:00+00:00,2508.73,2511.17,2507.81,2507.81,2.50313431
2025-12-29 01:10:00+00:00,2511.58,2512.73,2511.51,2511.51,7.774671
2025-12-29 01:15:00+00:00,2511.86,2511.88,2504.71,2507.66,12.66134321
2025-12-29 01:20:00+00:00,2510.13,2510.13,2507.75,2508.49,1.77658033
2025-12-29 01:25:00+00:00,2508.13,2510.7,2508.05,2510.5,1.61122083
2025-12-29 01:30:00+00:00,2510.07,2512.27,2508.6,2512.27,3.75180411
2025-12-29 01:35:00+00:00,2513.96,2524.47,2513.96,2524.47,5.16557002
2025-12-29 01:40:00+00:00,2524.47,2528.99,2523.01,2524.3,29.48679445
2025-12-29 01:45:00+00:00,2527.01,2530.9,2525.0,2529.47,28.38373261
2025-12-29 01:50:00+00:00,2530.9,2531.33,2524.41,2526.16,14.30113639
2025-12-29 01:55:00+00:00,2526.89,2528.74,2525.65,2525.65,10.79706595
2025-12-29 02:00:00+00:00,2527.67,2533.48,2527.4,2530.96,65.76485862
2025-12-29 02:05:00+00:00,2547.49,2557.37,2532.05,2549.31,179.84932827
2025-12-29 02:10:00+00:00,2547.77,2553.72,2546.38,2552.68,58.74188036
2025-12-29 02:15:00+00:00,2553.9,2556.27,2545.74,2547.66,53.73753384
2025-12-29 02:20:00+00:00,2547.98,2548.6,2541.9,2542.54,13.45738116
2025-12-29 02:25:00+00:00,2544.24,2548.41,2544.2,2548.3,70.34830373
2025-12-29 02:30:00+00:00,2549.0,2550.79,2544.39,2544.39,19.33919545
2025-12-29 02:35:00+00:00,2546.58,2547.4,2542.7,2542.7,29.52388286
2025-12-29 02:40:00+00:00,2545.41,2545.75,2543.15,2543.31,6.99985947
2025-12-29 02:45:00+00:00,2543.7,2547.12,2543.63,2544.55,19.74524138
2025-12-29 02:50:00+00:00,2548.31,2549.5,2547.17,2549.18,13.68766758
2025-12-29 02:55:00+00:00,2547.34,2547.87,2545.37,2545.79,8.48922558
2025-12-29 03:00:00+00:00,2547.6,2547.6,2545.6,2547.14,9.91846247
2025-12-29 03:05:00+00:00,2548.28,2550.42,2547.73,2548.85,16.14659788
2025-12-29 03:10:00+00:00,2549.72,2555.2,2549.72,2554.61,20.04819714
2025-12-29 03:15:00+00:00,2553.89,2553.91,2551.99,2553.56,6.98273331
2025-12-29 03:20:00+00:00,2554.2,2554.2,2549.9,2549.9,5.67232732
2025-12-29 03:25:00+00:00,2552.5,2553.7,2551.11,2553.1,17.66445442
2025-12-29 03:30:00+00:00,2553.8,2555.96,2552.16,2552.16,17.84390779
2025-12-29 03:35:00+00:00,2554.8,2571.01,2554.09,2563.5,180.57121261
2025-12-29 03:40:00+00:00,2571.36,2584.0,2569.47,2574.2,81.40814326
2025-12-29 03:45:00+00:00,2575.57,2578.88,2573.24,2577.43,40.38337722
2025-12-29 03:50:00+00:00,2576.8,2579.6,2575.5,2577.18,17.00473993
2025-12-29 03:55:00+00:00,2579.24,2583.35,2578.06,2579.91,61.2794427
2025-12-29 04:00:00+00:00,2582.5,2583.8,2577.8,2578.7,24.82540675
2025-12-29 04:05:00+00:00,2580.4,2582.1,2578.27,2579.3,20.98307563
2025-12-29 04:10:00+00:00,2581.7,2584.0,2579.78,2583.66,38.35267791
2025-12-29 04:15:00+00:00,2583.6,2590.0,2583.58,2589.11,35.63992382
2025-12-29 04:20:00+00:00,2587.1,2592.0,2579.28,2581.8,92.01150174
2025-12-29 04:25:00+00:00,2582.0,2583.84,2580.2,2581.8,16.53429998
2025-12-29 04:30:00+00:00,2583.46,2585.1,2580.82,2585.1,14.59058845
2025-12-29 04:35:00+00:00,2585.02,2589.2,2585.02,2587.08,12.51802007
2025-12-29 04:40:00+00:00,2588.42,2588.82,2584.93,2584.93,35.24250858
2025-12-29 04:45:00+00:00,2585.1,2585.4,2582.29,2584.4,10.58282666
2025-12-29 04:50:00+00:00,2583.08,2583.91,2579.65,2581.15,18.12658052
2025-12-29 04:55:00+00:00,2581.5,2582.53,2580.0,2580.0,1.74988879
2025-12-29 05:00:00+00:00,2580.0,2581.21,2574.94,2574.94,16.70337042
2025-12-29 05:05:00+00:00,2578.25,2580.56,2575.19,2577.35,16.34614846
2025-12-29 05:10:00+00:00,2577.4,2584.05,2577.4,2583.4,20.78624356
2025-12-29 05:15:00+00:00,2583.27,2583.27,2580.95,2580.95,42.92266437
2025-12-29 05:20:00+00:00,2581.2,2581.55,2579.4,2580.6,4.26529485
2025-12-29 05:25:00+00:00,2579.89,2581.06,2578.63,2578.95,6.26781413
2025-12-29 05:30:00+00:00,2578.72,2579.28,2577.2,2577.83,8.56765284
2025-12-29 05:35:00+00:00,2578.28,2585.1,2578.27,2583.11,56.65467688
2025-12-29 05:40:00+00:00,2579.79,2585.25,2579.79,2585.25,48.95008802
2025-12-29 05:45:00+00:00,2584.7,2585.09,2581.11,2582.36,21.03653297
2025-12-29 05:50:00+00:00,2582.56,2582.56,2576.97,2578.65,48.32601613
2025-12-29 05:55:00+00:00,2579.0,2580.44,2579.0,2579.4,8.78300902
2025-12-29 06:00:00+00:00,2579.14,2579.42,2575.53,2576.09,22.71034099
2025-12-29 06:05:00+00:00,2578.9,2579.4,2575.19,2579.4,52.59279961
2025-12-29 06:10:00+00:00,2580.0,2581.25,2579.9,2580.51,10.91685621
2025-12-29 06:15:00+00:00,2580.88,2584.09,2580.88,2584.07,14.10694823
2025-12-29 06:20:00+00:00,2584.3,2584.39,2581.37,2582.18,2.24205289
2025-12-29 06:25:00+00:00,2582.09,2582.09,2577.78,2577.9,18.34933098
2025-12-29 06:30:00+00:00,2578.2,2579.89,2576.22,2576.23,27.43799563
2025-12-29 06:35:00+00:00,2576.3,2579.85,2576.3,2577.17,44.20160381
2025-12-29 06:40:00+00:00,2577.34,2578.11,2576.11,2577.1,16.36394209
2025-12-29 06:45:00+00:00,2576.94,2577.1,2573.93,2574.37,39.96332379
2025-12-29 06:50:00+00:00,2575.99,2576.4,2573.86,2574.0,26.69350507
2025-12-29 06:55:00+00:00,2573.63,2575.93,2573.01,2575.93,6.09326799
2025-12-29 07:00:00+00:00,2575.5,2578.28,2573.43,2574.15,51.26507015
2025-12-29 07:05:00+00:00,2570.08,2573.91,2549.01,2561.1,348.54828063
2025-12-29 07:10:00+00:00,2561.71,2567.17,2560.62,2562.0,130.30616314
2025-12-29 07:15:00+00:00,2557.5,2562.86,2557.39,2559.4,12.78714028
2025-12-29 07:20:00+00:00,2559.17,2559.26,2554.67,2557.0,18.03492148
2025-12-29 07:25:00+00:00,2558.78,2558.78,2555.23,2556.1,22.87166003
2025-12-29 07:30:00+00:00,2556.69,2562.09,2556.35,2559.22,32.56928282
2025-12-29 07:35:00+00:00,2559.79,2561.42,2559.3,2559.53,17.07451827
2025-12-29 07:40:00+00:00,2559.0,2561.01,2557.4,2557.5,26.76141039
2025-12-29 07:45:00+00:00,2559.09,2560.69,2556.89,2560.6,20.99028453
2025-12-29 07:50:00+00:00,2560.1,2561.0,2559.6,2560.89,18.86406442
2025-12-29 07:55:00+00:00,2560.49,2560.52,2558.8,2559.4,45.26728036
2025-12-29 08:00:00+00:00,2559.55,2559.7,2553.56,2553.56,48.36766344
2025-12-29 08:05:00+00:00,2554.48,2557.0,2553.57,2556.3,41.87031495
2025-12-29 08:10:00+00:00,2557.0,2561.99,2557.0,2561.9,35.15416616
2025-12-29 08:15:00+00:00,2562.0,2563.26,2560.74,2562.0,24.60062755
2025-12-29 08:20:00+00:00,2562.13,2564.36,2560.8,2563.6,18.1506067
2025-12-29 08:25:00+00:00,2564.07,2564.7,2561.7,2562.25,25.29374024
2025-12-29 08:30:00+00:00,2561.74,2563.13,2561.0,2561.01,14.53220579
2025-12-29 08:35:00+00:00,2562.4,2562.95,2556.44,2558.47,17.39721038
2025-12-29 08:40:00+00:00,2557.71,2559.99,2557.41,2559.06,18.52446791
2025-12-29 08:45:00+00:00,2556.95,2558.96,2556.2,2558.38,28.31938462
2025-12-29 08:50:00+00:00,2558.72,2558.72,2550.0,2552.0,42.993298
2025-12-29 08:55:00+00:00,2552.0,2554.12,2552.0,2552.73,16.97791006
2025-12-29 09:00:00+00:00,2552.81,2554.77,2551.0,2554.1,62.66931965
2025-12-29 09:05:00+00:00,2554.2,2555.38,2550.27,2551.01,56.74509841
2025-12-29 09:10:00+00:00,2551.52,2553.15,2551.52,2552.2,8.9425244
2025-12-29 09:15:00+00:00,2551.48,2553.39,2549.6,2552.32,87.29447881
2025-12-29 09:20:00+00:00,2552.95,2556.0,2552.08,2554.19,26.40355615
2025-12-29 09:25:00+00:00,2554.64,2554.64,2547.37,2548.8,24.13823813
2025-12-29 09:30:00+00:00,2550.34,2550.48,2533.01,2535.01,154.93417547
2025-12-29 09:35:00+00:00,2535.4,2535.98,2525.9,2528.1,132.92943024
2025-12-29 09:40:00+00:00,2531.95,2531.95,2512.5,2518.58,210.79154262
2025-12-29 09:45:00+00:00,2517.0,2518.68,2507.23,2514.72,99.10291422
2025-12-29 09:50:00+00:00,2514.55,2516.08,2506.7,2516.08,59.94343021
2025-12-29 09:55:00+00:00,2515.07,2523.99,2511.46,2523.89,39.51744065
2025-12-29 10:00:00+00:00,2521.11,2524.76,2519.88,2522.47,75.72642242
2025-12-29 10:05:00+00:00,2525.13,2525.8,2515.8,2524.8,55.68606519
2025-12-29 10:10:00+00:00,2524.2,2530.44,2522.92,2524.65,46.45666501
2025-12-29 10:15:00+00:00,2523.0,2523.0,2518.69,2519.1,39.87255382
2025-12-29 10:20:00+00:00,2519.77,2522.64,2519.77,2522.12,26.66632568
2025-12-29 10:25:00+00:00,2521.2,2521.21,2518.51,2521.21,20.37429684
2025-12-29 10:30:00+00:00,2521.48,2521.72,2519.7,2519.7,25.20140043
2025-12-29 10:35:00+00:00,2519.7,2523.02,2518.5,2520.7,21.85394223
2025-12-29 10:40:00+00:00,2520.3,2520.91,2518.86,2520.64,20.33789648
2025-12-29 10:45:00+00:00,2521.12,2522.73,2517.46,2517.46,23.99690273
2025-12-29 10:50:00+00:00,2517.77,2519.94,2516.0,2519.45,21.97842356
2025-12-29 10:55:00+00:00,2518.84,2518.84,2512.7,2516.3,50.24834043
2025-12-29 11:00:00+00:00,2516.0,2517.32,2509.77,2512.32,71.54461754
2025-12-29 11:05:00+00:00,2512.42,2515.71,2509.75,2514.27,30.74241379
2025-12-29 11:10:00+00:00,2514.08,2517.46,2513.71,2517.0,41.7698508
2025-12-29 11:15:00+00:00,2517.1,2518.35,2514.8,2517.8,16.21960882
2025-12-29 11:20:00+00:00,2517.4,2518.45,2515.45,2515.88,30.8592983
2025-12-29 11:25:00+00:00,2515.9,2517.8,2515.0,2515.63,24.31067319
2025-12-29 11:30:00+00:00,2515.18,2515.18,2512.08,2514.18,37.90848838
2025-12-29 11:35:00+00:00,2514.34,2515.27,2512.16,2513.4,28.07085561
2025-12-29 11:40:00+00:00,2513.3,2516.97,2512.3,2514.41,73.93642084
2025-12-29 11:45:00+00:00,2514.5,2515.71,2513.3,2514.53,50.33597179
2025-12-29 11:50:00+00:00,2514.6,2515.97,2513.8,2515.96,34.67579201
2025-12-29 11:55:00+00:00,2515.97,2515.97,2511.9,2512.7,103.80045763
2025-12-29 12:00:00+00:00,2512.2,2513.38,2506.71,2511.91,148.28817594
2025-12-29 12:05:00+00:00,2509.5,2509.5,2489.3,2496.1,180.26948876
2025-12-29 12:10:00+00:00,2494.81,2495.0,2475.0,2492.86,184.2874331
2025-12-29 12:15:00+00:00,2478.1,2481.72,2472.7,2476.78,96.95903646
2025-12-29 12:20:00+00:00,2475.66,2492.14,2474.0,2492.14,80.44747439
2025-12-29 12:25:00+00:00,2489.6,2493.4,2486.6,2487.6,88.34878822
2025-12-29 12:30:00+00:00,2487.5,2494.2,2486.4,2493.04,130.04407021
2025-12-29 12:35:00+00:00,2492.8,2494.4,2490.43,2493.93,55.43023265
2025-12-29 12:40:00+00:00,2495.24,2495.51,2488.6,2488.6,33.82667986
2025-12-29 12:45:00+00:00,2488.91,2490.5,2487.36,2489.22,43.26017353
2025-12-29 12:50:00+00:00,2489.55,2490.49,2487.91,2489.63,15.62713966
2025-12-29 12:55:00+00:00,2490.52,2490.61,2488.4,2489.77,8.92706613
2025-12-29 13:00:00+00:00,2487.99,2495.56,2487.99,2493.69,56.79851649
2025-12-29 13:05:00+00:00,2492.0,2492.05,2490.3,2491.94,17.82856902
2025-12-29 13:10:00+00:00,2492.55,2492.85,2490.13,2490.49,44.49458909
2025-12-29 13:15:00+00:00,2491.4,2494.23,2489.2,2493.04,48.47905199
2025-12-29 13:20:00+00:00,2492.32,2493.16,2490.81,2491.79,22.53429081
2025-12-29 13:25:00+00:00,2490.51,2491.62,2488.41,2488.98,11.73417703
2025-12-29 13:30:00+00:00,2489.01,2490.95,2487.96,2488.4,17.41347702
2025-12-29 13:35:00+00:00,2488.93,2489.23,2485.54,2487.55,23.6164488
2025-12-29 13:40:00+00:00,2486.0,2487.78,2484.36,2487.78,7.91810974
2025-12-29 13:45:00+00:00,2486.78,2488.75,2482.7,2482.9,32.6448027
2025-12-29 13:50:00+00:00,2481.24,2484.43,2478.0,2483.59,43.2432697
2025-12-29 13:55:00+00:00,2483.4,2485.62,2483.4,2485.01,18.83130142
2025-12-29 14:00:00+00:00,2485.25,2486.0,2481.2,2481.85,80.83029033
2025-12-29 14:05:00+00:00,2481.2,2482.47,2477.02,2481.0,59.05547306
2025-12-29 14:10:00+00:00,2480.45,2484.54,2479.51,2484.54,9.10316663
2025-12-29 14:15:00+00:00,2484.31,2486.88,2483.0,2485.69,71.35672008
2025-12-29 14:20:00+00:00,2483.63,2486.14,2480.64,2482.5,17.19816162
2025-12-29 14:25:00+00:00,2483.1,2490.63,2483.1,2490.6,33.99969111
2025-12-29 14:30:00+00:00,2487.85,2506.76,2486.18,2502.3,150.13770881
2025-12-29 14:35:00+00:00,2503.3,2515.45,2501.33,2508.78,53.56333284
2025-12-29 14:40:00+00:00,2505.27,2509.04,2501.79,2509.04,68.50615492
2025-12-29 14:45:00+00:00,2510.16,2510.16,2501.57,2502.0,32.54304403
2025-12-29 14:50:00+00:00,2496.55,2504.4,2489.73,2489.73,52.62193615
2025-12-29 14:55:00+00:00,2491.81,2492.1,2478.5,2482.97,54.33509008
2025-12-29 15:00:00+00:00,2482.35,2482.35,2475.13,2478.13,95.19666176
2025-12-29 15:05:00+00:00,2480.6,2486.8,2478.7,2486.06,92.27711234
2025-12-29 15:10:00+00:00,2491.94,2498.4,2486.99,2498.35,46.232066
2025-12-29 15:15:00+00:00,2496.6,2498.6,2488.63,2489.1,39.24918978
2025-12-29 15:20:00+00:00,2490.03,2491.04,2484.0,2488.9,18.18394717
2025-12-29 15:25:00+00:00,2491.29,2496.25,2491.29,2494.08,2.61928559
2025-12-29 15:30:00+00:00,2494.01,2496.44,2491.92,2496.44,45.99316778
2025-12-29 15:35:00+00:00,2496.44,2498.38,2490.84,2492.9,8.97273548
2025-12-29 15:40:00+00:00,2493.39,2495.27,2492.66,2494.34,14.13256575
2025-12-29 15:45:00+00:00,2495.45,2497.84,2490.0,2490.0,59.76230731
2025-12-29 15:50:00+00:00,2487.85,2490.5,2487.23,2489.6,21.68439024
2025-12-29 15:55:00+00:00,2487.57,2494.37,2487.53,2492.73,28.26702721
2025-12-29 16:00:00+00:00,2489.94,2495.17,2489.94,2493.44,10.75927701
2025-12-29 16:05:00+00:00,2493.4,2496.41,2493.4,2496.41,21.40191488
2025-12-29 16:10:00+00:00,2494.41,2498.81,2493.98,2496.6,29.79717602
2025-12-29 16:15:00+00:00,2495.8,2496.6,2491.39,2494.5,34.9309044
2025-12-29 16:20:00+00:00,2494.16,2494.23,2490.75,2493.63,16.8449241
2025-12-29 16:25:00+00:00,2492.59,2492.59,2485.47,2488.18,35.78242142
2025-12-29 16:30:00+00:00,2490.31,2495.25,2489.89,2493.16,13.14396765
2025-12-29 16:35:00+00:00,2491.82,2495.45,2491.46,2491.46,74.24154017
2025-12-29 16:40:00+00:00,2490.07,2493.58,2490.0,2492.63,10.07248935
2025-12-29 16:45:00+00:00,2492.99,2498.7,2492.99,2497.5,27.60151335
2025-12-29 16:50:00+00:00,2499.01,2499.88,2493.14,2493.72,28.89716786
2025-12-29 16:55:00+00:00,2494.78,2497.3,2494.53,2495.35,23.21512821
2025-12-29 17:00:00+00:00,2495.6,2499.77,2494.79,2496.24,19.10041295
2025-12-29 17:05:00+00:00,2497.19,2497.19,2494.82,2495.07,3.19240582
2025-12-29 17:10:00+00:00,2494.91,2496.61,2494.0,2494.29,9.93597181
2025-12-29 17:15:00+00:00,2493.51,2497.02,2493.51,2496.28,2.97204089
2025-12-29 17:20:00+00:00,2496.06,2497.03,2493.71,2493.71,14.04862083
2025-12-29 17:25:00+00:00,2495.1,2496.09,2488.1,2490.94,18.1727474
2025-12-29 17:30:00+00:00,2492.39,2494.82,2491.48,2493.64,2.52948225
2025-12-29 17:35:00+00:00,2492.96,2493.77,2491.41,2491.41,11.56580896
2025-12-29 17:40:00+00:00,2491.22,2494.49,2491.22,2494.09,5.55048595
2025-12-29 17:45:00+00:00,2494.39,2498.73,2494.39,2497.89,25.04568283
2025-12-29 17:50:00+00:00,2498.67,2501.87,2498.67,2500.39,8.56959447
2025-12-29 17:55:00+00:00,2500.99,2502.0,2499.37,2501.9,8.22836347
2025-12-29 18:00:00+00:00,2502.4,2504.56,2500.83,2501.23,21.40563047
2025-12-29 18:05:00+00:00,2502.97,2503.68,2494.27,2494.94,68.3751237
2025-12-29 18:10:00+00:00,2495.85,2499.5,2494.86,2496.14,46.17811296
2025-12-29 18:15:00+00:00,2497.5,2499.79,2496.12,2496.45,21.79429875
2025-12-29 18:20:00+00:00,2498.71,2499.68,2496.48,2498.58,10.2102691
2025-12-29 18:25:00+00:00,2498.19,2498.19,2493.81,2493.88,16.27384449
2025-12-29 18:30:00+00:00,2494.5,2495.9,2494.08,2494.95,4.13634537
2025-12-29 18:35:00+00:00,2495.29,2496.23,2492.6,2492.78,25.93042717
2025-12-29 18:40:00+00:00,2493.55,2493.61,2489.6,2491.56,21.65884051
2025-12-29 18:45:00+00:00,2491.6,2491.6,2489.6,2491.58,7.03094701
2025-12-29 18:50:00+00:00,2490.63,2491.77,2488.44,2488.44,16.57217438
2025-12-29 18:55:00+00:00,2487.78,2487.78,2476.87,2480.56,139.65917866
2025-12-29 19:00:00+00:00,2481.12,2483.07,2479.66,2482.4,24.84628216
2025-12-29 19:05:00+00:00,2481.31,2497.69,2481.31,2497.47,92.49141273
2025-12-29 19:10:00+00:00,2492.87,2499.1,2492.87,2493.61,21.3936493
2025-12-29 19:15:00+00:00,2493.83,2494.71,2491.44,2494.7,26.63048388
2025-12-29 19:20:00+00:00,2494.71,2495.3,2493.28,2494.19,15.66046904
2025-12-29 19:25:00+00:00,2494.03,2496.17,2493.64,2493.94,7.95325151
2025-12-29 19:30:00+00:00,2494.6,2497.17,2494.6,2495.0,3.27942613
2025-12-29 19:35:00+00:00,2494.59,2495.59,2487.33,2489.75,23.52053506
2025-12-29 19:40:00+00:00,2491.75,2493.14,2488.93,2493.14,34.77428355
2025-12-29 19:45:00+00:00,2493.72,2495.4,2493.1,2493.7,26.02526544
2025-12-29 19:50:00+00:00,2491.95,2492.99,2490.29,2490.74,40.56284135
2025-12-29 19:55:00+00:00,2490.88,2492.08,2488.99,2489.7,10.74790369
2025-12-29 20:00:00+00:00,2489.59,2490.84,2487.3,2489.74,11.42770048
2025-12-29 20:05:00+00:00,2488.85,2492.31,2488.29,2492.31,16.53623167
2025-12-29 20:10:00+00:00,2491.16,2495.29,2490.86,2495.28,36.81108671
2025-12-29 20:15:00+00:00,2494.58,2497.97,2493.63,2494.22,38.43726582
2025-12-29 20:20:00+00:00,2494.2,2494.85,2491.83,2492.15,3.14506356
2025-12-29 20:25:00+00:00,2492.4,2492.4,2489.04,2489.04,5.00540619
2025-12-29 20:30:00+00:00,2490.22,2492.23,2489.62,2489.62,2.62166458
2025-12-29 20:35:00+00:00,2489.89,2490.69,2487.23,2489.26,4.96138368
2025-12-29 20:40:00+00:00,2486.64,2488.87,2485.78,2486.34,5.4312557
2025-12-29 20:45:00+00:00,2486.73,2488.18,2485.66,2487.45,21.18656521
2025-12-29 20:50:00+00:00,2487.52,2488.27,2484.4,2485.35,11.25812228
2025-12-29 20:55:00+00:00,2488.0,2489.42,2486.8,2486.8,8.55668568
2025-12-29 21:00:00+00:00,2488.0,2489.2,2487.1,2489.2,13.02663847
2025-12-29 21:05:00+00:00,2489.2,2490.06,2486.53,2486.76,8.52488267
2025-12-29 21:10:00+00:00,2486.88,2490.83,2486.88,2489.1,7.59030053
2025-12-29 21:15:00+00:00,2490.78,2492.5,2490.4,2490.44,8.21579967
2025-12-29 21:20:00+00:00,2488.23,2490.52,2486.7,2487.94,14.13887532
2025-12-29 21:25:00+00:00,2488.38,2489.93,2488.15,2488.63,1.97864664
2025-12-29 21:30:00+00:00,2488.93,2490.09,2487.61,2490.09,18.77734791
2025-12-29 21:35:00+00:00,2489.55,2491.72,2488.85,2491.56,2.35968111
2025-12-29 21:40:00+00:00,2493.25,2493.72,2491.54,2493.72,1.91828805
2025-12-29 21:45:00+00:00,2492.96,2493.26,2490.91,2490.91,3.29285879
2025-12-29 21:50:00+00:00,2491.28,2492.41,2490.55,2492.41,2.13495
2025-12-29 21:55:00+00:00,2491.05,2493.28,2490.98,2492.59,7.97121058
2025-12-29 22:00:00+00:00,2490.9,2490.9,2488.86,2489.3,16.28603653
2025-12-29 22:05:00+00:00,2490.99,2490.99,2489.01,2489.11,2.82409022
2025-12-29 22:10:00+00:00,2487.0,2488.31,2487.0,2487.78,1.72510123
2025-12-29 22:15:00+00:00,2489.01,2492.4,2489.01,2491.56,13.3456644
2025-12-29 22:20:00+00:00,2491.32,2493.41,2490.94,2493.18,1.32592242
2025-12-29 22:25:00+00:00,2492.74,2492.95,2491.68,2492.56,6.15042264
2025-12-29 22:30:00+00:00,2492.38,2494.86,2492.02,2494.86,3.54239256
2025-12-29 22:35:00+00:00,2495.09,2498.16,2493.75,2494.23,20.53837514
2025-12-29 22:40:00+00:00,2494.95,2496.0,2493.89,2495.17,24.50675385
2025-12-29 22:45:00+00:00,2495.5,2496.73,2493.77,2496.72,29.41442553
2025-12-29 22:50:00+00:00,2496.73,2496.73,2493.81,2494.51,14.06645651
2025-12-29 22:55:00+00:00,2493.77,2495.04,2493.32,2494.59,5.71066019
2025-12-29 23:00:00+00:00,2493.01,2494.25,2491.37,2493.21,25.51367659
2025-12-29 23:05:00+00:00,2492.83,2495.32,2492.83,2494.6,4.64829666
2025-12-29 23:10:00+00:00,2494.54,2495.09,2494.48,2494.68,1.14348522
2025-12-29 23:15:00+00:00,2494.63,2497.31,2494.22,2496.26,42.62015623
2025-12-29 23:20:00+00:00,2497.5,2498.06,2496.9,2497.96,4.15465036
2025-12-29 23:25:00+00:00,2496.9,2496.9,2489.17,2490.37,37.99717238
2025-12-29 23:30:00+00:00,2489.94,2492.21,2489.94,2491.51,4.51698678
2025-12-29 23:35:00+00:00,2491.66,2491.66,2488.92,2488.92,11.32032659
2025-12-29 23:45:00+00:00,2489.79,2492.3,2489.37,2491.81,20.07163551
2025-12-29 23:50:00+00:00,2492.14,2493.63,2491.66,2493.26,7.33768601
2025-12-29 23:55:00+00:00,2492.94,2494.29,2492.35,2494.29,1.44841554
2025-12-30 00:00:00+00:00,2493.63,2494.17,2493.15,2494.15,3.09741387
2025-12-30 00:05:00+00:00,2493.3,2494.68,2490.48,2494.24,4.71892909
2025-12-30 00:10:00+00:00,2496.0,2496.0,2493.2,2493.2,8.21957105
2025-12-30 00:15:00+00:00,2495.13,2495.13,2494.32,2494.32,4.95144448
2025-12-30 00:20:00+00:00,2493.0,2493.79,2493.0,2493.08,0.12266444
2025-12-30 00:25:00+00:00,2494.06,2494.06,2492.29,2492.37,3.14888791
2025-12-30 00:30:00+00:00,2490.05,2493.94,2488.31,2489.44,26.5490307
2025-12-30 00:35:00+00:00,2489.51,2490.32,2488.28,2489.75,7.6987403
2025-12-30 00:40:00+00:00,2491.35,2491.4,2489.86,2491.35,1.53505119
2025-12-30 00:45:00+00:00,2491.71,2492.93,2491.59,2492.5,2.23797852
2025-12-30 00:50:00+00:00,2492.91,2493.38,2492.3,2492.89,0.58917996
2025-12-30 00:55:00+00:00,2493.77,2493.77,2491.91,2493.28,9.37892365
2025-12-30 01:00:00+00:00,2493.18,2493.18,2488.91,2489.11,0.11462903
2025-12-30 01:05:00+00:00,2489.51,2490.7,2489.51,2490.7,3.3138806
2025-12-30 01:10:00+00:00,2491.94,2491.94,2491.8,2491.8,0.05202327
2025-12-30 01:15:00+00:00,2489.37,2492.38,2489.24,2492.38,8.14340484
2025-12-30 01:20:00+00:00,2492.54,2492.54,2490.05,2490.71,0.30819329
2025-12-30 01:25:00+00:00,2489.4,2489.9,2488.27,2488.74,6.28978037
2025-12-30 01:30:00+00:00,2488.6,2488.96,2485.0,2486.46,9.42936534
2025-12-30 01:35:00+00:00,2486.47,2486.87,2482.72,2486.87,4.63505982
2025-12-30 01:40:00+00:00,2487.8,2490.63,2487.8,2490.05,14.22543986
2025-12-30 01:45:00+00:00,2489.68,2493.3,2489.53,2492.0,6.07112424
2025-12-30 01:50:00+00:00,2492.14,2492.72,2491.52,2492.72,0.1762736
2025-12-30 01:55:00+00:00,2492.41,2492.41,2489.77,2491.0,9.97541288
2025-12-30 02:00:00+00:00,2491.72,2491.72,2489.16,2489.46,4.86925509
2025-12-30 02:05:00+00:00,2489.5,2490.52,2488.17,2488.6,14.82097455
2025-12-30 02:10:00+00:00,2487.74,2489.76,2486.7,2489.76,6.0711467
2025-12-30 02:15:00+00:00,2490.59,2494.18,2489.68,2494.05,6.28955155
2025-12-30 02:20:00+00:00,2494.29,2494.29,2489.28,2489.28,0.57740148
2025-12-30 02:25:00+00:00,2488.21,2490.22,2488.21,2489.52,12.30679186
2025-12-30 02:30:00+00:00,2488.08,2488.5,2480.34,2485.22,15.47926359
2025-12-30 02:35:00+00:00,2486.22,2486.86,2485.9,2486.86,6.94239437
2025-12-30 02:40:00+00:00,2485.09,2485.72,2482.8,2485.72,11.76426682
2025-12-30 02:45:00+00:00,2486.18,2487.22,2485.46,2486.44,11.22169478
2025-12-30 02:50:00+00:00,2482.31,2482.31,2480.7,2482.17,3.62684526
2025-12-30 02:55:00+00:00,2483.74,2484.79,2483.64,2483.74,0.55089404
2025-12-30 03:00:00+00:00,2483.37,2484.82,2483.37,2483.5,4.52277321
2025-12-30 03:05:00+00:00,2482.58,2482.8,2481.76,2481.76,2.74739084
2025-12-30 03:10:00+00:00,2482.12,2482.84,2481.13,2481.74,4.98783965
2025-12-30 03:15:00+00:00,2478.13,2483.91,2476.61,2483.91,6.75348278
2025-12-30 03:20:00+00:00,2486.66,2497.0,2486.27,2497.0,47.2337695
2025-12-30 03:25:00+00:00,2497.69,2498.2,2494.79,2497.49,11.67321231
2025-12-30 03:30:00+00:00,2494.91,2494.91,2492.5,2493.67,0.52308485
2025-12-30 03:35:00+00:00,2493.93,2494.01,2492.87,2494.01,3.04892443
2025-12-30 03:40:00+00:00,2493.4,2495.46,2493.4,2495.1,0.75955329
2025-12-30 03:45:00+00:00,2497.47,2502.46,2495.84,2500.97,39.32029753
2025-12-30 03:50:00+00:00,2502.05,2506.68,2502.05,2505.1,16.28624477
2025-12-30 03:55:00+00:00,2507.57,2507.62,2505.38,2505.94,18.04478146
2025-12-30 04:00:00+00:00,2505.6,2507.29,2505.6,2506.57,0.91381736
2025-12-30 04:05:00+00:00,2504.81,2504.81,2500.36,2500.36,10.62986801
2025-12-30 04:10:00+00:00,2500.9,2501.88,2500.03,2501.88,0.1210536
2025-12-30 04:15:00+00:00,2503.59,2503.59,2501.92,2503.57,5.24408206
2025-12-30 04:20:00+00:00,2504.66,2507.39,2504.66,2507.39,0.96779997
2025-12-30 04:25:00+00:00,2508.0,2510.0,2508.0,2510.0,17.6163041
2025-12-30 04:30:00+00:00,2509.31,2509.31,2507.5,2508.23,0.11607414
2025-12-30 04:35:00+00:00,2507.72,2508.21,2507.72,2508.2,0.76079623
2025-12-30 04:40:00+00:00,2507.69,2508.15,2507.46,2507.47,0.04974993
2025-12-30 04:45:00+00:00,2508.02,2508.02,2502.05,2506.64,0.43424532
2025-12-30 04:50:00+00:00,2502.55,2503.19,2501.86,2501.86,0.65522555
2025-12-30 04:55:00+00:00,2500.03,2501.59,2498.51,2498.51,12.14219123
2025-12-30 05:00:00+00:00,2499.56,2499.56,2499.23,2499.23,0.02154531
2025-12-30 05:05:00+00:00,2498.27,2498.67,2496.24,2498.67,7.49468438
2025-12-30 05:10:00+00:00,2500.02,2500.02,2499.34,2499.44,0.31362451
2025-12-30 05:15:00+00:00,2498.46,2500.5,2496.32,2496.35,4.16360894
2025-12-30 05:20:00+00:00,2496.74,2496.74,2494.07,2495.35,17.27870794
2025-12-30 05:25:00+00:00,2497.17,2497.29,2495.72,2497.29,3.60054933
2025-12-30 05:30:00+00:00,2495.97,2495.97,2492.38,2492.38,3.17086055
2025-12-30 05:35:00+00:00,2491.82,2493.71,2491.8,2492.67,10.1007474
2025-12-30 05:40:00+00:00,2492.49,2493.52,2492.41,2493.45,1.84329078
2025-12-30 05:45:00+00:00,2493.3,2494.5,2492.7,2493.72,13.93823147
2025-12-30 05:50:00+00:00,2493.98,2496.85,2493.01,2496.55,2.7768943
2025-12-30 05:55:00+00:00,2495.97,2495.97,2494.73,2494.73,2.06841971
2025-12-30 06:00:00+00:00,2494.88,2495.8,2494.57,2495.8,0.22688474
2025-12-30 06:05:00+00:00,2496.48,2499.43,2496.48,2498.67,11.26037732
2025-12-30 06:10:00+00:00,2498.06,2499.92,2498.06,2499.89,0.12293847
2025-12-30 06:15:00+00:00,2501.02,2503.24,2499.93,2501.02,30.96198096
2025-12-30 06:20:00+00:00,2498.85,2499.69,2497.21,2497.21,32.24696263
2025-12-30 06:25:00+00:00,2498.19,2498.76,2497.81,2497.81,4.97311393
2025-12-30 06:30:00+00:00,2498.03,2503.2,2498.03,2502.6,5.86122535
2025-12-30 06:35:00+00:00,2501.38,2502.68,2500.85,2501.98,6.59710972
2025-12-30 06:40:00+00:00,2501.83,2503.0,2501.1,2501.1,8.72337536
2025-12-30 06:45:00+00:00,2500.47,2502.16,2500.47,2502.02,1.4901038
2025-12-30 06:50:00+00:00,2501.0,2501.6,2499.95,2500.53,6.16174282
2025-12-30 06:55:00+00:00,2499.08,2499.35,2497.32,2497.32,10.61743068
2025-12-30 07:00:00+00:00,2498.65,2501.42,2498.61,2501.38,3.54254937
2025-12-30 07:05:00+00:00,2501.66,2503.13,2501.43,2503.13,4.40128547
2025-12-30 07:10:00+00:00,2502.93,2505.01,2501.42,2505.01,32.90481803
2025-12-30 07:15:00+00:00,2501.41,2506.89,2500.5,2502.72,19.16698564
2025-12-30 07:20:00+00:00,2502.7,2502.7,2500.5,2500.69,5.88883523
2025-12-30 07:25:00+00:00,2500.47,2501.9,2500.47,2501.52,14.02180591
2025-12-30 07:30:00+00:00,2500.97,2502.92,2500.54,2502.92,30.58386292
2025-12-30 07:35:00+00:00,2501.93,2504.91,2501.93,2503.55,30.41965655
2025-12-30 07:40:00+00:00,2504.71,2505.44,2504.57,2504.57,6.22298395
2025-12-30 07:45:00+00:00,2504.58,2505.23,2504.0,2504.5,2.08405622
2025-12-30 07:50:00+00:00,2504.92,2505.72,2504.49,2505.72,8.98975047
2025-12-30 07:55:00+00:00,2504.6,2505.5,2503.88,2503.88,9.13528248
2025-12-30 08:00:00+00:00,2503.71,2525.03,2503.71,2525.03,83.21428094
2025-12-30 08:05:00+00:00,2525.07,2536.63,2524.51,2533.47,73.31521137
2025-12-30 08:10:00+00:00,2535.0,2548.75,2534.98,2536.82,99.68666898
2025-12-30 08:15:00+00:00,2537.89,2545.61,2537.89,2540.2,53.39635394
2025-12-30 08:20:00+00:00,2540.34,2540.34,2523.21,2527.69,68.28945144
2025-12-30 08:25:00+00:00,2526.71,2530.0,2525.42,2525.57,25.94090572
2025-12-30 08:30:00+00:00,2526.18,2530.27,2522.97,2523.6,33.06224111
2025-12-30 08:35:00+00:00,2524.3,2532.05,2523.77,2530.8,34.40954633
2025-12-30 08:40:00+00:00,2531.19,2534.62,2529.34,2529.56,23.48820723
2025-12-30 08:45:00+00:00,2529.29,2530.78,2527.48,2528.88,8.88788834
2025-12-30 08:50:00+00:00,2531.3,2532.51,2527.53,2527.53,33.11564519
2025-12-30 08:55:00+00:00,2528.15,2528.63,2526.61,2528.63,2.34330616
2025-12-30 09:00:00+00:00,2528.0,2530.0,2524.51,2528.5,41.86595857
2025-12-30 09:05:00+00:00,2529.39,2530.51,2527.86,2529.38,15.67942414
2025-12-30 09:10:00+00:00,2528.56,2529.87,2525.35,2527.96,25.17031835
2025-12-30 09:15:00+00:00,2527.7,2527.7,2524.64,2526.23,10.95289994
2025-12-30 09:20:00+00:00,2525.29,2525.51,2521.63,2521.64,27.45268844
2025-12-30 09:25:00+00:00,2523.2,2524.62,2521.87,2523.0,8.85263644
2025-12-30 09:30:00+00:00,2523.38,2525.58,2522.91,2525.2,13.43916087
2025-12-30 09:35:00+00:00,2524.86,2526.12,2524.5,2525.03,15.13417027
2025-12-30 09:40:00+00:00,2524.43,2527.51,2523.85,2526.35,4.31410674
2025-12-30 09:45:00+00:00,2528.66,2530.33,2525.69,2529.52,7.66801771
2025-12-30 09:50:00+00:00,2529.5,2535.0,2529.14,2531.48,25.67541033
2025-12-30 09:55:00+00:00,2531.98,2534.29,2531.48,2534.29,5.74669721
2025-12-30 10:00:00+00:00,2533.86,2536.02,2530.1,2530.1,47.89895856
2025-12-30 10:05:00+00:00,2532.8,2532.8,2531.21,2532.13,5.08551703
2025-12-30 10:10:00+00:00,2530.67,2532.26,2530.08,2531.06,22.83229613
2025-12-30 10:15:00+00:00,2530.43,2532.09,2527.1,2528.43,41.76429882
2025-12-30 10:20:00+00:00,2529.89,2529.89,2526.44,2527.46,7.09097361
2025-12-30 10:25:00+00:00,2527.74,2529.31,2527.43,2529.31,1.7869374
2025-12-30 10:30:00+00:00,2528.3,2528.5,2526.0,2528.07,7.17032741
2025-12-30 10:35:00+00:00,2527.86,2529.92,2527.42,2527.75,8.16726718
2025-12-30 10:40:00+00:00,2526.96,2530.32,2526.7,2530.32,9.57757128
2025-12-30 10:45:00+00:00,2529.5,2532.39,2528.14,2530.7,30.97409448
2025-12-30 10:50:00+00:00,2529.85,2529.85,2523.11,2524.42,39.85277627
2025-12-30 10:55:00+00:00,2524.16,2526.1,2524.16,2525.73,1.60848611
2025-12-30 11:00:00+00:00,2525.06,2526.0,2523.3,2526.0,44.89954179
2025-12-30 11:05:00+00:00,2526.1,2527.31,2523.63,2525.7,16.76017164
2025-12-30 11:10:00+00:00,2526.1,2527.25,2525.3,2527.03,9.0867183
2025-12-30 11:15:00+00:00,2527.09,2527.09,2524.88,2525.58,3.6890797
2025-12-30 11:20:00+00:00,2524.68,2527.8,2524.68,2526.13,14.33587205
2025-12-30 11:25:00+00:00,2526.22,2526.54,2525.88,2526.0,5.39525953
2025-12-30 11:30:00+00:00,2526.46,2528.29,2525.9,2528.27,8.17976122
2025-12-30 11:35:00+00:00,2528.0,2530.79,2527.66,2529.82,19.50109136
2025-12-30 11:40:00+00:00,2530.26,2530.26,2528.09,2529.59,12.03844683
2025-12-30 11:45:00+00:00,2529.13,2533.91,2529.13,2532.0,28.06949548
2025-12-30 11:50:00+00:00,2532.3,2532.3,2525.14,2525.7,44.70630646
2025-12-30 11:55:00+00:00,2526.69,2528.92,2525.1,2528.92,22.31462099
2025-12-30 12:00:00+00:00,2529.5,2532.98,2528.73,2531.59,15.59243656
2025-12-30 12:05:00+00:00,2531.55,2531.84,2530.71,2530.71,3.76219106
2025-12-30 12:10:00+00:00,2531.6,2533.81,2531.6,2533.48,9.46119208
2025-12-30 12:15:00+00:00,2531.57,2534.37,2531.45,2534.26,30.48311642
2025-12-30 12:20:00+00:00,2534.23,2535.25,2532.08,2534.4,20.00499783
2025-12-30 12:25:00+00:00,2533.9,2534.92,2532.53,2532.53,6.69302577
2025-12-30 12:30:00+00:00,2533.45,2534.22,2531.6,2532.08,17.43818577
2025-12-30 12:35:00+00:00,2531.36,2531.5,2529.7,2530.87,2.72668309
2025-12-30 12:40:00+00:00,2529.52,2529.65,2528.87,2529.0,2.05090439
2025-12-30 12:45:00+00:00,2529.22,2530.04,2528.19,2529.55,14.24110423
2025-12-30 12:50:00+00:00,2529.36,2530.7,2528.71,2530.7,5.39257444
2025-12-30 12:55:00+00:00,2530.32,2530.76,2529.74,2530.76,2.32211543
2025-12-30 13:00:00+00:00,2530.9,2533.64,2529.55,2533.64,12.97865214
2025-12-30 13:05:00+00:00,2534.0,2536.93,2532.18,2533.96,12.17085533
2025-12-30 13:10:00+00:00,2534.05,2537.55,2532.0,2533.5,55.09952214
2025-12-30 13:15:00+00:00,2533.53,2535.79,2532.5,2534.39,13.30385533
2025-12-30 13:20:00+00:00,2534.0,2536.49,2532.84,2536.35,41.8843137
2025-12-30 13:25:00+00:00,2536.0,2540.28,2535.24,2537.86,52.79148937
2025-12-30 13:30:00+00:00,2539.96,2540.29,2533.49,2534.41,8.99648078
2025-12-30 13:35:00+00:00,2535.43,2537.65,2534.02,2537.17,2.44665816
2025-12-30 13:40:00+00:00,2537.54,2538.95,2536.82,2538.53,19.54452677
2025-12-30 13:45:00+00:00,2539.0,2540.09,2537.81,2539.58,19.54797414
2025-12-30 13:50:00+00:00,2538.43,2539.0,2536.29,2536.85,12.14697946
2025-12-30 13:55:00+00:00,2537.69,2537.8,2536.36,2537.12,32.75942499
2025-12-30 14:00:00+00:00,2535.5,2536.21,2517.5,2520.29,204.77679884
2025-12-30 14:05:00+00:00,2520.12,2525.66,2519.33,2521.65,98.47763414
2025-12-30 14:10:00+00:00,2522.1,2528.75,2521.78,2526.8,28.74810695
2025-12-30 14:15:00+00:00,2527.14,2530.77,2525.7,2530.77,18.20100653
2025-12-30 14:20:00+00:00,2530.3,2536.8,2530.3,2532.49,27.80625014
2025-12-30 14:25:00+00:00,2529.79,2529.79,2523.59,2523.8,17.05121694
2025-12-30 14:30:00+00:00,2523.7,2526.11,2514.72,2518.7,62.17829944
2025-12-30 14:35:00+00:00,2524.24,2529.93,2519.42,2519.42,39.05105765
2025-12-30 14:40:00+00:00,2519.24,2525.35,2519.24,2525.3,21.32243873
2025-12-30 14:45:00+00:00,2525.47,2534.91,2523.0,2534.9,96.13656549
2025-12-30 14:50:00+00:00,2535.42,2555.77,2533.67,2548.46,78.37881359
2025-12-30 14:55:00+00:00,2550.5,2550.5,2541.9,2544.32,71.24011233
2025-12-30 15:00:00+00:00,2545.9,2550.01,2523.23,2548.5,56.01689216
2025-12-30 15:05:00+00:00,2529.24,2532.73,2526.16,2529.5,23.26761742
2025-12-30 15:10:00+00:00,2530.5,2532.82,2527.32,2529.04,17.16905026
2025-12-30 15:15:00+00:00,2530.6,2533.32,2525.35,2529.21,48.47199554
2025-12-30 15:20:00+00:00,2527.42,2530.4,2525.95,2526.8,34.74036621
2025-12-30 15:25:00+00:00,2529.2,2535.72,2529.2,2532.45,5.82121314
2025-12-30 15:30:00+00:00,2537.32,2537.8,2532.08,2532.19,9.54245431
2025-12-30 15:35:00+00:00,2533.9,2539.54,2533.9,2535.76,21.29168911
2025-12-30 15:40:00+00:00,2537.0,2538.32,2533.42,2537.5,38.1272737
2025-12-30 15:45:00+00:00,2538.74,2541.1,2535.04,2540.41,6.12996326
2025-12-30 15:50:00+00:00,2543.78,2546.35,2541.4,2544.4,67.76285694
2025-12-30 15:55:00+00:00,2544.64,2547.26,2540.41,2540.41,20.24726424
2025-12-30 16:00:00+00:00,2540.44,2542.15,2532.62,2541.66,13.83120147
2025-12-30 16:05:00+00:00,2535.57,2537.19,2533.75,2535.0,13.3023726
2025-12-30 16:10:00+00:00,2536.13,2538.93,2533.71,2534.17,13.8484071
2025-12-30 16:15:00+00:00,2533.28,2540.12,2532.96,2539.67,13.76731483
2025-12-30 16:20:00+00:00,2541.91,2542.33,2537.68,2540.94,10.73370963
2025-12-30 16:25:00+00:00,2539.77,2542.8,2538.41,2541.1,26.25881363
2025-12-30 16:30:00+00:00,2541.41,2542.04,2534.81,2538.67,23.38638161
2025-12-30 16:35:00+00:00,2537.22,2537.22,2530.08,2530.43,38.7899647
2025-12-30 16:40:00+00:00,2532.38,2532.38,2526.61,2530.9,11.60047777
2025-12-30 16:45:00+00:00,2531.17,2531.17,2528.1,2530.18,20.70197955
2025-12-30 16:50:00+00:00,2529.5,2530.65,2527.7,2527.81,7.42096372
2025-12-30 16:55:00+00:00,2530.78,2534.41,2530.08,2533.68,10.40203169
2025-12-30 17:00:00+00:00,2534.0,2534.99,2532.0,2534.27,10.32773267
2025-12-30 17:05:00+00:00,2534.16,2535.95,2533.81,2534.2,7.15908893
2025-12-30 17:10:00+00:00,2534.8,2536.21,2531.0,2531.0,11.9146778
2025-12-30 17:15:00+00:00,2532.1,2532.1,2527.55,2528.38,20.73109332
2025-12-30 17:20:00+00:00,2529.02,2533.87,2528.1,2533.87,15.7544864
2025-12-30 17:25:00+00:00,2533.71,2534.06,2532.1,2532.41,47.54369172
2025-12-30 17:30:00+00:00,2532.51,2534.07,2532.0,2533.73,17.16178824
2025-12-30 17:35:00+00:00,2534.99,2536.71,2533.69,2536.71,24.5748335
2025-12-30 17:40:00+00:00,2535.1,2535.85,2532.9,2533.29,8.6577392
2025-12-30 17:45:00+00:00,2533.14,2533.14,2519.2,2524.46,96.73173557
2025-12-30 17:50:00+00:00,2530.18,2532.18,2525.0,2529.35,68.46222069
2025-12-30 17:55:00+00:00,2529.84,2531.73,2529.49,2529.87,4.71622785
2025-12-30 18:00:00+00:00,2527.61,2530.39,2525.44,2528.94,63.57783211
2025-12-30 18:05:00+00:00,2530.52,2531.19,2526.8,2526.8,22.01277344
2025-12-30 18:10:00+00:00,2527.32,2527.43,2525.11,2526.78,13.13204055
2025-12-30 18:15:00+00:00,2526.7,2528.66,2525.85,2528.38,25.53644528
2025-12-30 18:20:00+00:00,2528.33,2529.52,2525.68,2529.04,32.31800182
2025-12-30 18:25:00+00:00,2529.28,2530.32,2523.72,2528.33,34.12054729
2025-12-30 18:30:00+00:00,2528.29,2528.56,2527.26,2528.06,4.59517751
2025-12-30 18:35:00+00:00,2528.35,2531.83,2527.57,2528.37,4.97383221
2025-12-30 18:40:00+00:00,2528.01,2528.15,2527.36,2528.15,3.09736192
2025-12-30 18:45:00+00:00,2528.02,2528.61,2526.76,2526.76,12.81083237
2025-12-30 18:50:00+00:00,2526.17,2526.93,2516.6,2518.5,103.76849624
2025-12-30 18:55:00+00:00,2522.66,2527.75,2522.66,2526.7,9.37750224
2025-12-30 19:00:00+00:00,2525.3,2525.89,2521.72,2524.38,26.07817285
2025-12-30 19:05:00+00:00,2520.83,2520.83,2503.2,2512.57,167.81684936
2025-12-30 19:10:00+00:00,2512.0,2513.39,2510.0,2512.9,39.86587526
2025-12-30 19:15:00+00:00,2512.53,2515.57,2512.43,2514.43,64.57255879
2025-12-30 19:20:00+00:00,2516.5,2522.7,2515.89,2522.25,82.37187843
2025-12-30 19:25:00+00:00,2520.6,2524.6,2520.52,2524.16,13.80617378
2025-12-30 19:30:00+00:00,2525.49,2528.22,2523.94,2525.59,35.80589697
2025-12-30 19:35:00+00:00,2524.38,2525.09,2523.18,2524.27,6.14100822
2025-12-30 19:40:00+00:00,2524.19,2524.19,2522.13,2522.87,11.30667272
2025-12-30 19:45:00+00:00,2523.17,2526.3,2522.36,2525.58,23.2633676
2025-12-30 19:50:00+00:00,2525.63,2527.5,2524.34,2524.91,19.50722664
2025-12-30 19:55:00+00:00,2527.8,2528.14,2526.09,2527.13,30.64653183
2025-12-30 20:00:00+00:00,2527.14,2527.49,2523.41,2524.34,8.97638808
2025-12-30 20:05:00+00:00,2527.78,2528.64,2524.78,2525.0,6.57963392
2025-12-30 20:10:00+00:00,2525.0,2526.4,2524.73,2524.99,43.10862661
2025-12-30 20:15:00+00:00,2525.26,2527.0,2523.66,2526.85,36.35716557
2025-12-30 20:20:00+00:00,2525.81,2527.04,2524.09,2524.09,7.96563028
2025-12-30 20:25:00+00:00,2524.73,2525.16,2522.9,2523.48,34.74020348
2025-12-30 20:30:00+00:00,2523.33,2523.97,2522.3,2523.1,29.85421133
2025-12-30 20:35:00+00:00,2523.7,2523.7,2520.89,2520.89,34.05553381
2025-12-30 20:40:00+00:00,2520.5,2522.43,2520.5,2521.0,11.86208766
2025-12-30 20:45:00+00:00,2521.0,2522.13,2518.58,2519.77,34.32603629
2025-12-30 20:50:00+00:00,2517.93,2519.85,2516.06,2516.64,31.32184149
2025-12-30 20:55:00+00:00,2515.77,2516.06,2514.1,2515.84,25.57426737
2025-12-30 21:00:00+00:00,2515.75,2517.41,2511.45,2516.64,76.30692086
2025-12-30 21:05:00+00:00,2516.5,2519.45,2515.51,2518.22,3.88245108
2025-12-30 21:10:00+00:00,2516.54,2517.48,2515.86,2516.43,5.28462371
2025-12-30 21:15:00+00:00,2517.78,2521.15,2517.78,2520.86,2.59496177
2025-12-30 21:20:00+00:00,2520.93,2520.93,2519.3,2519.96,3.86364611
2025-12-30 21:25:00+00:00,2520.59,2520.59,2518.01,2518.46,6.35238754
2025-12-30 21:30:00+00:00,2518.64,2521.55,2518.63,2519.42,18.32363688
2025-12-30 21:35:00+00:00,2518.71,2520.14,2518.71,2519.6,2.53120101
2025-12-30 21:40:00+00:00,2518.37,2520.65,2518.3,2520.52,32.41916455
2025-12-30 21:45:00+00:00,2520.44,2524.56,2520.23,2521.9,32.9484388
2025-12-30 21:50:00+00:00,2523.0,2523.56,2521.26,2522.51,16.43167858
2025-12-30 21:55:00+00:00,2523.26,2523.26,2521.58,2522.97,4.04176697
2025-12-30 22:00:00+00:00,2523.73,2524.6,2523.25,2524.3,13.35717336
2025-12-30 22:05:00+00:00,2524.49,2525.0,2522.71,2524.1,35.65489351
2025-12-30 22:10:00+00:00,2523.62,2525.72,2522.99,2525.72,10.37024524
2025-12-30 22:15:00+00:00,2525.84,2525.84,2524.0,2524.36,36.8548116
2025-12-30 22:20:00+00:00,2524.85,2525.65,2524.03,2525.65,10.80533851
2025-12-30 22:25:00+00:00,2525.26,2525.26,2524.44,2524.47,3.38201997
2025-12-30 22:30:00+00:00,2523.75,2525.91,2523.75,2524.02,7.7251901
2025-12-30 22:35:00+00:00,2524.02,2524.19,2521.05,2521.95,10.6137249
2025-12-30 22:40:00+00:00,2520.88,2521.72,2520.85,2521.46,6.77373433
2025-12-30 22:45:00+00:00,2521.58,2523.64,2521.29,2523.0,7.33700763
2025-12-30 22:50:00+00:00,2522.88,2522.88,2520.7,2520.95,9.69543849
2025-12-30 22:55:00+00:00,2522.27,2524.41,2521.61,2524.41,10.6674705
2025-12-30 23:00:00+00:00,2523.43,2526.44,2523.43,2525.79,14.53660012
2025-12-30 23:05:00+00:00,2523.66,2525.92,2522.64,2524.61,3.01706542
2025-12-30 23:10:00+00:00,2525.45,2526.3,2525.26,2525.75,8.84273247
2025-12-30 23:15:00+00:00,2526.38,2529.1,2524.46,2527.1,10.06486847
2025-12-30 23:20:00+00:00,2527.01,2527.01,2524.95,2525.15,3.66092995
2025-12-30 23:25:00+00:00,2525.29,2527.49,2525.24,2527.24,6.01139306
2025-12-30 23:30:00+00:00,2527.56,2527.56,2526.2,2526.91,2.00895837
2025-12-30 23:35:00+00:00,2526.47,2527.19,2525.88,2525.88,0.78398593
2025-12-30 23:40:00+00:00,2526.2,2526.21,2525.96,2525.96,1.62844465
2025-12-30 23:45:00+00:00,2525.97,2527.02,2525.52,2526.55,16.29502692
2025-12-30 23:50:00+00:00,2527.37,2528.71,2527.31,2527.31,14.1577702
2025-12-30 23:55:00+00:00,2528.77,2529.58,2528.38,2528.68,2.08282302
2025-12-31 00:00:00+00:00,2526.88,2526.88,2523.9,2523.9,9.94665902
2025-12-31 00:05:00+00:00,2525.51,2525.55,2521.69,2522.14,1.08408595
2025-12-31 00:10:00+00:00,2522.79,2522.79,2521.82,2522.1,0.96850186
2025-12-31 00:15:00+00:00,2522.1,2522.68,2519.99,2519.99,6.88389955
2025-12-31 00:20:00+00:00,2520.16,2523.31,2520.16,2523.31,5.91790111
2025-12-31 00:25:00+00:00,2521.86,2525.98,2521.85,2524.47,22.6948117
2025-12-31 00:30:00+00:00,2523.51,2523.83,2519.75,2523.34,2.44228094
2025-12-31 00:35:00+00:00,2524.14,2524.14,2523.28,2523.92,0.20907096
2025-12-31 00:40:00+00:00,2524.14,2525.54,2523.5,2524.91,2.42791955
2025-12-31 00:45:00+00:00,2524.59,2524.59,2522.97,2523.66,4.0498651
2025-12-31 00:50:00+00:00,2523.69,2523.83,2521.91,2522.85,4.87807978
2025-12-31 00:55:00+00:00,2521.55,2522.01,2521.55,2521.72,36.37066858
2025-12-31 01:00:00+00:00,2520.99,2522.22,2520.43,2521.27,4.63251674
2025-12-31 01:05:00+00:00,2521.6,2522.15,2518.92,2519.51,13.25797042
2025-12-31 01:10:00+00:00,2519.05,2523.65,2518.55,2523.62,8.46437537
2025-12-31 01:15:00+00:00,2524.26,2535.82,2524.19,2534.14,14.6653647
2025-12-31 01:20:00+00:00,2535.74,2536.03,2532.93,2534.85,17.6410927
2025-12-31 01:25:00+00:00,2532.04,2533.55,2530.73,2533.25,2.17976194
2025-12-31 01:30:00+00:00,2535.67,2536.8,2532.9,2536.8,4.04606889
2025-12-31 01:35:00+00:00,2536.95,2537.68,2533.19,2533.19,7.19008709
2025-12-31 01:40:00+00:00,2534.03,2536.82,2534.0,2535.74,28.86653856
2025-12-31 01:45:00+00:00,2535.47,2537.18,2535.47,2537.18,11.88543131
2025-12-31 01:50:00+00:00,2535.91,2535.91,2533.49,2533.49,0.60050087
2025-12-31 01:55:00+00:00,2533.3,2535.02,2532.71,2534.63,24.85302205
2025-12-31 02:00:00+00:00,2532.98,2534.16,2531.7,2534.11,6.45158644
2025-12-31 02:05:00+00:00,2535.37,2535.37,2532.79,2532.89,9.83371776
2025-12-31 02:10:00+00:00,2533.39,2536.35,2533.39,2536.35,0.02437395
2025-12-31 02:15:00+00:00,2534.95,2536.48,2534.4,2536.48,6.87066744
2025-12-31 02:20:00+00:00,2534.92,2535.0,2534.92,2535.0,10.28100023
2025-12-31 02:25:00+00:00,2533.11,2535.0,2533.11,2534.99,7.2589633
2025-12-31 02:30:00+00:00,2534.8,2536.31,2534.8,2535.7,8.9319689
2025-12-31 02:35:00+00:00,2537.66,2537.66,2535.0,2535.0,9.35336008
2025-12-31 02:40:00+00:00,2532.4,2533.98,2532.4,2533.53,4.21754565
2025-12-31 02:45:00+00:00,2533.31,2533.85,2532.23,2532.23,5.22711468
2025-12-31 02:50:00+00:00,2530.47,2536.16,2530.28,2536.16,0.14439331
2025-12-31 02:55:00+00:00,2535.84,2536.95,2535.38,2536.29,0.24480545
2025-12-31 03:00:00+00:00,2535.97,2536.88,2535.18,2535.18,3.12839981
2025-12-31 03:05:00+00:00,2534.45,2537.0,2534.45,2535.12,10.88264569
2025-12-31 03:10:00+00:00,2536.37,2537.02,2535.3,2535.3,15.17808777
2025-12-31 03:15:00+00:00,2535.3,2535.3,2532.0,2533.24,32.19514291
2025-12-31 03:20:00+00:00,2532.2,2532.2,2531.27,2531.5,1.20619747
2025-12-31 03:25:00+00:00,2531.68,2531.68,2530.14,2530.14,0.61076993
2025-12-31 03:30:00+00:00,2530.13,2531.2,2528.39,2528.5,18.4948305
2025-12-31 03:35:00+00:00,2525.66,2528.5,2524.9,2524.9,1.48157046
2025-12-31 03:40:00+00:00,2524.22,2525.75,2523.24,2525.09,9.93814582
2025-12-31 03:45:00+00:00,2525.36,2526.57,2525.07,2525.38,0.51100062
2025-12-31 03:50:00+00:00,2526.28,2526.65,2526.21,2526.21,0.96603255
2025-12-31 03:55:00+00:00,2526.4,2526.8,2525.64,2526.06,42.2112492
2025-12-31 04:00:00+00:00,2525.85,2527.6,2525.85,2527.6,5.439447
2025-12-31 04:05:00+00:00,2527.07,2527.36,2527.07,2527.16,3.97093646
2025-12-31 04:10:00+00:00,2526.85,2528.8,2526.85,2527.4,7.93044333
2025-12-31 04:15:00+00:00,2527.39,2530.12,2527.34,2530.12,12.82485441
2025-12-31 04:20:00+00:00,2530.3,2530.3,2527.6,2527.6,4.03414565
2025-12-31 04:30:00+00:00,2527.78,2528.68,2526.4,2526.8,15.86704037
2025-12-31 04:35:00+00:00,2528.11,2528.11,2528.11,2528.11,2.183e-05
2025-12-31 04:40:00+00:00,2528.75,2529.49,2528.3,2528.63,4.26400776
2025-12-31 04:45:00+00:00,2528.29,2528.44,2527.29,2527.29,9.81793394
2025-12-31 04:50:00+00:00,2528.89,2528.93,2528.59,2528.64,12.75236241
2025-12-31 05:00:00+00:00,2527.06,2531.15,2526.69,2530.31,31.23393896
2025-12-31 05:05:00+00:00,2530.35,2530.89,2529.6,2530.75,2.54561754
2025-12-31 05:10:00+00:00,2530.63,2531.42,2529.64,2530.3,10.2373905
2025-12-31 05:15:00+00:00,2530.34,2532.76,2530.28,2531.37,18.53211424
2025-12-31 05:20:00+00:00,2531.21,2531.93,2530.92,2531.93,3.77188137
2025-12-31 05:25:00+00:00,2533.08,2534.35,2532.56,2532.92,40.18885572
2025-12-31 05:30:00+00:00,2534.22,2534.75,2532.21,2532.48,14.37102982
2025-12-31 05:35:00+00:00,2533.15,2533.88,2532.5,2533.85,11.55134304
2025-12-31 05:40:00+00:00,2533.18,2534.4,2533.18,2534.2,15.29227306
2025-12-31 05:45:00+00:00,2533.3,2534.08,2532.96,2534.07,3.22796959
2025-12-31 05:50:00+00:00,2533.19,2533.22,2530.95,2531.49,9.82652149
2025-12-31 05:55:00+00:00,2531.09,2531.63,2530.73,2530.73,0.29792905
2025-12-31 06:00:00+00:00,2531.07,2532.72,2531.07,2532.15,11.9861938
2025-12-31 06:05:00+00:00,2532.97,2533.83,2531.8,2532.95,0.73331992
2025-12-31 06:10:00+00:00,2533.17,2534.04,2533.17,2533.89,5.32789561
2025-12-31 06:15:00+00:00,2532.94,2532.94,2532.45,2532.45,1.99242764
2025-12-31 06:20:00+00:00,2533.21,2534.15,2533.2,2533.2,7.43201931
2025-12-31 06:25:00+00:00,2533.2,2533.2,2531.97,2533.16,1.74866998
2025-12-31 06:30:00+00:00,2533.35,2534.29,2532.91,2534.29,21.61103396
2025-12-31 06:35:00+00:00,2534.37,2534.37,2529.6,2534.0,20.51132548
2025-12-31 06:40:00+00:00,2531.48,2531.52,2530.44,2530.44,1.18620568
2025-12-31 06:45:00+00:00,2530.67,2531.76,2530.67,2531.76,0.5561394
2025-12-31 06:50:00+00:00,2531.65,2531.94,2530.84,2531.35,1.99817445
2025-12-31 06:55:00+00:00,2531.29,2531.62,2530.33,2530.74,3.51043156
2025-12-31 07:00:00+00:00,2530.98,2531.29,2529.4,2529.8,29.23859651
2025-12-31 07:05:00+00:00,2531.02,2531.08,2530.43,2530.98,5.19409646
2025-12-31 07:10:00+00:00,2530.98,2531.96,2530.71,2531.96,4.01531105
2025-12-31 07:15:00+00:00,2532.12,2532.12,2529.6,2529.6,33.45475734
2025-12-31 07:20:00+00:00,2529.3,2530.22,2527.8,2530.21,10.73849667
2025-12-31 07:25:00+00:00,2531.45,2533.52,2531.45,2532.72,22.24937436
2025-12-31 07:30:00+00:00,2531.9,2532.13,2529.88,2530.38,23.95569622
2025-12-31 07:35:00+00:00,2531.0,2532.33,2531.0,2531.93,4.60913363
2025-12-31 07:40:00+00:00,2532.0,2532.56,2531.5,2532.09,0.30601164
2025-12-31 07:45:00+00:00,2531.96,2533.1,2530.77,2533.1,0.9677585
2025-12-31 07:50:00+00:00,2531.31,2533.0,2531.31,2532.51,2.49271645
2025-12-31 07:55:00+00:00,2532.97,2533.12,2532.13,2532.7,17.63469445
2025-12-31 08:00:00+00:00,2532.28,2534.39,2532.28,2533.4,4.59519014
2025-12-31 08:05:00+00:00,2533.04,2534.73,2532.88,2533.9,32.24539266
2025-12-31 08:10:00+00:00,2534.4,2534.4,2531.93,2534.0,8.97439869
2025-12-31 08:15:00+00:00,2532.86,2532.86,2531.77,2532.41,11.69967147
2025-12-31 08:20:00+00:00,2532.94,2533.23,2532.04,2532.04,4.13792525
2025-12-31 08:25:00+00:00,2531.69,2533.6,2531.61,2531.83,29.62239919
2025-12-31 08:30:00+00:00,2533.91,2533.91,2531.6,2532.1,25.10010994
2025-12-31 08:35:00+00:00,2531.9,2532.32,2528.5,2528.5,30.47631133
2025-12-31 08:40:00+00:00,2528.9,2528.9,2523.0,2525.96,41.2624558
2025-12-31 08:45:00+00:00,2525.71,2527.8,2524.1,2527.8,22.40260512
2025-12-31 08:50:00+00:00,2527.53,2529.03,2526.5,2528.7,26.42808418
2025-12-31 08:55:00+00:00,2529.11,2529.57,2528.78,2529.31,17.23977627
2025-12-31 09:00:00+00:00,2529.3,2532.21,2528.8,2531.11,40.0210922
2025-12-31 09:05:00+00:00,2531.59,2532.83,2529.43,2529.79,18.00996752
2025-12-31 09:10:00+00:00,2533.0,2533.0,2530.1,2531.98,19.2359799
2025-12-31 09:15:00+00:00,2531.98,2532.6,2530.82,2531.33,25.39040766
2025-12-31 09:20:00+00:00,2531.58,2531.8,2530.3,2530.3,3.062775
2025-12-31 09:25:00+00:00,2530.28,2531.0,2529.75,2530.65,22.06144481
2025-12-31 09:30:00+00:00,2530.81,2530.96,2529.9,2530.33,18.93480195
2025-12-31 09:35:00+00:00,2529.43,2533.0,2529.43,2530.6,6.60840599
2025-12-31 09:40:00+00:00,2531.19,2532.09,2531.15,2531.55,20.46674354
2025-12-31 09:45:00+00:00,2531.96,2532.72,2531.96,2532.2,1.88685345
2025-12-31 09:50:00+00:00,2532.0,2533.41,2531.92,2533.41,16.16704149
2025-12-31 09:55:00+00:00,2533.5,2533.7,2532.67,2533.16,10.41187593
2025-12-31 10:00:00+00:00,2533.54,2533.96,2533.08,2533.08,26.94290956
2025-12-31 10:05:00+00:00,2534.02,2535.2,2533.18,2535.2,5.26870608
2025-12-31 10:10:00+00:00,2535.2,2536.88,2535.2,2536.3,2.62156903
2025-12-31 10:15:00+00:00,2536.0,2538.1,2535.52,2536.6,8.21583209
2025-12-31 10:20:00+00:00,2535.02,2535.6,2533.01,2535.35,21.46427794
2025-12-31 10:25:00+00:00,2534.09,2535.12,2533.09,2534.19,4.3149244
2025-12-31 10:30:00+00:00,2534.55,2534.55,2531.71,2532.07,3.90268651
2025-12-31 10:35:00+00:00,2532.2,2532.8,2531.48,2531.83,5.49274106
2025-12-31 10:40:00+00:00,2533.14,2533.86,2533.07,2533.79,6.72761515
2025-12-31 10:45:00+00:00,2534.4,2534.4,2533.57,2534.05,7.66433085
2025-12-31 10:50:00+00:00,2533.08,2533.88,2532.34,2533.69,9.76500548
2025-12-31 10:55:00+00:00,2534.96,2536.24,2533.05,2535.52,43.225645
2025-12-31 11:00:00+00:00,2536.17,2536.91,2534.97,2536.43,10.42102353
2025-12-31 11:05:00+00:00,2536.88,2540.0,2535.63,2539.63,68.44886418
2025-12-31 11:10:00+00:00,2539.99,2542.0,2539.8,2539.8,116.57765988
2025-12-31 11:15:00+00:00,2539.28,2540.53,2539.28,2540.5,11.42331912
2025-12-31 11:20:00+00:00,2539.55,2540.0,2538.6,2539.74,6.2328093
2025-12-31 11:25:00+00:00,2539.79,2544.68,2539.5,2542.36,20.55926359
2025-12-31 11:30:00+00:00,2542.9,2544.4,2541.81,2543.08,20.56360391
2025-12-31 11:35:00+00:00,2542.96,2547.42,2542.83,2544.34,169.29063195
2025-12-31 11:40:00+00:00,2546.25,2551.7,2545.38,2551.51,62.78378106
2025-12-31 11:45:00+00:00,2551.44,2551.77,2547.7,2550.0,99.2682402
2025-12-31 11:50:00+00:00,2551.4,2553.72,2549.84,2550.18,47.94401196
2025-12-31 11:55:00+00:00,2550.16,2553.82,2550.16,2551.23,15.30365151
2025-12-31 12:00:00+00:00,2552.59,2553.18,2547.11,2547.11,90.11904896
2025-12-31 12:05:00+00:00,2548.7,2550.45,2548.31,2549.84,7.14523529
2025-12-31 12:10:00+00:00,2549.9,2550.91,2547.36,2547.61,6.97462052
2025-12-31 12:15:00+00:00,2547.85,2550.3,2547.71,2550.19,4.78046276
2025-12-31 12:20:00+00:00,2549.84,2550.77,2547.2,2547.2,20.71878874
2025-12-31 12:25:00+00:00,2548.15,2549.18,2547.21,2547.21,1.88911166
2025-12-31 12:30:00+00:00,2547.73,2548.64,2546.82,2546.87,5.84329607
2025-12-31 12:35:00+00:00,2546.78,2546.78,2541.0,2543.41,19.40915701
2025-12-31 12:40:00+00:00,2543.53,2544.0,2540.0,2540.3,34.25174766
2025-12-31 12:45:00+00:00,2540.96,2542.47,2538.01,2538.8,38.41817404
2025-12-31 12:50:00+00:00,2539.59,2539.69,2534.8,2535.44,32.11009649
2025-12-31 12:55:00+00:00,2535.74,2538.63,2534.99,2536.84,21.63388637
2025-12-31 13:00:00+00:00,2538.77,2539.75,2536.74,2539.75,18.83674553
2025-12-31 13:05:00+00:00,2539.87,2541.0,2538.76,2540.38,16.7659654
2025-12-31 13:10:00+00:00,2539.66,2541.75,2539.1,2541.49,12.63005678
2025-12-31 13:15:00+00:00,2541.01,2544.0,2541.01,2544.0,1.03039121
2025-12-31 13:20:00+00:00,2543.85,2545.8,2542.93,2544.3,40.68424974
2025-12-31 13:25:00+00:00,2544.26,2545.83,2543.03,2543.58,16.85358508
2025-12-31 13:30:00+00:00,2543.5,2544.0,2540.74,2543.13,28.41791875
2025-12-31 13:35:00+00:00,2540.1,2542.19,2540.1,2540.7,5.48366976
2025-12-31 13:40:00+00:00,2540.86,2543.08,2540.74,2542.61,20.2946687
2025-12-31 13:45:00+00:00,2541.67,2544.56,2541.46,2544.56,11.46611268
2025-12-31 13:50:00+00:00,2545.2,2550.22,2545.2,2549.57,9.85457311
2025-12-31 13:55:00+00:00,2549.56,2549.96,2546.7,2547.67,4.81817708
2025-12-31 14:00:00+00:00,2548.74,2552.96,2548.12,2552.63,132.53226524
2025-12-31 14:05:00+00:00,2551.9,2573.8,2549.6,2565.4,221.91284405
2025-12-31 14:10:00+00:00,2565.3,2565.5,2560.58,2563.8,75.61110891
2025-12-31 14:15:00+00:00,2563.86,2565.2,2560.0,2560.04,50.08018078
2025-12-31 14:20:00+00:00,2559.74,2561.39,2558.8,2560.46,28.36322655
2025-12-31 14:25:00+00:00,2559.4,2561.23,2558.53,2558.67,5.39431497
2025-12-31 14:30:00+00:00,2557.71,2560.68,2551.39,2552.36,30.51832438
2025-12-31 14:35:00+00:00,2549.98,2557.14,2546.63,2550.11,45.42052304
2025-12-31 14:40:00+00:00,2549.5,2551.07,2547.01,2549.7,27.08213036
2025-12-31 14:45:00+00:00,2550.08,2550.08,2536.7,2542.85,64.27588152
2025-12-31 14:50:00+00:00,2542.4,2550.2,2542.2,2545.71,59.40614094
2025-12-31 14:55:00+00:00,2545.15,2548.1,2543.26,2546.81,20.12706718
2025-12-31 15:00:00+00:00,2546.2,2547.22,2543.56,2547.13,35.91389757
2025-12-31 15:05:00+00:00,2544.0,2547.62,2542.51,2543.68,12.64903333
2025-12-31 15:10:00+00:00,2542.77,2543.96,2529.0,2537.48,28.16839957
2025-12-31 15:15:00+00:00,2535.56,2536.45,2528.99,2533.39,23.60223078
2025-12-31 15:20:00+00:00,2532.28,2536.22,2530.38,2530.75,96.85851367
2025-12-31 15:25:00+00:00,2532.5,2536.31,2532.4,2532.84,4.11272471
2025-12-31 15:30:00+00:00,2533.12,2533.32,2524.9,2530.11,37.42361783
2025-12-31 15:35:00+00:00,2529.67,2539.54,2526.85,2537.26,65.19158634
2025-12-31 15:40:00+00:00,2535.76,2540.11,2533.32,2535.39,52.45950708
2025-12-31 15:45:00+00:00,2536.77,2542.15,2535.0,2542.15,49.28529361
2025-12-31 15:50:00+00:00,2542.46,2542.46,2536.81,2538.8,98.88206638
2025-12-31 15:55:00+00:00,2538.99,2541.33,2537.25,2538.5,77.07534406
2025-12-31 16:00:00+00:00,2539.7,2539.71,2534.02,2536.07,49.97839863
2025-12-31 16:05:00+00:00,2536.16,2538.55,2534.35,2536.9,15.33447953
2025-12-31 16:10:00+00:00,2536.06,2540.4,2535.86,2538.2,26.99726812
2025-12-31 16:15:00+00:00,2536.8,2547.35,2536.42,2541.98,118.38708158
2025-12-31 16:20:00+00:00,2542.92,2544.45,2537.62,2537.98,65.89959817
2025-12-31 16:25:00+00:00,2537.94,2541.74,2536.8,2539.94,48.34914219
2025-12-31 16:30:00+00:00,2539.92,2540.7,2535.32,2535.84,15.97293354
2025-12-31 16:35:00+00:00,2535.0,2537.58,2532.2,2536.02,73.01039957
2025-12-31 16:40:00+00:00,2536.27,2536.63,2517.6,2523.36,137.38041419
2025-12-31 16:45:00+00:00,2521.43,2528.22,2521.4,2526.71,6.54584215
2025-12-31 16:50:00+00:00,2527.01,2533.36,2525.6,2531.22,43.23484995
2025-12-31 16:55:00+00:00,2532.09,2532.79,2530.1,2531.48,34.39178554
2025-12-31 17:00:00+00:00,2530.62,2532.2,2528.73,2528.73,11.5772382
2025-12-31 17:05:00+00:00,2529.57,2530.3,2525.97,2527.16,14.72051872
2025-12-31 17:10:00+00:00,2526.99,2527.38,2525.34,2526.09,30.17025572
2025-12-31 17:15:00+00:00,2526.99,2535.16,2524.79,2533.35,15.49073029
2025-12-31 17:20:00+00:00,2532.26,2533.08,2530.74,2531.28,11.56793372
2025-12-31 17:25:00+00:00,2530.72,2533.62,2530.4,2532.42,16.73414553
2025-12-31 17:30:00+00:00,2530.4,2532.89,2529.99,2531.47,3.74782032
2025-12-31 17:35:00+00:00,2531.49,2531.96,2526.95,2528.43,73.21104495
2025-12-31 17:40:00+00:00,2529.35,2530.3,2527.42,2530.3,46.13930397
2025-12-31 17:45:00+00:00,2529.49,2532.39,2529.49,2530.9,28.06108265
2025-12-31 17:50:00+00:00,2530.89,2533.84,2528.97,2533.11,33.31986629
2025-12-31 17:55:00+00:00,2531.22,2531.49,2528.52,2530.65,40.63082385
2025-12-31 18:00:00+00:00,2531.13,2531.69,2528.2,2531.68,67.67705954
2025-12-31 18:05:00+00:00,2531.48,2538.27,2531.11,2537.7,29.86263035
2025-12-31 18:10:00+00:00,2539.17,2539.19,2535.15,2536.6,60.29351506
2025-12-31 18:15:00+00:00,2535.84,2538.06,2535.31,2537.05,7.82910043
2025-12-31 18:20:00+00:00,2535.1,2538.27,2535.1,2536.13,12.07738329
2025-12-31 18:25:00+00:00,2536.0,2537.54,2535.77,2535.93,24.33025306
2025-12-31 18:30:00+00:00,2535.02,2535.03,2532.96,2534.37,3.00363901
2025-12-31 18:35:00+00:00,2532.91,2533.79,2531.94,2532.51,22.61668097
2025-12-31 18:40:00+00:00,2532.9,2533.62,2530.76,2532.9,13.16717588
2025-12-31 18:45:00+00:00,2533.07,2533.23,2527.8,2528.25,32.6863251
2025-12-31 18:50:00+00:00,2527.94,2528.52,2525.94,2528.52,10.52850658
2025-12-31 18:55:00+00:00,2528.51,2530.59,2528.13,2528.17,17.3887803
2025-12-31 19:00:00+00:00,2530.6,2531.6,2528.7,2531.6,11.04119477
2025-12-31 19:05:00+00:00,2530.94,2532.57,2529.93,2531.55,11.29891154
2025-12-31 19:10:00+00:00,2531.59,2532.71,2531.59,2532.71,1.20341229
2025-12-31 19:15:00+00:00,2530.64,2530.74,2529.67,2529.91,3.16548635
2025-12-31 19:20:00+00:00,2530.04,2530.32,2528.9,2528.9,14.45496459
2025-12-31 19:25:00+00:00,2528.9,2529.94,2526.43,2529.76,14.85030422
2025-12-31 19:30:00+00:00,2529.32,2530.49,2528.73,2529.86,7.62309308
2025-12-31 19:35:00+00:00,2528.8,2528.89,2526.73,2526.73,12.14726943
2025-12-31 19:40:00+00:00,2527.65,2528.13,2525.0,2526.4,17.28993921
2025-12-31 19:45:00+00:00,2526.5,2527.14,2525.86,2527.14,1.58123171
2025-12-31 19:50:00+00:00,2526.66,2526.66,2524.81,2525.3,11.12682193
2025-12-31 19:55:00+00:00,2525.53,2526.54,2523.42,2524.71,36.89926879
2025-12-31 20:00:00+00:00,2524.96,2525.7,2523.75,2523.96,9.04550991
2025-12-31 20:05:00+00:00,2524.44,2525.38,2522.02,2523.39,32.12612275
2025-12-31 20:10:00+00:00,2520.26,2523.27,2520.0,2522.94,5.2783911
2025-12-31 20:15:00+00:00,2521.85,2524.64,2521.85,2522.57,21.98488902
2025-12-31 20:20:00+00:00,2521.8,2523.23,2521.25,2522.73,10.601216
2025-12-31 20:25:00+00:00,2522.46,2524.69,2522.18,2523.27,11.30445194
2025-12-31 20:30:00+00:00,2525.07,2527.53,2520.52,2520.75,7.44968812
2025-12-31 20:35:00+00:00,2520.95,2521.87,2519.06,2519.99,59.6159236
2025-12-31 20:40:00+00:00,2520.1,2520.1,2517.0,2519.12,24.36337043
2025-12-31 20:45:00+00:00,2519.38,2519.49,2517.39,2518.4,23.4932239
2025-12-31 20:50:00+00:00,2518.74,2523.72,2516.69,2522.5,56.92549616
2025-12-31 20:55:00+00:00,2522.41,2530.69,2522.33,2527.08,81.59573301
2025-12-31 21:00:00+00:00,2527.27,2527.96,2525.47,2527.27,72.64871791
2025-12-31 21:05:00+00:00,2528.83,2532.07,2528.83,2529.73,113.55932536
2025-12-31 21:10:00+00:00,2529.46,2529.46,2527.87,2529.0,30.68401048
2025-12-31 21:15:00+00:00,2528.79,2529.79,2528.03,2529.48,1.1485085
2025-12-31 21:20:00+00:00,2528.68,2530.73,2528.68,2529.9,1.72358357
2025-12-31 21:25:00+00:00,2529.69,2530.86,2529.69,2530.8,13.01931192
2025-12-31 21:30:00+00:00,2530.85,2533.36,2530.12,2531.23,19.82768239
2025-12-31 21:35:00+00:00,2533.36,2533.86,2532.69,2533.86,5.68000532
2025-12-31 21:40:00+00:00,2532.95,2533.33,2532.21,2532.6,29.60001414
2025-12-31 21:45:00+00:00,2532.33,2533.71,2531.03,2532.56,4.78084957
2025-12-31 21:50:00+00:00,2531.3,2532.29,2531.25,2532.19,30.26189677
2025-12-31 21:55:00+00:00,2532.98,2532.98,2530.31,2532.03,23.81761243
2025-12-31 22:00:00+00:00,2531.38,2531.75,2529.94,2530.5,54.96593418
2025-12-31 22:05:00+00:00,2530.9,2531.44,2529.97,2530.82,22.60607251
2025-12-31 22:10:00+00:00,2530.4,2531.29,2530.15,2531.17,20.46466103
2025-12-31 22:15:00+00:00,2531.47,2531.48,2529.6,2530.93,27.65625945
2025-12-31 22:20:00+00:00,2529.68,2530.77,2528.1,2530.32,155.97332371
2025-12-31 22:25:00+00:00,2531.35,2532.96,2530.94,2532.08,28.22310469
2025-12-31 22:30:00+00:00,2532.1,2532.54,2529.47,2530.2,26.45426289
2025-12-31 22:35:00+00:00,2529.39,2529.8,2529.19,2529.21,14.36531306
2025-12-31 22:40:00+00:00,2528.03,2529.3,2525.63,2525.63,20.08472035
2025-12-31 22:45:00+00:00,2526.23,2527.7,2525.71,2526.32,29.38444567
2025-12-31 22:50:00+00:00,2525.92,2526.69,2524.02,2524.09,87.12146411
2025-12-31 22:55:00+00:00,2523.76,2525.56,2523.76,2524.54,51.89973026
2025-12-31 23:00:00+00:00,2524.5,2524.9,2523.3,2523.3,10.31583557
2025-12-31 23:05:00+00:00,2522.6,2525.86,2522.6,2525.14,7.96754492
2025-12-31 23:10:00+00:00,2524.87,2525.21,2523.61,2524.54,20.01664226
2025-12-31 23:15:00+00:00,2525.21,2526.68,2524.47,2525.95,14.60259718
2025-12-31 23:20:00+00:00,2526.2,2528.48,2525.81,2528.29,43.52678382
2025-12-31 23:25:00+00:00,2528.22,2529.06,2527.54,2527.86,43.59725288
2025-12-31 23:30:00+00:00,2527.92,2528.29,2527.18,2527.7,11.5130418
2025-12-31 23:35:00+00:00,2527.21,2527.39,2524.01,2525.0,12.81150381
2025-12-31 23:40:00+00:00,2526.32,2528.53,2525.48,2526.4,35.91567456
2025-12-31 23:45:00+00:00,2526.1,2526.79,2525.27,2526.69,10.47653016
2025-12-31 23:50:00+00:00,2526.39,2526.39,2523.31,2524.51,55.61093238
2025-12-31 23:55:00+00:00,2524.38,2525.84,2524.38,2524.69,1.20845005
2026-01-01 00:00:00+00:00,2524.85,2527.63,2524.56,2525.28,7.84177317
2026-01-01 00:05:00+00:00,2529.08,2532.5,2526.58,2528.72,181.08171353
2026-01-01 00:10:00+00:00,2529.36,2529.49,2527.66,2529.01,3.13171071
2026-01-01 00:15:00+00:00,2528.42,2529.26,2528.42,2528.82,1.50917559
2026-01-01 00:20:00+00:00,2528.97,2529.5,2528.97,2529.17,2.39961099
2026-01-01 00:25:00+00:00,2530.47,2530.81,2530.36,2530.36,0.82673597
2026-01-01 00:30:00+00:00,2530.22,2531.44,2530.22,2531.24,2.93597856
2026-01-01 00:35:00+00:00,2529.79,2531.15,2529.79,2530.59,7.26860144
2026-01-01 00:40:00+00:00,2530.56,2530.96,2530.56,2530.96,0.7882544
2026-01-01 00:45:00+00:00,2531.1,2532.41,2530.43,2532.41,1.34651185
2026-01-01 00:50:00+00:00,2532.42,2532.63,2531.46,2531.46,1.1481642
2026-01-01 00:55:00+00:00,2530.61,2530.79,2529.68,2529.68,3.06498579
2026-01-01 01:00:00+00:00,2529.35,2531.07,2529.35,2530.54,7.43231299
2026-01-01 01:05:00+00:00,2530.52,2533.16,2529.95,2533.16,23.70112911
2026-01-01 01:10:00+00:00,2533.88,2534.44,2531.94,2534.44,18.71114596
2026-01-01 01:15:00+00:00,2534.08,2536.89,2533.75,2534.61,8.3078674
2026-01-01 01:20:00+00:00,2533.5,2533.86,2533.31,2533.53,9.9691293
2026-01-01 01:25:00+00:00,2533.39,2533.39,2531.62,2531.62,0.36485527
2026-01-01 01:30:00+00:00,2532.16,2532.84,2530.88,2532.0,8.93396716
2026-01-01 01:35:00+00:00,2530.89,2532.43,2530.22,2531.71,30.17441563
2026-01-01 01:40:00+00:00,2534.27,2535.47,2532.38,2534.84,8.46463089
2026-01-01 01:45:00+00:00,2535.8,2535.8,2534.1,2535.03,7.53097897
2026-01-01 01:50:00+00:00,2533.8,2536.87,2533.8,2536.87,17.50354245
2026-01-01 01:55:00+00:00,2536.25,2536.37,2533.54,2533.54,3.18029152
2026-01-01 02:00:00+00:00,2533.69,2533.69,2532.95,2533.38,7.02723431
2026-01-01 02:05:00+00:00,2535.15,2535.28,2534.61,2534.61,0.15138381
2026-01-01 02:10:00+00:00,2533.85,2534.0,2533.85,2533.85,0.57451706
2026-01-01 02:15:00+00:00,2534.35,2535.8,2534.35,2535.41,0.08074719
2026-01-01 02:20:00+00:00,2535.24,2535.25,2534.0,2534.7,0.66958533
2026-01-01 02:25:00+00:00,2534.57,2534.57,2532.79,2533.46,0.09535691
2026-01-01 02:30:00+00:00,2535.3,2535.3,2533.03,2533.54,7.48850485
2026-01-01 02:35:00+00:00,2533.86,2534.23,2531.78,2534.23,5.72528605
2026-01-01 02:40:00+00:00,2533.45,2533.46,2532.39,2533.4,1.94628788
2026-01-01 02:45:00+00:00,2533.1,2533.54,2533.09,2533.13,0.04527053
2026-01-01 02:50:00+00:00,2531.98,2532.33,2531.09,2532.33,3.62672198
2026-01-01 02:55:00+00:00,2532.41,2532.94,2532.41,2532.7,0.82849993
2026-01-01 03:00:00+00:00,2532.35,2533.14,2531.91,2531.91,0.18783431
2026-01-01 03:05:00+00:00,2532.99,2533.35,2532.09,2533.35,1.76548703
2026-01-01 03:10:00+00:00,2532.71,2534.03,2532.71,2532.79,0.53721044
2026-01-01 03:15:00+00:00,2534.12,2535.07,2534.01,2534.98,3.49907845
2026-01-01 03:20:00+00:00,2534.28,2534.28,2532.66,2533.45,0.31299161
2026-01-01 03:25:00+00:00,2532.61,2533.73,2532.61,2533.41,0.29330126
2026-01-01 03:30:00+00:00,2533.08,2533.08,2532.23,2532.23,0.03583942
2026-01-01 03:35:00+00:00,2532.73,2533.87,2532.13,2533.87,0.22300696
2026-01-01 03:40:00+00:00,2533.8,2533.8,2533.28,2533.67,0.06051451
2026-01-01 03:45:00+00:00,2533.23,2533.23,2532.46,2532.46,0.01377986
2026-01-01 03:50:00+00:00,2532.09,2532.09,2531.8,2531.89,0.12399507
2026-01-01 03:55:00+00:00,2531.48,2531.49,2530.63,2530.68,0.50140014
2026-01-01 04:00:00+00:00,2531.31,2531.61,2529.59,2530.52,9.35870739
2026-01-01 04:05:00+00:00,2530.83,2531.66,2527.7,2527.7,1.31824906
2026-01-01 04:10:00+00:00,2528.06,2528.93,2527.62,2527.62,0.48207963
2026-01-01 04:15:00+00:00,2527.45,2527.49,2527.01,2527.01,0.04675303
2026-01-01 04:20:00+00:00,2527.71,2527.71,2527.28,2527.63,0.04932362
2026-01-01 04:25:00+00:00,2527.5,2529.27,2527.5,2528.85,0.07327213
2026-01-01 04:30:00+00:00,2529.5,2530.05,2528.81,2529.5,1.78977043
2026-01-01 04:35:00+00:00,2529.82,2529.82,2528.6,2528.6,0.00985248
2026-01-01 04:40:00+00:00,2528.55,2530.82,2524.7,2527.42,14.86036156
2026-01-01 04:45:00+00:00,2525.78,2527.64,2525.78,2527.64,1.00262123
2026-01-01 04:50:00+00:00,2527.06,2527.06,2526.79,2526.79,0.01183693
2026-01-01 04:55:00+00:00,2526.79,2527.63,2526.77,2527.19,4.44661571
2026-01-01 05:00:00+00:00,2528.48,2529.66,2528.48,2529.48,0.04145856
2026-01-01 05:05:00+00:00,2529.48,2531.2,2529.48,2531.16,0.45320246
2026-01-01 05:10:00+00:00,2530.91,2531.0,2530.33,2530.33,0.06873293
2026-01-01 05:15:00+00:00,2531.12,2531.77,2530.97,2531.69,0.11558764
2026-01-01 05:20:00+00:00,2531.03,2531.3,2530.61,2531.0,0.04279247
2026-01-01 05:25:00+00:00,2531.0,2532.81,2531.0,2532.81,0.21940459
2026-01-01 05:30:00+00:00,2532.67,2533.93,2531.24,2533.41,8.11991717
2026-01-01 05:35:00+00:00,2533.59,2533.59,2531.34,2531.34,2.76110527
2026-01-01 05:40:00+00:00,2531.41,2533.05,2531.41,2532.29,0.29431222
2026-01-01 05:45:00+00:00,2532.6,2533.02,2532.6,2532.97,0.11612049
2026-01-01 05:50:00+00:00,2533.42,2533.53,2532.77,2532.97,5.48889862
2026-01-01 05:55:00+00:00,2532.8,2532.8,2532.32,2532.66,0.27070084
2026-01-01 06:00:00+00:00,2532.39,2532.39,2531.0,2531.57,4.03809284
2026-01-01 06:05:00+00:00,2531.3,2531.3,2529.11,2529.11,3.50938649
2026-01-01 06:10:00+00:00,2529.5,2530.82,2529.09,2529.97,11.02632747
2026-01-01 06:15:00+00:00,2530.75,2530.97,2529.6,2529.6,2.72336355
2026-01-01 06:20:00+00:00,2529.38,2529.84,2529.23,2529.65,4.57890982
2026-01-01 06:25:00+00:00,2529.62,2529.62,2528.77,2529.26,4.25658241
2026-01-01 06:30:00+00:00,2528.77,2529.15,2527.85,2529.12,41.09759911
2026-01-01 06:35:00+00:00,2529.46,2529.61,2529.22,2529.27,0.073245
2026-01-01 06:40:00+00:00,2529.18,2529.18,2528.42,2528.64,1.31404947
2026-01-01 06:45:00+00:00,2528.57,2528.57,2527.83,2527.83,2.2318052
2026-01-01 06:50:00+00:00,2527.5,2527.98,2527.27,2527.27,2.60829741
2026-01-01 06:55:00+00:00,2527.52,2527.52,2526.85,2526.85,2.80168996
2026-01-01 07:00:00+00:00,2527.8,2528.38,2527.74,2527.89,3.6977874
2026-01-01 07:05:00+00:00,2528.33,2530.53,2528.33,2530.4,12.88580902
2026-01-01 07:10:00+00:00,2529.79,2529.79,2528.56,2529.02,0.91639454
2026-01-01 07:15:00+00:00,2529.86,2530.5,2529.86,2530.5,1.26832925
2026-01-01 07:20:00+00:00,2530.01,2530.01,2529.64,2529.64,0.29762407
2026-01-01 07:25:00+00:00,2529.4,2529.4,2528.51,2528.51,4.4463006
2026-01-01 07:30:00+00:00,2529.2,2530.08,2529.2,2530.08,13.84392277
2026-01-01 07:35:00+00:00,2530.09,2531.57,2530.09,2530.77,5.06936699
2026-01-01 07:40:00+00:00,2530.95,2531.07,2530.87,2530.87,0.58217036
2026-01-01 07:45:00+00:00,2530.67,2531.15,2529.43,2529.43,9.08908712
2026-01-01 07:50:00+00:00,2529.85,2529.85,2529.41,2529.84,0.75377417
2026-01-01 07:55:00+00:00,2529.74,2529.76,2529.11,2529.36,0.66271546
2026-01-01 08:00:00+00:00,2528.89,2530.65,2528.89,2529.48,0.81676892
2026-01-01 08:05:00+00:00,2529.4,2532.4,2529.4,2532.4,15.62130012
2026-01-01 08:10:00+00:00,2532.62,2532.62,2531.27,2532.05,0.21054853
2026-01-01 08:15:00+00:00,2532.29,2532.72,2531.65,2532.61,3.63338918
2026-01-01 08:20:00+00:00,2533.35,2533.55,2532.82,2532.82,2.15411057
2026-01-01 08:25:00+00:00,2532.91,2532.92,2532.76,2532.9,0.55579923
2026-01-01 08:30:00+00:00,2533.22,2534.46,2533.22,2533.93,12.11360349
2026-01-01 08:35:00+00:00,2533.81,2533.94,2532.67,2532.67,5.11376039
2026-01-01 08:40:00+00:00,2532.46,2532.47,2531.85,2532.0,4.49055597
2026-01-01 08:45:00+00:00,2532.0,2533.4,2532.0,2532.3,2.20071532
2026-01-01 08:50:00+00:00,2532.63,2533.3,2532.34,2532.75,5.43524358
2026-01-01 08:55:00+00:00,2532.72,2534.08,2532.34,2534.08,0.80178022
2026-01-01 09:00:00+00:00,2533.81,2535.07,2533.81,2535.07,1.815565
2026-01-01 09:05:00+00:00,2533.35,2536.24,2533.35,2535.9,32.14767575
2026-01-01 09:10:00+00:00,2535.62,2536.63,2535.61,2536.0,6.27696916
2026-01-01 09:15:00+00:00,2536.03,2538.5,2536.03,2538.13,14.02668991
2026-01-01 09:20:00+00:00,2538.1,2538.1,2536.99,2537.16,7.79226806
2026-01-01 09:25:00+00:00,2537.06,2537.06,2535.79,2535.89,0.51111646
2026-01-01 09:30:00+00:00,2535.89,2536.3,2535.8,2535.8,0.6201995
2026-01-01 09:35:00+00:00,2535.2,2537.15,2534.48,2537.15,10.02557106
2026-01-01 09:40:00+00:00,2536.69,2537.2,2536.69,2536.94,3.24688169
2026-01-01 09:45:00+00:00,2537.0,2537.37,2537.0,2537.0,1.60389668
2026-01-01 09:50:00+00:00,2536.36,2536.68,2536.12,2536.18,3.70154243
2026-01-01 09:55:00+00:00,2536.02,2536.02,2535.68,2535.9,11.09358552
2026-01-01 10:00:00+00:00,2535.9,2536.9,2535.88,2536.9,3.357829
2026-01-01 10:05:00+00:00,2537.1,2537.2,2536.39,2537.2,7.59771067
2026-01-01 10:10:00+00:00,2536.66,2537.39,2536.43,2537.39,0.79676629
2026-01-01 10:15:00+00:00,2537.2,2537.2,2535.76,2535.93,1.34300959
2026-01-01 10:20:00+00:00,2535.44,2535.44,2533.96,2534.21,5.99520658
2026-01-01 10:25:00+00:00,2534.62,2535.1,2534.33,2535.1,0.41488669
2026-01-01 10:30:00+00:00,2534.93,2535.01,2534.81,2535.01,0.79562787
2026-01-01 10:35:00+00:00,2534.63,2534.89,2534.63,2534.64,1.05289195
2026-01-01 10:40:00+00:00,2534.77,2534.77,2534.61,2534.62,0.10749059
2026-01-01 10:45:00+00:00,2534.54,2534.79,2534.25,2534.55,0.41924081
2026-01-01 10:50:00+00:00,2534.71,2535.9,2534.3,2535.88,1.25539805
2026-01-01 10:55:00+00:00,2535.94,2536.61,2535.88,2536.61,0.92591253
2026-01-01 11:00:00+00:00,2536.86,2536.86,2536.35,2536.5,12.68014011
2026-01-01 11:05:00+00:00,2537.05,2537.25,2536.59,2536.73,0.65290791
2026-01-01 11:10:00+00:00,2536.85,2537.91,2536.85,2537.28,12.11139565
2026-01-01 11:15:00+00:00,2538.02,2543.0,2538.02,2540.6,25.55620316
2026-01-01 11:20:00+00:00,2539.92,2540.4,2539.35,2540.38,5.23065205
2026-01-01 11:25:00+00:00,2540.02,2540.02,2537.91,2537.91,12.46668869
2026-01-01 11:30:00+00:00,2538.4,2539.41,2537.93,2539.0,10.58648075
2026-01-01 11:35:00+00:00,2538.72,2539.0,2536.61,2536.77,0.99057781
2026-01-01 11:40:00+00:00,2537.44,2537.93,2536.9,2536.9,6.15016292
2026-01-01 11:45:00+00:00,2538.37,2538.5,2536.88,2538.35,11.6350091
2026-01-01 11:50:00+00:00,2538.35,2540.71,2538.35,2539.32,5.08220496
2026-01-01 11:55:00+00:00,2539.7,2540.89,2539.7,2540.59,9.06645472
2026-01-01 12:00:00+00:00,2539.98,2540.02,2538.93,2539.62,3.31870458
2026-01-01 12:05:00+00:00,2540.57,2540.57,2538.89,2540.1,2.32715928
2026-01-01 12:10:00+00:00,2540.87,2540.87,2539.77,2539.77,8.23936467
2026-01-01 12:15:00+00:00,2539.56,2539.66,2538.72,2538.72,0.09626614
2026-01-01 12:20:00+00:00,2538.14,2538.31,2536.52,2536.52,11.16066904
2026-01-01 12:25:00+00:00,2536.3,2538.3,2536.3,2537.72,10.88000199
2026-01-01 12:30:00+00:00,2537.7,2537.79,2535.19,2535.19,2.92805314
2026-01-01 12:35:00+00:00,2536.08,2536.9,2536.08,2536.7,1.04242626
2026-01-01 12:40:00+00:00,2536.64,2537.09,2536.33,2536.87,3.58047219
2026-01-01 12:45:00+00:00,2537.1,2537.94,2536.99,2537.19,4.43597898
2026-01-01 12:50:00+00:00,2537.48,2538.4,2536.97,2537.97,1.28684112
2026-01-01 12:55:00+00:00,2537.97,2539.59,2537.97,2539.38,4.30606061
2026-01-01 13:00:00+00:00,2538.95,2539.06,2538.31,2538.31,0.6166063
2026-01-01 13:05:00+00:00,2540.2,2541.62,2539.26,2540.6,5.36115356
2026-01-01 13:10:00+00:00,2540.73,2541.38,2540.49,2540.71,2.08524789
2026-01-01 13:15:00+00:00,2540.92,2540.98,2539.29,2540.98,10.23896444
2026-01-01 13:20:00+00:00,2539.6,2540.81,2537.84,2537.84,10.42083127
2026-01-01 13:25:00+00:00,2537.86,2537.89,2536.69,2537.03,14.75664798
2026-01-01 13:30:00+00:00,2537.0,2537.58,2536.0,2537.21,3.93744662
2026-01-01 13:35:00+00:00,2537.82,2537.82,2536.91,2537.55,0.84787659
2026-01-01 13:40:00+00:00,2537.42,2538.6,2537.42,2537.85,1.55793824
2026-01-01 13:45:00+00:00,2537.6,2537.6,2536.2,2536.51,4.6229123
2026-01-01 13:50:00+00:00,2536.48,2537.55,2536.04,2536.33,4.0225455
2026-01-01 13:55:00+00:00,2536.13,2536.73,2536.13,2536.35,7.30208822
2026-01-01 14:00:00+00:00,2535.8,2536.02,2532.5,2533.2,13.17835985
2026-01-01 14:05:00+00:00,2533.0,2535.26,2532.77,2534.94,4.46344697
2026-01-01 14:10:00+00:00,2535.7,2537.81,2535.68,2536.03,4.18278747
2026-01-01 14:15:00+00:00,2535.68,2537.03,2534.9,2535.08,5.92158664
2026-01-01 14:20:00+00:00,2534.89,2535.57,2534.3,2534.43,5.21497027
2026-01-01 14:25:00+00:00,2534.13,2535.2,2533.39,2534.22,16.86442321
2026-01-01 14:30:00+00:00,2533.46,2534.6,2532.41,2534.6,6.43946891
2026-01-01 14:35:00+00:00,2535.29,2535.92,2534.6,2535.0,4.49313984
2026-01-01 14:40:00+00:00,2535.09,2535.09,2533.97,2534.5,5.32288251
2026-01-01 14:45:00+00:00,2535.02,2537.22,2534.98,2534.98,2.84928123
2026-01-01 14:50:00+00:00,2537.77,2539.57,2537.77,2539.22,0.88535162
2026-01-01 14:55:00+00:00,2538.16,2538.68,2538.08,2538.08,1.49908057
2026-01-01 15:00:00+00:00,2538.78,2538.92,2537.54,2537.54,6.48650736
2026-01-01 15:05:00+00:00,2537.48,2537.8,2535.76,2537.08,12.70071711
2026-01-01 15:10:00+00:00,2534.38,2536.7,2534.38,2536.7,2.77882682
2026-01-01 15:15:00+00:00,2539.29,2539.92,2537.1,2537.41,6.93409502
2026-01-01 15:20:00+00:00,2537.93,2538.2,2536.25,2536.25,1.5545981
2026-01-01 15:25:00+00:00,2536.56,2539.09,2536.56,2539.09,1.45328319
2026-01-01 15:30:00+00:00,2538.79,2540.41,2538.25,2538.97,11.38370286
2026-01-01 15:35:00+00:00,2540.5,2540.5,2538.97,2539.09,9.2577831
2026-01-01 15:40:00+00:00,2540.34,2546.4,2540.34,2542.0,22.79540499
2026-01-01 15:45:00+00:00,2541.2,2546.6,2541.2,2542.43,5.36753514
2026-01-01 15:50:00+00:00,2543.2,2543.61,2541.81,2543.25,7.56368505
2026-01-01 15:55:00+00:00,2543.01,2543.04,2541.55,2542.67,8.37951714
2026-01-01 16:00:00+00:00,2543.1,2543.1,2539.56,2541.14,22.18712944
2026-01-01 16:05:00+00:00,2539.41,2541.42,2539.04,2541.18,21.08402962
2026-01-01 16:10:00+00:00,2540.69,2540.69,2538.08,2538.08,6.33505769
2026-01-01 16:15:00+00:00,2537.0,2539.09,2536.89,2536.91,9.73591268
2026-01-01 16:20:00+00:00,2537.15,2537.15,2534.49,2536.21,4.46931693
2026-01-01 16:25:00+00:00,2536.8,2538.89,2536.79,2538.89,38.05552628
2026-01-01 16:30:00+00:00,2538.7,2539.53,2537.31,2537.31,14.4295372
2026-01-01 16:35:00+00:00,2537.73,2538.44,2536.73,2536.96,7.8872815
2026-01-01 16:40:00+00:00,2536.3,2536.3,2535.24,2535.24,24.63431949
2026-01-01 16:45:00+00:00,2537.08,2537.88,2535.1,2536.62,8.33659906
2026-01-01 16:50:00+00:00,2535.63,2535.63,2534.47,2534.54,1.69543953
2026-01-01 16:55:00+00:00,2534.84,2536.13,2534.84,2535.74,2.43552695
2026-01-01 17:00:00+00:00,2535.49,2537.52,2535.49,2537.52,1.18235947
2026-01-01 17:05:00+00:00,2537.42,2537.87,2536.33,2537.18,0.2725852
2026-01-01 17:10:00+00:00,2536.66,2538.91,2536.37,2538.74,17.12758716
2026-01-01 17:15:00+00:00,2538.86,2540.19,2538.16,2539.07,18.42138727
2026-01-01 17:20:00+00:00,2540.54,2543.03,2540.54,2540.93,17.20488632
2026-01-01 17:25:00+00:00,2540.94,2543.6,2539.96,2543.6,20.48495904
2026-01-01 17:30:00+00:00,2544.86,2556.78,2544.86,2546.22,130.14614254
2026-01-01 17:35:00+00:00,2546.19,2547.94,2543.69,2545.42,22.93010945
2026-01-01 17:40:00+00:00,2547.06,2547.72,2542.88,2543.53,9.58496136
2026-01-01 17:45:00+00:00,2543.69,2545.63,2543.69,2544.53,6.05857726
2026-01-01 17:50:00+00:00,2543.96,2546.42,2543.96,2545.59,0.75839884
2026-01-01 17:55:00+00:00,2545.06,2545.09,2539.57,2542.02,27.66661788
2026-01-01 18:00:00+00:00,2543.36,2544.33,2540.1,2541.81,25.72023175
2026-01-01 18:05:00+00:00,2541.8,2541.8,2538.43,2539.83,4.27062351
2026-01-01 18:10:00+00:00,2541.58,2541.58,2539.51,2539.75,3.33655134
2026-01-01 18:15:00+00:00,2539.55,2541.87,2539.44,2540.66,1.63155574
2026-01-01 18:20:00+00:00,2542.33,2543.28,2541.02,2542.2,17.42859912
2026-01-01 18:25:00+00:00,2541.55,2541.55,2538.9,2539.36,6.42850523
2026-01-01 18:30:00+00:00,2539.62,2540.45,2539.25,2539.66,4.18759645
2026-01-01 18:35:00+00:00,2540.32,2541.47,2540.07,2540.57,6.46349027
2026-01-01 18:40:00+00:00,2539.68,2542.17,2539.68,2542.17,15.49448358
2026-01-01 18:45:00+00:00,2542.5,2544.18,2542.5,2543.45,1.3604497
2026-01-01 18:50:00+00:00,2543.18,2543.56,2540.0,2540.0,42.28559086
2026-01-01 18:55:00+00:00,2541.14,2542.47,2541.13,2542.47,0.81479171
2026-01-01 19:00:00+00:00,2542.82,2543.1,2541.5,2541.89,7.5436761
2026-01-01 19:05:00+00:00,2542.1,2542.88,2541.1,2541.63,1.88299803
2026-01-01 19:10:00+00:00,2541.66,2541.69,2540.49,2540.5,2.62186705
2026-01-01 19:15:00+00:00,2541.01,2541.42,2540.35,2541.01,9.16810239
2026-01-01 19:20:00+00:00,2540.84,2541.67,2540.47,2541.29,2.45389293
2026-01-01 19:25:00+00:00,2541.24,2541.46,2541.08,2541.3,2.72697561
2026-01-01 19:30:00+00:00,2541.41,2541.56,2540.51,2540.9,0.3276532
2026-01-01 19:35:00+00:00,2541.19,2545.0,2541.19,2543.59,2.45660688
2026-01-01 19:40:00+00:00,2545.0,2546.2,2544.6,2545.93,3.54954842
2026-01-01 19:45:00+00:00,2546.99,2547.14,2544.65,2547.14,9.31202316
2026-01-01 19:50:00+00:00,2547.83,2548.48,2547.45,2547.51,6.10492027
2026-01-01 19:55:00+00:00,2547.97,2547.97,2546.19,2546.67,1.74212067
2026-01-01 20:00:00+00:00,2548.0,2548.54,2545.68,2545.68,7.67725273
2026-01-01 20:05:00+00:00,2545.53,2546.79,2545.53,2546.14,1.45421519
2026-01-01 20:10:00+00:00,2546.04,2547.27,2545.64,2545.73,57.84160731
2026-01-01 20:15:00+00:00,2545.57,2546.53,2545.4,2546.3,3.73519914
2026-01-01 20:20:00+00:00,2546.06,2546.06,2544.49,2544.49,17.30101178
2026-01-01 20:25:00+00:00,2545.71,2546.49,2544.74,2546.29,12.96160318
2026-01-01 20:30:00+00:00,2546.28,2546.28,2544.4,2545.0,19.58559858
2026-01-01 20:35:00+00:00,2545.4,2545.49,2543.2,2544.3,11.29484642
2026-01-01 20:40:00+00:00,2545.27,2545.27,2543.31,2543.52,23.12190509
2026-01-01 20:45:00+00:00,2543.89,2543.91,2542.03,2543.42,18.39655805
2026-01-01 20:50:00+00:00,2543.34,2543.8,2542.04,2542.8,0.60395439
2026-01-01 20:55:00+00:00,2543.05,2543.39,2542.88,2542.88,0.87343688
2026-01-01 21:00:00+00:00,2543.7,2543.7,2542.0,2542.72,4.50818096
2026-01-01 21:05:00+00:00,2542.14,2543.81,2541.62,2543.81,8.10611371
2026-01-01 21:10:00+00:00,2544.14,2545.12,2544.14,2544.54,4.06368118
2026-01-01 21:15:00+00:00,2543.92,2544.2,2543.8,2544.02,0.45019498
2026-01-01 21:20:00+00:00,2544.03,2544.55,2543.45,2544.41,2.07072131
2026-01-01 21:25:00+00:00,2544.5,2545.08,2544.31,2544.99,2.11246145
2026-01-01 21:30:00+00:00,2545.02,2545.02,2541.49,2542.37,6.12383832
2026-01-01 21:35:00+00:00,2542.83,2542.83,2541.62,2541.98,0.41879818
2026-01-01 21:40:00+00:00,2541.82,2542.83,2541.31,2541.32,1.36672325
2026-01-01 21:45:00+00:00,2541.33,2541.93,2540.53,2541.72,9.3011805
2026-01-01 21:50:00+00:00,2541.69,2542.82,2541.51,2542.73,6.01523963
2026-01-01 21:55:00+00:00,2542.4,2542.72,2542.05,2542.72,36.4806735
2026-01-01 22:00:00+00:00,2543.05,2544.08,2542.83,2544.08,16.85877906
2026-01-01 22:05:00+00:00,2543.83,2545.33,2542.37,2543.85,64.4749943
2026-01-01 22:10:00+00:00,2543.8,2544.13,2542.59,2542.6,22.43860826
2026-01-01 22:15:00+00:00,2543.59,2543.89,2542.6,2542.6,0.40365471
2026-01-01 22:20:00+00:00,2542.6,2543.17,2541.61,2543.09,1.69338515
2026-01-01 22:25:00+00:00,2543.1,2544.45,2543.1,2544.05,6.47484855
2026-01-01 22:30:00+00:00,2544.01,2545.42,2543.11,2543.11,0.64929709
2026-01-01 22:35:00+00:00,2542.93,2542.93,2539.31,2541.89,11.47150185
2026-01-01 22:40:00+00:00,2542.25,2543.78,2541.64,2542.69,0.28308091
2026-01-01 22:45:00+00:00,2543.29,2544.72,2543.29,2544.71,1.41781975
2026-01-01 22:50:00+00:00,2544.82,2546.2,2543.65,2546.2,10.32698925
2026-01-01 22:55:00+00:00,2547.46,2550.0,2547.46,2548.42,20.75652318
2026-01-01 23:00:00+00:00,2550.9,2552.86,2545.2,2545.2,37.30967801
2026-01-01 23:05:00+00:00,2545.08,2547.49,2543.5,2547.3,12.66327104
2026-01-01 23:10:00+00:00,2548.29,2548.71,2546.0,2548.15,20.93234161
2026-01-01 23:15:00+00:00,2548.8,2552.27,2548.8,2551.59,7.90183564
2026-01-01 23:20:00+00:00,2551.88,2556.12,2551.6,2554.71,44.42809061
2026-01-01 23:25:00+00:00,2554.52,2555.0,2553.2,2554.69,3.5408949
2026-01-01 23:30:00+00:00,2554.9,2558.3,2554.8,2554.82,12.26009366
2026-01-01 23:35:00+00:00,2555.79,2557.23,2554.66,2554.66,17.10869655
2026-01-01 23:40:00+00:00,2556.65,2557.25,2555.25,2556.71,13.66309923
2026-01-01 23:45:00+00:00,2557.81,2558.19,2552.5,2553.11,17.52907589
2026-01-01 23:50:00+00:00,2553.01,2554.44,2552.06,2552.06,10.74769111
2026-01-01 23:55:00+00:00,2553.86,2554.01,2553.35,2553.77,14.96718782
2026-01-02 00:00:00+00:00,2554.12,2554.69,2548.53,2549.53,26.03447276
2026-01-02 00:05:00+00:00,2549.19,2549.98,2546.87,2547.91,10.77216992
2026-01-02 00:10:00+00:00,2548.3,2549.89,2548.16,2549.41,1.06225325
2026-01-02 00:15:00+00:00,2549.88,2549.88,2548.52,2548.62,1.79769193
2026-01-02 00:20:00+00:00,2550.08,2551.11,2550.08,2551.11,0.49069518
2026-01-02 00:25:00+00:00,2551.71,2551.72,2550.95,2551.0,0.18099295
2026-01-02 00:30:00+00:00,2552.75,2555.59,2552.75,2554.59,1.18368511
2026-01-02 00:35:00+00:00,2554.3,2554.3,2551.35,2551.35,9.38216357
2026-01-02 00:40:00+00:00,2549.37,2551.7,2547.38,2547.38,15.49066006
2026-01-02 00:45:00+00:00,2549.7,2553.34,2549.7,2551.8,58.01841806
2026-01-02 00:50:00+00:00,2551.71,2551.89,2551.3,2551.3,5.04674845
2026-01-02 00:55:00+00:00,2552.26,2553.6,2551.9,2553.6,3.58683532
2026-01-02 01:00:00+00:00,2554.52,2555.73,2551.78,2552.28,28.66392979
2026-01-02 01:05:00+00:00,2553.4,2553.4,2551.87,2551.87,8.78384772
2026-01-02 01:10:00+00:00,2553.44,2555.38,2552.4,2552.96,37.55404425
2026-01-02 01:15:00+00:00,2550.42,2552.88,2549.98,2551.28,6.40796633
2026-01-02 01:20:00+00:00,2551.08,2551.8,2551.08,2551.46,1.2551699
2026-01-02 01:25:00+00:00,2550.69,2550.93,2550.1,2550.93,0.22558777
2026-01-02 01:30:00+00:00,2550.33,2550.61,2548.74,2548.74,2.15016443
2026-01-02 01:35:00+00:00,2547.7,2548.59,2547.66,2548.59,7.87815962
2026-01-02 01:40:00+00:00,2548.93,2549.36,2548.46,2548.46,1.11015732
2026-01-02 01:45:00+00:00,2548.15,2548.52,2548.15,2548.52,0.05713574
2026-01-02 01:50:00+00:00,2551.04,2551.07,2550.45,2551.07,2.22252993
2026-01-02 01:55:00+00:00,2549.83,2550.85,2549.83,2550.48,2.71735585
2026-01-02 02:00:00+00:00,2550.14,2550.25,2547.3,2547.3,20.67323993
2026-01-02 02:05:00+00:00,2548.4,2548.4,2544.91,2545.5,51.09380023
2026-01-02 02:10:00+00:00,2545.68,2546.34,2545.68,2546.06,6.7611401
2026-01-02 02:15:00+00:00,2545.27,2546.0,2544.35,2544.9,16.05514781
2026-01-02 02:20:00+00:00,2545.46,2545.46,2541.3,2544.23,11.3288652
2026-01-02 02:25:00+00:00,2543.2,2544.08,2543.2,2544.08,0.01371394
2026-01-02 02:30:00+00:00,2543.67,2545.15,2543.67,2545.15,7.83155738
2026-01-02 02:35:00+00:00,2545.05,2545.05,2543.98,2544.96,16.38976656
2026-01-02 02:40:00+00:00,2545.51,2545.93,2544.88,2545.93,0.69907377
2026-01-02 02:45:00+00:00,2545.81,2548.43,2545.81,2548.38,17.12552506
2026-01-02 02:50:00+00:00,2550.53,2550.79,2549.21,2549.21,15.40174214
2026-01-02 02:55:00+00:00,2549.83,2550.01,2548.7,2550.01,10.53886925
2026-01-02 03:00:00+00:00,2549.05,2549.74,2547.71,2548.48,5.91673858
2026-01-02 03:05:00+00:00,2549.71,2554.7,2549.71,2553.39,4.29828383
2026-01-02 03:10:00+00:00,2552.0,2562.33,2552.0,2553.95,39.32434693
2026-01-02 03:15:00+00:00,2562.58,2562.58,2556.87,2559.6,18.27332881
2026-01-02 03:20:00+00:00,2558.72,2558.72,2556.41,2558.72,5.27961056
2026-01-02 03:25:00+00:00,2558.25,2561.69,2558.25,2559.11,17.66237467
2026-01-02 03:30:00+00:00,2560.2,2561.02,2558.17,2559.5,14.57010209
2026-01-02 03:35:00+00:00,2560.19,2566.5,2560.19,2565.15,11.52320629
2026-01-02 03:40:00+00:00,2564.46,2577.1,2564.46,2574.3,77.8705712
2026-01-02 03:45:00+00:00,2569.54,2572.77,2569.51,2569.57,40.3575392
2026-01-02 03:50:00+00:00,2570.75,2573.18,2569.88,2572.04,34.59671564
2026-01-02 03:55:00+00:00,2572.87,2572.87,2563.32,2566.36,80.51243848
2026-01-02 04:00:00+00:00,2566.36,2567.91,2565.65,2565.65,7.26669253
2026-01-02 04:05:00+00:00,2565.11,2566.34,2564.0,2565.02,10.1512823
2026-01-02 04:10:00+00:00,2565.46,2566.94,2564.34,2565.02,3.2908026
2026-01-02 04:15:00+00:00,2565.8,2565.8,2563.17,2564.45,17.34000914
2026-01-02 04:20:00+00:00,2563.06,2563.06,2560.34,2560.34,16.87768535
2026-01-02 04:25:00+00:00,2560.89,2560.89,2559.28,2560.64,4.20368885
2026-01-02 04:30:00+00:00,2561.44,2562.97,2561.44,2562.1,10.34908869
2026-01-02 04:35:00+00:00,2562.24,2563.9,2562.24,2563.24,5.60985476
2026-01-02 04:40:00+00:00,2564.4,2564.4,2562.68,2563.75,1.83256599
2026-01-02 04:45:00+00:00,2561.7,2562.35,2560.24,2560.24,0.77587109
2026-01-02 04:50:00+00:00,2562.68,2562.99,2560.39,2560.39,1.81815369
2026-01-02 04:55:00+00:00,2559.96,2560.09,2557.71,2557.89,9.0049777
2026-01-02 05:00:00+00:00,2559.72,2560.58,2558.8,2560.58,2.66628704
2026-01-02 05:05:00+00:00,2560.59,2561.46,2560.59,2561.16,7.05504152
2026-01-02 05:10:00+00:00,2561.23,2562.49,2560.99,2560.99,7.76046625
2026-01-02 05:15:00+00:00,2560.71,2564.36,2560.7,2564.36,7.7314027
2026-01-02 05:20:00+00:00,2558.44,2561.7,2556.15,2558.4,20.28609969
2026-01-02 05:25:00+00:00,2558.04,2558.3,2556.76,2557.21,3.06218923
2026-01-02 05:30:00+00:00,2556.85,2558.0,2556.85,2558.0,0.16843681
2026-01-02 05:35:00+00:00,2558.28,2558.28,2558.09,2558.09,0.00976451
2026-01-02 05:40:00+00:00,2560.14,2560.14,2558.21,2560.14,7.14027211
2026-01-02 05:45:00+00:00,2560.4,2561.54,2560.4,2561.54,2.76914409
2026-01-02 05:50:00+00:00,2563.51,2564.19,2561.42,2564.19,1.25979161
2026-01-02 05:55:00+00:00,2564.88,2564.88,2563.2,2563.26,1.36745906
2026-01-02 06:00:00+00:00,2563.87,2566.59,2563.87,2564.69,11.880087
2026-01-02 06:05:00+00:00,2563.94,2563.94,2562.58,2563.58,0.43519926
2026-01-02 06:10:00+00:00,2565.48,2565.99,2564.1,2565.59,0.63327615
2026-01-02 06:15:00+00:00,2567.02,2567.93,2566.67,2567.93,0.70522593
2026-01-02 06:20:00+00:00,2569.12,2569.36,2567.15,2569.36,2.99124992
2026-01-02 06:25:00+00:00,2568.74,2571.34,2568.74,2571.34,3.4980058
2026-01-02 06:30:00+00:00,2571.6,2573.5,2571.6,2571.67,19.17175617
2026-01-02 06:35:00+00:00,2572.39,2579.02,2570.65,2578.65,52.1135579
2026-01-02 06:40:00+00:00,2578.35,2584.6,2578.34,2580.32,59.59663877
2026-01-02 06:45:00+00:00,2581.68,2582.03,2576.54,2576.54,31.60607659
2026-01-02 06:50:00+00:00,2577.68,2578.99,2577.15,2577.15,8.13269743
2026-01-02 06:55:00+00:00,2577.5,2577.5,2574.0,2574.0,13.77988604
2026-01-02 07:00:00+00:00,2574.0,2577.8,2574.0,2574.98,32.93047688
2026-01-02 07:05:00+00:00,2576.8,2577.68,2576.72,2576.85,1.83547785
2026-01-02 07:10:00+00:00,2577.45,2578.3,2576.82,2577.63,2.67563518
2026-01-02 07:15:00+00:00,2576.59,2576.59,2573.57,2573.57,3.69288248
2026-01-02 07:20:00+00:00,2575.87,2575.87,2574.19,2574.75,2.84675827
2026-01-02 07:25:00+00:00,2573.37,2573.39,2570.35,2572.0,24.32349969
2026-01-02 07:30:00+00:00,2572.49,2573.43,2571.21,2571.74,11.99658267
2026-01-02 07:35:00+00:00,2571.41,2571.41,2570.06,2571.14,11.5393499
2026-01-02 07:40:00+00:00,2570.01,2570.75,2568.65,2569.07,15.70419667
2026-01-02 07:45:00+00:00,2568.8,2569.95,2568.04,2568.74,9.92233809
2026-01-02 07:50:00+00:00,2568.58,2569.55,2567.98,2568.71,29.12102505
2026-01-02 07:55:00+00:00,2568.22,2569.21,2567.6,2568.55,20.91341307
2026-01-02 08:00:00+00:00,2569.78,2570.12,2566.74,2568.03,17.65785117
2026-01-02 08:05:00+00:00,2567.91,2573.67,2567.91,2573.47,15.35593662
2026-01-02 08:10:00+00:00,2574.0,2576.75,2572.46,2575.34,26.78118393
2026-01-02 08:15:00+00:00,2576.58,2576.71,2574.94,2576.05,100.40304392
2026-01-02 08:20:00+00:00,2576.86,2577.99,2576.14,2577.75,26.97558175
2026-01-02 08:25:00+00:00,2577.69,2579.09,2577.13,2577.21,30.45768182
2026-01-02 08:30:00+00:00,2577.22,2578.66,2574.24,2577.94,18.12559533
2026-01-02 08:35:00+00:00,2579.43,2579.85,2577.0,2578.07,26.96724092
2026-01-02 08:40:00+00:00,2578.07,2578.63,2577.55,2577.62,6.47775719
2026-01-02 08:45:00+00:00,2577.84,2579.83,2577.79,2579.83,6.68516714
2026-01-02 08:50:00+00:00,2580.0,2583.65,2578.54,2583.19,26.9502085
2026-01-02 08:55:00+00:00,2580.42,2582.42,2579.63,2582.42,15.1108364
2026-01-02 09:00:00+00:00,2582.0,2584.9,2581.22,2582.2,22.26862558
2026-01-02 09:05:00+00:00,2581.22,2587.0,2581.22,2587.0,51.6043317
2026-01-02 09:10:00+00:00,2587.0,2595.62,2587.0,2588.3,88.95767993
2026-01-02 09:15:00+00:00,2591.0,2591.9,2584.18,2585.19,39.56017101
2026-01-02 09:20:00+00:00,2585.7,2589.17,2585.7,2587.89,76.47832689
2026-01-02 09:25:00+00:00,2587.9,2589.58,2587.58,2589.1,41.2059137
2026-01-02 09:30:00+00:00,2589.01,2589.57,2585.8,2585.8,22.13874363
2026-01-02 09:35:00+00:00,2586.74,2588.34,2586.11,2588.34,33.14322033
2026-01-02 09:40:00+00:00,2588.2,2590.86,2588.2,2590.81,17.08589539
2026-01-02 09:45:00+00:00,2592.01,2601.09,2589.74,2596.64,104.77478408
2026-01-02 09:50:00+00:00,2599.41,2599.41,2591.96,2596.66,50.33820918
2026-01-02 09:55:00+00:00,2599.31,2599.31,2594.65,2597.03,25.61220734
2026-01-02 10:00:00+00:00,2597.68,2600.42,2595.5,2595.5,17.8308961
2026-01-02 10:05:00+00:00,2598.77,2613.24,2598.32,2607.86,124.08123435
2026-01-02 10:10:00+00:00,2606.88,2611.38,2604.52,2609.89,34.44087917
2026-01-02 10:15:00+00:00,2611.0,2615.54,2610.72,2612.21,131.26790519
2026-01-02 10:20:00+00:00,2612.81,2612.81,2604.6,2609.26,87.11204395
2026-01-02 10:25:00+00:00,2606.4,2608.23,2604.39,2604.84,41.26493663
2026-01-02 10:30:00+00:00,2604.47,2606.89,2604.13,2604.52,19.12610001
2026-01-02 10:35:00+00:00,2604.9,2611.62,2604.9,2610.14,43.63075701
2026-01-02 10:40:00+00:00,2610.44,2611.01,2607.96,2608.15,42.33212208
2026-01-02 10:45:00+00:00,2608.66,2610.4,2607.78,2608.83,36.82830736
2026-01-02 10:50:00+00:00,2609.49,2609.51,2605.56,2607.5,67.37896965
2026-01-02 10:55:00+00:00,2607.83,2608.32,2603.65,2604.92,40.79560919
2026-01-02 11:00:00+00:00,2605.94,2605.94,2598.28,2599.65,31.068806
2026-01-02 11:05:00+00:00,2600.07,2601.31,2596.41,2596.43,20.33629378
2026-01-02 11:10:00+00:00,2598.04,2598.41,2596.35,2598.41,10.57508926
2026-01-02 11:15:00+00:00,2598.02,2598.02,2591.75,2596.2,55.56997108
2026-01-02 11:20:00+00:00,2596.38,2604.21,2596.38,2600.39,45.83358732
2026-01-02 11:25:00+00:00,2602.58,2603.21,2596.54,2596.98,5.25290916
2026-01-02 11:30:00+00:00,2597.9,2599.3,2596.6,2598.88,18.92590272
2026-01-02 11:35:00+00:00,2599.5,2601.13,2599.3,2600.49,6.11191226
2026-01-02 11:40:00+00:00,2599.67,2599.99,2595.7,2598.46,32.30719927
2026-01-02 11:45:00+00:00,2597.34,2598.61,2596.04,2596.44,19.80144602
2026-01-02 11:50:00+00:00,2596.51,2597.48,2595.0,2597.01,15.93987933
2026-01-02 11:55:00+00:00,2597.82,2598.19,2596.94,2597.75,6.80432963
2026-01-02 12:00:00+00:00,2597.96,2599.45,2594.11,2595.78,21.86147439
2026-01-02 12:05:00+00:00,2595.84,2595.96,2593.9,2593.9,29.88832337
2026-01-02 12:10:00+00:00,2593.9,2597.6,2593.9,2597.27,5.43591483
2026-01-02 12:15:00+00:00,2597.03,2601.37,2596.93,2600.61,9.45056061
2026-01-02 12:20:00+00:00,2600.52,2600.77,2596.49,2598.52,14.42426062
2026-01-02 12:25:00+00:00,2597.45,2600.46,2597.39,2599.16,4.09882595
2026-01-02 12:30:00+00:00,2599.27,2605.1,2598.61,2603.16,25.55242989
2026-01-02 12:35:00+00:00,2604.4,2605.41,2600.94,2603.07,7.53700738
2026-01-02 12:40:00+00:00,2603.27,2603.91,2600.89,2602.58,10.72633717
2026-01-02 12:45:00+00:00,2602.7,2603.36,2599.8,2600.9,6.39411299
2026-01-02 12:50:00+00:00,2600.69,2602.25,2600.45,2600.56,3.12611925
2026-01-02 12:55:00+00:00,2601.27,2601.68,2598.46,2598.46,15.84836107
2026-01-02 13:00:00+00:00,2598.39,2600.29,2596.58,2600.04,51.96671613
2026-01-02 13:05:00+00:00,2599.99,2602.79,2599.99,2601.06,18.33240544
2026-01-02 13:10:00+00:00,2600.67,2601.51,2599.03,2600.04,11.34605403
2026-01-02 13:15:00+00:00,2602.33,2603.0,2600.16,2603.0,35.44556832
2026-01-02 13:20:00+00:00,2603.9,2606.22,2600.6,2600.6,20.14041584
2026-01-02 13:25:00+00:00,2601.5,2603.81,2601.24,2603.07,11.85419665
2026-01-02 13:30:00+00:00,2602.88,2603.7,2601.09,2601.64,22.39847461
2026-01-02 13:35:00+00:00,2600.84,2601.46,2598.88,2599.9,15.16444858
2026-01-02 13:40:00+00:00,2599.9,2602.79,2599.85,2601.57,5.27841684
2026-01-02 13:45:00+00:00,2601.53,2605.79,2601.34,2605.16,28.32544678
2026-01-02 13:50:00+00:00,2605.26,2605.91,2604.12,2604.64,6.8829989
2026-01-02 13:55:00+00:00,2603.31,2604.17,2598.11,2600.37,4.43245526
2026-01-02 14:00:00+00:00,2600.21,2604.53,2600.05,2604.53,3.207901
2026-01-02 14:05:00+00:00,2603.01,2603.01,2600.63,2601.54,16.80475022
2026-01-02 14:10:00+00:00,2600.86,2601.06,2592.27,2593.2,40.28270502
2026-01-02 14:15:00+00:00,2594.42,2595.8,2578.6,2585.28,59.25384527
2026-01-02 14:20:00+00:00,2584.31,2586.16,2577.79,2584.15,35.95829319
2026-01-02 14:25:00+00:00,2586.57,2590.86,2583.68,2587.26,37.50968403
2026-01-02 14:30:00+00:00,2586.4,2592.4,2573.76,2582.0,109.32523146
2026-01-02 14:35:00+00:00,2580.2,2602.96,2578.64,2598.95,48.55924449
2026-01-02 14:40:00+00:00,2598.68,2612.87,2595.87,2607.1,42.12248156
2026-01-02 14:45:00+00:00,2604.74,2632.71,2600.8,2624.44,285.69044108
2026-01-02 14:50:00+00:00,2628.0,2650.1,2628.0,2635.09,285.13080259
2026-01-02 14:55:00+00:00,2630.0,2634.2,2621.05,2627.63,53.45571722
2026-01-02 15:00:00+00:00,2629.6,2637.7,2617.43,2620.02,85.61349866
2026-01-02 15:05:00+00:00,2621.56,2626.56,2615.0,2624.66,50.42283585
2026-01-02 15:10:00+00:00,2622.9,2622.9,2613.64,2619.7,95.68305663
2026-01-02 15:15:00+00:00,2616.8,2625.98,2615.39,2616.45,43.80723805
2026-01-02 15:20:00+00:00,2616.82,2617.1,2604.6,2608.59,64.92132202
2026-01-02 15:25:00+00:00,2613.85,2620.9,2609.11,2615.93,32.04585316
2026-01-02 15:30:00+00:00,2615.29,2627.77,2614.01,2624.4,46.37880458
2026-01-02 15:35:00+00:00,2623.95,2631.9,2622.82,2631.9,45.89132749
2026-01-02 15:40:00+00:00,2632.39,2637.5,2629.9,2636.59,42.29108252
2026-01-02 15:45:00+00:00,2635.58,2637.3,2631.9,2636.84,32.3448672
2026-01-02 15:50:00+00:00,2634.36,2634.36,2623.23,2625.48,40.21478524
2026-01-02 15:55:00+00:00,2628.06,2631.23,2621.2,2625.25,25.88611312
2026-01-02 16:00:00+00:00,2626.3,2630.0,2620.45,2621.9,124.06002804
2026-01-02 16:05:00+00:00,2622.4,2631.9,2621.69,2631.9,79.45991799
2026-01-02 16:10:00+00:00,2630.62,2638.94,2626.81,2638.94,26.88418332
2026-01-02 16:15:00+00:00,2650.2,2656.27,2636.51,2640.67,325.94494257
2026-01-02 16:20:00+00:00,2640.1,2645.96,2637.1,2645.4,16.8909681
2026-01-02 16:25:00+00:00,2637.99,2649.3,2637.99,2644.07,15.09523306
2026-01-02 16:30:00+00:00,2645.67,2681.52,2644.1,2672.39,196.35133723
2026-01-02 16:35:00+00:00,2674.59,2675.87,2666.1,2668.73,63.42574893
2026-01-02 16:40:00+00:00,2668.08,2673.0,2660.4,2661.78,31.0172662
2026-01-02 16:45:00+00:00,2659.43,2666.72,2658.35,2665.68,17.17340917
2026-01-02 16:50:00+00:00,2664.12,2668.86,2652.49,2661.02,38.05345908
2026-01-02 16:55:00+00:00,2663.0,2670.0,2661.25,2668.75,30.23726161
2026-01-02 17:00:00+00:00,2670.32,2677.22,2667.45,2675.49,68.00716805
2026-01-02 17:05:00+00:00,2676.23,2678.24,2670.88,2675.0,130.42849851
2026-01-02 17:10:00+00:00,2675.25,2679.51,2668.85,2674.12,33.34720291
2026-01-02 17:15:00+00:00,2673.9,2683.57,2673.9,2681.0,46.74896921
2026-01-02 17:20:00+00:00,2676.3,2677.54,2669.0,2669.0,41.51471464
2026-01-02 17:25:00+00:00,2670.53,2671.23,2667.14,2669.26,37.06848816
2026-01-02 17:30:00+00:00,2669.52,2670.13,2660.38,2662.38,63.56889498
2026-01-02 17:35:00+00:00,2664.85,2665.16,2661.17,2661.64,18.68077173
2026-01-02 17:40:00+00:00,2663.05,2667.09,2660.9,2664.13,23.18158003
2026-01-02 17:45:00+00:00,2666.18,2666.18,2654.03,2664.49,56.99902397
2026-01-02 17:50:00+00:00,2651.42,2660.67,2651.42,2659.3,155.85911978
2026-01-02 17:55:00+00:00,2660.31,2662.39,2659.0,2662.1,49.4631931
2026-01-02 18:00:00+00:00,2661.13,2665.59,2659.8,2664.65,29.0208248
2026-01-02 18:05:00+00:00,2665.59,2665.59,2657.99,2661.47,26.95630845
2026-01-02 18:10:00+00:00,2662.04,2663.05,2659.55,2662.94,33.14817281
2026-01-02 18:15:00+00:00,2664.1,2667.59,2663.17,2664.75,9.94259323
2026-01-02 18:20:00+00:00,2666.53,2670.0,2662.8,2663.67,48.25207257
2026-01-02 18:25:00+00:00,2662.59,2665.46,2661.79,2664.66,97.29740161
2026-01-02 18:30:00+00:00,2662.73,2663.08,2654.81,2658.64,43.99793441
2026-01-02 18:35:00+00:00,2657.19,2661.88,2653.05,2658.17,56.06887902
2026-01-02 18:40:00+00:00,2658.08,2658.08,2653.14,2655.29,59.34871206
2026-01-02 18:45:00+00:00,2658.58,2659.62,2648.86,2651.0,61.94028044
2026-01-02 18:50:00+00:00,2649.93,2649.93,2641.62,2647.27,28.42482495
2026-01-02 18:55:00+00:00,2650.54,2653.32,2645.1,2652.73,26.56907376
2026-01-02 19:00:00+00:00,2652.88,2654.44,2651.0,2651.0,21.00396036
2026-01-02 19:05:00+00:00,2652.7,2656.67,2651.16,2655.72,43.67747663
2026-01-02 19:10:00+00:00,2655.7,2661.11,2654.8,2660.52,10.13355166
2026-01-02 19:15:00+00:00,2663.06,2665.3,2659.13,2662.11,8.77638109
2026-01-02 19:20:00+00:00,2662.46,2664.5,2659.74,2661.99,25.53535453
2026-01-02 19:25:00+00:00,2658.78,2663.14,2658.78,2663.0,26.92533133
2026-01-02 19:30:00+00:00,2663.04,2667.23,2662.53,2664.39,52.91779562
2026-01-02 19:35:00+00:00,2663.94,2668.0,2662.03,2668.0,50.85155362
2026-01-02 19:40:00+00:00,2668.58,2668.88,2666.92,2667.56,6.57720484
2026-01-02 19:45:00+00:00,2666.64,2667.81,2663.68,2667.63,12.66323028
2026-01-02 19:50:00+00:00,2664.31,2665.77,2663.34,2665.19,6.03133742
2026-01-02 19:55:00+00:00,2664.62,2666.6,2662.9,2664.85,20.48122306
2026-01-02 20:00:00+00:00,2665.1,2668.14,2662.59,2664.22,17.46637639
2026-01-02 20:05:00+00:00,2663.51,2666.74,2660.96,2660.96,19.75921234
2026-01-02 20:10:00+00:00,2662.59,2668.87,2662.59,2668.87,20.45046289
2026-01-02 20:15:00+00:00,2668.2,2668.2,2662.6,2662.6,26.156644
2026-01-02 20:20:00+00:00,2666.35,2668.56,2663.47,2664.03,14.43618104
2026-01-02 20:25:00+00:00,2663.6,2664.32,2661.54,2663.27,10.15285931
2026-01-02 20:30:00+00:00,2662.86,2663.01,2658.24,2661.1,11.12613347
2026-01-02 20:35:00+00:00,2661.1,2664.63,2661.1,2664.03,23.33075164
2026-01-02 20:40:00+00:00,2663.14,2666.9,2663.06,2665.67,16.52940824
2026-01-02 20:45:00+00:00,2665.08,2665.47,2660.26,2660.26,17.76602822
2026-01-02 20:50:00+00:00,2661.39,2661.98,2657.52,2657.74,22.70895508
2026-01-02 20:55:00+00:00,2659.56,2662.27,2654.79,2661.28,70.13905787
2026-01-02 21:00:00+00:00,2662.7,2664.1,2662.31,2663.4,21.0834478
2026-01-02 21:05:00+00:00,2661.9,2662.96,2661.11,2661.11,8.74735607
2026-01-02 21:10:00+00:00,2661.11,2662.95,2660.89,2661.92,5.53804706
2026-01-02 21:15:00+00:00,2658.85,2661.43,2658.63,2659.14,17.87449522
2026-01-02 21:20:00+00:00,2658.65,2661.51,2658.49,2660.65,10.61465545
2026-01-02 21:25:00+00:00,2660.91,2666.51,2660.61,2665.51,9.58053658
2026-01-02 21:30:00+00:00,2666.39,2667.86,2665.68,2667.14,4.39511442
2026-01-02 21:35:00+00:00,2666.43,2666.48,2663.6,2664.15,12.8724886
2026-01-02 21:40:00+00:00,2664.2,2666.42,2663.98,2666.42,32.72156792
2026-01-02 21:45:00+00:00,2666.0,2667.02,2665.26,2666.04,27.67915125
2026-01-02 21:50:00+00:00,2666.0,2673.6,2663.95,2671.02,46.02268027
2026-01-02 21:55:00+00:00,2670.86,2671.46,2669.5,2670.45,5.01241404
2026-01-02 22:00:00+00:00,2671.33,2676.73,2668.88,2675.57,21.87599979
2026-01-02 22:05:00+00:00,2675.95,2684.04,2674.11,2676.51,107.0768934
2026-01-02 22:10:00+00:00,2677.21,2677.3,2672.3,2673.8,10.15373605
2026-01-02 22:15:00+00:00,2675.63,2676.97,2672.81,2676.12,19.6248695
2026-01-02 22:20:00+00:00,2676.48,2679.0,2674.54,2675.52,35.76607078
2026-01-02 22:25:00+00:00,2675.15,2675.35,2672.64,2673.01,10.20945787
2026-01-02 22:30:00+00:00,2673.0,2676.22,2670.96,2671.12,13.32915549
2026-01-02 22:35:00+00:00,2671.14,2674.77,2671.14,2672.36,14.26409016
2026-01-02 22:40:00+00:00,2672.26,2680.7,2671.7,2678.15,19.37963527
2026-01-02 22:45:00+00:00,2677.1,2681.3,2677.1,2679.37,11.70442774
2026-01-02 22:50:00+00:00,2676.92,2678.78,2674.9,2676.7,23.88582346
2026-01-02 22:55:00+00:00,2676.23,2677.87,2672.91,2672.98,30.78499395
2026-01-02 23:00:00+00:00,2672.13,2674.73,2671.91,2674.73,20.93459882
2026-01-02 23:05:00+00:00,2673.94,2675.8,2672.2,2672.2,10.69501092
2026-01-02 23:10:00+00:00,2672.77,2673.29,2671.05,2671.2,20.07864401
2026-01-02 23:15:00+00:00,2671.58,2673.62,2671.5,2672.06,24.23628334
2026-01-02 23:20:00+00:00,2672.55,2673.2,2667.76,2667.76,9.9288644
2026-01-02 23:25:00+00:00,2666.27,2669.26,2665.6,2666.38,16.96747633
2026-01-02 23:30:00+00:00,2666.6,2666.89,2665.86,2666.3,11.19687355
2026-01-02 23:35:00+00:00,2666.0,2668.09,2664.27,2668.09,4.51459787
2026-01-02 23:40:00+00:00,2667.16,2669.2,2666.21,2667.59,25.81304317
2026-01-02 23:45:00+00:00,2667.65,2667.93,2662.94,2664.68,19.45617279
2026-01-02 23:50:00+00:00,2665.18,2665.18,2663.36,2664.91,7.47255948
2026-01-02 23:55:00+00:00,2665.13,2667.44,2665.13,2666.93,31.35737985
2026-01-03 00:00:00+00:00,2666.74,2670.52,2665.9,2669.85,12.49635414
2026-01-03 00:05:00+00:00,2670.38,2670.7,2668.91,2669.21,1.05828058
2026-01-03 00:10:00+00:00,2670.46,2672.0,2670.39,2670.64,0.70063273
2026-01-03 00:15:00+00:00,2666.49,2669.01,2665.4,2666.11,19.48400211
2026-01-03 00:20:00+00:00,2665.43,2671.42,2665.34,2671.39,20.26646056
2026-01-03 00:25:00+00:00,2671.3,2672.52,2669.96,2670.86,5.8799874
2026-01-03 00:30:00+00:00,2671.65,2671.95,2670.69,2671.36,5.79806156
2026-01-03 00:35:00+00:00,2672.07,2672.09,2670.04,2670.27,10.86411127
2026-01-03 00:40:00+00:00,2670.24,2671.64,2669.37,2670.82,11.21203958
2026-01-03 00:45:00+00:00,2672.42,2672.87,2671.8,2672.28,5.33884464
2026-01-03 00:50:00+00:00,2672.39,2676.59,2672.39,2676.59,14.40556498
2026-01-03 00:55:00+00:00,2676.69,2676.69,2671.92,2672.43,8.83746373
2026-01-03 01:00:00+00:00,2671.36,2672.0,2669.0,2672.0,9.38401746
2026-01-03 01:05:00+00:00,2671.3,2671.62,2668.51,2670.0,13.76299779
2026-01-03 01:10:00+00:00,2671.3,2672.84,2671.3,2672.21,5.22111509
2026-01-03 01:15:00+00:00,2672.23,2672.5,2668.17,2668.17,11.71520047
2026-01-03 01:20:00+00:00,2665.93,2667.53,2665.37,2665.37,3.25148068
2026-01-03 01:25:00+00:00,2665.43,2667.08,2665.43,2667.08,4.38665744
2026-01-03 01:30:00+00:00,2667.28,2669.45,2667.28,2668.6,5.87599978
2026-01-03 01:35:00+00:00,2669.25,2670.15,2669.25,2670.0,4.91864169
2026-01-03 01:40:00+00:00,2669.37,2671.37,2669.24,2670.76,5.75149375
2026-01-03 01:45:00+00:00,2671.5,2672.49,2671.5,2671.78,3.76186197
2026-01-03 01:50:00+00:00,2671.59,2671.76,2669.09,2669.78,5.52072405
2026-01-03 01:55:00+00:00,2670.3,2672.25,2670.3,2672.25,8.4874154
2026-01-03 02:00:00+00:00,2671.22,2671.22,2667.43,2667.6,13.47465803
2026-01-03 02:05:00+00:00,2666.7,2667.1,2662.62,2663.2,22.7527198
2026-01-03 02:10:00+00:00,2663.8,2664.02,2663.1,2663.86,6.12877815
2026-01-03 02:15:00+00:00,2664.26,2665.1,2662.77,2665.1,2.99312024
2026-01-03 02:20:00+00:00,2665.15,2667.1,2665.15,2667.1,7.73391317
2026-01-03 02:25:00+00:00,2668.3,2668.3,2667.27,2667.27,1.13435793
2026-01-03 02:30:00+00:00,2667.29,2669.36,2667.29,2668.66,1.22683942
2026-01-03 02:35:00+00:00,2667.66,2667.66,2666.33,2667.07,6.34853695
2026-01-03 02:40:00+00:00,2667.03,2667.03,2666.17,2666.38,0.37817876
2026-01-03 02:45:00+00:00,2667.6,2670.0,2667.4,2670.0,9.23634829
2026-01-03 02:50:00+00:00,2668.68,2668.74,2667.48,2667.76,0.31830264
2026-01-03 02:55:00+00:00,2667.19,2668.34,2667.19,2667.85,0.21902565
2026-01-03 03:00:00+00:00,2667.31,2667.31,2666.33,2667.15,2.24372621
2026-01-03 03:05:00+00:00,2666.88,2667.33,2664.15,2664.5,14.32566869
2026-01-03 03:10:00+00:00,2664.85,2665.28,2663.88,2664.63,19.37001653
2026-01-03 03:15:00+00:00,2665.5,2667.1,2665.24,2666.3,8.68949685
2026-01-03 03:20:00+00:00,2665.49,2665.59,2664.69,2664.69,0.07040978
2026-01-03 03:25:00+00:00,2663.31,2663.5,2662.8,2663.13,7.43804925
2026-01-03 03:30:00+00:00,2664.1,2665.17,2663.57,2663.57,1.08390417
2026-01-03 03:35:00+00:00,2665.14,2665.6,2664.85,2664.91,0.96821321
2026-01-03 03:40:00+00:00,2666.93,2667.11,2666.93,2667.11,0.2289608
2026-01-03 03:45:00+00:00,2666.57,2668.5,2666.57,2668.22,0.68218836
2026-01-03 03:50:00+00:00,2666.69,2666.91,2666.69,2666.69,6.96973778
2026-01-03 03:55:00+00:00,2668.51,2668.9,2667.29,2667.29,2.92049199
2026-01-03 04:00:00+00:00,2667.46,2668.69,2667.41,2668.69,9.80132213
2026-01-03 04:05:00+00:00,2668.17,2668.17,2662.67,2665.04,28.57989651
2026-01-03 04:10:00+00:00,2664.7,2664.7,2664.7,2664.7,0.74868465
2026-01-03 04:15:00+00:00,2663.05,2663.85,2663.04,2663.3,14.39875566
2026-01-03 04:20:00+00:00,2664.7,2665.59,2663.39,2665.59,1.91575359
2026-01-03 04:25:00+00:00,2665.3,2665.3,2664.35,2664.35,0.24270071
2026-01-03 04:30:00+00:00,2664.09,2664.17,2662.49,2662.49,0.35599389
2026-01-03 04:35:00+00:00,2662.35,2662.35,2660.8,2661.76,11.92229943
2026-01-03 04:40:00+00:00,2661.56,2661.84,2658.67,2658.91,31.28943004
2026-01-03 04:45:00+00:00,2660.4,2660.41,2660.22,2660.22,7.04231015
2026-01-03 04:50:00+00:00,2659.81,2660.41,2659.81,2660.21,8.32724634
2026-01-03 04:55:00+00:00,2659.62,2659.87,2658.73,2659.87,7.49059148
2026-01-03 05:00:00+00:00,2660.55,2660.99,2660.41,2660.55,0.35978032
2026-01-03 05:05:00+00:00,2660.55,2661.76,2660.4,2661.53,0.63179828
2026-01-03 05:10:00+00:00,2661.22,2661.31,2659.8,2660.22,18.39433005
2026-01-03 05:15:00+00:00,2658.56,2659.57,2656.98,2657.9,24.36989489
2026-01-03 05:20:00+00:00,2656.78,2657.6,2656.49,2656.68,34.80238326
2026-01-03 05:25:00+00:00,2657.29,2657.29,2655.9,2655.99,13.86060159
2026-01-03 05:30:00+00:00,2655.88,2655.88,2653.89,2655.88,5.69774776
2026-01-03 05:35:00+00:00,2653.39,2653.39,2651.39,2651.86,4.51538384
2026-01-03 05:40:00+00:00,2650.3,2652.4,2650.0,2651.9,11.61754424
2026-01-03 05:45:00+00:00,2651.97,2654.43,2651.39,2654.43,8.94983402
2026-01-03 05:50:00+00:00,2653.01,2654.59,2653.01,2654.59,7.91447543
2026-01-03 05:55:00+00:00,2654.32,2656.38,2653.55,2656.29,16.85856569
2026-01-03 06:00:00+00:00,2655.76,2655.96,2655.0,2655.2,7.20557409
2026-01-03 06:05:00+00:00,2655.76,2659.6,2655.76,2659.6,10.36911894
2026-01-03 06:10:00+00:00,2659.82,2661.48,2659.82,2660.3,16.13218359
2026-01-03 06:15:00+00:00,2659.92,2660.01,2657.18,2657.18,34.39592318
2026-01-03 06:20:00+00:00,2656.58,2657.79,2656.58,2657.37,0.45119142
2026-01-03 06:25:00+00:00,2655.9,2656.06,2653.66,2653.66,6.0855579
2026-01-03 06:30:00+00:00,2653.23,2655.35,2652.77,2652.93,2.68047366
2026-01-03 06:35:00+00:00,2655.8,2656.13,2651.76,2652.2,2.97417341
2026-01-03 06:40:00+00:00,2652.2,2652.91,2648.67,2648.67,3.74616407
2026-01-03 06:45:00+00:00,2650.36,2650.36,2645.0,2645.0,13.58207465
2026-01-03 06:50:00+00:00,2647.4,2648.48,2645.45,2647.94,3.75802521
2026-01-03 06:55:00+00:00,2647.92,2647.92,2645.0,2645.0,7.87856079
2026-01-03 07:00:00+00:00,2646.7,2648.17,2643.81,2647.3,10.59025671
2026-01-03 07:05:00+00:00,2645.84,2648.96,2645.51,2648.96,2.3206265
2026-01-03 07:10:00+00:00,2649.9,2650.09,2640.24,2641.53,31.43547691
2026-01-03 07:15:00+00:00,2641.66,2642.6,2633.64,2635.0,33.81721078
2026-01-03 07:20:00+00:00,2632.17,2636.81,2625.0,2635.34,77.40615393
2026-01-03 07:25:00+00:00,2634.98,2635.29,2629.1,2629.89,35.13711204
2026-01-03 07:30:00+00:00,2629.7,2634.79,2627.29,2633.4,8.23919986
2026-01-03 07:35:00+00:00,2633.78,2637.59,2633.78,2637.59,16.73766011
2026-01-03 07:40:00+00:00,2638.58,2641.44,2637.71,2637.71,26.15921956
2026-01-03 07:45:00+00:00,2639.16,2639.16,2635.07,2639.1,15.27678086
2026-01-03 07:50:00+00:00,2637.01,2637.9,2635.73,2637.9,8.14709767
2026-01-03 07:55:00+00:00,2636.53,2637.14,2635.24,2637.05,9.9515642
2026-01-03 08:00:00+00:00,2637.7,2643.76,2635.4,2638.94,77.89191116
2026-01-03 08:05:00+00:00,2638.29,2638.7,2632.45,2637.52,43.12004631
2026-01-03 08:10:00+00:00,2638.23,2638.23,2636.71,2637.09,1.97752677
2026-01-03 08:15:00+00:00,2638.35,2641.24,2637.96,2640.3,26.16877063
2026-01-03 08:20:00+00:00,2639.88,2640.96,2638.51,2640.44,17.76061081
2026-01-03 08:25:00+00:00,2641.65,2650.36,2641.58,2644.27,48.65082918
2026-01-03 08:30:00+00:00,2643.46,2647.93,2642.91,2647.28,4.21874132
2026-01-03 08:35:00+00:00,2646.2,2646.94,2643.51,2645.57,24.22796273
2026-01-03 08:40:00+00:00,2645.12,2647.52,2644.2,2647.52,9.5737672
2026-01-03 08:45:00+00:00,2645.56,2647.1,2643.8,2644.34,39.45952163
2026-01-03 08:50:00+00:00,2643.99,2646.51,2643.63,2646.51,16.46293406
2026-01-03 08:55:00+00:00,2645.2,2645.23,2641.23,2642.42,24.29935982
2026-01-03 09:00:00+00:00,2642.15,2643.9,2641.69,2643.9,5.80972701
2026-01-03 09:05:00+00:00,2643.9,2644.39,2642.6,2643.15,26.69305735
2026-01-03 09:10:00+00:00,2643.02,2644.51,2642.3,2642.52,9.97014841
2026-01-03 09:15:00+00:00,2643.32,2643.32,2640.0,2641.55,6.83155477
2026-01-03 09:20:00+00:00,2641.06,2642.32,2639.33,2641.85,6.72579234
2026-01-03 09:25:00+00:00,2642.37,2646.82,2642.37,2646.28,8.72911039
2026-01-03 09:30:00+00:00,2647.51,2655.5,2645.1,2655.5,63.2045906
2026-01-03 09:35:00+00:00,2653.36,2653.36,2649.99,2652.39,19.63914347
2026-01-03 09:40:00+00:00,2650.61,2652.72,2650.61,2652.72,12.99557706
2026-01-03 09:45:00+00:00,2652.81,2653.88,2649.83,2649.88,19.52355895
2026-01-03 09:50:00+00:00,2650.97,2650.97,2648.01,2649.2,17.30913332
2026-01-03 09:55:00+00:00,2647.5,2649.05,2646.99,2647.25,5.84439076
2026-01-03 10:00:00+00:00,2647.24,2647.43,2644.0,2646.78,34.33003665
2026-01-03 10:05:00+00:00,2646.78,2646.78,2644.02,2646.6,5.35277669
2026-01-03 10:10:00+00:00,2647.17,2647.17,2644.36,2644.64,20.33608493
2026-01-03 10:15:00+00:00,2645.07,2646.29,2644.37,2645.31,9.5889003
2026-01-03 10:20:00+00:00,2645.0,2645.5,2644.79,2645.5,11.8542871
2026-01-03 10:25:00+00:00,2646.63,2647.35,2645.48,2647.1,30.14636162
2026-01-03 10:30:00+00:00,2646.9,2647.85,2645.0,2645.72,43.09821154
2026-01-03 10:35:00+00:00,2647.22,2650.26,2647.19,2649.94,10.50332893
2026-01-03 10:40:00+00:00,2650.4,2650.76,2648.67,2648.71,3.70301402
2026-01-03 10:45:00+00:00,2648.44,2648.6,2645.88,2646.34,25.05826548
2026-01-03 10:50:00+00:00,2647.82,2647.82,2646.1,2647.25,1.82173749
2026-01-03 10:55:00+00:00,2646.27,2646.27,2643.02,2643.48,13.59158174
2026-01-03 11:00:00+00:00,2643.51,2643.79,2642.76,2643.2,5.96069534
2026-01-03 11:05:00+00:00,2643.49,2643.49,2641.87,2641.87,2.60229838
2026-01-03 11:10:00+00:00,2642.25,2642.25,2639.51,2640.44,12.77081899
2026-01-03 11:15:00+00:00,2640.49,2640.54,2639.55,2640.2,28.20251728
2026-01-03 11:20:00+00:00,2641.71,2642.64,2639.23,2641.65,27.36404683
2026-01-03 11:25:00+00:00,2641.81,2642.35,2641.15,2641.28,11.48761469
2026-01-03 11:30:00+00:00,2640.8,2640.8,2639.16,2640.21,13.06345796
2026-01-03 11:35:00+00:00,2640.88,2642.63,2640.88,2642.19,3.35708348
2026-01-03 11:40:00+00:00,2642.67,2644.48,2642.67,2644.48,13.59134742
2026-01-03 11:45:00+00:00,2644.86,2645.52,2643.68,2644.27,25.60522925
2026-01-03 11:50:00+00:00,2643.67,2644.34,2643.09,2643.51,9.20346317
2026-01-03 11:55:00+00:00,2642.53,2645.42,2641.82,2645.12,27.83200038
2026-01-03 12:00:00+00:00,2642.49,2642.49,2641.13,2641.42,0.53163774
2026-01-03 12:05:00+00:00,2640.66,2641.27,2640.53,2641.1,1.61949183
2026-01-03 12:10:00+00:00,2640.14,2640.82,2639.93,2640.82,0.72472003
2026-01-03 12:15:00+00:00,2640.85,2642.0,2640.82,2641.88,5.00895954
2026-01-03 12:20:00+00:00,2644.15,2644.57,2641.54,2644.39,40.989612
2026-01-03 12:25:00+00:00,2644.58,2645.98,2643.91,2645.98,2.52369134
2026-01-03 12:30:00+00:00,2645.49,2646.4,2644.7,2645.0,10.93591015
2026-01-03 12:35:00+00:00,2643.98,2644.07,2642.07,2642.07,6.47678266
2026-01-03 12:40:00+00:00,2643.04,2645.47,2642.88,2645.11,9.0175766
2026-01-03 12:45:00+00:00,2645.2,2649.06,2644.49,2647.47,117.06540288
2026-01-03 12:50:00+00:00,2647.82,2648.64,2646.86,2647.8,14.01885576
2026-01-03 12:55:00+00:00,2648.0,2649.07,2645.93,2647.32,40.89207846
2026-01-03 13:00:00+00:00,2648.6,2650.8,2647.24,2650.8,26.13869697
2026-01-03 13:05:00+00:00,2649.99,2650.53,2647.61,2647.61,23.25077789
2026-01-03 13:10:00+00:00,2647.25,2647.25,2646.22,2646.39,1.27122469
2026-01-03 13:15:00+00:00,2648.28,2649.25,2648.28,2649.25,0.47081648
2026-01-03 13:20:00+00:00,2649.61,2651.28,2648.41,2650.24,10.70869053
2026-01-03 13:25:00+00:00,2651.02,2651.02,2648.56,2649.23,1.81378803
2026-01-03 13:30:00+00:00,2648.76,2650.6,2648.41,2648.96,9.10925944
2026-01-03 13:35:00+00:00,2651.1,2652.0,2649.87,2651.72,2.48987467
2026-01-03 13:40:00+00:00,2651.21,2651.21,2648.4,2648.4,1.77090142
2026-01-03 13:45:00+00:00,2647.94,2648.79,2647.38,2648.73,4.3760182
2026-01-03 13:50:00+00:00,2648.62,2649.82,2648.56,2648.6,13.69076437
2026-01-03 13:55:00+00:00,2648.62,2649.19,2648.05,2648.44,1.12162866
2026-01-03 14:00:00+00:00,2649.08,2649.14,2647.63,2648.3,7.11913967
2026-01-03 14:05:00+00:00,2648.46,2648.5,2647.15,2648.39,3.73991282
2026-01-03 14:10:00+00:00,2649.9,2651.42,2649.9,2651.1,6.47109262
2026-01-03 14:15:00+00:00,2650.14,2651.01,2649.31,2649.31,23.45197978
2026-01-03 14:20:00+00:00,2649.43,2653.78,2649.43,2652.13,9.91671408
2026-01-03 14:25:00+00:00,2652.18,2657.2,2652.05,2655.14,31.61059598
2026-01-03 14:30:00+00:00,2654.6,2656.61,2652.36,2652.36,26.56229222
2026-01-03 14:35:00+00:00,2653.2,2655.32,2652.46,2655.23,8.65430755
2026-01-03 14:40:00+00:00,2655.6,2656.39,2651.5,2651.5,5.63709508
2026-01-03 14:45:00+00:00,2653.23,2653.23,2650.32,2650.93,5.54073497
2026-01-03 14:50:00+00:00,2650.93,2650.93,2648.95,2650.8,5.57540426
2026-01-03 14:55:00+00:00,2649.03,2651.51,2649.03,2651.51,2.58089295
2026-01-03 15:00:00+00:00,2651.6,2651.6,2648.83,2649.06,4.63461979
2026-01-03 15:05:00+00:00,2648.61,2649.46,2647.22,2647.58,1.56941389
2026-01-03 15:10:00+00:00,2648.21,2648.33,2646.24,2647.92,19.36247017
2026-01-03 15:15:00+00:00,2647.34,2648.1,2646.61,2647.93,1.65819082
2026-01-03 15:20:00+00:00,2648.5,2651.82,2648.5,2648.89,3.74798976
2026-01-03 15:25:00+00:00,2649.56,2651.12,2649.14,2650.41,5.76205389
2026-01-03 15:30:00+00:00,2650.98,2651.51,2650.47,2651.43,17.27281697
2026-01-03 15:35:00+00:00,2650.68,2652.34,2649.91,2652.0,11.11197533
2026-01-03 15:40:00+00:00,2651.86,2651.86,2649.15,2650.15,11.20972946
2026-01-03 15:45:00+00:00,2649.8,2651.1,2649.8,2650.72,0.82612662
2026-01-03 15:50:00+00:00,2650.55,2651.21,2650.07,2651.12,1.5315121
2026-01-03 15:55:00+00:00,2651.09,2651.1,2646.34,2646.42,39.06679715
2026-01-03 16:00:00+00:00,2646.33,2648.2,2645.63,2647.8,8.85215009
2026-01-03 16:05:00+00:00,2648.94,2649.6,2646.5,2646.61,2.39338069
2026-01-03 16:10:00+00:00,2647.19,2648.39,2647.19,2647.91,3.60237883
2026-01-03 16:15:00+00:00,2648.12,2649.38,2647.68,2649.31,3.86038308
2026-01-03 16:20:00+00:00,2649.68,2649.68,2643.85,2645.18,21.63151126
2026-01-03 16:25:00+00:00,2645.97,2648.64,2645.14,2648.64,4.75296681
2026-01-03 16:30:00+00:00,2649.34,2651.98,2648.54,2649.33,10.31298387
2026-01-03 16:35:00+00:00,2650.91,2654.71,2650.82,2653.11,10.92278492
2026-01-03 16:40:00+00:00,2654.27,2655.63,2653.47,2653.95,2.46438199
2026-01-03 16:45:00+00:00,2654.14,2654.75,2652.93,2654.62,8.9662878
2026-01-03 16:50:00+00:00,2654.38,2656.11,2654.33,2655.12,4.51149224
2026-01-03 16:55:00+00:00,2653.9,2653.92,2651.84,2651.84,7.34298841
2026-01-03 17:00:00+00:00,2652.06,2653.28,2651.95,2652.78,12.05413627
2026-01-03 17:05:00+00:00,2651.69,2652.41,2650.62,2650.62,4.99355887
2026-01-03 17:10:00+00:00,2651.6,2651.88,2650.69,2650.7,1.94784734
2026-01-03 17:15:00+00:00,2651.02,2651.92,2650.89,2651.23,1.4182644
2026-01-03 17:20:00+00:00,2651.3,2653.31,2651.03,2653.31,2.78842136
2026-01-03 17:25:00+00:00,2653.47,2653.6,2652.0,2652.0,6.5097266
2026-01-03 17:30:00+00:00,2653.25,2653.43,2652.61,2653.43,4.62544959
2026-01-03 17:35:00+00:00,2653.95,2654.22,2653.4,2654.03,2.94081001
2026-01-03 17:40:00+00:00,2654.09,2654.66,2654.09,2654.22,3.69976192
2026-01-03 17:45:00+00:00,2653.46,2653.46,2652.13,2653.04,6.89156276
2026-01-03 17:50:00+00:00,2653.15,2653.38,2652.52,2653.0,5.03508352
2026-01-03 17:55:00+00:00,2652.63,2653.45,2652.63,2653.32,2.93698366
2026-01-03 18:00:00+00:00,2653.92,2653.92,2651.2,2651.79,7.17250851
2026-01-03 18:05:00+00:00,2652.1,2652.18,2651.04,2651.04,2.29278714
2026-01-03 18:10:00+00:00,2651.2,2652.4,2650.35,2652.26,1.31019859
2026-01-03 18:15:00+00:00,2651.47,2654.47,2651.11,2654.47,1.76653579
2026-01-03 18:20:00+00:00,2653.87,2662.2,2653.86,2660.83,25.9191051
2026-01-03 18:25:00+00:00,2661.76,2661.76,2657.3,2659.8,11.82166381
2026-01-03 18:30:00+00:00,2659.9,2659.9,2658.38,2658.91,1.55943876
2026-01-03 18:35:00+00:00,2658.91,2658.91,2656.83,2657.64,1.87686401
2026-01-03 18:40:00+00:00,2657.52,2658.73,2656.61,2658.73,3.91474981
2026-01-03 18:45:00+00:00,2659.18,2659.3,2658.5,2658.5,0.76847526
2026-01-03 18:50:00+00:00,2658.0,2658.38,2657.04,2657.61,7.91898115
2026-01-03 18:55:00+00:00,2658.7,2660.0,2657.93,2660.0,1.48728431
2026-01-03 19:00:00+00:00,2659.01,2659.2,2657.94,2658.86,1.63012689
2026-01-03 19:05:00+00:00,2657.91,2658.37,2656.01,2656.01,4.52755793
2026-01-03 19:10:00+00:00,2656.0,2656.0,2655.0,2655.95,4.97019429
2026-01-03 19:15:00+00:00,2655.8,2655.8,2654.71,2654.71,5.64477223
2026-01-03 19:20:00+00:00,2655.28,2656.39,2654.91,2655.97,1.59360767
2026-01-03 19:25:00+00:00,2655.24,2656.83,2655.24,2656.83,7.02758531
2026-01-03 19:30:00+00:00,2656.47,2657.19,2656.33,2656.82,0.89526152
2026-01-03 19:35:00+00:00,2656.89,2658.24,2656.02,2658.24,17.06177913
2026-01-03 19:40:00+00:00,2658.0,2658.49,2657.31,2658.1,1.49957796
2026-01-03 19:45:00+00:00,2657.82,2658.77,2656.92,2656.92,9.10215821
2026-01-03 19:50:00+00:00,2657.24,2657.73,2656.65,2657.01,6.13115441
2026-01-03 19:55:00+00:00,2657.0,2657.65,2656.57,2656.95,3.44526868
2026-01-03 20:00:00+00:00,2658.48,2658.48,2653.63,2654.9,19.54588313
2026-01-03 20:05:00+00:00,2653.81,2655.2,2653.42,2654.18,2.90108146
2026-01-03 20:10:00+00:00,2653.09,2653.5,2652.26,2653.43,17.46692973
2026-01-03 20:15:00+00:00,2653.45,2654.85,2653.19,2653.19,1.69458327
2026-01-03 20:20:00+00:00,2653.56,2654.9,2653.48,2654.9,8.83492762
2026-01-03 20:25:00+00:00,2654.51,2655.49,2654.02,2655.19,1.37795496
2026-01-03 20:30:00+00:00,2655.24,2657.26,2654.97,2657.16,9.60326303
2026-01-03 20:35:00+00:00,2658.4,2660.14,2657.44,2658.81,8.87156075
2026-01-03 20:40:00+00:00,2658.47,2659.41,2657.72,2659.38,1.48676665
2026-01-03 20:45:00+00:00,2659.38,2660.56,2659.38,2660.53,1.05032327
2026-01-03 20:50:00+00:00,2659.75,2660.77,2659.13,2659.15,0.79726878
2026-01-03 20:55:00+00:00,2658.85,2659.79,2658.47,2659.75,1.25318192
2026-01-03 21:00:00+00:00,2659.49,2660.12,2658.02,2658.65,2.02400977
2026-01-03 21:05:00+00:00,2659.3,2659.54,2658.03,2658.56,2.51945635
2026-01-03 21:10:00+00:00,2658.47,2659.35,2658.39,2659.35,1.22621819
2026-01-03 21:15:00+00:00,2659.11,2662.5,2659.11,2661.78,8.80976701
2026-01-03 21:20:00+00:00,2662.48,2665.9,2662.48,2664.68,19.79114337
2026-01-03 21:25:00+00:00,2664.0,2665.51,2663.48,2664.01,7.54287265
2026-01-03 21:30:00+00:00,2664.12,2671.12,2664.12,2665.0,28.67527604
2026-01-03 21:35:00+00:00,2666.03,2666.8,2665.32,2666.6,5.0167227
2026-01-03 21:40:00+00:00,2666.69,2666.69,2664.35,2665.05,11.1062162
2026-01-03 21:45:00+00:00,2664.48,2664.92,2663.29,2663.29,2.29534244
2026-01-03 21:50:00+00:00,2663.22,2663.25,2662.59,2662.59,5.36642197
2026-01-03 21:55:00+00:00,2662.98,2664.25,2662.74,2662.74,2.55317917
2026-01-03 22:00:00+00:00,2663.99,2664.13,2662.0,2662.0,12.24128591
2026-01-03 22:05:00+00:00,2662.0,2662.65,2661.31,2662.2,3.15707629
2026-01-03 22:10:00+00:00,2662.49,2662.78,2658.34,2658.34,3.07543824
2026-01-03 22:15:00+00:00,2660.49,2664.09,2660.49,2663.13,8.46897107
2026-01-03 22:20:00+00:00,2662.54,2664.91,2662.54,2664.54,10.93806326
2026-01-03 22:25:00+00:00,2666.72,2666.72,2663.67,2663.67,9.15023532
2026-01-03 22:30:00+00:00,2663.6,2665.03,2663.45,2664.1,4.87711655
2026-01-03 22:35:00+00:00,2664.09,2668.07,2663.85,2664.5,2.6557027
2026-01-03 22:40:00+00:00,2664.95,2666.6,2664.95,2665.3,5.95260067
2026-01-03 22:45:00+00:00,2665.95,2666.68,2663.92,2664.28,0.47233251
2026-01-03 22:50:00+00:00,2664.08,2664.8,2662.95,2662.95,1.10933933
2026-01-03 22:55:00+00:00,2663.14,2666.31,2663.14,2663.69,4.34041592
2026-01-03 23:00:00+00:00,2666.6,2667.61,2666.04,2666.89,5.13153446
2026-01-03 23:05:00+00:00,2668.16,2668.94,2666.0,2666.06,2.99025476
2026-01-03 23:10:00+00:00,2664.71,2666.51,2664.66,2666.51,4.06812176
2026-01-03 23:15:00+00:00,2666.85,2670.88,2666.3,2669.97,14.62222391
2026-01-03 23:20:00+00:00,2669.58,2671.37,2669.29,2669.74,18.36399611
2026-01-03 23:25:00+00:00,2669.66,2673.0,2668.82,2673.0,28.37471409
2026-01-03 23:30:00+00:00,2672.7,2672.7,2670.19,2670.19,24.87656625
2026-01-03 23:35:00+00:00,2670.27,2670.6,2668.66,2669.24,7.76572021
2026-01-03 23:40:00+00:00,2668.88,2670.0,2668.77,2669.37,4.60675498
2026-01-03 23:50:00+00:00,2668.7,2670.61,2668.16,2669.5,12.24788486
2026-01-03 23:55:00+00:00,2670.04,2670.1,2669.41,2669.93,0.31333072
2026-01-04 00:00:00+00:00,2670.33,2676.7,2669.62,2676.7,36.30918346
2026-01-04 00:05:00+00:00,2688.83,2697.29,2676.06,2684.97,199.26691052
2026-01-04 00:10:00+00:00,2684.58,2690.23,2684.58,2687.02,33.21974227
2026-01-04 00:15:00+00:00,2687.6,2687.99,2680.13,2680.6,27.83709252
2026-01-04 00:20:00+00:00,2682.43,2685.3,2680.48,2684.55,10.56973519
2026-01-04 00:25:00+00:00,2682.61,2684.88,2680.25,2680.32,18.73315664
2026-01-04 00:30:00+00:00,2680.76,2690.44,2680.76,2690.44,51.54771035
2026-01-04 00:35:00+00:00,2690.44,2690.44,2683.34,2685.54,28.73586701
2026-01-04 00:40:00+00:00,2683.81,2687.17,2683.75,2685.74,3.52277814
2026-01-04 00:45:00+00:00,2686.04,2690.0,2685.68,2688.62,10.33342586
2026-01-04 00:50:00+00:00,2687.69,2692.4,2687.43,2692.4,5.9318792
2026-01-04 00:55:00+00:00,2692.58,2703.43,2692.58,2697.42,75.88939353
2026-01-04 01:00:00+00:00,2694.72,2698.96,2691.7,2698.96,27.42823131
2026-01-04 01:05:00+00:00,2695.82,2697.98,2695.58,2695.82,32.0389393
2026-01-04 01:10:00+00:00,2694.7,2696.53,2693.94,2694.92,9.97060063
2026-01-04 01:15:00+00:00,2696.45,2696.45,2689.66,2689.68,37.70930663
2026-01-04 01:20:00+00:00,2688.61,2690.23,2687.24,2690.23,10.83175843
2026-01-04 01:25:00+00:00,2686.61,2689.76,2686.14,2687.15,2.55974357
2026-01-04 01:30:00+00:00,2687.17,2689.6,2685.5,2687.01,6.76621761
2026-01-04 01:35:00+00:00,2686.9,2688.46,2684.49,2685.65,3.29116226
2026-01-04 01:40:00+00:00,2688.83,2688.83,2683.91,2685.91,4.91092969
2026-01-04 01:45:00+00:00,2685.91,2686.02,2681.3,2682.74,15.9750527
2026-01-04 01:50:00+00:00,2682.38,2686.25,2682.38,2686.17,13.81457428
2026-01-04 01:55:00+00:00,2688.14,2689.46,2688.14,2688.85,8.43192923
2026-01-04 02:00:00+00:00,2687.78,2689.93,2685.46,2685.85,7.02759796
2026-01-04 02:05:00+00:00,2685.08,2685.83,2683.27,2683.66,14.46886086
2026-01-04 02:10:00+00:00,2683.56,2683.56,2680.73,2681.1,11.47764333
2026-01-04 02:15:00+00:00,2683.02,2684.88,2683.02,2684.61,8.02000624
2026-01-04 02:20:00+00:00,2684.53,2685.4,2684.53,2685.2,1.43937706
2026-01-04 02:25:00+00:00,2684.86,2685.83,2684.86,2685.04,0.03312011
2026-01-04 02:30:00+00:00,2684.94,2686.2,2683.85,2686.2,10.01157713
2026-01-04 02:35:00+00:00,2687.23,2688.2,2686.01,2687.15,3.44856929
2026-01-04 02:40:00+00:00,2686.75,2686.75,2682.57,2682.59,8.70190171
2026-01-04 02:45:00+00:00,2682.82,2683.0,2679.0,2680.24,11.51364398
2026-01-04 02:50:00+00:00,2681.09,2681.68,2679.62,2679.62,1.90258285
2026-01-04 02:55:00+00:00,2679.86,2680.3,2678.8,2680.3,6.82697642
2026-01-04 03:00:00+00:00,2682.04,2682.12,2681.36,2681.41,3.13302367
2026-01-04 03:05:00+00:00,2681.6,2682.74,2680.4,2682.22,38.52461625
2026-01-04 03:10:00+00:00,2682.3,2688.31,2682.3,2688.31,16.63871121
2026-01-04 03:15:00+00:00,2687.21,2687.21,2685.55,2687.1,11.31106378
2026-01-04 03:20:00+00:00,2688.0,2688.5,2685.74,2685.8,4.46645728
2026-01-04 03:25:00+00:00,2685.69,2686.84,2682.42,2684.64,14.26748133
2026-01-04 03:30:00+00:00,2682.6,2684.2,2681.99,2684.2,7.11289368
2026-01-04 03:35:00+00:00,2682.12,2685.05,2682.08,2684.42,9.66088107
2026-01-04 03:40:00+00:00,2685.29,2687.04,2685.2,2687.04,5.16982543
2026-01-04 03:45:00+00:00,2687.31,2688.49,2686.78,2686.78,3.87297438
2026-01-04 03:50:00+00:00,2687.45,2688.97,2687.45,2688.78,14.91908198
2026-01-04 03:55:00+00:00,2688.88,2688.92,2686.76,2688.25,27.28514934
2026-01-04 04:00:00+00:00,2685.81,2686.83,2685.39,2686.83,13.29186412
2026-01-04 04:05:00+00:00,2684.05,2688.45,2684.05,2684.8,6.61169328
2026-01-04 04:10:00+00:00,2685.23,2686.6,2685.1,2686.58,1.28006823
2026-01-04 04:15:00+00:00,2686.23,2690.83,2686.23,2690.75,14.30810352
2026-01-04 04:20:00+00:00,2689.91,2692.88,2689.42,2690.33,5.47548404
2026-01-04 04:25:00+00:00,2688.18,2688.95,2688.17,2688.95,4.50967512
2026-01-04 04:30:00+00:00,2689.66,2692.2,2689.66,2692.2,7.30495544
2026-01-04 04:35:00+00:00,2692.21,2693.3,2691.2,2691.2,2.36051668
2026-01-04 04:40:00+00:00,2691.32,2691.5,2691.32,2691.5,0.00589646
2026-01-04 04:45:00+00:00,2691.06,2691.06,2690.0,2690.93,4.82692271
2026-01-04 04:50:00+00:00,2689.08,2689.08,2688.4,2688.4,8.47122544
2026-01-04 04:55:00+00:00,2686.89,2688.29,2686.89,2688.29,0.30734185
2026-01-04 05:00:00+00:00,2687.35,2687.54,2684.28,2685.7,31.94713859
2026-01-04 05:05:00+00:00,2686.3,2688.19,2686.3,2687.48,3.12700473
2026-01-04 05:10:00+00:00,2687.38,2687.38,2687.01,2687.01,0.07377877
2026-01-04 05:15:00+00:00,2686.69,2688.94,2686.14,2688.89,8.46751609
2026-01-04 05:20:00+00:00,2689.13,2689.13,2687.25,2688.92,16.81524166
2026-01-04 05:25:00+00:00,2688.77,2689.65,2688.77,2689.65,8.01828512
2026-01-04 05:30:00+00:00,2690.25,2690.87,2689.72,2690.04,11.97997272
2026-01-04 05:35:00+00:00,2687.19,2689.17,2686.73,2686.87,9.76800906
2026-01-04 05:40:00+00:00,2686.17,2686.17,2685.71,2685.71,1.46139529
2026-01-04 05:45:00+00:00,2686.44,2688.93,2686.44,2688.93,1.85634479
2026-01-04 05:50:00+00:00,2688.31,2688.32,2688.2,2688.32,0.05538884
2026-01-04 05:55:00+00:00,2688.04,2689.6,2688.04,2689.6,0.18579222
2026-01-04 06:00:00+00:00,2690.14,2690.14,2689.81,2689.99,3.60921675
2026-01-04 06:05:00+00:00,2691.26,2696.76,2691.26,2693.84,31.95852156
2026-01-04 06:10:00+00:00,2696.2,2696.25,2693.4,2693.4,5.61331938
2026-01-04 06:15:00+00:00,2692.41,2692.58,2689.18,2692.18,6.67096532
2026-01-04 06:20:00+00:00,2692.28,2700.6,2691.8,2694.99,57.22966323
2026-01-04 06:25:00+00:00,2694.87,2694.87,2689.55,2689.72,24.56684712
2026-01-04 06:30:00+00:00,2688.96,2691.0,2686.88,2687.19,14.7033959
2026-01-04 06:35:00+00:00,2687.41,2688.98,2687.32,2688.3,3.94312151
2026-01-04 06:40:00+00:00,2686.8,2686.8,2682.0,2682.64,7.39344068
2026-01-04 06:45:00+00:00,2683.56,2685.9,2681.47,2682.9,8.98029668
2026-01-04 06:50:00+00:00,2684.61,2685.06,2683.72,2684.73,1.5184967
2026-01-04 06:55:00+00:00,2684.91,2684.91,2680.65,2681.57,10.06339602
2026-01-04 07:00:00+00:00,2681.04,2683.65,2681.04,2683.0,14.6918897
2026-01-04 07:05:00+00:00,2683.0,2685.3,2682.79,2684.68,3.61433351
2026-01-04 07:10:00+00:00,2684.49,2685.36,2684.49,2685.21,4.23847848
2026-01-04 07:15:00+00:00,2684.53,2684.53,2680.32,2681.9,51.06503006
2026-01-04 07:20:00+00:00,2682.06,2682.06,2680.0,2680.0,14.77104154
2026-01-04 07:25:00+00:00,2679.53,2680.55,2676.74,2680.55,37.79332237
2026-01-04 07:30:00+00:00,2682.35,2682.35,2679.58,2679.86,0.80400798
2026-01-04 07:35:00+00:00,2679.37,2682.98,2678.56,2681.02,27.72227562
2026-01-04 07:40:00+00:00,2682.2,2684.67,2682.01,2684.67,8.82377987
2026-01-04 07:45:00+00:00,2683.07,2683.83,2682.06,2682.06,11.58726206
2026-01-04 07:50:00+00:00,2683.49,2684.3,2681.87,2681.88,9.35215645
2026-01-04 07:55:00+00:00,2682.22,2682.95,2682.22,2682.3,1.70860067
2026-01-04 08:00:00+00:00,2682.4,2683.3,2669.04,2672.54,121.1771248
2026-01-04 08:05:00+00:00,2672.4,2676.25,2671.94,2676.04,20.71237498
2026-01-04 08:10:00+00:00,2676.81,2677.11,2675.37,2676.21,4.40001288
2026-01-04 08:15:00+00:00,2675.68,2678.75,2674.24,2676.6,11.4379029
2026-01-04 08:20:00+00:00,2676.92,2678.94,2676.33,2676.72,3.17806374
2026-01-04 08:25:00+00:00,2675.35,2676.3,2672.9,2675.33,39.46980721
2026-01-04 08:30:00+00:00,2675.86,2678.44,2675.86,2678.32,19.88627031
2026-01-04 08:35:00+00:00,2677.99,2679.32,2677.7,2678.39,2.0403924
2026-01-04 08:40:00+00:00,2677.8,2680.21,2677.0,2680.21,16.95455986
2026-01-04 08:45:00+00:00,2680.43,2681.01,2679.71,2681.01,24.3633612
2026-01-04 08:50:00+00:00,2680.79,2681.35,2678.68,2679.99,9.20133735
2026-01-04 08:55:00+00:00,2679.81,2680.85,2679.29,2680.38,6.77796612
2026-01-04 09:00:00+00:00,2680.69,2681.48,2678.48,2679.53,9.63672161
2026-01-04 09:05:00+00:00,2679.9,2679.9,2677.39,2678.1,14.82313791
2026-01-04 09:10:00+00:00,2678.51,2678.75,2677.3,2678.75,6.52164365
2026-01-04 09:15:00+00:00,2679.29,2684.77,2679.29,2684.77,13.65994739
2026-01-04 09:20:00+00:00,2684.32,2687.91,2676.8,2677.76,92.32648579
2026-01-04 09:25:00+00:00,2678.5,2680.06,2677.76,2678.75,32.07621998
2026-01-04 09:30:00+00:00,2680.9,2682.27,2679.13,2681.9,6.16512642
2026-01-04 09:35:00+00:00,2681.9,2683.5,2681.9,2683.5,24.98712414
2026-01-04 09:40:00+00:00,2683.5,2685.25,2682.73,2683.55,13.57082383
2026-01-04 09:45:00+00:00,2683.64,2685.99,2682.85,2685.12,11.93154398
2026-01-04 09:50:00+00:00,2684.69,2686.1,2682.65,2683.8,11.86319831
2026-01-04 09:55:00+00:00,2683.8,2686.26,2683.42,2685.1,7.63691082
2026-01-04 10:00:00+00:00,2685.26,2687.14,2684.84,2685.39,23.79544766
2026-01-04 10:05:00+00:00,2685.71,2687.3,2685.22,2686.44,5.13279243
2026-01-04 10:10:00+00:00,2687.27,2689.4,2685.94,2687.24,9.90353718
2026-01-04 10:15:00+00:00,2687.33,2687.64,2685.04,2687.0,51.7514419
2026-01-04 10:20:00+00:00,2686.9,2688.26,2685.5,2685.7,21.78523757
2026-01-04 10:25:00+00:00,2685.3,2686.2,2685.1,2685.58,12.48484866
2026-01-04 10:30:00+00:00,2685.39,2687.75,2685.1,2686.6,20.71883908
2026-01-04 10:35:00+00:00,2686.77,2686.88,2684.73,2686.13,15.06703907
2026-01-04 10:40:00+00:00,2685.97,2688.2,2685.95,2688.2,11.52110405
2026-01-04 10:45:00+00:00,2687.69,2689.1,2687.23,2688.01,5.75240774
2026-01-04 10:50:00+00:00,2687.91,2688.1,2687.23,2688.09,3.92743692
2026-01-04 10:55:00+00:00,2688.1,2688.4,2687.24,2687.86,2.95695468
2026-01-04 11:00:00+00:00,2687.63,2687.79,2685.0,2687.79,21.10258787
2026-01-04 11:05:00+00:00,2684.12,2685.0,2684.0,2684.0,8.08814521
2026-01-04 11:10:00+00:00,2684.22,2686.32,2683.79,2684.0,14.35114325
2026-01-04 11:15:00+00:00,2683.0,2685.59,2682.84,2684.48,11.49646267
2026-01-04 11:20:00+00:00,2684.14,2684.66,2682.97,2683.24,6.8686199
2026-01-04 11:25:00+00:00,2682.98,2683.6,2682.47,2683.33,1.35031128
2026-01-04 11:30:00+00:00,2684.51,2684.51,2682.14,2682.56,12.73502489
2026-01-04 11:35:00+00:00,2682.54,2683.65,2679.84,2679.84,43.02812079
2026-01-04 11:40:00+00:00,2680.76,2682.02,2679.34,2681.88,4.39590984
2026-01-04 11:45:00+00:00,2681.01,2682.75,2681.01,2682.75,2.06943482
2026-01-04 11:50:00+00:00,2681.49,2681.51,2678.44,2680.41,7.46156701
2026-01-04 11:55:00+00:00,2680.39,2682.67,2680.07,2682.67,10.77304118
2026-01-04 12:00:00+00:00,2682.01,2683.85,2681.56,2681.62,13.62323352
2026-01-04 12:05:00+00:00,2681.09,2681.44,2678.77,2679.2,20.83490807
2026-01-04 12:10:00+00:00,2679.58,2681.34,2678.41,2681.11,10.34265861
2026-01-04 12:15:00+00:00,2680.96,2681.41,2679.0,2681.2,68.71100625
2026-01-04 12:20:00+00:00,2681.87,2682.82,2680.9,2682.82,1.8005117
2026-01-04 12:25:00+00:00,2683.11,2686.5,2683.11,2686.31,14.4616552
2026-01-04 12:30:00+00:00,2685.57,2688.58,2683.87,2686.59,11.21858031
2026-01-04 12:35:00+00:00,2684.6,2684.67,2681.48,2681.85,2.41264505
2026-01-04 12:40:00+00:00,2680.9,2682.18,2679.01,2679.01,14.52222475
2026-01-04 12:45:00+00:00,2676.98,2679.98,2676.98,2679.46,30.12414178
2026-01-04 12:50:00+00:00,2679.6,2679.6,2678.81,2679.33,20.36929349
2026-01-04 12:55:00+00:00,2678.94,2679.98,2678.74,2679.37,7.18143988
2026-01-04 13:00:00+00:00,2678.52,2678.77,2677.11,2677.26,34.09588693
2026-01-04 13:05:00+00:00,2678.52,2681.23,2677.0,2680.44,20.79545525
2026-01-04 13:10:00+00:00,2680.45,2681.44,2680.11,2681.04,51.06588939
2026-01-04 13:15:00+00:00,2679.8,2679.8,2674.33,2676.81,9.35661745
2026-01-04 13:20:00+00:00,2675.92,2678.45,2675.0,2678.45,12.8818102
2026-01-04 13:25:00+00:00,2678.47,2680.36,2678.47,2679.87,0.94141797
2026-01-04 13:30:00+00:00,2680.18,2682.09,2678.94,2680.12,6.69295038
2026-01-04 13:35:00+00:00,2681.06,2681.2,2678.45,2678.45,1.13544823
2026-01-04 13:40:00+00:00,2679.4,2679.72,2677.52,2679.13,6.83299703
2026-01-04 13:45:00+00:00,2678.68,2679.97,2678.68,2678.91,7.61684667
2026-01-04 13:50:00+00:00,2679.17,2680.31,2679.11,2680.31,5.68449879
2026-01-04 13:55:00+00:00,2681.01,2682.09,2680.39,2681.73,3.35353516
2026-01-04 14:00:00+00:00,2682.19,2683.19,2679.26,2679.26,11.44918668
2026-01-04 14:05:00+00:00,2679.51,2682.35,2678.93,2681.81,5.34256375
2026-01-04 14:10:00+00:00,2683.3,2684.05,2682.6,2682.77,11.64363177
2026-01-04 14:15:00+00:00,2682.31,2682.31,2679.6,2680.04,11.74188886
2026-01-04 14:20:00+00:00,2680.25,2680.51,2679.01,2679.01,10.05808177
2026-01-04 14:25:00+00:00,2679.2,2679.49,2676.08,2678.34,12.21032216
2026-01-04 14:30:00+00:00,2679.4,2679.4,2674.62,2674.62,5.45324573
2026-01-04 14:35:00+00:00,2675.17,2677.82,2674.76,2676.59,4.52677183
2026-01-04 14:40:00+00:00,2677.1,2677.82,2675.37,2676.71,10.30403139
2026-01-04 14:45:00+00:00,2676.8,2677.92,2674.03,2677.83,2.69881925
2026-01-04 14:50:00+00:00,2677.52,2679.55,2677.48,2679.55,25.70533427
2026-01-04 14:55:00+00:00,2679.49,2679.65,2678.06,2678.4,3.9412613
2026-01-04 15:00:00+00:00,2678.46,2680.2,2678.0,2680.2,21.26674679
2026-01-04 15:05:00+00:00,2679.05,2679.4,2677.5,2678.96,12.12737476
2026-01-04 15:10:00+00:00,2679.61,2680.2,2679.43,2679.9,11.71440489
2026-01-04 15:15:00+00:00,2680.02,2680.02,2678.32,2678.46,18.11655912
2026-01-04 15:20:00+00:00,2678.24,2679.58,2677.37,2677.37,3.99351478
2026-01-04 15:25:00+00:00,2677.46,2678.25,2677.25,2677.97,10.21830881
2026-01-04 15:30:00+00:00,2677.69,2678.48,2677.16,2678.0,8.01883433
2026-01-04 15:35:00+00:00,2677.2,2677.85,2671.47,2673.74,14.8626005
2026-01-04 15:40:00+00:00,2674.2,2674.59,2672.66,2672.66,1.71251429
2026-01-04 15:45:00+00:00,2673.24,2673.24,2661.87,2668.87,77.49451783
2026-01-04 15:50:00+00:00,2669.9,2676.02,2669.44,2674.54,13.6112444
2026-01-04 15:55:00+00:00,2674.55,2676.95,2674.38,2676.95,8.66617238
2026-01-04 16:00:00+00:00,2676.2,2680.2,2674.77,2678.23,18.28268007
2026-01-04 16:05:00+00:00,2679.56,2681.33,2674.58,2675.88,21.96282405
2026-01-04 16:10:00+00:00,2675.75,2676.5,2674.7,2676.06,16.82058343
2026-01-04 16:15:00+00:00,2674.7,2676.58,2673.96,2674.35,4.06862541
2026-01-04 16:20:00+00:00,2674.11,2677.19,2674.11,2675.54,10.98625605
2026-01-04 16:25:00+00:00,2674.88,2675.28,2674.41,2674.99,1.50491633
2026-01-04 16:30:00+00:00,2675.23,2679.86,2674.37,2675.18,7.90018989
2026-01-04 16:35:00+00:00,2680.18,2680.21,2677.23,2679.0,11.58234983
2026-01-04 16:40:00+00:00,2678.39,2678.7,2677.42,2677.42,2.90631786
2026-01-04 16:45:00+00:00,2678.68,2680.07,2678.68,2679.07,1.99783768
2026-01-04 16:50:00+00:00,2678.54,2679.97,2678.54,2679.96,5.30122034
2026-01-04 16:55:00+00:00,2679.18,2680.83,2678.85,2680.51,3.04638073
2026-01-04 17:00:00+00:00,2680.51,2684.13,2680.28,2683.62,2.77605568
2026-01-04 17:05:00+00:00,2681.29,2681.72,2680.5,2681.15,1.69433155
2026-01-04 17:10:00+00:00,2680.0,2680.85,2679.89,2679.89,9.74133465
2026-01-04 17:15:00+00:00,2679.2,2679.95,2677.6,2678.12,2.76568029
2026-01-04 17:20:00+00:00,2677.71,2681.73,2677.6,2679.51,5.11962803
2026-01-04 17:25:00+00:00,2680.15,2680.15,2678.24,2678.45,1.27208198
2026-01-04 17:30:00+00:00,2678.65,2681.62,2678.65,2680.87,2.21062395
2026-01-04 17:35:00+00:00,2680.69,2682.59,2680.43,2681.25,3.99898469
2026-01-04 17:40:00+00:00,2680.99,2681.07,2678.97,2679.92,2.58012285
2026-01-04 17:45:00+00:00,2680.09,2681.55,2680.09,2681.55,11.21333216
2026-01-04 17:50:00+00:00,2682.0,2682.0,2679.06,2679.06,2.12247722
2026-01-04 17:55:00+00:00,2679.15,2679.15,2677.39,2678.53,1.3017773
2026-01-04 18:00:00+00:00,2678.47,2678.65,2675.87,2675.87,12.33604278
2026-01-04 18:05:00+00:00,2676.4,2676.4,2674.53,2676.12,1.21442589
2026-01-04 18:10:00+00:00,2675.78,2675.78,2673.9,2674.31,6.9451609
2026-01-04 18:15:00+00:00,2674.27,2674.9,2671.21,2671.78,5.69897065
2026-01-04 18:20:00+00:00,2670.93,2672.57,2669.6,2672.29,16.5572374
2026-01-04 18:25:00+00:00,2671.74,2672.3,2671.74,2672.1,2.10849204
2026-01-04 18:30:00+00:00,2672.1,2672.89,2670.07,2672.33,13.14432387
2026-01-04 18:35:00+00:00,2672.49,2672.84,2665.83,2671.24,14.02666135
2026-01-04 18:40:00+00:00,2670.0,2675.28,2670.0,2673.52,7.38249368
2026-01-04 18:45:00+00:00,2675.04,2676.41,2673.71,2674.42,8.81892913
2026-01-04 18:50:00+00:00,2675.2,2675.39,2673.69,2674.05,2.76376368
2026-01-04 18:55:00+00:00,2674.85,2676.08,2674.2,2676.08,26.80078977
2026-01-04 19:00:00+00:00,2676.07,2676.07,2670.43,2673.77,14.45921408
2026-01-04 19:05:00+00:00,2670.54,2670.54,2663.0,2665.31,30.34490183
2026-01-04 19:10:00+00:00,2664.39,2668.71,2664.39,2667.75,24.77826749
2026-01-04 19:15:00+00:00,2670.0,2671.44,2669.27,2669.27,8.66944109
2026-01-04 19:20:00+00:00,2670.3,2674.42,2670.3,2672.35,19.51704514
2026-01-04 19:25:00+00:00,2671.64,2673.2,2670.6,2671.97,21.1074817
2026-01-04 19:30:00+00:00,2672.61,2673.93,2672.22,2673.5,1.87128703
2026-01-04 19:35:00+00:00,2674.0,2674.28,2671.99,2672.15,20.96187039
2026-01-04 19:40:00+00:00,2670.31,2672.16,2670.0,2670.05,6.17461092
2026-01-04 19:45:00+00:00,2670.0,2673.32,2670.0,2672.98,8.57820714
2026-01-04 19:50:00+00:00,2672.66,2673.48,2671.79,2673.48,24.71614998
2026-01-04 19:55:00+00:00,2673.63,2675.65,2673.41,2673.6,11.32275
2026-01-04 20:00:00+00:00,2673.91,2674.45,2672.65,2674.45,2.94523809
2026-01-04 20:05:00+00:00,2673.53,2677.7,2673.52,2676.27,55.73579762
2026-01-04 20:10:00+00:00,2677.05,2679.84,2677.05,2678.93,9.55495258
2026-01-04 20:15:00+00:00,2678.86,2679.58,2678.12,2678.33,7.01396785
2026-01-04 20:20:00+00:00,2678.2,2678.97,2677.58,2678.9,1.91426528
2026-01-04 20:25:00+00:00,2679.6,2680.72,2679.6,2680.4,3.72714761
2026-01-04 20:30:00+00:00,2680.05,2680.05,2678.21,2679.43,3.19172243
2026-01-04 20:35:00+00:00,2679.3,2681.3,2679.28,2680.93,3.63039375
2026-01-04 20:40:00+00:00,2681.1,2682.88,2679.71,2680.43,13.17351847
2026-01-04 20:45:00+00:00,2679.42,2680.29,2678.77,2680.29,2.3475151
2026-01-04 20:50:00+00:00,2680.62,2682.63,2680.62,2682.03,4.70889012
2026-01-04 20:55:00+00:00,2682.04,2682.27,2681.25,2681.5,18.6656732
2026-01-04 21:00:00+00:00,2681.5,2682.93,2679.79,2682.93,12.66004886
2026-01-04 21:05:00+00:00,2683.27,2685.06,2682.36,2684.59,6.34151197
2026-01-04 21:10:00+00:00,2685.34,2693.21,2684.75,2690.01,141.83616459
2026-01-04 21:15:00+00:00,2688.66,2688.66,2684.95,2684.95,51.43853452
2026-01-04 21:20:00+00:00,2685.86,2686.28,2683.77,2684.11,8.92379431
2026-01-04 21:25:00+00:00,2684.9,2685.28,2682.34,2682.55,19.77536362
2026-01-04 21:30:00+00:00,2681.6,2684.48,2681.6,2684.21,16.66605922
2026-01-04 21:35:00+00:00,2684.33,2685.49,2681.9,2681.9,2.38781639
2026-01-04 21:40:00+00:00,2681.64,2681.64,2677.89,2679.0,9.30568725
2026-01-04 21:45:00+00:00,2678.45,2679.61,2677.8,2678.04,5.29938576
2026-01-04 21:50:00+00:00,2678.0,2683.42,2677.81,2682.83,11.66485704
2026-01-04 21:55:00+00:00,2683.0,2684.43,2682.66,2684.43,3.92888048
2026-01-04 22:00:00+00:00,2683.63,2688.1,2682.52,2688.1,5.96647759
2026-01-04 22:05:00+00:00,2687.61,2687.97,2684.64,2686.45,13.78953447
2026-01-04 22:10:00+00:00,2686.18,2686.26,2676.8,2679.58,6.93316242
2026-01-04 22:15:00+00:00,2678.61,2681.61,2675.84,2681.61,3.6824215
2026-01-04 22:20:00+00:00,2681.73,2681.73,2679.17,2679.17,6.48600915
2026-01-04 22:25:00+00:00,2679.31,2680.1,2679.17,2680.08,9.23351514
2026-01-04 22:30:00+00:00,2679.9,2680.82,2679.17,2679.24,11.81627095
2026-01-04 22:35:00+00:00,2679.24,2679.24,2678.0,2678.0,21.43619896
2026-01-04 22:40:00+00:00,2678.01,2678.1,2676.81,2677.04,41.20521835
2026-01-04 22:45:00+00:00,2677.24,2679.74,2677.23,2678.6,28.02788986
2026-01-04 22:50:00+00:00,2679.09,2679.69,2676.53,2676.53,18.14251532
2026-01-04 22:55:00+00:00,2677.9,2681.55,2676.74,2680.31,15.01456135
2026-01-04 23:00:00+00:00,2684.57,2693.7,2684.57,2691.37,20.79726351
2026-01-04 23:05:00+00:00,2688.68,2691.72,2686.22,2686.22,10.96630177
2026-01-04 23:10:00+00:00,2686.63,2689.03,2680.0,2680.0,16.49282055
2026-01-04 23:15:00+00:00,2681.43,2683.0,2680.47,2683.0,3.4245715
2026-01-04 23:20:00+00:00,2682.55,2688.01,2682.55,2686.38,2.03133628
2026-01-04 23:25:00+00:00,2684.63,2688.58,2683.4,2684.18,7.38460247
2026-01-04 23:30:00+00:00,2684.72,2685.06,2682.45,2684.8,19.07111316
2026-01-04 23:35:00+00:00,2684.7,2684.73,2680.85,2684.33,3.37738066
2026-01-04 23:40:00+00:00,2682.79,2682.79,2681.52,2681.76,1.295814
2026-01-04 23:45:00+00:00,2682.1,2682.1,2679.47,2681.89,1.20293041
2026-01-04 23:50:00+00:00,2681.17,2684.42,2681.17,2684.14,4.22326533
2026-01-04 23:55:00+00:00,2683.82,2687.83,2683.3,2686.82,8.10389358
2026-01-05 00:00:00+00:00,2687.42,2701.4,2685.76,2691.4,77.74558488
2026-01-05 00:05:00+00:00,2687.59,2692.12,2686.67,2688.1,12.49338619
2026-01-05 00:10:00+00:00,2687.99,2694.22,2687.9,2693.1,17.52559991
2026-01-05 00:15:00+00:00,2694.94,2697.37,2693.1,2695.61,6.52318893
2026-01-05 00:20:00+00:00,2693.52,2693.52,2684.86,2687.16,27.68881675
2026-01-05 00:25:00+00:00,2687.5,2691.52,2686.93,2691.52,5.52044045
2026-01-05 00:30:00+00:00,2691.43,2691.43,2685.49,2686.42,9.29186536
2026-01-05 00:35:00+00:00,2689.63,2690.58,2687.85,2688.88,12.85044188
2026-01-05 00:40:00+00:00,2689.72,2695.0,2689.41,2692.89,10.50265259
2026-01-05 00:45:00+00:00,2696.2,2711.85,2694.91,2705.71,117.20205153
2026-01-05 00:50:00+00:00,2705.08,2707.92,2700.98,2702.79,42.89572245
2026-01-05 00:55:00+00:00,2704.4,2709.18,2702.1,2705.11,33.37144221
2026-01-05 01:00:00+00:00,2706.0,2708.21,2702.66,2706.2,13.42713306
2026-01-05 01:05:00+00:00,2707.87,2731.0,2704.86,2723.18,157.41185518
2026-01-05 01:10:00+00:00,2724.56,2725.44,2719.19,2724.66,68.5431144
2026-01-05 01:15:00+00:00,2721.61,2726.19,2715.42,2717.45,20.18851054
2026-01-05 01:20:00+00:00,2719.23,2719.23,2714.31,2718.35,28.79195485
2026-01-05 01:25:00+00:00,2718.75,2720.88,2717.95,2720.88,6.24418197
2026-01-05 01:30:00+00:00,2722.2,2722.43,2716.45,2719.7,7.85184934
2026-01-05 01:35:00+00:00,2725.0,2750.41,2720.49,2741.03,247.05540129
2026-01-05 01:40:00+00:00,2741.53,2743.33,2736.45,2742.02,32.50186201
2026-01-05 01:45:00+00:00,2739.23,2744.3,2737.74,2739.16,19.7020379
2026-01-05 01:50:00+00:00,2740.31,2741.56,2732.2,2734.43,61.48902187
2026-01-05 01:55:00+00:00,2734.2,2734.29,2731.43,2731.73,23.14727351
2026-01-05 02:00:00+00:00,2733.7,2737.8,2729.21,2731.03,97.2643773
2026-01-05 02:05:00+00:00,2729.75,2732.89,2722.71,2726.47,51.37210675
2026-01-05 02:10:00+00:00,2726.22,2729.62,2724.92,2727.34,22.5666259
2026-01-05 02:15:00+00:00,2729.14,2731.83,2727.62,2731.83,9.13014671
2026-01-05 02:20:00+00:00,2731.03,2731.03,2721.8,2724.63,35.09835265
2026-01-05 02:25:00+00:00,2725.8,2725.8,2723.11,2723.11,20.02021641
2026-01-05 02:30:00+00:00,2723.96,2729.05,2722.91,2726.13,28.23987169
2026-01-05 02:35:00+00:00,2728.32,2728.72,2728.13,2728.13,1.33916738
2026-01-05 02:40:00+00:00,2728.7,2728.7,2726.49,2727.7,15.66965593
2026-01-05 02:45:00+00:00,2728.42,2730.28,2728.04,2728.04,3.8167894
2026-01-05 02:50:00+00:00,2730.36,2732.01,2729.99,2732.01,11.45370446
2026-01-05 02:55:00+00:00,2731.91,2731.91,2730.0,2730.64,17.3616356
2026-01-05 03:00:00+00:00,2729.7,2733.89,2727.32,2732.39,28.16288164
2026-01-05 03:05:00+00:00,2732.75,2733.94,2728.94,2733.94,14.23433557
2026-01-05 03:10:00+00:00,2729.23,2729.23,2726.9,2726.9,12.38307589
2026-01-05 03:15:00+00:00,2727.63,2728.25,2725.0,2727.28,21.89127866
2026-01-05 03:20:00+00:00,2729.9,2730.03,2727.13,2727.87,1.35215884
2026-01-05 03:25:00+00:00,2728.61,2732.6,2727.63,2732.6,12.42282424
2026-01-05 03:30:00+00:00,2732.31,2735.71,2732.31,2735.48,14.90253034
2026-01-05 03:35:00+00:00,2732.55,2732.93,2730.18,2730.86,5.71684948
2026-01-05 03:40:00+00:00,2731.17,2731.17,2728.81,2728.81,4.65434272
2026-01-05 03:45:00+00:00,2728.53,2728.93,2728.07,2728.5,11.45730744
2026-01-05 03:50:00+00:00,2729.56,2729.99,2728.0,2728.71,3.43589076
2026-01-05 03:55:00+00:00,2728.5,2728.72,2726.91,2727.53,2.05696679
2026-01-05 04:00:00+00:00,2727.89,2729.45,2726.2,2726.5,7.67598449
2026-01-05 04:05:00+00:00,2725.0,2726.01,2721.11,2724.47,27.74648069
2026-01-05 04:10:00+00:00,2723.85,2723.91,2718.93,2718.93,8.27587779
2026-01-05 04:15:00+00:00,2717.01,2720.96,2717.01,2719.82,18.09931411
2026-01-05 04:20:00+00:00,2718.3,2721.23,2717.62,2719.03,14.85243112
2026-01-05 04:25:00+00:00,2718.85,2719.69,2707.98,2709.94,53.40254985
2026-01-05 04:30:00+00:00,2707.61,2710.97,2704.1,2709.77,20.06192712
2026-01-05 04:35:00+00:00,2707.81,2711.43,2707.11,2710.65,6.87324776
2026-01-05 04:40:00+00:00,2710.9,2712.05,2706.92,2707.57,8.87249377
2026-01-05 04:45:00+00:00,2709.37,2710.21,2707.0,2709.4,14.99471031
2026-01-05 04:50:00+00:00,2707.42,2710.65,2707.27,2709.9,2.88247365
2026-01-05 04:55:00+00:00,2710.65,2711.69,2710.25,2710.94,3.08512056
2026-01-05 05:00:00+00:00,2710.0,2710.0,2707.71,2708.99,7.46428403
2026-01-05 05:05:00+00:00,2710.0,2712.62,2706.0,2709.28,28.58601777
2026-01-05 05:10:00+00:00,2708.28,2708.28,2706.72,2706.81,2.1084155
2026-01-05 05:15:00+00:00,2707.53,2708.55,2707.0,2708.55,0.23796779
2026-01-05 05:20:00+00:00,2708.36,2709.8,2708.36,2709.24,6.86875574
2026-01-05 05:25:00+00:00,2709.12,2710.46,2709.07,2709.64,1.55042408
2026-01-05 05:30:00+00:00,2708.9,2709.12,2707.99,2707.99,6.38482182
2026-01-05 05:35:00+00:00,2706.9,2709.02,2702.81,2703.43,16.95901024
2026-01-05 05:40:00+00:00,2704.45,2704.79,2700.67,2700.96,49.55196137
2026-01-05 05:45:00+00:00,2699.0,2702.08,2698.84,2700.34,19.24163101
2026-01-05 05:50:00+00:00,2700.77,2701.27,2693.3,2694.73,78.25651231
2026-01-05 05:55:00+00:00,2695.48,2697.28,2694.04,2695.51,10.53843742
2026-01-05 06:00:00+00:00,2696.69,2699.28,2696.69,2698.56,9.16649824
2026-01-05 06:05:00+00:00,2701.42,2701.84,2698.2,2701.84,4.74619659
2026-01-05 06:10:00+00:00,2701.23,2702.01,2698.53,2699.38,13.17111861
2026-01-05 06:15:00+00:00,2698.12,2699.77,2697.26,2698.94,5.14601784
2026-01-05 06:20:00+00:00,2699.03,2699.03,2695.95,2696.29,2.26835773
2026-01-05 06:25:00+00:00,2695.96,2696.38,2690.0,2690.03,43.40702161
2026-01-05 06:30:00+00:00,2690.0,2693.3,2681.9,2693.3,45.6393473
2026-01-05 06:35:00+00:00,2693.78,2697.38,2692.21,2695.36,56.3640568
2026-01-05 06:40:00+00:00,2696.05,2699.19,2695.54,2699.19,50.16068243
2026-01-05 06:45:00+00:00,2699.26,2699.72,2696.22,2697.26,17.57483615
2026-01-05 06:50:00+00:00,2698.01,2699.72,2698.01,2699.04,0.88147705
2026-01-05 06:55:00+00:00,2699.52,2701.23,2699.52,2700.41,20.87535167
2026-01-05 07:00:00+00:00,2699.38,2703.71,2698.52,2702.74,4.09382805
2026-01-05 07:05:00+00:00,2702.1,2702.88,2699.0,2701.63,10.03090263
2026-01-05 07:10:00+00:00,2699.3,2704.67,2699.3,2704.66,6.87752955
2026-01-05 07:15:00+00:00,2704.85,2705.91,2702.5,2702.5,49.56043289
2026-01-05 07:20:00+00:00,2703.0,2703.49,2698.97,2700.44,2.68776998
2026-01-05 07:25:00+00:00,2700.62,2701.56,2699.61,2701.4,5.6674998
2026-01-05 07:30:00+00:00,2702.3,2703.19,2701.54,2701.54,9.47197939
2026-01-05 07:35:00+00:00,2701.62,2702.52,2700.81,2701.7,10.11108209
2026-01-05 07:40:00+00:00,2701.36,2703.82,2700.8,2702.89,6.32187075
2026-01-05 07:45:00+00:00,2704.22,2704.75,2703.18,2703.61,10.23254043
2026-01-05 07:50:00+00:00,2703.3,2703.3,2701.79,2702.29,12.22626139
2026-01-05 07:55:00+00:00,2701.81,2702.28,2701.45,2701.96,7.3870808
2026-01-05 08:00:00+00:00,2700.81,2704.59,2700.75,2704.49,59.93419942
2026-01-05 08:05:00+00:00,2701.7,2705.93,2701.7,2705.93,10.80545937
2026-01-05 08:10:00+00:00,2706.1,2706.3,2704.97,2706.3,17.89288844
2026-01-05 08:15:00+00:00,2706.71,2708.46,2705.62,2705.62,18.85019528
2026-01-05 08:20:00+00:00,2707.4,2712.66,2706.36,2712.16,38.62616905
2026-01-05 08:25:00+00:00,2712.87,2713.19,2707.11,2708.67,8.94826152
2026-01-05 08:30:00+00:00,2708.7,2710.12,2707.89,2707.91,5.20507401
2026-01-05 08:35:00+00:00,2708.21,2709.33,2704.81,2706.6,19.42257425
2026-01-05 08:40:00+00:00,2704.8,2706.09,2704.47,2705.67,18.51526845
2026-01-05 08:45:00+00:00,2708.04,2708.04,2705.51,2707.58,17.40168493
2026-01-05 08:50:00+00:00,2707.58,2710.05,2707.55,2710.05,3.92745271
2026-01-05 08:55:00+00:00,2709.89,2711.01,2707.46,2708.11,7.32546602
2026-01-05 09:00:00+00:00,2707.73,2708.55,2701.5,2705.0,25.45817277
2026-01-05 09:05:00+00:00,2704.1,2704.2,2701.16,2702.52,15.07953957
2026-01-05 09:10:00+00:00,2702.82,2704.94,2701.0,2701.0,24.70624111
2026-01-05 09:15:00+00:00,2700.5,2705.93,2699.0,2705.34,42.35812945
2026-01-05 09:20:00+00:00,2704.4,2707.7,2703.71,2707.1,11.24159682
2026-01-05 09:25:00+00:00,2706.95,2708.1,2706.04,2708.1,5.05922107
2026-01-05 09:30:00+00:00,2707.66,2710.64,2705.28,2709.0,4.13537696
2026-01-05 09:35:00+00:00,2710.35,2712.89,2709.62,2710.84,20.47910751
2026-01-05 09:40:00+00:00,2712.99,2713.66,2711.39,2712.01,7.45322085
2026-01-05 09:45:00+00:00,2712.39,2719.32,2712.39,2719.13,47.24076655
2026-01-05 09:50:00+00:00,2715.23,2716.6,2714.52,2715.09,5.22453646
2026-01-05 09:55:00+00:00,2712.17,2713.6,2711.0,2711.79,29.19196018
2026-01-05 10:00:00+00:00,2712.72,2714.74,2711.2,2712.3,7.37018661
2026-01-05 10:05:00+00:00,2713.42,2716.63,2712.6,2715.61,2.17714048
2026-01-05 10:10:00+00:00,2716.4,2720.0,2715.52,2718.15,8.31017596
2026-01-05 10:15:00+00:00,2718.63,2720.02,2715.11,2717.44,28.72349637
2026-01-05 10:20:00+00:00,2714.92,2718.36,2714.48,2718.36,4.47096132
2026-01-05 10:25:00+00:00,2718.01,2719.57,2716.7,2717.94,12.25100289
2026-01-05 10:30:00+00:00,2717.45,2721.05,2716.93,2719.48,26.58628646
2026-01-05 10:35:00+00:00,2719.84,2719.87,2706.87,2712.72,30.64414003
2026-01-05 10:40:00+00:00,2712.24,2712.82,2710.48,2710.48,4.01831143
2026-01-05 10:45:00+00:00,2713.8,2714.82,2712.0,2713.8,2.34375
2026-01-05 10:50:00+00:00,2713.8,2719.31,2713.5,2719.31,20.51546925
2026-01-05 10:55:00+00:00,2718.2,2718.2,2715.14,2715.2,62.77729676
2026-01-05 11:00:00+00:00,2714.28,2715.1,2711.93,2712.58,36.17802071
2026-01-05 11:05:00+00:00,2712.98,2716.16,2712.97,2714.22,13.44985681
2026-01-05 11:10:00+00:00,2714.89,2715.58,2713.9,2713.9,1.77003049
2026-01-05 11:15:00+00:00,2716.23,2716.98,2713.3,2716.98,3.25367218
2026-01-05 11:20:00+00:00,2717.69,2725.0,2717.69,2720.99,25.06101748
2026-01-05 11:25:00+00:00,2720.97,2722.17,2716.4,2717.2,55.90951519
2026-01-05 11:30:00+00:00,2717.2,2720.0,2716.6,2717.66,12.24177414
2026-01-05 11:35:00+00:00,2717.9,2719.69,2717.5,2718.25,13.01607159
2026-01-05 11:40:00+00:00,2717.99,2721.27,2717.4,2718.6,21.05261236
2026-01-05 11:45:00+00:00,2722.87,2723.34,2718.83,2722.2,24.33281191
2026-01-05 11:50:00+00:00,2722.58,2723.62,2721.44,2722.99,16.1565329
2026-01-05 11:55:00+00:00,2723.3,2725.0,2721.87,2722.54,24.02319902
2026-01-05 12:00:00+00:00,2722.8,2724.18,2720.0,2720.0,25.85207115
2026-01-05 12:05:00+00:00,2720.5,2721.84,2719.5,2720.95,8.05701131
2026-01-05 12:10:00+00:00,2721.5,2724.43,2721.38,2723.46,17.63892612
2026-01-05 12:15:00+00:00,2723.2,2725.41,2718.8,2719.87,9.47113418
2026-01-05 12:20:00+00:00,2718.5,2719.62,2716.8,2718.7,10.43293918
2026-01-05 12:25:00+00:00,2717.49,2720.13,2717.49,2717.89,4.52675554
2026-01-05 12:30:00+00:00,2716.75,2719.33,2716.36,2716.62,11.61084243
2026-01-05 12:35:00+00:00,2716.4,2716.93,2712.89,2713.11,10.16407809
2026-01-05 12:40:00+00:00,2713.8,2715.11,2712.13,2713.53,5.19534509
2026-01-05 12:45:00+00:00,2713.27,2716.31,2711.6,2714.0,29.82465506
2026-01-05 12:50:00+00:00,2714.27,2715.89,2713.51,2715.09,7.42782589
2026-01-05 12:55:00+00:00,2714.31,2717.04,2714.31,2716.09,6.66074944
2026-01-05 13:00:00+00:00,2716.71,2718.72,2714.27,2718.12,6.33972604
2026-01-05 13:05:00+00:00,2718.24,2721.16,2717.79,2718.14,10.33547557
2026-01-05 13:10:00+00:00,2717.76,2720.48,2717.76,2718.27,11.19046984
2026-01-05 13:15:00+00:00,2718.16,2718.16,2710.0,2710.0,33.49108499
2026-01-05 13:20:00+00:00,2710.0,2710.2,2705.25,2709.79,87.71994538
2026-01-05 13:25:00+00:00,2709.31,2710.45,2708.53,2708.53,11.56050328
2026-01-05 13:30:00+00:00,2708.15,2708.86,2705.38,2706.28,24.95270429
2026-01-05 13:35:00+00:00,2706.05,2707.45,2702.99,2704.11,29.18823457
2026-01-05 13:40:00+00:00,2703.01,2704.14,2696.3,2698.0,119.2958312
2026-01-05 13:45:00+00:00,2697.45,2700.5,2697.45,2697.58,26.44527904
2026-01-05 13:50:00+00:00,2698.73,2701.63,2697.64,2701.63,60.73045204
2026-01-05 13:55:00+00:00,2700.91,2704.04,2699.7,2703.12,25.0207424
2026-01-05 14:00:00+00:00,2702.4,2707.6,2702.4,2707.1,29.77668156
2026-01-05 14:05:00+00:00,2706.96,2707.64,2698.89,2700.2,45.76344708
2026-01-05 14:10:00+00:00,2698.16,2700.55,2698.16,2699.37,31.39704086
2026-01-05 14:15:00+00:00,2699.09,2702.8,2698.02,2701.0,18.85913211
2026-01-05 14:20:00+00:00,2701.51,2702.65,2698.96,2700.62,22.33277486
2026-01-05 14:25:00+00:00,2700.9,2702.5,2698.6,2702.4,24.84407986
2026-01-05 14:30:00+00:00,2701.84,2705.46,2693.61,2695.7,177.54367603
2026-01-05 14:35:00+00:00,2695.5,2706.96,2686.27,2701.0,150.11771071
2026-01-05 14:40:00+00:00,2700.2,2716.57,2699.6,2715.53,119.58834885
2026-01-05 14:45:00+00:00,2714.99,2720.0,2697.0,2703.9,60.37436977
2026-01-05 14:50:00+00:00,2708.2,2716.0,2704.5,2713.0,78.60106449
2026-01-05 14:55:00+00:00,2712.2,2720.3,2710.48,2710.48,44.47547072
2026-01-05 15:00:00+00:00,2712.0,2714.8,2703.98,2707.41,109.6719028
2026-01-05 15:05:00+00:00,2706.34,2709.3,2698.32,2702.47,29.80957962
2026-01-05 15:10:00+00:00,2701.32,2706.24,2701.32,2705.07,26.40044858
2026-01-05 15:15:00+00:00,2706.8,2715.21,2705.72,2711.38,75.68361047
2026-01-05 15:20:00+00:00,2709.61,2711.4,2700.74,2703.14,62.79303706
2026-01-05 15:25:00+00:00,2703.05,2706.76,2700.83,2706.7,49.12443857
2026-01-05 15:30:00+00:00,2706.93,2722.22,2705.6,2719.39,44.71172309
2026-01-05 15:35:00+00:00,2718.1,2722.63,2717.41,2718.51,68.15155584
2026-01-05 15:40:00+00:00,2719.03,2741.0,2719.03,2721.64,135.62412837
2026-01-05 15:45:00+00:00,2734.19,2734.19,2725.23,2729.17,21.19160627
2026-01-05 15:50:00+00:00,2730.17,2736.8,2727.99,2728.64,74.38043293
2026-01-05 15:55:00+00:00,2728.76,2733.94,2727.61,2733.27,36.82843611
2026-01-05 16:00:00+00:00,2733.05,2735.72,2729.07,2734.8,59.40126352
2026-01-05 16:05:00+00:00,2734.88,2737.1,2723.49,2726.01,78.72288258
2026-01-05 16:10:00+00:00,2725.2,2729.41,2724.25,2726.56,37.90735727
2026-01-05 16:15:00+00:00,2726.0,2729.5,2722.89,2729.5,56.85366106
2026-01-05 16:20:00+00:00,2727.65,2730.18,2711.71,2729.18,164.42657914
2026-01-05 16:25:00+00:00,2717.65,2723.48,2717.18,2718.76,36.72172468
2026-01-05 16:30:00+00:00,2717.9,2721.11,2717.45,2719.63,16.96218979
2026-01-05 16:35:00+00:00,2719.21,2722.77,2717.0,2718.71,29.45290981
2026-01-05 16:40:00+00:00,2719.32,2720.19,2716.7,2718.24,21.12304156
2026-01-05 16:45:00+00:00,2716.6,2718.6,2713.93,2716.83,54.33664287
2026-01-05 16:50:00+00:00,2717.2,2722.0,2715.71,2719.99,30.42974282
2026-01-05 16:55:00+00:00,2718.92,2720.13,2717.78,2719.58,5.39638429
2026-01-05 17:00:00+00:00,2720.61,2723.18,2717.46,2721.8,14.52628972
2026-01-05 17:05:00+00:00,2721.8,2721.8,2717.44,2717.63,15.46348105
2026-01-05 17:10:00+00:00,2717.74,2722.27,2716.68,2719.91,20.83342826
2026-01-05 17:15:00+00:00,2719.58,2720.58,2714.26,2715.93,110.81859601
2026-01-05 17:20:00+00:00,2715.05,2715.57,2697.3,2713.04,98.80578624
2026-01-05 17:25:00+00:00,2700.15,2702.67,2696.4,2702.2,62.45156095
2026-01-05 17:30:00+00:00,2703.42,2710.57,2703.42,2709.56,17.78898993
2026-01-05 17:35:00+00:00,2710.05,2716.44,2709.7,2715.68,48.18262102
2026-01-05 17:40:00+00:00,2716.29,2723.62,2716.29,2722.43,39.79231105
2026-01-05 17:45:00+00:00,2721.39,2728.95,2721.39,2726.4,52.49502883
2026-01-05 17:50:00+00:00,2727.08,2744.42,2727.08,2732.94,147.25022376
2026-01-05 17:55:00+00:00,2741.42,2758.19,2740.84,2743.0,221.99741777
2026-01-05 18:00:00+00:00,2743.95,2747.97,2736.11,2739.83,51.96457971
2026-01-05 18:05:00+00:00,2739.16,2739.47,2733.13,2737.6,37.71802281
2026-01-05 18:10:00+00:00,2733.5,2739.3,2732.97,2738.47,21.77363062
2026-01-05 18:15:00+00:00,2740.66,2741.21,2727.82,2728.37,79.24191782
2026-01-05 18:20:00+00:00,2723.74,2730.38,2720.0,2729.09,70.56750119
2026-01-05 18:25:00+00:00,2730.0,2734.12,2730.0,2732.31,33.55409517
2026-01-05 18:30:00+00:00,2731.09,2736.0,2730.6,2731.94,41.37952437
2026-01-05 18:35:00+00:00,2732.06,2732.06,2724.9,2728.51,21.13112418
2026-01-05 18:40:00+00:00,2726.18,2732.4,2726.18,2730.0,44.48481983
2026-01-05 18:45:00+00:00,2731.56,2738.69,2731.56,2738.24,33.27997798
2026-01-05 18:50:00+00:00,2736.48,2746.35,2736.2,2745.83,69.08899464
2026-01-05 18:55:00+00:00,2745.37,2755.42,2744.92,2754.23,158.13617651
2026-01-05 19:00:00+00:00,2754.49,2754.94,2746.21,2747.49,55.30365888
2026-01-05 19:05:00+00:00,2748.55,2750.31,2743.99,2750.31,14.29399912
2026-01-05 19:10:00+00:00,2751.07,2752.7,2748.44,2748.44,29.64116366
2026-01-05 19:15:00+00:00,2747.35,2752.43,2744.94,2748.91,14.51614799
2026-01-05 19:20:00+00:00,2749.24,2753.65,2747.97,2750.68,32.49711359
2026-01-05 19:25:00+00:00,2748.36,2753.01,2747.0,2751.38,8.42004514
2026-01-05 19:30:00+00:00,2750.4,2753.34,2748.18,2753.34,13.43408555
2026-01-05 19:35:00+00:00,2753.37,2753.37,2744.18,2744.18,10.00731478
2026-01-05 19:40:00+00:00,2747.14,2748.0,2744.2,2747.46,4.78058306
2026-01-05 19:45:00+00:00,2746.33,2747.6,2744.23,2746.44,4.05351931
2026-01-05 19:50:00+00:00,2747.22,2747.23,2742.3,2745.23,5.64759666
2026-01-05 19:55:00+00:00,2746.1,2750.09,2745.13,2749.67,5.6154234
2026-01-05 20:00:00+00:00,2749.32,2770.02,2747.18,2762.43,161.05761438
2026-01-05 20:05:00+00:00,2762.52,2763.5,2759.01,2760.29,36.55654569
2026-01-05 20:10:00+00:00,2760.14,2762.89,2755.69,2759.31,16.89187958
2026-01-05 20:15:00+00:00,2762.74,2765.75,2758.63,2760.9,34.60020544
2026-01-05 20:20:00+00:00,2761.03,2763.96,2757.65,2757.67,19.69999348
2026-01-05 20:25:00+00:00,2762.69,2786.07,2762.69,2783.4,103.81182762
2026-01-05 20:30:00+00:00,2781.19,2781.19,2766.96,2769.98,39.99284911
2026-01-05 20:35:00+00:00,2768.94,2774.43,2765.62,2773.59,28.30381507
2026-01-05 20:40:00+00:00,2774.4,2774.4,2763.19,2764.72,52.6416225
2026-01-05 20:45:00+00:00,2768.59,2770.78,2765.88,2769.0,17.90116466
2026-01-05 20:50:00+00:00,2766.88,2769.32,2763.32,2763.32,11.62989505
2026-01-05 20:55:00+00:00,2763.19,2766.61,2758.98,2766.61,8.05859487
2026-01-05 21:00:00+00:00,2766.12,2771.69,2764.58,2770.48,16.94239826
2026-01-05 21:05:00+00:00,2769.69,2770.22,2761.78,2761.78,56.95423123
2026-01-05 21:10:00+00:00,2762.6,2764.29,2760.35,2762.8,10.92908896
2026-01-05 21:15:00+00:00,2761.73,2767.6,2760.33,2764.55,61.04031241
2026-01-05 21:20:00+00:00,2764.8,2768.72,2762.89,2767.31,68.74445305
2026-01-05 21:25:00+00:00,2764.4,2766.29,2758.17,2758.17,7.07782517
2026-01-05 21:30:00+00:00,2758.0,2761.92,2757.56,2759.1,20.47849406
2026-01-05 21:35:00+00:00,2760.45,2765.71,2759.3,2764.53,8.73238801
2026-01-05 21:40:00+00:00,2764.24,2766.97,2764.24,2766.21,4.49450296
2026-01-05 21:45:00+00:00,2765.77,2768.95,2764.72,2768.95,4.76438067
2026-01-05 21:50:00+00:00,2768.08,2768.37,2765.67,2767.6,5.73225943
2026-01-05 21:55:00+00:00,2765.06,2765.06,2762.48,2763.4,7.80182427
2026-01-05 22:00:00+00:00,2763.16,2764.45,2760.3,2760.3,2.47592981
2026-01-05 22:05:00+00:00,2761.06,2763.53,2760.43,2762.58,2.61873107
2026-01-05 22:10:00+00:00,2761.83,2763.31,2760.56,2763.01,20.75701426
2026-01-05 22:15:00+00:00,2762.9,2767.08,2762.9,2766.77,23.16357176
2026-01-05 22:20:00+00:00,2768.88,2770.81,2767.09,2770.32,50.14229838
2026-01-05 22:25:00+00:00,2769.6,2769.77,2766.29,2767.29,10.87816525
2026-01-05 22:30:00+00:00,2766.83,2767.28,2765.23,2766.96,13.36534971
2026-01-05 22:35:00+00:00,2766.39,2771.49,2766.19,2771.35,11.50981499
2026-01-05 22:40:00+00:00,2771.83,2772.99,2768.4,2770.2,33.17453253
2026-01-05 22:45:00+00:00,2769.69,2770.02,2766.53,2767.19,4.33791931
2026-01-05 22:50:00+00:00,2767.18,2767.92,2756.7,2761.61,40.49685373
2026-01-05 22:55:00+00:00,2765.63,2766.3,2763.7,2764.78,13.34050316
2026-01-05 23:00:00+00:00,2764.1,2764.1,2760.0,2761.5,24.57556837
2026-01-05 23:05:00+00:00,2761.34,2762.76,2759.44,2761.52,8.32362405
2026-01-05 23:10:00+00:00,2762.21,2763.22,2758.75,2759.8,20.55413337
2026-01-05 23:15:00+00:00,2760.1,2763.86,2755.81,2758.14,30.86488903
2026-01-05 23:20:00+00:00,2758.14,2759.01,2756.95,2757.63,6.89242338
2026-01-05 23:25:00+00:00,2758.2,2758.48,2757.1,2758.25,1.70502292
2026-01-05 23:30:00+00:00,2759.54,2759.54,2756.32,2758.42,1.94997761
2026-01-05 23:35:00+00:00,2758.4,2758.4,2752.96,2755.65,17.03718531
2026-01-05 23:40:00+00:00,2755.57,2760.92,2755.57,2759.88,7.46005055
2026-01-05 23:45:00+00:00,2757.99,2758.8,2756.15,2758.8,1.2426701
2026-01-05 23:50:00+00:00,2759.91,2759.91,2756.25,2757.42,6.33232295
2026-01-05 23:55:00+00:00,2755.5,2756.98,2753.87,2753.87,2.07106305
2026-01-06 00:00:00+00:00,2755.02,2758.18,2754.2,2758.18,4.10023626
2026-01-06 00:05:00+00:00,2755.61,2755.61,2752.0,2752.03,3.20693222
2026-01-06 00:10:00+00:00,2747.75,2751.75,2746.64,2746.74,15.92474149
2026-01-06 00:15:00+00:00,2748.09,2749.15,2745.0,2749.15,25.17231187
2026-01-06 00:20:00+00:00,2748.7,2750.7,2747.02,2749.25,26.35265261
2026-01-06 00:25:00+00:00,2746.26,2750.0,2745.69,2750.0,3.46307409
2026-01-06 00:30:00+00:00,2749.44,2749.44,2739.66,2741.18,27.79749065
2026-01-06 00:35:00+00:00,2741.44,2741.44,2735.93,2735.93,46.59401103
2026-01-06 00:40:00+00:00,2737.9,2739.72,2736.58,2739.3,15.08714126
2026-01-06 00:45:00+00:00,2737.8,2740.38,2737.0,2738.27,15.31543563
2026-01-06 00:50:00+00:00,2740.8,2745.8,2740.39,2744.79,11.8008088
2026-01-06 00:55:00+00:00,2747.0,2747.0,2746.01,2746.01,0.21904383
2026-01-06 01:00:00+00:00,2746.03,2754.12,2746.0,2750.01,22.55831948
2026-01-06 01:05:00+00:00,2749.8,2751.1,2747.33,2751.1,5.16048322
2026-01-06 01:10:00+00:00,2751.12,2753.93,2751.1,2752.99,0.25921828
2026-01-06 01:15:00+00:00,2754.43,2757.0,2752.81,2757.0,4.04176327
2026-01-06 01:20:00+00:00,2760.7,2765.71,2759.92,2759.92,14.7958368
2026-01-06 01:25:00+00:00,2760.78,2772.2,2760.78,2771.2,26.64889384
2026-01-06 01:30:00+00:00,2767.08,2767.4,2762.56,2762.56,1.66913268
2026-01-06 01:35:00+00:00,2762.26,2762.49,2757.49,2759.54,1.98899948
2026-01-06 01:40:00+00:00,2760.32,2760.32,2754.76,2757.3,2.87137475
2026-01-06 01:45:00+00:00,2756.31,2756.6,2752.93,2752.93,2.98343077
2026-01-06 01:50:00+00:00,2752.34,2752.34,2746.29,2748.67,7.86511018
2026-01-06 01:55:00+00:00,2745.21,2746.61,2745.21,2746.61,1.74663799
2026-01-06 02:00:00+00:00,2746.7,2751.0,2746.45,2747.32,4.02807891
2026-01-06 02:05:00+00:00,2747.72,2749.2,2742.93,2743.84,12.10047741
2026-01-06 02:10:00+00:00,2742.76,2747.43,2742.76,2747.43,1.10573247
2026-01-06 02:15:00+00:00,2745.52,2747.39,2744.98,2744.98,0.81796928
2026-01-06 02:20:00+00:00,2744.5,2748.35,2744.5,2748.34,10.82803131
2026-01-06 02:25:00+00:00,2747.56,2750.2,2747.32,2748.43,1.40312734
2026-01-06 02:30:00+00:00,2748.12,2748.12,2742.2,2742.2,1.4986943
2026-01-06 02:35:00+00:00,2741.44,2742.19,2738.46,2740.31,3.32836382
2026-01-06 02:40:00+00:00,2741.8,2743.31,2741.8,2742.86,1.66284699
2026-01-06 02:45:00+00:00,2743.29,2743.62,2741.89,2742.67,3.73762428
2026-01-06 02:50:00+00:00,2741.84,2742.54,2740.75,2741.98,7.05789152
2026-01-06 02:55:00+00:00,2742.6,2744.33,2742.05,2743.79,14.10466743
2026-01-06 03:00:00+00:00,2740.85,2744.67,2740.0,2744.67,23.22335356
2026-01-06 03:05:00+00:00,2744.7,2747.0,2744.28,2744.42,5.3431085
2026-01-06 03:10:00+00:00,2744.2,2745.69,2742.4,2745.69,0.44500271
2026-01-06 03:15:00+00:00,2745.69,2747.19,2745.69,2746.0,0.90530971
2026-01-06 03:20:00+00:00,2745.83,2746.98,2742.57,2743.0,13.95860862
2026-01-06 03:25:00+00:00,2744.05,2748.49,2743.32,2748.49,10.91559438
2026-01-06 03:30:00+00:00,2748.81,2755.92,2748.81,2753.85,8.51330453
2026-01-06 03:35:00+00:00,2753.7,2753.7,2751.43,2752.63,15.24939794
2026-01-06 03:40:00+00:00,2751.07,2752.51,2750.0,2750.01,11.99815083
2026-01-06 03:45:00+00:00,2750.61,2752.4,2750.0,2750.0,8.42902511
2026-01-06 03:50:00+00:00,2748.85,2750.03,2747.67,2749.23,1.99629068
2026-01-06 03:55:00+00:00,2748.98,2749.24,2748.98,2749.0,13.91989301
2026-01-06 04:00:00+00:00,2750.4,2751.68,2749.93,2749.93,1.37361979
2026-01-06 04:05:00+00:00,2751.17,2755.47,2751.17,2754.56,4.92267209
2026-01-06 04:10:00+00:00,2754.63,2754.9,2754.26,2754.9,1.70602267
2026-01-06 04:15:00+00:00,2756.15,2756.24,2753.26,2753.56,1.90071697
2026-01-06 04:20:00+00:00,2754.03,2754.46,2752.57,2752.57,3.02034933
2026-01-06 04:25:00+00:00,2752.22,2752.22,2749.9,2751.19,1.85358143
2026-01-06 04:30:00+00:00,2750.8,2750.89,2750.48,2750.89,2.06136716
2026-01-06 04:35:00+00:00,2753.42,2755.61,2752.35,2752.35,3.72104848
2026-01-06 04:40:00+00:00,2751.13,2751.33,2750.17,2750.24,0.94494258
2026-01-06 04:45:00+00:00,2749.4,2750.24,2749.11,2750.24,1.55741273
2026-01-06 04:50:00+00:00,2750.51,2750.51,2748.71,2748.71,2.10208243
2026-01-06 04:55:00+00:00,2749.6,2749.6,2748.14,2748.14,0.59079191
2026-01-06 05:00:00+00:00,2747.7,2750.68,2747.7,2749.3,11.6395227
2026-01-06 05:05:00+00:00,2749.75,2750.45,2749.16,2749.25,3.64718062
2026-01-06 05:10:00+00:00,2749.09,2750.7,2749.09,2749.62,1.83333359
2026-01-06 05:15:00+00:00,2750.4,2751.49,2748.37,2750.4,4.77204993
2026-01-06 05:20:00+00:00,2750.53,2752.72,2748.22,2748.22,18.18814296
2026-01-06 05:25:00+00:00,2746.44,2748.98,2746.44,2748.51,4.0866319
2026-01-06 05:30:00+00:00,2749.1,2751.33,2746.31,2746.31,2.07073662
2026-01-06 05:35:00+00:00,2746.36,2746.5,2742.1,2745.95,3.32733631
2026-01-06 05:40:00+00:00,2745.11,2745.6,2743.45,2744.51,2.93185849
2026-01-06 05:45:00+00:00,2743.62,2745.7,2742.93,2745.7,26.98047398
2026-01-06 05:50:00+00:00,2746.8,2747.56,2745.53,2746.75,6.55464069
2026-01-06 05:55:00+00:00,2746.0,2746.99,2743.48,2744.89,7.30778612
2026-01-06 06:00:00+00:00,2744.26,2748.42,2744.26,2748.42,7.58031284
2026-01-06 06:05:00+00:00,2747.38,2748.56,2744.74,2744.99,30.60736713
2026-01-06 06:10:00+00:00,2745.69,2749.97,2745.69,2748.98,0.34408869
2026-01-06 06:15:00+00:00,2747.24,2748.99,2744.38,2744.38,12.58039767
2026-01-06 06:20:00+00:00,2744.21,2745.84,2744.0,2745.2,1.68580382
2026-01-06 06:25:00+00:00,2746.77,2749.1,2746.69,2746.79,4.51407233
2026-01-06 06:30:00+00:00,2749.0,2753.9,2749.0,2753.35,5.1628687
2026-01-06 06:35:00+00:00,2752.1,2754.2,2751.67,2754.2,37.1639072
2026-01-06 06:40:00+00:00,2753.09,2770.77,2753.09,2768.57,97.67799383
2026-01-06 06:45:00+00:00,2770.67,2772.76,2764.92,2771.05,173.02956925
2026-01-06 06:50:00+00:00,2771.39,2772.04,2763.63,2765.3,13.47370323
2026-01-06 06:55:00+00:00,2764.77,2765.22,2761.46,2761.46,16.1116564
2026-01-06 07:00:00+00:00,2763.63,2763.63,2757.43,2757.43,8.35170308
2026-01-06 07:05:00+00:00,2759.04,2759.6,2757.44,2758.39,15.51644407
2026-01-06 07:10:00+00:00,2756.99,2757.0,2755.2,2755.2,8.29116392
2026-01-06 07:15:00+00:00,2756.08,2757.06,2753.63,2756.9,6.30323081
2026-01-06 07:20:00+00:00,2753.82,2754.27,2746.29,2748.1,5.08450512
2026-01-06 07:25:00+00:00,2748.2,2748.32,2743.51,2745.43,12.27461245
2026-01-06 07:30:00+00:00,2745.15,2745.2,2739.99,2742.1,41.85503309
2026-01-06 07:35:00+00:00,2742.0,2743.42,2736.87,2736.87,13.89825985
2026-01-06 07:40:00+00:00,2736.82,2743.21,2736.82,2741.84,18.01303231
2026-01-06 07:45:00+00:00,2741.36,2742.71,2740.0,2740.0,15.54342668
2026-01-06 07:50:00+00:00,2738.6,2746.34,2735.8,2745.59,12.11403487
2026-01-06 07:55:00+00:00,2744.86,2745.6,2742.74,2744.85,2.22211702
2026-01-06 08:00:00+00:00,2744.69,2747.41,2744.59,2747.14,14.05431216
2026-01-06 08:05:00+00:00,2748.29,2751.31,2747.6,2749.9,11.8891932
2026-01-06 08:10:00+00:00,2748.78,2749.32,2745.25,2745.25,2.05669661
2026-01-06 08:15:00+00:00,2745.8,2746.1,2744.17,2744.26,11.95077481
2026-01-06 08:20:00+00:00,2746.03,2746.92,2744.11,2744.57,8.59999591
2026-01-06 08:25:00+00:00,2741.6,2745.5,2740.35,2744.4,4.89661849
2026-01-06 08:30:00+00:00,2744.48,2744.62,2741.88,2744.26,7.2276366
2026-01-06 08:35:00+00:00,2743.42,2744.52,2742.51,2742.77,2.69607514
2026-01-06 08:40:00+00:00,2742.5,2745.94,2742.23,2745.31,7.07844567
2026-01-06 08:45:00+00:00,2743.03,2746.15,2741.94,2743.21,7.37242554
2026-01-06 08:50:00+00:00,2743.18,2746.51,2743.17,2746.17,5.33242561
2026-01-06 08:55:00+00:00,2746.56,2746.57,2745.03,2745.58,9.89579134
2026-01-06 09:00:00+00:00,2744.97,2749.28,2743.51,2749.28,6.98937397
2026-01-06 09:05:00+00:00,2749.72,2752.8,2747.73,2748.37,12.61452697
2026-01-06 09:10:00+00:00,2748.92,2750.5,2748.92,2750.01,4.6735937
2026-01-06 09:15:00+00:00,2751.08,2754.7,2751.08,2752.74,1.46454804
2026-01-06 09:20:00+00:00,2754.7,2756.23,2753.41,2754.77,2.99233332
2026-01-06 09:25:00+00:00,2754.77,2755.73,2752.55,2753.77,35.02547336
2026-01-06 09:30:00+00:00,2754.74,2755.38,2750.1,2750.67,4.65600566
2026-01-06 09:35:00+00:00,2750.63,2750.63,2747.87,2749.43,15.93914201
2026-01-06 09:40:00+00:00,2749.55,2750.98,2749.31,2750.98,5.39149234
2026-01-06 09:45:00+00:00,2750.86,2751.58,2750.19,2750.2,10.24552784
2026-01-06 09:50:00+00:00,2751.2,2754.8,2750.91,2754.8,9.73956009
2026-01-06 09:55:00+00:00,2752.8,2754.11,2751.75,2752.19,3.26940385
2026-01-06 10:00:00+00:00,2752.07,2754.73,2750.62,2754.73,12.14736598
2026-01-06 10:05:00+00:00,2755.29,2756.68,2753.6,2755.6,8.96809222
2026-01-06 10:10:00+00:00,2754.58,2758.79,2754.54,2756.55,8.60003072
2026-01-06 10:15:00+00:00,2758.67,2759.37,2756.52,2756.52,9.19436578
2026-01-06 10:20:00+00:00,2755.55,2756.42,2753.73,2756.3,4.94407767
2026-01-06 10:25:00+00:00,2757.74,2758.87,2756.44,2757.29,3.60859079
2026-01-06 10:30:00+00:00,2756.44,2758.1,2755.93,2757.59,2.82320695
2026-01-06 10:35:00+00:00,2756.52,2756.82,2755.31,2756.09,4.2226765
2026-01-06 10:40:00+00:00,2755.46,2756.89,2755.26,2756.83,11.56784025
2026-01-06 10:45:00+00:00,2757.55,2759.12,2756.2,2756.2,2.83820696
2026-01-06 10:50:00+00:00,2757.37,2759.98,2755.6,2759.21,8.26526863
2026-01-06 10:55:00+00:00,2758.54,2758.54,2756.21,2756.8,7.67511806
2026-01-06 11:00:00+00:00,2757.76,2763.65,2755.88,2762.61,9.83864407
2026-01-06 11:05:00+00:00,2761.6,2764.5,2761.6,2764.21,4.17877692
2026-01-06 11:10:00+00:00,2764.9,2767.33,2764.31,2765.53,10.64203961
2026-01-06 11:15:00+00:00,2763.86,2763.99,2762.31,2762.31,5.39173983
2026-01-06 11:20:00+00:00,2764.9,2767.02,2762.8,2767.02,7.12424612
2026-01-06 11:25:00+00:00,2766.96,2770.0,2766.96,2767.84,28.68544945
2026-01-06 11:30:00+00:00,2768.81,2769.25,2765.6,2766.16,14.09156855
2026-01-06 11:35:00+00:00,2766.29,2768.89,2766.29,2768.08,10.59964609
2026-01-06 11:40:00+00:00,2768.41,2768.66,2767.09,2767.94,5.66239817
2026-01-06 11:45:00+00:00,2768.4,2770.5,2767.48,2769.12,18.05615371
2026-01-06 11:50:00+00:00,2769.54,2769.97,2765.96,2766.42,13.34547517
2026-01-06 11:55:00+00:00,2766.4,2767.57,2765.77,2767.09,2.02146327
2026-01-06 12:00:00+00:00,2766.6,2767.98,2765.5,2765.5,2.12855354
2026-01-06 12:05:00+00:00,2764.73,2772.01,2764.43,2767.14,12.74403673
2026-01-06 12:10:00+00:00,2767.96,2769.36,2767.61,2768.66,2.83369753
2026-01-06 12:15:00+00:00,2768.86,2770.0,2767.61,2769.74,7.47645914
2026-01-06 12:20:00+00:00,2767.28,2769.19,2766.12,2769.19,3.0247556
2026-01-06 12:25:00+00:00,2768.51,2770.14,2767.13,2768.89,24.64393602
2026-01-06 12:30:00+00:00,2770.02,2770.73,2767.57,2768.04,18.42660891
2026-01-06 12:35:00+00:00,2768.57,2768.6,2765.8,2766.76,18.46090671
2026-01-06 12:40:00+00:00,2766.66,2768.88,2766.66,2768.1,4.79203761
2026-01-06 12:45:00+00:00,2768.8,2769.76,2768.32,2769.01,4.50690902
2026-01-06 12:50:00+00:00,2768.71,2769.2,2766.62,2768.06,69.27339969
2026-01-06 12:55:00+00:00,2768.01,2770.86,2767.52,2770.86,57.88107593
2026-01-06 13:00:00+00:00,2766.88,2768.1,2762.48,2763.93,40.23403504
2026-01-06 13:05:00+00:00,2763.38,2764.95,2759.16,2764.47,23.02795204
2026-01-06 13:10:00+00:00,2764.48,2765.72,2761.97,2763.09,16.58318801
2026-01-06 13:15:00+00:00,2762.93,2764.23,2760.93,2761.27,2.84414991
2026-01-06 13:20:00+00:00,2760.97,2765.12,2760.72,2763.78,10.58616208
2026-01-06 13:25:00+00:00,2762.95,2764.89,2762.67,2763.43,16.36104964
2026-01-06 13:30:00+00:00,2763.18,2764.93,2762.94,2763.74,1.93342872
2026-01-06 13:35:00+00:00,2761.99,2762.79,2760.08,2760.96,17.13949906
2026-01-06 13:40:00+00:00,2760.91,2763.98,2760.74,2762.81,7.41214309
2026-01-06 13:45:00+00:00,2762.93,2762.93,2760.22,2760.74,8.27564614
2026-01-06 13:50:00+00:00,2761.37,2762.73,2759.65,2762.58,22.77383554
2026-01-06 13:55:00+00:00,2766.58,2766.64,2761.65,2764.67,2.48458886
2026-01-06 14:00:00+00:00,2765.63,2768.62,2765.0,2768.62,5.35880944
2026-01-06 14:05:00+00:00,2768.41,2781.87,2768.41,2778.29,144.2831785
2026-01-06 14:10:00+00:00,2777.32,2803.5,2777.32,2796.28,246.06446243
2026-01-06 14:15:00+00:00,2796.7,2811.26,2796.7,2803.02,147.99110975
2026-01-06 14:20:00+00:00,2808.11,2826.41,2806.56,2819.67,237.48101147
2026-01-06 14:25:00+00:00,2821.95,2824.7,2816.96,2824.7,152.18959509
2026-01-06 14:30:00+00:00,2823.46,2823.46,2807.53,2812.83,52.65860007
2026-01-06 14:35:00+00:00,2813.44,2823.43,2811.01,2821.23,116.62417313
2026-01-06 14:40:00+00:00,2821.9,2824.7,2810.6,2811.55,115.16090691
2026-01-06 14:45:00+00:00,2795.53,2812.36,2790.8,2802.5,161.97068068
2026-01-06 14:50:00+00:00,2802.89,2809.95,2792.4,2797.21,80.47710504
2026-01-06 14:55:00+00:00,2798.93,2800.74,2789.54,2798.2,95.2973785
2026-01-06 15:00:00+00:00,2799.83,2805.0,2796.81,2801.94,82.22178865
2026-01-06 15:05:00+00:00,2803.93,2812.58,2800.86,2811.9,30.79647382
2026-01-06 15:10:00+00:00,2811.9,2813.72,2795.3,2805.16,113.09217816
2026-01-06 15:15:00+00:00,2808.28,2815.76,2808.28,2814.7,9.63007611
2026-01-06 15:20:00+00:00,2813.35,2824.6,2812.73,2820.04,40.06639073
2026-01-06 15:25:00+00:00,2820.51,2824.55,2817.12,2820.4,34.71737578
2026-01-06 15:30:00+00:00,2821.33,2822.7,2812.9,2819.3,76.0735482
2026-01-06 15:35:00+00:00,2819.2,2819.2,2798.18,2799.69,108.85792012
2026-01-06 15:40:00+00:00,2798.42,2801.54,2791.75,2801.54,138.80694627
2026-01-06 15:45:00+00:00,2797.16,2800.58,2792.39,2798.31,33.98503371
2026-01-06 15:50:00+00:00,2797.84,2798.93,2791.8,2796.0,85.29761962
2026-01-06 15:55:00+00:00,2795.87,2798.62,2793.77,2796.9,60.88098089
2026-01-06 16:00:00+00:00,2798.62,2805.17,2797.8,2802.67,36.94907527
2026-01-06 16:05:00+00:00,2803.04,2804.78,2791.6,2794.02,34.18132231
2026-01-06 16:10:00+00:00,2796.21,2802.44,2794.64,2794.7,37.55372277
2026-01-06 16:15:00+00:00,2795.6,2797.72,2793.57,2795.23,27.94909336
2026-01-06 16:20:00+00:00,2794.49,2794.63,2788.0,2792.23,40.76711507
2026-01-06 16:25:00+00:00,2792.02,2792.67,2778.12,2778.12,65.39222661
2026-01-06 16:30:00+00:00,2779.07,2786.53,2776.9,2780.62,37.36557471
2026-01-06 16:35:00+00:00,2780.98,2783.06,2777.07,2777.21,34.20344821
2026-01-06 16:40:00+00:00,2777.0,2779.21,2766.67,2773.75,115.28056951
2026-01-06 16:45:00+00:00,2773.33,2774.41,2767.28,2773.3,62.57865146
2026-01-06 16:50:00+00:00,2773.26,2781.3,2771.38,2778.19,67.47338761
2026-01-06 16:55:00+00:00,2778.04,2781.87,2775.0,2781.4,81.25171375
2026-01-06 17:00:00+00:00,2780.0,2781.72,2776.55,2780.76,69.94191625
2026-01-06 17:05:00+00:00,2780.62,2783.01,2777.84,2777.84,35.78857135
2026-01-06 17:10:00+00:00,2778.74,2779.81,2774.7,2777.22,88.57076713
2026-01-06 17:15:00+00:00,2778.88,2779.24,2769.07,2769.46,12.77577191
2026-01-06 17:20:00+00:00,2770.82,2780.5,2770.45,2780.5,34.35112383
2026-01-06 17:25:00+00:00,2779.91,2780.95,2776.59,2777.97,19.12591812
2026-01-06 17:30:00+00:00,2778.19,2780.98,2776.09,2779.45,38.20020779
2026-01-06 17:35:00+00:00,2782.1,2787.23,2780.01,2784.1,32.39058218
2026-01-06 17:40:00+00:00,2783.21,2783.49,2767.8,2770.94,177.54482129
2026-01-06 17:45:00+00:00,2771.04,2771.04,2747.06,2749.17,394.6587217
2026-01-06 17:50:00+00:00,2749.08,2752.61,2744.9,2744.9,95.70399014
2026-01-06 17:55:00+00:00,2744.72,2744.72,2725.57,2730.42,274.77799272
2026-01-06 18:00:00+00:00,2728.6,2741.47,2718.9,2739.75,175.29183624
2026-01-06 18:05:00+00:00,2739.0,2751.5,2734.48,2747.45,60.86344265
2026-01-06 18:10:00+00:00,2746.82,2751.97,2746.41,2749.85,162.25032734
2026-01-06 18:15:00+00:00,2748.64,2751.83,2746.59,2746.59,99.87364143
2026-01-06 18:20:00+00:00,2747.21,2752.2,2746.59,2747.97,33.63652176
2026-01-06 18:25:00+00:00,2747.44,2757.14,2747.26,2753.6,24.78616419
2026-01-06 18:30:00+00:00,2752.58,2757.42,2751.49,2754.66,28.22941243
2026-01-06 18:35:00+00:00,2754.51,2759.06,2750.0,2751.36,5.88713807
2026-01-06 18:40:00+00:00,2752.19,2755.91,2751.36,2754.58,16.08044551
2026-01-06 18:45:00+00:00,2757.56,2764.82,2755.78,2761.04,36.59539707
2026-01-06 18:50:00+00:00,2759.37,2762.0,2756.72,2758.4,31.47882105
2026-01-06 18:55:00+00:00,2757.66,2758.76,2752.84,2752.96,16.25122921
2026-01-06 19:00:00+00:00,2751.98,2754.98,2750.0,2754.91,7.67212247
2026-01-06 19:05:00+00:00,2755.4,2757.99,2755.4,2757.34,3.3496752
2026-01-06 19:10:00+00:00,2756.39,2762.09,2755.96,2761.99,21.91356222
2026-01-06 19:15:00+00:00,2760.71,2763.06,2758.9,2760.3,8.52602105
2026-01-06 19:20:00+00:00,2759.93,2760.71,2757.56,2759.08,13.34715351
2026-01-06 19:25:00+00:00,2758.37,2762.1,2757.32,2758.51,29.41757527
2026-01-06 19:30:00+00:00,2759.64,2762.9,2757.64,2759.73,21.63255506
2026-01-06 19:35:00+00:00,2758.71,2759.44,2756.48,2759.01,6.4879175
2026-01-06 19:40:00+00:00,2758.73,2760.4,2756.06,2758.5,9.60989302
2026-01-06 19:45:00+00:00,2758.7,2760.64,2758.22,2759.39,2.06622489
2026-01-06 19:50:00+00:00,2758.76,2759.24,2754.84,2758.87,9.61973761
2026-01-06 19:55:00+00:00,2754.4,2757.62,2754.4,2756.95,23.17462207
2026-01-06 20:00:00+00:00,2762.9,2766.89,2757.42,2764.87,22.45789239
2026-01-06 20:05:00+00:00,2765.0,2768.22,2763.92,2766.41,3.55512225
2026-01-06 20:10:00+00:00,2766.07,2768.63,2763.62,2767.93,4.43201847
2026-01-06 20:15:00+00:00,2767.7,2771.45,2766.39,2771.42,33.94808186
2026-01-06 20:20:00+00:00,2771.7,2774.11,2769.35,2773.26,30.20495228
2026-01-06 20:25:00+00:00,2772.72,2773.24,2770.54,2771.29,7.55151709
2026-01-06 20:30:00+00:00,2772.77,2776.57,2771.01,2775.51,13.95789179
2026-01-06 20:35:00+00:00,2776.61,2778.59,2776.61,2777.17,8.61717979
2026-01-06 20:40:00+00:00,2777.88,2779.63,2775.19,2775.19,12.69590985
2026-01-06 20:45:00+00:00,2777.2,2777.65,2775.46,2776.47,8.0477804
2026-01-06 20:50:00+00:00,2775.3,2777.96,2773.19,2775.71,25.06730401
2026-01-06 20:55:00+00:00,2775.71,2775.9,2774.02,2774.42,4.21236549
2026-01-06 21:00:00+00:00,2771.44,2775.29,2771.44,2772.78,3.22292833
2026-01-06 21:05:00+00:00,2772.4,2772.85,2770.34,2772.03,10.00910511
2026-01-06 21:10:00+00:00,2771.63,2784.74,2770.2,2784.19,26.47276466
2026-01-06 21:15:00+00:00,2784.59,2812.93,2784.59,2806.75,140.07137259
2026-01-06 21:20:00+00:00,2804.58,2811.29,2800.75,2808.43,25.45099914
2026-01-06 21:25:00+00:00,2807.07,2808.43,2803.65,2808.43,53.192714
2026-01-06 21:30:00+00:00,2811.71,2823.6,2808.43,2820.82,61.54839497
2026-01-06 21:35:00+00:00,2822.09,2822.09,2811.0,2812.55,38.11054336
2026-01-06 21:40:00+00:00,2813.41,2817.71,2812.13,2814.88,5.61450241
2026-01-06 21:45:00+00:00,2815.52,2816.86,2802.92,2804.8,32.74186976
2026-01-06 21:50:00+00:00,2804.75,2805.01,2799.4,2800.0,26.52347056
2026-01-06 21:55:00+00:00,2805.0,2805.1,2802.29,2802.29,5.06268853
2026-01-06 22:00:00+00:00,2805.31,2810.94,2802.1,2810.45,45.11960865
2026-01-06 22:05:00+00:00,2811.22,2814.6,2806.83,2811.28,20.85286099
2026-01-06 22:10:00+00:00,2811.6,2811.6,2801.54,2801.54,0.57957293
2026-01-06 22:15:00+00:00,2801.57,2805.68,2796.25,2796.25,26.44726043
2026-01-06 22:20:00+00:00,2796.25,2800.0,2796.25,2799.84,6.41862
2026-01-06 22:25:00+00:00,2800.8,2801.87,2798.33,2798.78,36.93878501
2026-01-06 22:30:00+00:00,2800.39,2800.39,2796.32,2798.92,1.66190654
2026-01-06 22:35:00+00:00,2795.99,2797.41,2793.4,2794.62,7.54618975
2026-01-06 22:40:00+00:00,2797.93,2800.25,2796.63,2798.21,3.02078969
2026-01-06 22:45:00+00:00,2798.01,2805.14,2797.48,2804.43,5.4573206
2026-01-06 22:50:00+00:00,2803.1,2805.53,2801.08,2804.51,1.95535944
2026-01-06 22:55:00+00:00,2802.64,2805.28,2802.06,2803.99,12.46107226
2026-01-06 23:00:00+00:00,2803.59,2806.8,2802.83,2806.8,18.30758412
2026-01-06 23:05:00+00:00,2805.14,2811.33,2804.3,2810.58,35.88723018
2026-01-06 23:10:00+00:00,2811.93,2812.97,2810.73,2812.9,9.26579158
2026-01-06 23:15:00+00:00,2812.9,2815.65,2810.21,2812.3,5.61383757
2026-01-06 23:20:00+00:00,2811.48,2813.17,2808.0,2808.01,5.01106449
2026-01-06 23:25:00+00:00,2807.65,2813.17,2806.88,2812.39,1.07730907
2026-01-06 23:30:00+00:00,2812.11,2817.19,2812.11,2812.37,8.21626051
2026-01-06 23:35:00+00:00,2814.63,2816.16,2813.47,2814.07,3.14941073
2026-01-06 23:40:00+00:00,2813.99,2815.43,2813.37,2815.43,1.60699299
2026-01-06 23:45:00+00:00,2815.39,2823.85,2815.39,2817.39,50.90458942
2026-01-06 23:50:00+00:00,2818.18,2821.66,2818.18,2820.06,28.66644203
2026-01-06 23:55:00+00:00,2820.18,2822.22,2819.18,2820.12,2.94084755
2026-01-07 00:00:00+00:00,2815.25,2820.22,2815.25,2817.35,4.30301494
2026-01-07 00:05:00+00:00,2816.2,2818.2,2813.24,2813.58,15.32865933
2026-01-07 00:10:00+00:00,2814.46,2815.04,2810.8,2812.0,7.09596622
2026-01-07 00:15:00+00:00,2812.75,2813.14,2808.87,2811.47,3.07126862
2026-01-07 00:20:00+00:00,2812.77,2815.0,2809.64,2810.24,1.1081332
2026-01-07 00:25:00+00:00,2809.6,2811.3,2806.37,2806.37,7.21065273
2026-01-07 00:30:00+00:00,2802.92,2804.38,2802.59,2803.67,0.8009264
2026-01-07 00:35:00+00:00,2804.6,2806.0,2802.5,2802.5,0.50265401
2026-01-07 00:40:00+00:00,2800.0,2802.02,2797.64,2800.0,11.46217528
2026-01-07 00:45:00+00:00,2800.52,2801.5,2795.53,2796.08,6.16597381
2026-01-07 00:50:00+00:00,2793.94,2797.1,2793.8,2793.82,2.7263457
2026-01-07 00:55:00+00:00,2796.32,2797.55,2783.99,2785.37,24.67545155
2026-01-07 01:00:00+00:00,2788.0,2793.92,2788.0,2792.08,5.95645064
2026-01-07 01:05:00+00:00,2794.07,2796.55,2793.15,2795.35,10.30477656
2026-01-07 01:10:00+00:00,2794.8,2796.8,2794.33,2795.49,11.24490659
2026-01-07 01:15:00+00:00,2790.0,2791.13,2779.38,2779.38,11.8928761
2026-01-07 01:20:00+00:00,2787.1,2787.1,2776.8,2785.53,1.46289265
2026-01-07 01:25:00+00:00,2787.9,2790.51,2783.2,2784.03,3.69315726
2026-01-07 01:30:00+00:00,2778.62,2782.72,2778.55,2779.34,2.13924958
2026-01-07 01:35:00+00:00,2779.5,2781.77,2775.45,2778.77,11.55969933
2026-01-07 01:40:00+00:00,2778.2,2778.47,2774.69,2774.69,3.55159177
2026-01-07 01:45:00+00:00,2775.3,2776.2,2769.9,2772.64,3.19444275
2026-01-07 01:50:00+00:00,2770.51,2773.66,2768.79,2773.66,2.67612583
2026-01-07 01:55:00+00:00,2771.31,2775.3,2771.31,2775.3,24.10405126
2026-01-07 02:00:00+00:00,2770.25,2775.1,2769.0,2773.24,36.77440919
2026-01-07 02:05:00+00:00,2776.19,2778.76,2774.69,2775.86,12.48482771
2026-01-07 02:10:00+00:00,2776.25,2779.8,2775.0,2779.41,4.62091816
2026-01-07 02:15:00+00:00,2778.3,2778.3,2774.31,2775.0,8.20688385
2026-01-07 02:20:00+00:00,2777.78,2777.8,2775.55,2775.74,3.91059992
2026-01-07 02:25:00+00:00,2776.24,2782.1,2776.24,2778.0,3.20018002
2026-01-07 02:30:00+00:00,2776.93,2780.38,2775.0,2780.38,10.27702814
2026-01-07 02:35:00+00:00,2780.26,2787.9,2780.26,2787.9,1.1436937
2026-01-07 02:40:00+00:00,2789.69,2789.69,2786.95,2789.14,0.78347044
2026-01-07 02:45:00+00:00,2789.7,2791.01,2789.33,2790.03,1.61423076
2026-01-07 02:50:00+00:00,2791.18,2796.5,2790.3,2794.9,3.81984744
2026-01-07 02:55:00+00:00,2798.14,2798.14,2794.37,2794.89,0.63893762
2026-01-07 03:00:00+00:00,2799.1,2799.29,2796.11,2799.29,0.63521168
2026-01-07 03:05:00+00:00,2798.37,2798.37,2793.86,2794.6,1.75353786
2026-01-07 03:10:00+00:00,2796.5,2797.59,2796.5,2796.94,0.34208898
2026-01-07 03:15:00+00:00,2796.83,2802.0,2796.83,2802.0,9.44516486
2026-01-07 03:20:00+00:00,2801.05,2803.7,2800.85,2801.5,1.42935053
2026-01-07 03:25:00+00:00,2801.83,2801.83,2800.71,2800.71,0.23498567
2026-01-07 03:30:00+00:00,2800.22,2800.22,2794.0,2795.92,6.11777544
2026-01-07 03:35:00+00:00,2793.63,2793.97,2793.46,2793.91,0.26202865
2026-01-07 03:40:00+00:00,2793.61,2794.07,2790.8,2791.85,15.42407221
2026-01-07 03:45:00+00:00,2790.42,2793.25,2789.92,2790.22,0.72844941
2026-01-07 03:50:00+00:00,2791.67,2792.84,2791.0,2791.09,0.97174343
2026-01-07 03:55:00+00:00,2791.97,2792.28,2791.0,2791.82,5.69090271
2026-01-07 04:00:00+00:00,2793.2,2794.23,2790.0,2794.23,7.34723435
2026-01-07 04:05:00+00:00,2793.3,2793.3,2790.27,2790.93,16.50565386
2026-01-07 04:10:00+00:00,2787.8,2790.07,2787.8,2790.07,1.64972499
2026-01-07 04:15:00+00:00,2788.07,2790.93,2786.64,2788.7,10.28780792
2026-01-07 04:20:00+00:00,2789.29,2791.18,2789.26,2791.18,3.80186637
2026-01-07 04:25:00+00:00,2789.88,2790.13,2788.67,2789.94,1.90981882
2026-01-07 04:30:00+00:00,2788.12,2789.5,2788.12,2788.12,0.14177809
2026-01-07 04:35:00+00:00,2785.75,2785.75,2781.32,2781.76,8.8681284
2026-01-07 04:40:00+00:00,2783.81,2787.8,2783.81,2787.8,3.0788111
2026-01-07 04:45:00+00:00,2788.11,2788.12,2787.08,2787.08,0.0572734
2026-01-07 04:50:00+00:00,2784.5,2786.15,2783.76,2784.31,0.33440656
2026-01-07 04:55:00+00:00,2784.24,2785.6,2784.02,2784.02,3.11730538
2026-01-07 05:00:00+00:00,2783.1,2783.48,2781.32,2781.49,4.43030418
2026-01-07 05:05:00+00:00,2780.11,2782.21,2779.07,2782.21,1.42829429
2026-01-07 05:10:00+00:00,2782.47,2784.12,2781.0,2783.06,0.92812275
2026-01-07 05:15:00+00:00,2783.7,2786.56,2783.7,2786.13,0.13081205
2026-01-07 05:20:00+00:00,2785.43,2787.11,2785.1,2787.11,0.14739119
2026-01-07 05:25:00+00:00,2785.43,2785.89,2780.5,2780.96,0.61236138
2026-01-07 05:30:00+00:00,2781.9,2789.04,2781.9,2787.12,2.91540305
2026-01-07 05:35:00+00:00,2787.82,2787.82,2785.5,2786.77,1.40923148
2026-01-07 05:40:00+00:00,2786.22,2787.99,2784.3,2784.76,13.86796078
2026-01-07 05:45:00+00:00,2782.5,2782.5,2776.8,2779.1,21.37510403
2026-01-07 05:50:00+00:00,2778.51,2779.41,2775.76,2775.76,1.21427565
2026-01-07 05:55:00+00:00,2776.53,2778.79,2775.75,2777.21,1.39192539
2026-01-07 06:00:00+00:00,2777.54,2778.8,2777.54,2777.61,10.43602296
2026-01-07 06:05:00+00:00,2778.48,2778.5,2777.03,2777.23,0.76827994
2026-01-07 06:10:00+00:00,2778.5,2780.58,2778.3,2780.12,2.54747335
2026-01-07 06:15:00+00:00,2780.47,2781.28,2780.0,2780.14,0.44929738
2026-01-07 06:20:00+00:00,2781.6,2785.05,2781.6,2784.25,7.78301185
2026-01-07 06:25:00+00:00,2784.71,2785.15,2783.61,2783.61,3.41491672
2026-01-07 06:30:00+00:00,2783.94,2786.1,2782.13,2782.2,5.52315749
2026-01-07 06:35:00+00:00,2782.29,2782.29,2778.42,2780.54,1.74223703
2026-01-07 06:40:00+00:00,2779.11,2779.36,2777.6,2777.6,5.61246445
2026-01-07 06:45:00+00:00,2778.64,2780.85,2778.64,2780.0,0.55777708
2026-01-07 06:50:00+00:00,2778.14,2782.2,2778.14,2778.14,9.56087685
2026-01-07 06:55:00+00:00,2777.4,2779.28,2777.13,2778.32,14.71099594
2026-01-07 07:00:00+00:00,2779.57,2782.96,2779.57,2782.55,2.74433907
2026-01-07 07:05:00+00:00,2782.3,2782.51,2781.33,2781.82,1.900288
2026-01-07 07:10:00+00:00,2782.56,2785.32,2782.05,2784.88,1.912073
2026-01-07 07:15:00+00:00,2785.38,2787.89,2785.18,2787.89,7.87289017
2026-01-07 07:20:00+00:00,2787.9,2788.49,2786.07,2786.34,2.66350244
2026-01-07 07:25:00+00:00,2787.29,2787.79,2785.86,2786.74,0.76700168
2026-01-07 07:30:00+00:00,2787.68,2788.97,2786.39,2788.18,4.78736918
2026-01-07 07:35:00+00:00,2786.34,2791.69,2785.2,2789.89,17.47068651
2026-01-07 07:40:00+00:00,2787.94,2790.51,2785.75,2785.75,2.86773041
2026-01-07 07:45:00+00:00,2785.0,2785.95,2783.63,2785.24,7.10585284
2026-01-07 07:50:00+00:00,2786.27,2786.8,2784.15,2784.15,5.13214041
2026-01-07 07:55:00+00:00,2784.79,2785.81,2784.34,2784.34,4.4826516
2026-01-07 08:00:00+00:00,2785.74,2787.89,2785.64,2786.43,3.3726657
2026-01-07 08:05:00+00:00,2787.29,2791.08,2787.23,2791.08,4.92782024
2026-01-07 08:10:00+00:00,2791.44,2792.49,2788.6,2789.22,3.32279469
2026-01-07 08:15:00+00:00,2789.0,2791.23,2789.0,2791.23,4.66732745
2026-01-07 08:20:00+00:00,2791.19,2793.19,2786.61,2788.19,18.6000335
2026-01-07 08:25:00+00:00,2788.5,2788.88,2784.72,2788.88,1.69200815
2026-01-07 08:30:00+00:00,2789.53,2790.56,2787.62,2787.62,10.37023788
2026-01-07 08:35:00+00:00,2787.78,2787.78,2785.43,2785.63,23.68799896
2026-01-07 08:40:00+00:00,2786.59,2786.59,2784.28,2785.66,14.89052091
2026-01-07 08:45:00+00:00,2785.38,2786.16,2783.75,2784.79,5.1469591
2026-01-07 08:50:00+00:00,2784.19,2788.65,2784.19,2787.45,2.51777792
2026-01-07 08:55:00+00:00,2787.71,2788.76,2785.22,2785.23,9.94090632
2026-01-07 09:00:00+00:00,2783.79,2784.3,2780.52,2783.67,2.57768982
2026-01-07 09:05:00+00:00,2783.56,2784.19,2768.92,2771.89,83.46177768
2026-01-07 09:10:00+00:00,2772.87,2773.2,2767.7,2768.39,30.11131453
2026-01-07 09:15:00+00:00,2767.7,2772.07,2764.62,2766.26,22.94878904
2026-01-07 09:20:00+00:00,2766.25,2768.7,2756.59,2760.39,52.72533878
2026-01-07 09:25:00+00:00,2758.2,2762.94,2758.2,2761.4,12.79409688
2026-01-07 09:30:00+00:00,2763.4,2763.4,2754.79,2755.77,21.72678776
2026-01-07 09:35:00+00:00,2756.5,2757.02,2752.7,2752.7,19.47366016
2026-01-07 09:40:00+00:00,2755.0,2755.0,2740.6,2747.0,90.97248405
2026-01-07 09:45:00+00:00,2746.0,2746.0,2737.58,2744.05,29.943046
2026-01-07 09:50:00+00:00,2742.27,2742.73,2737.56,2741.19,112.29910408
2026-01-07 09:55:00+00:00,2740.9,2742.48,2738.52,2738.52,23.72843673
2026-01-07 10:00:00+00:00,2737.78,2743.5,2734.51,2742.28,61.45255456
2026-01-07 10:05:00+00:00,2743.06,2745.2,2740.42,2743.23,23.50161706
2026-01-07 10:10:00+00:00,2744.13,2746.63,2742.0,2745.74,37.58453445
2026-01-07 10:15:00+00:00,2745.83,2746.66,2743.35,2745.99,2.35591477
2026-01-07 10:20:00+00:00,2745.2,2746.39,2743.85,2744.97,2.96107706
2026-01-07 10:25:00+00:00,2744.4,2746.59,2743.69,2744.13,9.88246327
2026-01-07 10:30:00+00:00,2745.2,2751.06,2745.2,2750.88,20.6942839
2026-01-07 10:35:00+00:00,2750.23,2755.07,2749.06,2750.96,42.42026114
2026-01-07 10:40:00+00:00,2750.68,2751.27,2747.33,2748.15,9.84793407
2026-01-07 10:45:00+00:00,2748.45,2749.96,2747.61,2749.96,26.09542558
2026-01-07 10:50:00+00:00,2749.68,2754.36,2749.49,2752.97,49.77137236
2026-01-07 10:55:00+00:00,2752.16,2754.45,2751.52,2751.74,4.77737003
2026-01-07 11:00:00+00:00,2751.8,2754.35,2751.21,2754.0,4.24253936
2026-01-07 11:05:00+00:00,2755.52,2758.73,2754.58,2757.9,10.04795744
2026-01-07 11:10:00+00:00,2757.9,2758.7,2756.67,2758.3,5.39880445
2026-01-07 11:15:00+00:00,2757.47,2759.29,2756.95,2759.29,6.49620151
2026-01-07 11:20:00+00:00,2758.6,2759.01,2757.03,2758.74,26.22368399
2026-01-07 11:25:00+00:00,2759.84,2759.84,2757.79,2758.7,5.39541522
2026-01-07 11:30:00+00:00,2758.7,2758.7,2755.2,2757.43,9.85316103
2026-01-07 11:35:00+00:00,2758.56,2760.2,2757.66,2759.12,21.24121043
2026-01-07 11:40:00+00:00,2760.12,2761.81,2759.3,2759.3,5.51379808
2026-01-07 11:45:00+00:00,2759.44,2759.46,2753.49,2753.49,6.05204243
2026-01-07 11:50:00+00:00,2754.65,2757.1,2753.46,2754.7,7.29395088
2026-01-07 11:55:00+00:00,2756.62,2757.39,2754.4,2755.47,14.12932401
2026-01-07 12:00:00+00:00,2754.56,2755.63,2754.05,2755.05,3.32204348
2026-01-07 12:05:00+00:00,2751.1,2755.7,2746.86,2754.09,11.08340576
2026-01-07 12:10:00+00:00,2754.09,2756.54,2751.62,2751.62,28.25472528
2026-01-07 12:15:00+00:00,2751.6,2754.44,2751.6,2753.94,19.87529832
2026-01-07 12:20:00+00:00,2754.61,2755.49,2753.0,2753.0,3.39300001
2026-01-07 12:25:00+00:00,2750.0,2752.66,2750.0,2752.28,23.31038871
2026-01-07 12:30:00+00:00,2753.04,2753.3,2750.0,2750.0,8.01432808
2026-01-07 12:35:00+00:00,2751.68,2752.41,2750.92,2751.81,10.8038358
2026-01-07 12:40:00+00:00,2751.27,2751.38,2748.93,2748.93,18.7898038
2026-01-07 12:45:00+00:00,2750.07,2752.57,2750.07,2752.54,6.87075973
2026-01-07 12:50:00+00:00,2751.9,2752.31,2751.12,2752.2,2.55986413
2026-01-07 12:55:00+00:00,2749.61,2751.01,2748.4,2748.54,6.62896723
2026-01-07 13:00:00+00:00,2749.81,2750.5,2748.2,2750.5,4.57648174
2026-01-07 13:05:00+00:00,2748.2,2751.26,2742.61,2745.91,10.14721949
2026-01-07 13:10:00+00:00,2742.99,2745.82,2741.14,2741.2,13.97612773
2026-01-07 13:15:00+00:00,2740.64,2746.81,2739.33,2746.52,9.68819606
2026-01-07 13:20:00+00:00,2747.38,2754.84,2747.38,2753.66,9.39250548
2026-01-07 13:25:00+00:00,2755.34,2761.23,2755.25,2758.67,20.98883892
2026-01-07 13:30:00+00:00,2755.9,2757.79,2754.6,2754.74,7.66467361
2026-01-07 13:35:00+00:00,2752.76,2754.34,2750.91,2750.91,6.10613445
2026-01-07 13:40:00+00:00,2752.15,2753.07,2750.9,2752.03,6.43330107
2026-01-07 13:45:00+00:00,2751.89,2751.89,2745.61,2746.56,17.48978551
2026-01-07 13:50:00+00:00,2745.2,2747.07,2743.87,2746.66,5.76673873
2026-01-07 13:55:00+00:00,2746.64,2746.79,2745.21,2746.12,5.12711484
2026-01-07 14:00:00+00:00,2746.52,2746.79,2727.37,2733.57,68.70176068
2026-01-07 14:05:00+00:00,2734.49,2735.52,2728.15,2728.54,11.37460847
2026-01-07 14:10:00+00:00,2730.24,2734.12,2725.77,2732.13,14.86669415
2026-01-07 14:15:00+00:00,2733.57,2735.27,2726.62,2726.62,15.08727857
2026-01-07 14:20:00+00:00,2727.9,2733.08,2727.9,2731.77,11.86684428
2026-01-07 14:25:00+00:00,2731.8,2734.15,2730.02,2732.0,9.43244373
2026-01-07 14:30:00+00:00,2731.13,2736.65,2708.0,2727.02,291.63833051
2026-01-07 14:35:00+00:00,2725.51,2736.47,2721.59,2728.79,24.01082419
2026-01-07 14:40:00+00:00,2728.82,2739.39,2727.47,2727.47,58.52335803
2026-01-07 14:45:00+00:00,2729.0,2735.48,2726.45,2727.82,20.0427782
2026-01-07 14:50:00+00:00,2727.49,2732.37,2724.11,2725.93,55.91685422
2026-01-07 14:55:00+00:00,2726.66,2734.98,2726.1,2731.25,13.16611623
2026-01-07 15:00:00+00:00,2729.14,2730.47,2702.11,2709.57,236.11649189
2026-01-07 15:05:00+00:00,2710.34,2717.05,2705.64,2714.51,63.26606751
2026-01-07 15:10:00+00:00,2709.54,2712.63,2707.69,2709.36,47.98913223
2026-01-07 15:15:00+00:00,2710.4,2710.89,2690.3,2696.16,237.59294601
2026-01-07 15:20:00+00:00,2697.5,2703.23,2693.15,2700.8,25.02467612
2026-01-07 15:25:00+00:00,2702.05,2707.92,2695.27,2695.89,134.75592372
2026-01-07 15:30:00+00:00,2704.28,2704.28,2696.09,2700.77,51.47116082
2026-01-07 15:35:00+00:00,2700.96,2707.37,2698.48,2704.25,118.31726773
2026-01-07 15:40:00+00:00,2702.86,2705.45,2701.64,2703.2,81.0987834
2026-01-07 15:45:00+00:00,2703.37,2713.2,2701.56,2711.77,77.70824272
2026-01-07 15:50:00+00:00,2711.83,2713.53,2708.55,2708.55,80.70570806
2026-01-07 15:55:00+00:00,2708.25,2708.9,2706.51,2707.38,54.74225344
2026-01-07 16:00:00+00:00,2706.0,2710.05,2704.53,2709.84,42.19930165
2026-01-07 16:05:00+00:00,2712.11,2713.42,2709.3,2711.81,8.0812598
2026-01-07 16:10:00+00:00,2711.0,2716.02,2710.15,2715.56,45.95642303
2026-01-07 16:15:00+00:00,2715.56,2717.3,2713.13,2713.73,25.15928837
2026-01-07 16:20:00+00:00,2713.59,2720.0,2710.3,2715.53,44.14581608
2026-01-07 16:25:00+00:00,2712.18,2715.17,2708.2,2710.29,12.55379386
2026-01-07 16:30:00+00:00,2711.4,2712.16,2700.0,2704.7,16.78270863
2026-01-07 16:35:00+00:00,2702.91,2706.05,2694.6,2704.75,76.0896741
2026-01-07 16:40:00+00:00,2704.96,2709.63,2703.27,2708.01,5.86341107
2026-01-07 16:45:00+00:00,2707.83,2710.0,2703.27,2705.09,9.81584983
2026-01-07 16:50:00+00:00,2703.89,2704.99,2699.76,2701.23,40.3196178
2026-01-07 16:55:00+00:00,2702.75,2703.73,2699.2,2701.52,3.22874058
2026-01-07 17:00:00+00:00,2701.09,2701.21,2693.72,2697.21,61.18587508
2026-01-07 17:05:00+00:00,2698.71,2703.13,2698.42,2701.81,43.08938412
2026-01-07 17:10:00+00:00,2700.95,2702.34,2699.3,2699.66,49.50398558
2026-01-07 17:15:00+00:00,2699.66,2704.22,2699.66,2703.13,10.6288339
2026-01-07 17:20:00+00:00,2704.75,2710.48,2703.97,2707.12,8.58616033
2026-01-07 17:25:00+00:00,2706.12,2710.3,2705.56,2707.88,9.74818769
2026-01-07 17:30:00+00:00,2709.79,2711.35,2708.38,2710.25,23.44957956
2026-01-07 17:35:00+00:00,2711.18,2711.19,2706.61,2707.48,27.66621231
2026-01-07 17:40:00+00:00,2707.58,2707.58,2701.79,2704.45,6.19844515
2026-01-07 17:45:00+00:00,2704.82,2706.01,2701.98,2702.46,7.70522925
2026-01-07 17:50:00+00:00,2701.91,2701.91,2690.58,2696.66,16.72172324
2026-01-07 17:55:00+00:00,2695.39,2699.8,2695.37,2695.81,4.63457181
2026-01-07 18:00:00+00:00,2695.68,2695.84,2692.5,2692.7,4.95837392
2026-01-07 18:05:00+00:00,2693.0,2697.5,2692.1,2694.54,11.59114304
2026-01-07 18:10:00+00:00,2695.22,2698.0,2693.93,2696.52,4.41399467
2026-01-07 18:15:00+00:00,2696.97,2696.97,2693.22,2695.24,2.57944711
2026-01-07 18:20:00+00:00,2695.85,2696.3,2692.42,2694.09,5.69503212
2026-01-07 18:25:00+00:00,2693.41,2698.59,2679.68,2690.78,294.28612439
2026-01-07 18:30:00+00:00,2696.92,2706.86,2696.64,2702.99,130.33487355
2026-01-07 18:35:00+00:00,2702.85,2703.74,2699.56,2700.36,18.03432821
2026-01-07 18:40:00+00:00,2702.42,2703.7,2697.15,2697.15,20.55951993
2026-01-07 18:45:00+00:00,2696.65,2699.32,2692.95,2699.13,13.62677017
2026-01-07 18:50:00+00:00,2699.48,2699.75,2691.8,2693.48,20.30276638
2026-01-07 18:55:00+00:00,2693.77,2695.59,2684.4,2688.5,57.81926701
2026-01-07 19:00:00+00:00,2691.7,2699.56,2690.5,2699.07,54.15528827
2026-01-07 19:05:00+00:00,2692.26,2695.0,2686.2,2687.81,37.16654897
2026-01-07 19:10:00+00:00,2688.53,2690.69,2684.12,2686.14,13.21557433
2026-01-07 19:15:00+00:00,2685.89,2687.03,2673.8,2685.39,116.65561531
2026-01-07 19:20:00+00:00,2685.34,2686.88,2678.81,2680.51,38.48215603
2026-01-07 19:25:00+00:00,2681.38,2683.61,2679.3,2682.27,8.77181548
2026-01-07 19:30:00+00:00,2684.52,2692.91,2683.48,2690.29,34.99541793
2026-01-07 19:35:00+00:00,2692.74,2694.6,2687.65,2692.87,25.89569601
2026-01-07 19:40:00+00:00,2691.35,2691.35,2687.6,2689.82,11.04202864
2026-01-07 19:45:00+00:00,2689.96,2691.94,2689.5,2691.86,6.47182898
2026-01-07 19:50:00+00:00,2692.8,2695.51,2690.47,2691.6,13.21525926
2026-01-07 19:55:00+00:00,2691.39,2693.1,2690.66,2692.0,14.28570886
2026-01-07 20:00:00+00:00,2691.3,2695.27,2691.15,2693.06,8.98016738
2026-01-07 20:05:00+00:00,2693.01,2695.3,2688.6,2693.3,5.18559188
2026-01-07 20:10:00+00:00,2689.11,2689.8,2682.06,2683.48,26.34672247
2026-01-07 20:15:00+00:00,2683.53,2685.96,2681.12,2685.96,7.10120544
2026-01-07 20:20:00+00:00,2686.69,2686.69,2675.97,2678.08,22.34718891
2026-01-07 20:25:00+00:00,2680.8,2682.75,2676.54,2680.8,5.76873844
2026-01-07 20:30:00+00:00,2682.3,2684.59,2680.79,2682.01,10.27361571
2026-01-07 20:35:00+00:00,2682.24,2686.6,2680.91,2685.0,2.85516736
2026-01-07 20:40:00+00:00,2686.5,2686.5,2684.0,2684.11,1.17015844
2026-01-07 20:45:00+00:00,2684.6,2687.15,2682.81,2685.8,2.94166938
2026-01-07 20:50:00+00:00,2686.1,2687.81,2684.7,2685.65,9.11887753
2026-01-07 20:55:00+00:00,2685.88,2687.04,2684.9,2687.04,8.67542304
2026-01-07 21:00:00+00:00,2687.6,2689.08,2685.61,2686.57,14.225106
2026-01-07 21:05:00+00:00,2687.7,2690.0,2685.88,2689.72,5.79241266
2026-01-07 21:10:00+00:00,2689.93,2691.42,2688.03,2691.19,4.32370863
2026-01-07 21:15:00+00:00,2691.13,2692.82,2689.27,2691.44,8.52975058
2026-01-07 21:20:00+00:00,2691.45,2691.45,2688.94,2691.06,1.85290266
2026-01-07 21:25:00+00:00,2691.69,2693.21,2691.52,2692.84,1.68730013
2026-01-07 21:30:00+00:00,2693.48,2694.53,2692.4,2694.38,8.2525407
2026-01-07 21:35:00+00:00,2694.48,2694.6,2691.6,2692.14,6.53165223
2026-01-07 21:40:00+00:00,2693.81,2697.36,2693.81,2696.76,7.45154517
2026-01-07 21:45:00+00:00,2696.5,2697.83,2694.89,2696.94,7.33219472
2026-01-07 21:50:00+00:00,2696.34,2696.97,2694.89,2695.23,3.30438535
2026-01-07 21:55:00+00:00,2695.26,2697.5,2695.13,2696.35,1.91407061
2026-01-07 22:00:00+00:00,2696.01,2696.01,2691.17,2692.99,3.87900643
2026-01-07 22:05:00+00:00,2693.17,2699.11,2692.84,2699.11,0.64182773
2026-01-07 22:10:00+00:00,2698.0,2698.0,2690.52,2690.52,1.58241281
2026-01-07 22:15:00+00:00,2693.43,2693.43,2690.93,2693.02,5.39594557
2026-01-07 22:20:00+00:00,2693.56,2699.24,2693.56,2699.24,8.14918819
2026-01-07 22:25:00+00:00,2698.24,2701.01,2698.24,2700.86,45.19949379
2026-01-07 22:30:00+00:00,2700.02,2709.04,2700.01,2703.4,34.72005634
2026-01-07 22:35:00+00:00,2703.4,2703.4,2699.52,2699.85,2.27392419
2026-01-07 22:40:00+00:00,2699.02,2700.09,2696.9,2696.9,8.37599245
2026-01-07 22:45:00+00:00,2698.33,2701.38,2698.16,2698.71,2.44707837
2026-01-07 22:50:00+00:00,2697.97,2698.76,2692.19,2698.76,11.44159428
2026-01-07 22:55:00+00:00,2698.97,2699.19,2697.56,2698.84,0.2496844
2026-01-07 23:00:00+00:00,2697.1,2699.0,2691.15,2691.15,7.36963634
2026-01-07 23:05:00+00:00,2692.42,2692.97,2691.5,2691.5,2.66841668
2026-01-07 23:10:00+00:00,2691.17,2700.3,2690.97,2700.2,37.51907334
2026-01-07 23:15:00+00:00,2700.63,2719.0,2700.63,2717.35,132.68229821
2026-01-07 23:20:00+00:00,2715.02,2720.8,2710.52,2719.72,50.34386261
2026-01-07 23:25:00+00:00,2719.44,2722.54,2711.91,2713.7,52.54124999
2026-01-07 23:30:00+00:00,2713.9,2715.49,2713.35,2713.52,0.33223099
2026-01-07 23:35:00+00:00,2711.94,2711.94,2708.2,2708.2,4.7342304
2026-01-07 23:40:00+00:00,2708.04,2710.57,2707.07,2708.04,9.2070069
2026-01-07 23:45:00+00:00,2710.11,2710.12,2707.12,2708.67,11.28688995
2026-01-07 23:50:00+00:00,2708.85,2712.11,2708.25,2712.11,8.27642145
2026-01-07 23:55:00+00:00,2713.1,2713.84,2711.92,2713.0,1.31889807
2026-01-08 00:00:00+00:00,2711.57,2715.65,2710.09,2711.88,2.65797519
2026-01-08 00:05:00+00:00,2709.93,2712.03,2708.91,2708.91,6.66244643
2026-01-08 00:10:00+00:00,2709.1,2709.1,2706.5,2706.5,1.59553502
2026-01-08 00:15:00+00:00,2704.49,2706.41,2703.05,2703.34,1.59062832
2026-01-08 00:20:00+00:00,2704.24,2704.64,2703.17,2704.41,1.95351971
2026-01-08 00:25:00+00:00,2704.56,2704.76,2702.06,2702.2,9.45809602
2026-01-08 00:30:00+00:00,2702.06,2705.76,2700.78,2704.38,2.9416043
2026-01-08 00:35:00+00:00,2704.52,2708.0,2704.52,2707.81,0.84645787
2026-01-08 00:40:00+00:00,2707.9,2711.13,2707.9,2707.9,0.44437369
2026-01-08 00:45:00+00:00,2711.89,2717.59,2711.89,2714.74,10.70480752
2026-01-08 00:50:00+00:00,2713.15,2717.27,2713.15,2717.27,13.3841699
2026-01-08 00:55:00+00:00,2716.56,2716.77,2713.3,2713.43,27.7163067
2026-01-08 01:00:00+00:00,2713.6,2714.5,2712.29,2713.54,34.81983276
2026-01-08 01:05:00+00:00,2714.39,2715.85,2713.3,2714.06,5.20437076
2026-01-08 01:10:00+00:00,2713.65,2716.31,2713.29,2714.36,1.39021409
2026-01-08 01:15:00+00:00,2716.51,2716.51,2711.7,2715.6,1.38486521
2026-01-08 01:20:00+00:00,2715.8,2719.1,2715.56,2719.1,2.41485833
2026-01-08 01:25:00+00:00,2718.95,2723.62,2718.6,2720.03,34.89659481
2026-01-08 01:30:00+00:00,2719.27,2719.47,2716.9,2716.9,0.11984432
2026-01-08 01:35:00+00:00,2716.16,2717.37,2715.22,2717.27,1.25774633
2026-01-08 01:40:00+00:00,2716.78,2718.19,2716.5,2717.63,8.17909129
2026-01-08 01:45:00+00:00,2718.35,2720.61,2718.35,2719.78,2.55738798
2026-01-08 01:50:00+00:00,2720.71,2720.71,2718.22,2718.54,0.58907906
2026-01-08 01:55:00+00:00,2719.85,2719.85,2718.91,2718.91,0.0823239
2026-01-08 02:00:00+00:00,2717.39,2720.3,2714.94,2715.75,20.47688945
2026-01-08 02:05:00+00:00,2716.47,2719.03,2714.81,2718.96,0.16365983
2026-01-08 02:10:00+00:00,2718.21,2725.8,2718.21,2722.9,8.39490365
2026-01-08 02:15:00+00:00,2721.72,2723.76,2719.97,2720.42,11.31108175
2026-01-08 02:20:00+00:00,2719.9,2720.3,2707.55,2708.52,34.77336505
2026-01-08 02:25:00+00:00,2709.06,2712.3,2707.32,2712.3,1.95188577
2026-01-08 02:30:00+00:00,2710.24,2712.15,2707.59,2708.96,0.32363422
2026-01-08 02:35:00+00:00,2708.1,2708.1,2698.25,2700.31,28.43285801
2026-01-08 02:40:00+00:00,2701.54,2702.7,2698.57,2699.35,2.73735401
2026-01-08 02:45:00+00:00,2698.2,2698.2,2693.73,2695.97,9.94348911
2026-01-08 02:50:00+00:00,2701.23,2702.49,2700.62,2702.23,0.02005267
2026-01-08 02:55:00+00:00,2702.23,2703.95,2702.23,2702.31,0.70928339
2026-01-08 03:00:00+00:00,2701.45,2707.39,2700.91,2706.54,0.58215048
2026-01-08 03:05:00+00:00,2706.99,2708.02,2706.99,2707.68,1.21907056
2026-01-08 03:10:00+00:00,2706.09,2707.2,2706.09,2706.71,0.90615206
2026-01-08 03:15:00+00:00,2705.83,2706.4,2704.2,2704.24,3.56943378
2026-01-08 03:20:00+00:00,2705.37,2705.37,2703.05,2703.05,0.6258686
2026-01-08 03:25:00+00:00,2702.45,2702.45,2697.31,2697.31,0.48089476
2026-01-08 03:30:00+00:00,2697.27,2699.39,2697.27,2697.41,0.38849809
2026-01-08 03:35:00+00:00,2698.01,2699.31,2698.01,2698.27,0.41767804
2026-01-08 03:40:00+00:00,2694.6,2698.5,2681.18,2685.75,53.40051723
2026-01-08 03:45:00+00:00,2686.12,2687.55,2681.37,2684.15,11.53808417
2026-01-08 03:50:00+00:00,2686.24,2688.1,2682.88,2685.53,37.40260024
2026-01-08 03:55:00+00:00,2686.39,2688.59,2686.39,2687.99,0.86367228
2026-01-08 04:00:00+00:00,2688.43,2691.9,2687.48,2690.8,1.14010504
2026-01-08 04:05:00+00:00,2689.88,2690.62,2685.74,2687.19,3.10707242
2026-01-08 04:10:00+00:00,2686.44,2689.2,2686.44,2689.2,1.85586838
2026-01-08 04:15:00+00:00,2690.96,2691.54,2690.14,2691.49,8.07364025
2026-01-08 04:20:00+00:00,2691.21,2693.95,2691.12,2693.95,1.46727508
2026-01-08 04:25:00+00:00,2696.39,2701.64,2696.39,2700.43,2.44594133
2026-01-08 04:30:00+00:00,2700.7,2702.35,2699.52,2699.9,1.24974514
2026-01-08 04:35:00+00:00,2702.11,2702.11,2699.58,2699.58,5.31373631
2026-01-08 04:40:00+00:00,2699.5,2700.53,2698.02,2699.96,14.46034564
2026-01-08 04:45:00+00:00,2699.96,2700.9,2697.76,2697.76,0.4777672
2026-01-08 04:50:00+00:00,2698.9,2699.28,2696.7,2698.22,1.48816482
2026-01-08 04:55:00+00:00,2698.11,2699.12,2697.78,2698.42,0.42708945
2026-01-08 05:00:00+00:00,2699.8,2703.5,2698.09,2703.5,2.30382033
2026-01-08 05:05:00+00:00,2703.89,2704.22,2701.44,2704.03,7.6351277
2026-01-08 05:10:00+00:00,2701.21,2702.77,2700.44,2700.45,1.5809059
2026-01-08 05:15:00+00:00,2701.79,2701.79,2700.01,2701.09,0.25324296
2026-01-08 05:20:00+00:00,2701.59,2703.88,2701.59,2702.11,8.35768416
2026-01-08 05:25:00+00:00,2700.22,2700.22,2698.36,2698.91,1.53648108
2026-01-08 05:30:00+00:00,2697.98,2698.63,2697.12,2697.46,1.25016502
2026-01-08 05:35:00+00:00,2698.51,2698.9,2695.8,2698.9,2.29841346
2026-01-08 05:40:00+00:00,2697.15,2697.15,2692.55,2697.15,2.87594326
2026-01-08 05:45:00+00:00,2693.1,2693.6,2690.36,2691.2,1.73638356
2026-01-08 05:50:00+00:00,2693.05,2693.05,2687.9,2689.0,5.75360076
2026-01-08 05:55:00+00:00,2689.41,2689.71,2687.9,2688.27,0.81689517
2026-01-08 06:00:00+00:00,2690.4,2690.92,2684.28,2688.81,4.88599836
2026-01-08 06:05:00+00:00,2684.68,2684.68,2673.43,2682.51,35.39652339
2026-01-08 06:10:00+00:00,2685.01,2685.2,2675.52,2677.29,15.24505378
2026-01-08 06:15:00+00:00,2678.71,2678.71,2668.43,2670.32,51.30375928
2026-01-08 06:20:00+00:00,2671.49,2677.72,2663.67,2663.72,51.71456665
2026-01-08 06:25:00+00:00,2664.47,2669.86,2663.48,2668.0,27.59880098
2026-01-08 06:30:00+00:00,2668.03,2670.58,2666.95,2668.41,0.79996989
2026-01-08 06:35:00+00:00,2669.46,2673.79,2665.06,2670.54,19.23994366
2026-01-08 06:40:00+00:00,2669.7,2671.56,2669.7,2671.51,2.53527894
2026-01-08 06:45:00+00:00,2670.53,2672.12,2667.51,2667.51,3.2274649
2026-01-08 06:50:00+00:00,2668.06,2668.38,2659.33,2663.46,39.58988433
2026-01-08 06:55:00+00:00,2663.49,2664.22,2655.48,2658.73,16.47980542
2026-01-08 07:00:00+00:00,2657.02,2661.0,2642.68,2655.11,120.19258556
2026-01-08 07:05:00+00:00,2651.77,2656.55,2650.53,2654.65,71.68915671
2026-01-08 07:10:00+00:00,2657.26,2661.18,2655.79,2661.18,10.60999854
2026-01-08 07:15:00+00:00,2658.62,2665.67,2658.57,2664.88,22.43867358
2026-01-08 07:20:00+00:00,2664.23,2669.31,2662.45,2668.74,33.97958592
2026-01-08 07:25:00+00:00,2668.15,2670.29,2668.15,2669.61,2.71200486
2026-01-08 07:30:00+00:00,2670.67,2673.37,2667.61,2672.04,17.61870159
2026-01-08 07:35:00+00:00,2672.02,2675.9,2671.63,2673.6,19.08580461
2026-01-08 07:40:00+00:00,2673.0,2679.09,2672.52,2677.81,48.27548648
2026-01-08 07:45:00+00:00,2677.84,2678.66,2674.71,2675.24,6.45801403
2026-01-08 07:50:00+00:00,2674.44,2676.63,2674.44,2675.73,18.35510982
2026-01-08 07:55:00+00:00,2675.59,2676.32,2673.51,2675.19,15.28232263
2026-01-08 08:00:00+00:00,2675.76,2678.2,2674.3,2676.79,18.41077259
2026-01-08 08:05:00+00:00,2679.42,2681.09,2675.92,2676.54,6.98757233
2026-01-08 08:10:00+00:00,2677.1,2680.21,2675.09,2679.62,4.5938774
2026-01-08 08:15:00+00:00,2679.09,2683.02,2678.99,2680.91,21.22182668
2026-01-08 08:20:00+00:00,2680.46,2681.86,2677.52,2681.86,6.37484726
2026-01-08 08:25:00+00:00,2681.39,2682.88,2680.85,2681.52,19.23823559
2026-01-08 08:30:00+00:00,2683.49,2684.62,2674.66,2675.15,13.00478014
2026-01-08 08:35:00+00:00,2676.85,2676.93,2674.58,2675.41,4.33453283
2026-01-08 08:40:00+00:00,2676.6,2676.6,2674.44,2675.73,2.3517949
2026-01-08 08:45:00+00:00,2675.54,2676.05,2671.4,2671.4,5.93034187
2026-01-08 08:50:00+00:00,2671.88,2671.88,2666.9,2668.29,22.8468212
2026-01-08 08:55:00+00:00,2666.77,2669.0,2666.1,2668.01,29.42076167
2026-01-08 09:00:00+00:00,2664.0,2668.81,2662.6,2667.9,9.97897186
2026-01-08 09:05:00+00:00,2669.81,2673.41,2669.51,2673.41,12.90549645
2026-01-08 09:10:00+00:00,2673.29,2673.53,2670.88,2671.98,43.05882406
2026-01-08 09:15:00+00:00,2670.43,2671.26,2667.18,2667.18,1.96519162
2026-01-08 09:20:00+00:00,2665.19,2666.19,2660.91,2663.88,13.20357484
2026-01-08 09:25:00+00:00,2663.53,2664.91,2659.7,2659.73,41.79890953
2026-01-08 09:30:00+00:00,2659.25,2664.3,2657.79,2663.57,7.35920835
2026-01-08 09:35:00+00:00,2663.84,2665.76,2661.17,2662.47,6.90509023
2026-01-08 09:40:00+00:00,2662.11,2666.05,2661.06,2664.49,2.22276534
2026-01-08 09:45:00+00:00,2665.59,2667.75,2664.71,2667.5,5.11611036
2026-01-08 09:50:00+00:00,2667.71,2669.48,2665.53,2666.52,8.20899778
2026-01-08 09:55:00+00:00,2665.98,2666.69,2662.13,2663.81,3.26220504
2026-01-08 10:00:00+00:00,2654.5,2662.39,2650.0,2655.53,21.88030834
2026-01-08 10:05:00+00:00,2654.67,2663.53,2654.67,2659.37,13.4074254
2026-01-08 10:10:00+00:00,2659.37,2660.0,2657.48,2659.13,8.93772489
2026-01-08 10:15:00+00:00,2659.2,2662.67,2659.2,2661.94,5.18611537
2026-01-08 10:20:00+00:00,2662.15,2669.34,2660.49,2668.12,11.04464356
2026-01-08 10:25:00+00:00,2667.56,2669.88,2666.1,2667.45,2.92266301
2026-01-08 10:30:00+00:00,2667.86,2670.54,2667.86,2668.01,5.22953994
2026-01-08 10:35:00+00:00,2671.0,2672.33,2667.64,2667.88,16.54004983
2026-01-08 10:40:00+00:00,2667.96,2669.4,2667.59,2668.15,3.9625919
2026-01-08 10:45:00+00:00,2668.86,2671.68,2668.86,2670.29,1.1117759
2026-01-08 10:50:00+00:00,2670.32,2675.68,2670.01,2675.26,14.51319237
2026-01-08 10:55:00+00:00,2675.33,2680.95,2674.0,2675.36,45.64993653
2026-01-08 11:00:00+00:00,2676.68,2679.17,2675.43,2678.03,28.45863091
2026-01-08 11:05:00+00:00,2676.78,2676.78,2670.23,2671.61,50.04906843
2026-01-08 11:10:00+00:00,2670.49,2673.06,2670.49,2672.16,13.56439063
2026-01-08 11:15:00+00:00,2672.85,2674.89,2672.45,2674.37,3.01992674
2026-01-08 11:20:00+00:00,2674.62,2674.63,2665.4,2671.36,21.58798689
2026-01-08 11:25:00+00:00,2670.95,2672.8,2669.87,2671.74,4.04956381
2026-01-08 11:30:00+00:00,2671.62,2672.03,2667.5,2668.8,10.65960499
2026-01-08 11:35:00+00:00,2667.92,2668.05,2663.27,2663.77,12.23911714
2026-01-08 11:40:00+00:00,2666.6,2668.86,2663.2,2666.35,12.55000744
2026-01-08 11:45:00+00:00,2664.86,2666.2,2663.3,2666.2,15.59183564
2026-01-08 11:50:00+00:00,2666.2,2670.13,2666.2,2667.21,5.4339985
2026-01-08 11:55:00+00:00,2667.51,2670.38,2666.95,2670.36,9.19478687
2026-01-08 12:00:00+00:00,2670.41,2670.41,2665.6,2667.27,10.64449043
2026-01-08 12:05:00+00:00,2668.3,2669.71,2657.3,2657.48,223.37344511
2026-01-08 12:10:00+00:00,2657.86,2657.86,2648.2,2654.99,114.82821308
2026-01-08 12:15:00+00:00,2656.25,2657.96,2652.62,2654.93,33.19196647
2026-01-08 12:20:00+00:00,2655.7,2659.77,2655.29,2659.7,24.24250149
2026-01-08 12:25:00+00:00,2658.08,2660.94,2657.85,2659.74,4.92726139
2026-01-08 12:30:00+00:00,2659.38,2661.5,2649.23,2649.23,51.20961471
2026-01-08 12:35:00+00:00,2650.4,2650.49,2640.0,2649.13,98.23500447
2026-01-08 12:40:00+00:00,2648.44,2653.64,2647.39,2653.04,7.29158164
2026-01-08 12:45:00+00:00,2652.48,2654.98,2651.1,2654.35,3.48788227
2026-01-08 12:50:00+00:00,2653.23,2657.07,2647.87,2648.26,20.08588362
2026-01-08 12:55:00+00:00,2649.8,2651.89,2649.6,2649.6,3.80049466
2026-01-08 13:00:00+00:00,2649.8,2652.0,2648.77,2650.98,17.55270846
2026-01-08 13:05:00+00:00,2650.0,2652.08,2649.29,2651.15,9.23163627
2026-01-08 13:10:00+00:00,2651.16,2652.67,2649.81,2650.18,13.21364869
2026-01-08 13:15:00+00:00,2650.12,2653.9,2648.34,2650.21,7.07034517
2026-01-08 13:20:00+00:00,2650.05,2652.5,2650.05,2652.41,65.33367176
2026-01-08 13:25:00+00:00,2652.41,2652.92,2650.46,2652.6,2.89357233
2026-01-08 13:30:00+00:00,2652.38,2655.35,2648.01,2649.41,33.38825894
2026-01-08 13:35:00+00:00,2649.42,2652.04,2645.65,2651.08,57.65462741
2026-01-08 13:40:00+00:00,2651.0,2653.74,2649.87,2653.22,8.01943911
2026-01-08 13:45:00+00:00,2653.91,2655.51,2651.41,2652.64,14.18675986
2026-01-08 13:50:00+00:00,2651.4,2652.1,2650.11,2651.44,1.50390533
2026-01-08 13:55:00+00:00,2652.0,2653.6,2651.92,2652.74,3.88240769
2026-01-08 14:00:00+00:00,2651.72,2651.88,2640.76,2642.17,23.88968813
2026-01-08 14:05:00+00:00,2640.14,2647.66,2632.19,2646.95,246.05192786
2026-01-08 14:10:00+00:00,2647.17,2650.39,2646.24,2649.11,122.00118185
2026-01-08 14:15:00+00:00,2648.25,2650.57,2645.54,2645.54,46.85877326
2026-01-08 14:20:00+00:00,2646.42,2646.55,2640.13,2642.96,91.04328928
2026-01-08 14:25:00+00:00,2643.29,2643.29,2627.18,2639.27,181.01888544
2026-01-08 14:30:00+00:00,2638.18,2642.07,2627.2,2641.4,120.3783111
2026-01-08 14:35:00+00:00,2641.75,2643.5,2628.6,2628.85,55.97703885
2026-01-08 14:40:00+00:00,2630.2,2640.19,2620.0,2622.56,115.29260153
2026-01-08 14:45:00+00:00,2620.68,2640.14,2617.1,2638.55,34.57468221
2026-01-08 14:50:00+00:00,2635.9,2646.8,2635.31,2638.52,21.82803112
2026-01-08 14:55:00+00:00,2638.72,2641.32,2632.44,2638.03,12.24464723
2026-01-08 15:00:00+00:00,2635.2,2636.6,2628.0,2631.36,7.26828918
2026-01-08 15:05:00+00:00,2638.5,2645.86,2630.85,2644.39,95.03934232
2026-01-08 15:10:00+00:00,2643.42,2647.74,2640.2,2642.4,54.68642934
2026-01-08 15:15:00+00:00,2643.2,2650.79,2641.34,2648.9,38.67310083
2026-01-08 15:20:00+00:00,2648.9,2660.83,2647.15,2657.62,75.51221089
2026-01-08 15:25:00+00:00,2658.8,2660.9,2655.54,2657.8,37.45204841
2026-01-08 15:30:00+00:00,2657.32,2661.73,2651.68,2651.68,11.83087645
2026-01-08 15:35:00+00:00,2650.55,2652.6,2646.21,2651.53,2.8109431
2026-01-08 15:40:00+00:00,2652.68,2665.3,2650.71,2650.93,25.3494304
2026-01-08 15:45:00+00:00,2648.43,2652.32,2644.21,2650.44,72.12617753
2026-01-08 15:50:00+00:00,2650.89,2655.3,2648.91,2648.91,2.84790244
2026-01-08 15:55:00+00:00,2649.37,2661.73,2648.8,2660.52,67.41911425
2026-01-08 16:00:00+00:00,2660.9,2663.18,2655.33,2655.98,30.3832108
2026-01-08 16:05:00+00:00,2660.37,2661.49,2655.0,2656.4,39.93313563
2026-01-08 16:10:00+00:00,2657.21,2660.29,2654.1,2656.34,61.22890832
2026-01-08 16:15:00+00:00,2653.13,2657.31,2651.42,2653.38,23.92339713
2026-01-08 16:20:00+00:00,2653.57,2658.14,2652.28,2657.91,14.14150261
2026-01-08 16:25:00+00:00,2657.32,2659.66,2655.68,2659.0,9.32111251
2026-01-08 16:30:00+00:00,2657.9,2659.95,2654.37,2656.32,13.32172207
2026-01-08 16:35:00+00:00,2651.23,2658.06,2649.9,2654.8,3.30617017
2026-01-08 16:40:00+00:00,2654.04,2669.3,2653.62,2665.53,15.27668427
2026-01-08 16:45:00+00:00,2666.21,2674.64,2666.21,2668.98,66.31173811
2026-01-08 16:50:00+00:00,2674.0,2674.0,2669.28,2670.65,6.28063612
2026-01-08 16:55:00+00:00,2670.82,2677.46,2670.82,2677.46,2.72474527
2026-01-08 17:00:00+00:00,2677.7,2682.78,2676.1,2680.29,28.22906457
2026-01-08 17:05:00+00:00,2678.97,2682.93,2674.36,2680.16,112.85685381
2026-01-08 17:10:00+00:00,2679.87,2681.4,2677.86,2679.42,20.17551627
2026-01-08 17:15:00+00:00,2677.3,2680.11,2675.03,2676.51,33.94680537
2026-01-08 17:20:00+00:00,2675.69,2680.48,2674.66,2676.42,12.82279252
2026-01-08 17:25:00+00:00,2675.85,2675.96,2668.4,2670.83,37.20421294
2026-01-08 17:30:00+00:00,2671.53,2676.41,2671.53,2675.87,20.60760691
2026-01-08 17:35:00+00:00,2676.84,2678.79,2675.72,2677.7,2.25325574
2026-01-08 17:40:00+00:00,2679.0,2680.78,2678.45,2678.45,3.4318819
2026-01-08 17:45:00+00:00,2680.1,2686.14,2680.1,2681.56,24.22173006
2026-01-08 17:50:00+00:00,2683.69,2690.3,2682.96,2688.21,31.40909662
2026-01-08 17:55:00+00:00,2690.05,2693.5,2688.43,2689.41,83.06200299
2026-01-08 18:00:00+00:00,2688.95,2690.6,2686.85,2686.85,17.14015166
2026-01-08 18:05:00+00:00,2684.18,2687.6,2683.63,2686.18,64.16272196
2026-01-08 18:10:00+00:00,2686.97,2687.06,2679.63,2680.0,9.15717168
2026-01-08 18:15:00+00:00,2680.64,2683.5,2677.98,2679.3,5.74835573
2026-01-08 18:20:00+00:00,2683.85,2685.78,2679.06,2679.06,13.15822711
2026-01-08 18:25:00+00:00,2679.64,2682.35,2679.25,2681.85,3.90314013
2026-01-08 18:30:00+00:00,2681.79,2685.48,2679.79,2679.79,13.66588243
2026-01-08 18:35:00+00:00,2681.89,2682.32,2679.66,2680.5,6.38573557
2026-01-08 18:40:00+00:00,2679.66,2679.66,2676.1,2677.78,78.11424565
2026-01-08 18:45:00+00:00,2676.32,2680.01,2675.74,2678.7,6.57667014
2026-01-08 18:50:00+00:00,2679.33,2681.05,2677.25,2680.02,8.10831673
2026-01-08 18:55:00+00:00,2677.73,2677.73,2673.08,2677.48,12.93822302
2026-01-08 19:00:00+00:00,2678.4,2681.01,2675.2,2679.54,7.74086014
2026-01-08 19:05:00+00:00,2680.71,2685.56,2680.71,2681.66,7.65606124
2026-01-08 19:10:00+00:00,2681.07,2683.64,2681.07,2681.64,5.09252639
2026-01-08 19:15:00+00:00,2680.04,2680.04,2667.8,2671.21,10.09311379
2026-01-08 19:20:00+00:00,2673.34,2675.74,2673.33,2674.48,5.00268409
2026-01-08 19:25:00+00:00,2673.36,2675.59,2673.36,2674.97,2.33067573
2026-01-08 19:30:00+00:00,2676.28,2682.1,2676.28,2682.1,2.88279135
2026-01-08 19:35:00+00:00,2679.61,2682.2,2679.61,2681.43,5.17255009
2026-01-08 19:40:00+00:00,2679.84,2680.09,2675.3,2675.3,11.79740944
2026-01-08 19:45:00+00:00,2674.8,2676.78,2674.44,2676.63,6.82161589
2026-01-08 19:50:00+00:00,2676.64,2677.12,2673.13,2674.2,7.64659946
2026-01-08 19:55:00+00:00,2672.43,2672.43,2663.69,2669.18,9.88475306
2026-01-08 20:00:00+00:00,2669.0,2669.37,2657.59,2658.57,28.22628334
2026-01-08 20:05:00+00:00,2654.08,2658.36,2649.92,2653.2,33.04034123
2026-01-08 20:10:00+00:00,2653.39,2657.67,2653.39,2656.54,5.28120579
2026-01-08 20:15:00+00:00,2657.04,2660.6,2655.23,2655.27,5.64252879
2026-01-08 20:20:00+00:00,2659.65,2660.6,2656.46,2659.1,2.94267304
2026-01-08 20:25:00+00:00,2656.11,2656.48,2652.48,2654.32,4.32358395
2026-01-08 20:30:00+00:00,2656.1,2658.0,2655.82,2657.7,20.62359116
2026-01-08 20:35:00+00:00,2662.08,2662.5,2657.7,2661.2,6.451489
2026-01-08 20:40:00+00:00,2661.31,2663.11,2659.31,2659.31,7.76567514
2026-01-08 20:45:00+00:00,2663.2,2663.78,2659.7,2662.18,12.43199273
2026-01-08 20:50:00+00:00,2660.01,2665.27,2658.93,2663.21,18.39617312
2026-01-08 20:55:00+00:00,2664.8,2667.35,2664.4,2666.22,4.53943062
2026-01-08 21:00:00+00:00,2665.78,2669.2,2665.78,2668.6,23.0253343
2026-01-08 21:05:00+00:00,2670.3,2671.2,2669.1,2669.69,16.81777556
2026-01-08 21:10:00+00:00,2670.18,2670.58,2668.88,2670.48,9.01286099
2026-01-08 21:15:00+00:00,2667.01,2670.88,2666.71,2666.87,14.85878296
2026-01-08 21:20:00+00:00,2667.67,2667.94,2665.34,2666.83,11.15805311
2026-01-08 21:25:00+00:00,2665.99,2667.2,2665.62,2666.25,1.4981876
2026-01-08 21:30:00+00:00,2666.15,2668.95,2665.2,2668.63,4.07624252
2026-01-08 21:35:00+00:00,2671.0,2674.77,2669.2,2674.77,11.53866919
2026-01-08 21:40:00+00:00,2674.26,2674.88,2672.72,2673.05,5.36162495
2026-01-08 21:45:00+00:00,2671.46,2673.54,2671.21,2672.89,6.07318384
2026-01-08 21:50:00+00:00,2672.88,2674.72,2672.88,2673.92,5.7606896
2026-01-08 21:55:00+00:00,2673.8,2677.1,2672.92,2673.8,2.81770902
2026-01-08 22:00:00+00:00,2674.75,2678.67,2674.52,2676.28,9.38816909
2026-01-08 22:05:00+00:00,2675.1,2676.22,2673.65,2674.49,2.307421
2026-01-08 22:10:00+00:00,2674.78,2683.41,2674.78,2680.74,14.19415821
2026-01-08 22:15:00+00:00,2680.04,2680.04,2678.42,2679.0,1.78586536
2026-01-08 22:20:00+00:00,2678.56,2678.56,2677.4,2677.99,0.74078586
2026-01-08 22:25:00+00:00,2677.62,2677.62,2675.61,2676.66,1.46914153
2026-01-08 22:30:00+00:00,2675.91,2675.91,2668.83,2669.72,3.09681896
2026-01-08 22:35:00+00:00,2671.82,2672.23,2665.01,2670.3,1.74638218
2026-01-08 22:40:00+00:00,2666.26,2669.94,2666.26,2667.7,6.04094877
2026-01-08 22:45:00+00:00,2671.53,2672.93,2669.12,2671.25,19.25267759
2026-01-08 22:50:00+00:00,2671.1,2674.11,2671.1,2673.31,1.47784081
2026-01-08 22:55:00+00:00,2673.76,2674.08,2671.35,2673.12,9.31909631
2026-01-08 23:00:00+00:00,2673.85,2675.67,2672.46,2672.46,1.57337925
2026-01-08 23:05:00+00:00,2672.46,2675.41,2672.46,2675.41,5.69462655
2026-01-08 23:10:00+00:00,2675.2,2675.2,2673.57,2673.65,2.12135307
2026-01-08 23:15:00+00:00,2673.97,2676.17,2673.61,2676.17,8.35878334
2026-01-08 23:20:00+00:00,2675.31,2675.31,2674.1,2675.24,0.42342565
2026-01-08 23:25:00+00:00,2673.46,2674.02,2673.0,2673.0,0.60784045
2026-01-08 23:30:00+00:00,2674.39,2674.39,2667.17,2667.54,11.2725381
2026-01-08 23:35:00+00:00,2667.26,2668.21,2666.56,2666.56,1.89027709
2026-01-08 23:40:00+00:00,2668.9,2668.9,2664.78,2664.78,34.19659234
2026-01-08 23:45:00+00:00,2667.87,2668.9,2665.97,2667.4,12.09041165
2026-01-08 23:55:00+00:00,2664.05,2664.68,2662.8,2663.31,1.06138784
2026-01-09 00:00:00+00:00,2663.77,2664.43,2662.86,2663.18,1.688496
2026-01-09 00:05:00+00:00,2665.55,2667.21,2665.23,2667.03,0.48358728
2026-01-09 00:10:00+00:00,2669.24,2670.5,2667.79,2668.73,6.57704538
2026-01-09 00:15:00+00:00,2665.28,2669.31,2664.53,2665.28,8.43475501
2026-01-09 00:20:00+00:00,2665.82,2667.33,2665.77,2667.33,0.63918792
2026-01-09 00:25:00+00:00,2665.46,2665.46,2662.08,2663.15,2.65906656
2026-01-09 00:30:00+00:00,2663.54,2665.39,2663.18,2665.31,0.64731491
2026-01-09 00:35:00+00:00,2665.73,2669.75,2664.65,2669.75,1.0273647
2026-01-09 00:40:00+00:00,2670.17,2670.89,2669.41,2669.82,2.59103461
2026-01-09 00:45:00+00:00,2669.39,2673.5,2669.39,2673.5,0.93861911
2026-01-09 00:50:00+00:00,2672.04,2672.04,2671.59,2671.67,1.24263
2026-01-09 00:55:00+00:00,2671.57,2672.35,2671.57,2672.35,0.00946533
2026-01-09 01:00:00+00:00,2672.57,2673.42,2671.97,2671.97,0.48808637
2026-01-09 01:05:00+00:00,2672.61,2673.03,2671.78,2673.03,2.19016552
2026-01-09 01:10:00+00:00,2673.81,2674.26,2671.15,2671.15,4.94438608
2026-01-09 01:15:00+00:00,2670.64,2671.86,2669.62,2669.62,6.65675365
2026-01-09 01:20:00+00:00,2669.83,2670.63,2664.53,2664.77,4.93822345
2026-01-09 01:25:00+00:00,2664.78,2696.39,2659.2,2692.89,235.55512387
2026-01-09 01:30:00+00:00,2692.76,2699.5,2665.81,2667.19,146.66179541
2026-01-09 01:35:00+00:00,2666.45,2666.45,2642.58,2655.7,384.1742581
2026-01-09 01:40:00+00:00,2655.65,2658.4,2654.69,2658.4,5.44296017
2026-01-09 01:45:00+00:00,2658.4,2663.85,2658.4,2663.39,15.77244464
2026-01-09 01:50:00+00:00,2663.85,2663.85,2658.38,2663.48,3.59321555
2026-01-09 01:55:00+00:00,2662.98,2664.35,2662.95,2664.35,0.86720778
2026-01-09 02:00:00+00:00,2664.28,2670.1,2662.22,2668.17,12.18397016
2026-01-09 02:05:00+00:00,2671.61,2680.72,2671.0,2680.52,62.88752961
2026-01-09 02:10:00+00:00,2678.39,2680.98,2678.07,2680.31,19.48245551
2026-01-09 02:15:00+00:00,2679.26,2680.29,2677.45,2678.48,2.9515649
2026-01-09 02:20:00+00:00,2679.44,2681.84,2678.06,2678.06,1.93633315
2026-01-09 02:25:00+00:00,2677.46,2678.28,2674.34,2674.65,1.29297182
2026-01-09 02:30:00+00:00,2675.49,2677.1,2672.44,2672.44,0.25235222
2026-01-09 02:35:00+00:00,2673.17,2674.82,2673.17,2673.23,0.18457792
2026-01-09 02:40:00+00:00,2672.19,2672.19,2670.69,2671.94,0.56915875
2026-01-09 02:45:00+00:00,2673.5,2674.24,2668.65,2668.69,0.05148645
2026-01-09 02:50:00+00:00,2668.24,2668.24,2665.53,2666.65,9.66123744
2026-01-09 02:55:00+00:00,2665.36,2666.04,2664.22,2665.77,0.89875337
2026-01-09 03:00:00+00:00,2666.9,2666.9,2664.62,2666.9,0.7050387
2026-01-09 03:05:00+00:00,2667.29,2671.56,2666.99,2671.56,6.89533806
2026-01-09 03:10:00+00:00,2672.99,2672.99,2670.58,2670.73,3.8633081
2026-01-09 03:15:00+00:00,2670.73,2670.74,2667.5,2667.5,0.86250253
2026-01-09 03:20:00+00:00,2672.44,2672.44,2666.05,2666.05,9.76580261
2026-01-09 03:25:00+00:00,2665.03,2665.03,2660.48,2664.6,5.99187725
2026-01-09 03:30:00+00:00,2664.23,2666.8,2662.5,2666.45,21.50881085
2026-01-09 03:35:00+00:00,2667.46,2671.8,2667.46,2671.07,3.78456866
2026-01-09 03:40:00+00:00,2671.77,2671.77,2668.98,2670.2,12.1931154
2026-01-09 03:45:00+00:00,2670.34,2674.92,2670.34,2674.12,1.86442416
2026-01-09 03:50:00+00:00,2672.88,2674.8,2672.88,2674.8,0.68040569
2026-01-09 03:55:00+00:00,2675.76,2675.76,2674.48,2674.48,0.27357666
2026-01-09 04:00:00+00:00,2674.67,2677.0,2674.1,2676.7,4.26361327
2026-01-09 04:05:00+00:00,2676.49,2676.49,2674.75,2675.05,0.05911945
2026-01-09 04:10:00+00:00,2672.39,2673.12,2672.39,2673.12,1.16245526
2026-01-09 04:15:00+00:00,2672.3,2674.4,2672.29,2674.39,8.46533031
2026-01-09 04:20:00+00:00,2674.22,2674.22,2674.21,2674.21,1.19278459
2026-01-09 04:25:00+00:00,2677.35,2678.5,2677.35,2677.96,13.11391184
2026-01-09 04:30:00+00:00,2677.29,2677.29,2672.49,2672.49,6.79868359
2026-01-09 04:35:00+00:00,2672.91,2672.91,2669.04,2671.03,7.85280432
2026-01-09 04:40:00+00:00,2672.51,2673.59,2671.24,2671.55,2.50968559
2026-01-09 04:45:00+00:00,2671.4,2671.78,2671.4,2671.66,0.10735105
2026-01-09 04:50:00+00:00,2673.1,2673.1,2672.73,2672.73,0.33829664
2026-01-09 05:00:00+00:00,2672.21,2675.38,2672.21,2675.38,0.94783304
2026-01-09 05:05:00+00:00,2675.32,2675.33,2672.89,2674.6,1.33868537
2026-01-09 05:10:00+00:00,2675.06,2675.12,2673.91,2674.29,4.35580597
2026-01-09 05:15:00+00:00,2674.4,2674.78,2672.29,2672.29,0.39558267
2026-01-09 05:20:00+00:00,2670.85,2672.24,2670.85,2672.24,0.008886
2026-01-09 05:25:00+00:00,2673.2,2674.12,2673.11,2673.6,0.27845731
2026-01-09 05:30:00+00:00,2673.88,2674.71,2672.03,2672.1,0.06274924
2026-01-09 05:35:00+00:00,2672.3,2672.5,2670.06,2671.89,1.09405076
2026-01-09 05:40:00+00:00,2672.5,2673.64,2671.85,2673.35,0.7000929
2026-01-09 05:45:00+00:00,2672.07,2672.77,2671.66,2671.66,0.23454318
2026-01-09 05:50:00+00:00,2671.51,2673.95,2671.51,2673.22,2.72189503
2026-01-09 05:55:00+00:00,2675.4,2675.92,2673.77,2674.67,45.97760551
2026-01-09 06:00:00+00:00,2675.27,2675.35,2674.56,2674.69,4.16576863
2026-01-09 06:05:00+00:00,2675.14,2675.52,2674.5,2675.46,0.08491715
2026-01-09 06:10:00+00:00,2676.36,2676.36,2674.59,2675.15,0.29777578
2026-01-09 06:15:00+00:00,2675.14,2678.1,2674.64,2675.91,3.24957932
2026-01-09 06:20:00+00:00,2676.12,2677.96,2675.92,2676.2,0.74016733
2026-01-09 06:25:00+00:00,2676.08,2676.85,2674.25,2674.25,1.4229877
2026-01-09 06:30:00+00:00,2675.04,2679.09,2673.6,2678.62,5.50309028
2026-01-09 06:35:00+00:00,2678.21,2678.21,2676.64,2677.94,8.67615304
2026-01-09 06:40:00+00:00,2677.82,2679.42,2677.6,2678.49,1.21044748
2026-01-09 06:45:00+00:00,2678.9,2680.9,2678.9,2679.4,1.56317442
2026-01-09 06:50:00+00:00,2678.42,2679.41,2677.18,2678.22,1.99273157
2026-01-09 06:55:00+00:00,2679.29,2679.72,2678.72,2679.65,0.5467861
2026-01-09 07:00:00+00:00,2679.2,2679.2,2677.05,2677.19,0.90276369
2026-01-09 07:05:00+00:00,2677.79,2677.79,2674.69,2675.1,1.58911946
2026-01-09 07:10:00+00:00,2675.14,2675.84,2674.83,2675.46,3.13662051
2026-01-09 07:15:00+00:00,2675.46,2676.0,2674.67,2675.39,3.45567398
2026-01-09 07:20:00+00:00,2676.09,2676.42,2674.66,2675.98,0.51087544
2026-01-09 07:25:00+00:00,2675.66,2677.0,2673.93,2675.38,6.14006747
2026-01-09 07:30:00+00:00,2675.81,2676.15,2672.36,2673.66,1.28848122
2026-01-09 07:35:00+00:00,2673.68,2675.23,2673.42,2674.65,1.18005734
2026-01-09 07:40:00+00:00,2675.14,2675.14,2673.45,2673.99,13.85084564
2026-01-09 07:45:00+00:00,2673.21,2674.8,2671.96,2673.51,3.95895418
2026-01-09 07:50:00+00:00,2674.48,2674.82,2673.11,2674.53,14.04771955
2026-01-09 07:55:00+00:00,2674.11,2674.11,2668.65,2668.65,7.08717104
2026-01-09 08:00:00+00:00,2668.63,2671.4,2662.35,2663.92,63.98992063
2026-01-09 08:05:00+00:00,2662.15,2667.32,2662.15,2666.7,22.98141151
2026-01-09 08:10:00+00:00,2666.7,2669.13,2666.7,2668.46,7.49678895
2026-01-09 08:15:00+00:00,2667.7,2671.16,2667.7,2671.16,16.0505505
2026-01-09 08:20:00+00:00,2671.0,2673.2,2671.0,2671.15,2.7987315
2026-01-09 08:25:00+00:00,2671.71,2672.29,2668.7,2668.7,2.86984401
2026-01-09 08:30:00+00:00,2668.9,2669.34,2660.5,2666.61,19.66941067
2026-01-09 08:35:00+00:00,2666.54,2667.29,2658.4,2660.14,32.58684842
2026-01-09 08:40:00+00:00,2658.46,2661.74,2646.8,2649.76,41.36668965
2026-01-09 08:45:00+00:00,2649.18,2651.58,2635.95,2637.44,57.44836647
2026-01-09 08:50:00+00:00,2632.6,2638.62,2632.34,2635.27,44.12772152
2026-01-09 08:55:00+00:00,2635.5,2644.65,2635.22,2644.65,56.13204053
2026-01-09 09:00:00+00:00,2644.25,2658.44,2644.25,2652.54,26.55162607
2026-01-09 09:05:00+00:00,2652.78,2655.2,2650.5,2655.12,2.10931447
2026-01-09 09:10:00+00:00,2653.9,2655.07,2652.92,2653.87,19.0125214
2026-01-09 09:15:00+00:00,2653.89,2653.89,2648.74,2652.8,3.85479328
2026-01-09 09:20:00+00:00,2658.25,2659.91,2654.0,2657.96,3.11848596
2026-01-09 09:25:00+00:00,2658.21,2660.74,2657.64,2660.0,2.76159715
2026-01-09 09:30:00+00:00,2660.06,2660.58,2658.97,2660.58,1.59737529
2026-01-09 09:35:00+00:00,2659.83,2659.83,2655.63,2656.67,0.91610695
2026-01-09 09:40:00+00:00,2656.07,2658.24,2655.22,2656.83,24.15740217
2026-01-09 09:45:00+00:00,2657.32,2657.32,2653.07,2656.14,4.53188504
2026-01-09 09:50:00+00:00,2657.45,2658.29,2655.57,2657.61,1.70868571
2026-01-09 09:55:00+00:00,2657.14,2657.14,2653.05,2654.97,5.47195732
2026-01-09 10:00:00+00:00,2654.49,2654.49,2650.74,2650.74,4.5668453
2026-01-09 10:05:00+00:00,2652.1,2657.73,2652.1,2657.06,8.11206306
2026-01-09 10:10:00+00:00,2657.65,2658.2,2655.87,2657.31,1.75842639
2026-01-09 10:15:00+00:00,2655.4,2658.35,2655.4,2657.96,1.78938438
2026-01-09 10:20:00+00:00,2657.07,2660.3,2657.07,2657.31,4.15855366
2026-01-09 10:25:00+00:00,2658.59,2659.29,2655.85,2655.9,1.25305278
2026-01-09 10:30:00+00:00,2655.63,2658.6,2655.63,2658.13,1.97244191
2026-01-09 10:35:00+00:00,2658.94,2659.97,2656.97,2659.21,9.92212239
2026-01-09 10:40:00+00:00,2659.39,2659.39,2658.43,2658.44,1.58447477
2026-01-09 10:45:00+00:00,2657.89,2659.17,2657.4,2658.53,0.21921632
2026-01-09 10:50:00+00:00,2658.38,2659.72,2657.85,2658.3,2.69076329
2026-01-09 10:55:00+00:00,2658.0,2659.23,2657.13,2657.54,0.57537738
2026-01-09 11:00:00+00:00,2657.4,2660.0,2657.4,2660.0,1.7416693
2026-01-09 11:05:00+00:00,2659.74,2659.74,2656.31,2656.31,4.45114506
2026-01-09 11:10:00+00:00,2656.82,2659.42,2656.07,2656.44,2.56305568
2026-01-09 11:15:00+00:00,2660.88,2663.82,2659.06,2663.46,4.34106914
2026-01-09 11:20:00+00:00,2662.75,2662.75,2661.72,2661.72,1.89862782
2026-01-09 11:25:00+00:00,2661.27,2662.35,2660.54,2660.54,1.16176845
2026-01-09 11:30:00+00:00,2660.78,2663.11,2659.72,2662.31,9.35351135
2026-01-09 11:35:00+00:00,2663.14,2663.14,2658.1,2658.67,3.22668346
2026-01-09 11:40:00+00:00,2657.78,2657.88,2656.44,2656.44,1.1546881
2026-01-09 11:45:00+00:00,2658.27,2658.27,2652.15,2654.78,26.1792632
2026-01-09 11:50:00+00:00,2654.99,2656.07,2652.48,2654.94,2.48881184
2026-01-09 11:55:00+00:00,2651.79,2652.07,2650.19,2652.07,6.19234638
2026-01-09 12:00:00+00:00,2651.1,2654.41,2651.1,2654.23,9.82952679
2026-01-09 12:05:00+00:00,2654.71,2656.05,2653.0,2653.65,1.53690621
2026-01-09 12:10:00+00:00,2652.57,2653.25,2650.93,2652.51,2.8364937
2026-01-09 12:15:00+00:00,2650.6,2650.6,2645.94,2646.2,2.54851235
2026-01-09 12:20:00+00:00,2645.9,2649.24,2645.22,2645.77,8.03680172
2026-01-09 12:25:00+00:00,2649.14,2649.73,2647.8,2648.56,0.89962465
2026-01-09 12:30:00+00:00,2649.75,2651.67,2646.13,2651.05,9.33474105
2026-01-09 12:35:00+00:00,2649.49,2650.13,2647.56,2649.49,16.79748221
2026-01-09 12:40:00+00:00,2650.42,2650.42,2649.05,2649.05,1.99077302
2026-01-09 12:45:00+00:00,2648.75,2649.3,2647.09,2648.63,2.72655431
2026-01-09 12:50:00+00:00,2650.13,2650.77,2647.53,2648.7,30.20899426
2026-01-09 12:55:00+00:00,2649.48,2649.6,2647.35,2647.89,15.19617068
2026-01-09 13:00:00+00:00,2647.65,2649.18,2647.42,2647.91,7.93646387
2026-01-09 13:05:00+00:00,2647.02,2650.48,2646.2,2650.05,2.1427424
2026-01-09 13:10:00+00:00,2651.08,2655.58,2651.08,2654.37,5.00559645
2026-01-09 13:15:00+00:00,2654.9,2656.0,2654.16,2655.66,2.22223949
2026-01-09 13:20:00+00:00,2656.58,2663.0,2656.58,2658.73,14.01954893
2026-01-09 13:25:00+00:00,2658.98,2661.7,2658.89,2659.76,6.74776373
2026-01-09 13:30:00+00:00,2660.37,2672.36,2650.0,2661.4,325.83127541
2026-01-09 13:35:00+00:00,2661.95,2665.1,2658.24,2658.85,41.71471858
2026-01-09 13:40:00+00:00,2658.82,2661.08,2653.38,2653.61,23.65043154
2026-01-09 13:45:00+00:00,2653.91,2654.92,2649.83,2651.16,25.87387207
2026-01-09 13:50:00+00:00,2658.58,2660.88,2652.75,2659.92,59.62536542
2026-01-09 13:55:00+00:00,2660.23,2660.23,2658.75,2658.92,8.70831116
2026-01-09 14:00:00+00:00,2659.16,2659.25,2655.0,2655.71,15.90821948
2026-01-09 14:05:00+00:00,2654.74,2655.9,2648.39,2648.44,15.72837957
2026-01-09 14:10:00+00:00,2646.25,2648.85,2642.13,2645.03,25.10909593
2026-01-09 14:15:00+00:00,2645.54,2649.07,2645.54,2648.24,9.95310442
2026-01-09 14:20:00+00:00,2652.32,2653.61,2649.7,2652.32,2.0549868
2026-01-09 14:25:00+00:00,2652.79,2658.44,2652.64,2657.97,4.05791803
2026-01-09 14:30:00+00:00,2658.4,2658.4,2638.54,2641.66,27.69366064
2026-01-09 14:35:00+00:00,2644.41,2655.66,2639.03,2649.08,52.74137659
2026-01-09 14:40:00+00:00,2643.49,2646.55,2638.64,2638.64,10.79535156
2026-01-09 14:45:00+00:00,2638.62,2643.68,2631.0,2634.53,103.76460688
2026-01-09 14:50:00+00:00,2641.74,2642.53,2635.6,2640.83,53.45267776
2026-01-09 14:55:00+00:00,2639.61,2645.76,2636.37,2645.76,17.52677554
2026-01-09 15:00:00+00:00,2646.79,2648.1,2636.43,2638.38,24.59445114
2026-01-09 15:05:00+00:00,2638.14,2642.33,2628.7,2639.74,31.05160606
2026-01-09 15:10:00+00:00,2641.85,2647.21,2639.25,2647.21,17.31002859
2026-01-09 15:15:00+00:00,2647.28,2650.0,2644.27,2650.0,224.7060932
2026-01-09 15:20:00+00:00,2649.82,2672.95,2649.82,2665.44,64.85167116
2026-01-09 15:25:00+00:00,2673.2,2696.71,2670.1,2690.33,113.49212049
2026-01-09 15:30:00+00:00,2691.96,2699.11,2686.02,2691.51,83.38561563
2026-01-09 15:35:00+00:00,2692.83,2699.34,2685.55,2685.59,100.61529584
2026-01-09 15:40:00+00:00,2684.61,2689.73,2672.65,2674.43,30.44312943
2026-01-09 15:45:00+00:00,2674.51,2685.2,2672.58,2676.22,29.75397224
2026-01-09 15:50:00+00:00,2678.32,2679.96,2666.4,2674.68,6.53754385
2026-01-09 15:55:00+00:00,2668.32,2671.8,2660.0,2671.25,81.62858533
2026-01-09 16:00:00+00:00,2672.91,2680.95,2671.55,2680.12,39.52228933
2026-01-09 16:05:00+00:00,2680.64,2684.1,2679.12,2681.63,18.6182642
2026-01-09 16:10:00+00:00,2679.96,2698.6,2679.91,2695.61,75.70323079
2026-01-09 16:15:00+00:00,2700.0,2700.18,2689.03,2694.1,105.65336752
2026-01-09 16:20:00+00:00,2693.59,2693.59,2689.4,2690.1,57.60670637
2026-01-09 16:25:00+00:00,2689.92,2690.9,2684.46,2686.37,38.33364011
2026-01-09 16:30:00+00:00,2686.64,2690.08,2682.44,2683.01,30.13239299
2026-01-09 16:35:00+00:00,2683.72,2684.92,2681.2,2683.5,7.37667154
2026-01-09 16:40:00+00:00,2684.9,2687.95,2683.4,2686.57,13.24745944
2026-01-09 16:45:00+00:00,2685.32,2689.27,2684.5,2687.31,58.06433133
2026-01-09 16:50:00+00:00,2687.3,2694.16,2687.02,2692.5,35.61854126
2026-01-09 16:55:00+00:00,2692.44,2694.27,2690.0,2691.54,6.47141427
2026-01-09 17:00:00+00:00,2692.34,2692.8,2687.76,2689.34,16.58768862
2026-01-09 17:05:00+00:00,2690.38,2691.54,2685.92,2685.92,41.09430048
2026-01-09 17:10:00+00:00,2685.94,2686.46,2678.83,2680.82,9.04005228
2026-01-09 17:15:00+00:00,2681.74,2682.05,2671.01,2671.28,15.7074273
2026-01-09 17:20:00+00:00,2673.03,2678.99,2672.54,2678.21,34.61421738
2026-01-09 17:25:00+00:00,2677.71,2678.2,2673.29,2673.73,32.0920244
2026-01-09 17:30:00+00:00,2673.06,2676.91,2671.36,2672.5,8.93202316
2026-01-09 17:35:00+00:00,2672.81,2674.66,2670.71,2674.66,1.58913406
2026-01-09 17:40:00+00:00,2672.29,2672.92,2668.03,2669.38,1.39221589
2026-01-09 17:45:00+00:00,2668.38,2679.17,2667.83,2678.78,4.1033216
2026-01-09 17:50:00+00:00,2678.17,2680.98,2676.85,2679.47,44.898479
2026-01-09 17:55:00+00:00,2677.78,2680.24,2676.47,2676.62,2.55389617
2026-01-09 18:00:00+00:00,2674.67,2679.17,2674.33,2677.29,4.73654177
2026-01-09 18:05:00+00:00,2676.93,2677.28,2675.29,2675.81,3.25238199
2026-01-09 18:10:00+00:00,2670.58,2672.03,2669.1,2671.65,6.19767861
2026-01-09 18:15:00+00:00,2667.8,2669.64,2660.0,2661.7,43.90267561
2026-01-09 18:20:00+00:00,2662.2,2663.01,2653.3,2656.3,10.66641968
2026-01-09 18:25:00+00:00,2653.07,2655.01,2648.37,2651.28,7.91294193
2026-01-09 18:30:00+00:00,2651.7,2652.46,2640.68,2649.47,25.06574573
2026-01-09 18:35:00+00:00,2650.81,2658.44,2650.53,2653.05,4.5997635
2026-01-09 18:40:00+00:00,2653.1,2657.96,2652.5,2656.4,4.41208066
2026-01-09 18:45:00+00:00,2655.0,2659.36,2651.1,2659.36,55.97902637
2026-01-09 18:50:00+00:00,2658.92,2661.5,2657.57,2660.1,3.202256
2026-01-09 18:55:00+00:00,2660.38,2660.72,2657.7,2658.34,6.79960866
2026-01-09 19:00:00+00:00,2658.38,2658.63,2651.38,2653.34,3.12782425
2026-01-09 19:05:00+00:00,2653.36,2656.18,2651.74,2654.53,6.14742276
2026-01-09 19:10:00+00:00,2652.92,2652.92,2648.88,2649.53,20.33273195
2026-01-09 19:15:00+00:00,2649.52,2649.52,2643.0,2645.59,5.80145106
2026-01-09 19:20:00+00:00,2644.96,2644.96,2638.8,2643.36,5.85112388
2026-01-09 19:25:00+00:00,2641.0,2643.6,2640.26,2641.36,5.79707687
2026-01-09 19:30:00+00:00,2640.64,2640.64,2636.0,2639.56,23.31515645
2026-01-09 19:35:00+00:00,2639.63,2644.34,2639.63,2644.02,2.85044365
2026-01-09 19:40:00+00:00,2643.75,2643.75,2640.9,2640.9,3.31840483
2026-01-09 19:45:00+00:00,2643.5,2648.46,2640.0,2645.47,30.96968726
2026-01-09 19:50:00+00:00,2648.54,2651.7,2648.54,2649.4,17.90345035
2026-01-09 19:55:00+00:00,2647.63,2648.51,2645.57,2645.57,5.65387055
2026-01-09 20:00:00+00:00,2644.47,2651.73,2643.41,2650.36,18.39222922
2026-01-09 20:05:00+00:00,2651.57,2653.23,2649.8,2653.23,0.99122303
2026-01-09 20:10:00+00:00,2653.35,2654.12,2651.4,2652.06,5.44681195
2026-01-09 20:15:00+00:00,2651.5,2652.67,2648.28,2649.4,5.23490234
2026-01-09 20:20:00+00:00,2650.07,2653.74,2649.37,2651.04,0.59757843
2026-01-09 20:25:00+00:00,2650.87,2651.01,2647.3,2648.44,5.16551453
2026-01-09 20:30:00+00:00,2649.3,2654.59,2649.24,2654.59,4.7679447
2026-01-09 20:35:00+00:00,2653.19,2655.2,2652.73,2652.81,11.85295757
2026-01-09 20:40:00+00:00,2651.89,2651.89,2643.79,2643.81,3.70873618
2026-01-09 20:45:00+00:00,2643.77,2646.75,2643.77,2646.23,1.64096589
2026-01-09 20:50:00+00:00,2646.13,2646.93,2639.01,2641.84,20.8082339
2026-01-09 20:55:00+00:00,2641.43,2642.93,2638.0,2642.93,40.60067411
2026-01-09 21:00:00+00:00,2639.96,2641.11,2635.72,2638.97,26.5917163
2026-01-09 21:05:00+00:00,2638.33,2643.7,2633.34,2643.7,5.68191355
2026-01-09 21:10:00+00:00,2643.7,2643.7,2641.22,2643.14,4.71316585
2026-01-09 21:15:00+00:00,2642.93,2647.8,2642.14,2642.31,5.69581833
2026-01-09 21:20:00+00:00,2648.25,2648.88,2647.02,2647.12,1.40023836
2026-01-09 21:25:00+00:00,2649.62,2654.84,2648.49,2651.65,56.10015746
2026-01-09 21:30:00+00:00,2651.1,2655.85,2648.5,2648.5,20.82703043
2026-01-09 21:35:00+00:00,2648.79,2649.68,2648.08,2649.58,11.44161151
2026-01-09 21:40:00+00:00,2649.17,2649.17,2647.08,2648.09,4.36420785
2026-01-09 21:45:00+00:00,2647.76,2647.76,2646.22,2646.9,1.08132965
2026-01-09 21:50:00+00:00,2646.31,2649.23,2645.07,2649.23,2.65340644
2026-01-09 21:55:00+00:00,2649.23,2651.6,2649.23,2650.17,6.32016089
2026-01-09 22:00:00+00:00,2649.87,2651.7,2649.47,2651.48,1.21581432
2026-01-09 22:05:00+00:00,2651.9,2652.44,2649.43,2652.43,3.0238054
2026-01-09 22:10:00+00:00,2651.89,2651.89,2641.0,2643.94,5.31687891
2026-01-09 22:15:00+00:00,2643.67,2646.41,2643.61,2645.0,3.7555404
2026-01-09 22:20:00+00:00,2645.13,2646.21,2644.03,2646.08,31.4798447
2026-01-09 22:25:00+00:00,2642.73,2647.59,2642.73,2647.49,3.9723839
2026-01-09 22:30:00+00:00,2648.84,2652.17,2648.2,2652.17,0.52168388
2026-01-09 22:35:00+00:00,2650.69,2651.07,2648.13,2649.26,4.69323336
2026-01-09 22:40:00+00:00,2648.97,2649.26,2646.3,2646.97,2.56296002
2026-01-09 22:45:00+00:00,2647.77,2647.79,2647.32,2647.66,0.41116677
2026-01-09 22:50:00+00:00,2648.6,2650.96,2648.6,2650.6,1.42107404
2026-01-09 22:55:00+00:00,2648.99,2650.5,2648.99,2650.0,0.55869176
2026-01-09 23:00:00+00:00,2650.33,2652.04,2647.61,2652.04,2.61499468
2026-01-09 23:05:00+00:00,2651.8,2653.07,2651.77,2652.91,0.52769352
2026-01-09 23:10:00+00:00,2651.99,2652.94,2651.1,2652.93,3.87773428
2026-01-09 23:15:00+00:00,2652.76,2652.95,2652.0,2652.18,0.82934782
2026-01-09 23:20:00+00:00,2651.89,2653.74,2651.89,2653.68,1.23999142
2026-01-09 23:25:00+00:00,2654.16,2654.7,2653.96,2654.16,1.2436097
2026-01-09 23:30:00+00:00,2653.2,2655.59,2653.2,2655.59,2.33803421
2026-01-09 23:35:00+00:00,2656.0,2656.08,2653.23,2653.23,3.09355694
2026-01-09 23:40:00+00:00,2654.0,2654.64,2653.1,2654.46,2.22286193
2026-01-09 23:45:00+00:00,2654.54,2655.1,2652.59,2653.73,0.22025349
2026-01-09 23:50:00+00:00,2651.73,2652.38,2651.3,2651.6,24.48969888
2026-01-09 23:55:00+00:00,2650.63,2652.41,2650.63,2652.41,0.36341837
2026-01-10 00:00:00+00:00,2650.5,2652.89,2650.5,2652.88,3.82366889
2026-01-10 00:05:00+00:00,2653.31,2653.61,2652.88,2653.42,0.33595256
2026-01-10 00:10:00+00:00,2653.41,2653.41,2649.63,2649.63,3.8457959
2026-01-10 00:15:00+00:00,2648.99,2649.24,2648.06,2648.5,1.79250968
2026-01-10 00:20:00+00:00,2647.46,2649.26,2647.46,2649.26,0.59681849
2026-01-10 00:25:00+00:00,2648.72,2651.89,2648.72,2650.3,2.04157498
2026-01-10 00:30:00+00:00,2651.87,2653.35,2651.17,2653.35,2.24616092
2026-01-10 00:35:00+00:00,2652.33,2652.51,2651.11,2651.11,0.60548635
2026-01-10 00:40:00+00:00,2651.57,2651.57,2649.55,2649.84,0.36802459
2026-01-10 00:45:00+00:00,2650.14,2650.2,2647.59,2648.83,5.16108032
2026-01-10 00:50:00+00:00,2649.4,2649.56,2648.54,2648.8,1.11246498
2026-01-10 00:55:00+00:00,2646.93,2647.73,2646.86,2646.86,1.11705786
2026-01-10 01:00:00+00:00,2648.2,2648.82,2648.2,2648.82,0.10452122
2026-01-10 01:05:00+00:00,2649.9,2651.0,2649.9,2650.26,1.53033123
2026-01-10 01:10:00+00:00,2650.12,2651.88,2648.6,2651.88,5.24441038
2026-01-10 01:15:00+00:00,2651.06,2653.21,2651.06,2652.45,1.18102866
2026-01-10 01:20:00+00:00,2651.07,2653.64,2651.05,2651.92,1.85691275
2026-01-10 01:25:00+00:00,2652.8,2653.67,2652.8,2653.0,5.64717569
2026-01-10 01:30:00+00:00,2653.17,2653.17,2652.82,2652.82,0.04513468
2026-01-10 01:35:00+00:00,2653.14,2654.07,2653.14,2654.07,0.29510227
2026-01-10 01:40:00+00:00,2652.75,2654.22,2652.75,2654.22,3.5269043
2026-01-10 01:45:00+00:00,2654.72,2654.72,2654.14,2654.72,0.12984656
2026-01-10 01:50:00+00:00,2653.35,2653.35,2652.34,2653.1,2.51565146
2026-01-10 01:55:00+00:00,2653.3,2654.29,2653.3,2653.3,0.51327231
2026-01-10 02:00:00+00:00,2654.57,2655.4,2654.57,2655.4,1.06191456
2026-01-10 02:05:00+00:00,2654.45,2654.71,2654.45,2654.71,0.14386432
2026-01-10 02:10:00+00:00,2654.05,2655.14,2653.85,2655.13,2.32414179
2026-01-10 02:15:00+00:00,2655.1,2655.49,2654.18,2654.18,8.48693124
2026-01-10 02:20:00+00:00,2655.04,2657.03,2654.63,2654.63,9.1611996
2026-01-10 02:25:00+00:00,2655.11,2655.11,2654.77,2654.77,1.18938744
2026-01-10 02:30:00+00:00,2654.29,2654.29,2652.77,2652.86,1.88502894
2026-01-10 02:35:00+00:00,2652.15,2652.2,2648.52,2648.52,6.49031724
2026-01-10 02:40:00+00:00,2650.18,2650.18,2647.94,2648.87,0.46378723
2026-01-10 02:45:00+00:00,2648.89,2650.81,2648.89,2650.42,1.76178302
2026-01-10 02:50:00+00:00,2651.78,2651.78,2651.78,2651.78,0.01880623
2026-01-10 02:55:00+00:00,2651.44,2651.54,2650.86,2650.98,0.12877315
2026-01-10 03:00:00+00:00,2650.6,2650.6,2649.63,2649.7,1.28787741
2026-01-10 03:05:00+00:00,2649.83,2649.83,2646.35,2646.5,1.73948244
2026-01-10 03:10:00+00:00,2646.18,2647.11,2645.0,2645.58,22.35217267
2026-01-10 03:15:00+00:00,2648.67,2649.23,2646.1,2649.23,0.93248963
2026-01-10 03:20:00+00:00,2649.43,2651.1,2649.43,2651.02,10.19243425
2026-01-10 03:30:00+00:00,2650.9,2650.9,2650.1,2650.1,4.0084865
2026-01-10 03:35:00+00:00,2648.96,2648.96,2648.96,2648.96,0.24261787
2026-01-10 03:40:00+00:00,2650.47,2650.54,2649.2,2649.2,0.70478456
2026-01-10 03:45:00+00:00,2651.05,2651.05,2650.37,2651.05,0.13471527
2026-01-10 03:50:00+00:00,2651.2,2651.8,2651.2,2651.8,0.01903887
2026-01-10 03:55:00+00:00,2652.07,2652.92,2650.01,2652.23,3.1818202
2026-01-10 04:00:00+00:00,2650.63,2651.48,2648.69,2648.91,20.60112356
2026-01-10 04:05:00+00:00,2647.38,2647.78,2646.17,2647.23,9.63345709
2026-01-10 04:10:00+00:00,2646.53,2646.53,2646.53,2646.53,0.02
2026-01-10 04:15:00+00:00,2647.95,2647.95,2646.25,2647.37,8.43378898
2026-01-10 04:20:00+00:00,2647.06,2647.84,2646.69,2647.84,1.70633099
2026-01-10 04:25:00+00:00,2647.23,2647.99,2647.23,2647.23,0.35194775
2026-01-10 04:30:00+00:00,2648.2,2649.03,2648.16,2648.63,0.40284034
2026-01-10 04:40:00+00:00,2648.06,2648.82,2648.06,2648.69,0.38640868
2026-01-10 04:45:00+00:00,2649.07,2649.27,2648.53,2649.07,0.01533445
2026-01-10 04:50:00+00:00,2649.49,2649.5,2647.94,2647.94,1.31421386
2026-01-10 04:55:00+00:00,2649.28,2649.28,2644.12,2644.41,37.21368183
2026-01-10 05:00:00+00:00,2645.22,2645.77,2645.04,2645.77,0.06567626
2026-01-10 05:05:00+00:00,2646.99,2647.9,2646.99,2647.89,0.33566695
2026-01-10 05:10:00+00:00,2649.65,2649.65,2648.49,2648.49,0.55635065
2026-01-10 05:15:00+00:00,2649.15,2649.15,2648.26,2648.69,0.81436178
2026-01-10 05:20:00+00:00,2648.95,2648.95,2648.27,2648.52,0.16776998
2026-01-10 05:25:00+00:00,2648.79,2648.79,2648.79,2648.79,0.31534021
2026-01-10 05:30:00+00:00,2648.85,2648.91,2648.43,2648.91,1.61028474
2026-01-10 05:35:00+00:00,2650.08,2650.08,2649.53,2649.53,0.17664174
2026-01-10 05:40:00+00:00,2650.6,2651.7,2650.6,2651.0,7.02761643
2026-01-10 05:45:00+00:00,2651.59,2651.93,2651.1,2651.1,2.508822
2026-01-10 05:50:00+00:00,2651.6,2651.6,2651.05,2651.05,1.17647693
2026-01-10 05:55:00+00:00,2651.15,2651.87,2651.1,2651.1,0.04329202
2026-01-10 06:00:00+00:00,2651.21,2651.39,2650.74,2651.39,3.052121
2026-01-10 06:05:00+00:00,2651.28,2651.67,2650.97,2651.62,0.6414292
2026-01-10 06:10:00+00:00,2651.13,2651.63,2651.13,2651.63,0.0866061
2026-01-10 06:15:00+00:00,2651.33,2651.42,2649.86,2649.86,4.4630994
2026-01-10 06:20:00+00:00,2648.9,2648.93,2648.3,2648.69,0.88355502
2026-01-10 06:25:00+00:00,2650.05,2650.76,2649.93,2650.46,8.08296447
2026-01-10 06:30:00+00:00,2650.92,2651.79,2650.92,2651.78,0.08759285
2026-01-10 06:35:00+00:00,2651.8,2652.37,2651.55,2652.16,0.57738686
2026-01-10 06:40:00+00:00,2652.08,2652.08,2651.11,2651.73,1.97290987
2026-01-10 06:45:00+00:00,2652.28,2652.28,2652.08,2652.24,0.0282024
2026-01-10 06:50:00+00:00,2652.64,2652.64,2651.75,2651.75,3.29726477
2026-01-10 06:55:00+00:00,2651.33,2651.68,2651.26,2651.67,0.31839555
2026-01-10 07:00:00+00:00,2651.65,2653.1,2651.52,2653.1,1.40427693
2026-01-10 07:05:00+00:00,2653.32,2653.98,2652.58,2652.58,1.52207115
2026-01-10 07:10:00+00:00,2654.61,2656.67,2654.43,2655.63,17.71977809
2026-01-10 07:15:00+00:00,2655.66,2655.79,2654.49,2654.5,1.9585332
2026-01-10 07:20:00+00:00,2654.6,2654.81,2653.0,2654.81,7.79637365
2026-01-10 07:25:00+00:00,2654.86,2655.08,2654.12,2655.08,1.17214654
2026-01-10 07:30:00+00:00,2655.21,2656.05,2654.43,2656.05,2.64097009
2026-01-10 07:35:00+00:00,2655.94,2655.96,2655.82,2655.82,0.15859406
2026-01-10 07:40:00+00:00,2655.09,2655.09,2653.88,2654.1,0.61507707
2026-01-10 07:45:00+00:00,2654.1,2655.46,2654.0,2655.18,1.51758155
2026-01-10 07:50:00+00:00,2654.92,2656.04,2654.92,2655.8,3.99952908
2026-01-10 07:55:00+00:00,2655.36,2656.63,2655.36,2656.45,5.8727162
2026-01-10 08:00:00+00:00,2656.69,2657.16,2655.67,2656.53,1.27861504
2026-01-10 08:05:00+00:00,2656.45,2656.53,2654.26,2654.32,3.4567994
2026-01-10 08:10:00+00:00,2655.19,2655.38,2655.15,2655.15,0.03192011
2026-01-10 08:15:00+00:00,2655.22,2655.78,2653.65,2653.65,10.29069003
2026-01-10 08:20:00+00:00,2654.06,2655.05,2653.91,2654.29,2.70063083
2026-01-10 08:25:00+00:00,2653.71,2654.53,2653.4,2653.4,12.65726586
2026-01-10 08:30:00+00:00,2653.34,2653.79,2652.02,2652.5,1.11989333
2026-01-10 08:35:00+00:00,2652.5,2653.52,2652.38,2653.22,1.38630083
2026-01-10 08:40:00+00:00,2653.23,2653.55,2652.89,2653.26,0.23347167
2026-01-10 08:45:00+00:00,2653.26,2653.71,2652.87,2652.87,0.0677501
2026-01-10 08:50:00+00:00,2653.13,2653.99,2653.13,2653.96,8.11611409
2026-01-10 08:55:00+00:00,2654.2,2654.64,2654.2,2654.57,0.27162209
2026-01-10 09:00:00+00:00,2654.67,2656.09,2653.86,2654.51,6.89442311
2026-01-10 09:05:00+00:00,2654.32,2655.57,2653.87,2653.87,0.48462711
2026-01-10 09:10:00+00:00,2653.75,2654.16,2653.75,2654.1,0.30160251
2026-01-10 09:15:00+00:00,2654.1,2655.01,2654.1,2654.77,1.15248322
2026-01-10 09:20:00+00:00,2655.3,2655.77,2655.23,2655.77,1.88483556
2026-01-10 09:25:00+00:00,2655.93,2657.13,2655.46,2656.09,4.78777027
2026-01-10 09:30:00+00:00,2655.28,2656.11,2654.77,2655.88,1.80280214
2026-01-10 09:35:00+00:00,2655.5,2657.12,2654.71,2656.59,0.77638689
2026-01-10 09:40:00+00:00,2656.91,2656.91,2656.43,2656.54,0.45093003
2026-01-10 09:45:00+00:00,2657.6,2661.9,2656.71,2658.17,18.16829905
2026-01-10 09:50:00+00:00,2658.7,2659.28,2658.0,2659.27,1.34244566
2026-01-10 09:55:00+00:00,2659.82,2659.82,2658.03,2659.33,4.03069863
2026-01-10 10:00:00+00:00,2659.55,2660.6,2658.64,2660.6,2.28842523
2026-01-10 10:05:00+00:00,2660.59,2660.9,2659.28,2660.87,5.27307343
2026-01-10 10:10:00+00:00,2660.8,2660.81,2659.34,2659.9,7.10882636
2026-01-10 10:15:00+00:00,2660.81,2661.9,2660.58,2661.35,1.97054585
2026-01-10 10:20:00+00:00,2661.92,2662.27,2659.97,2659.97,2.46636205
2026-01-10 10:25:00+00:00,2659.0,2659.65,2658.66,2659.65,2.1402897
2026-01-10 10:30:00+00:00,2659.22,2659.47,2658.14,2659.06,0.9141013
2026-01-10 10:35:00+00:00,2659.04,2660.12,2659.04,2660.09,10.35780997
2026-01-10 10:40:00+00:00,2660.04,2662.6,2660.04,2662.28,1.41852355
2026-01-10 10:45:00+00:00,2661.6,2663.5,2661.6,2662.77,2.2190886
2026-01-10 10:50:00+00:00,2663.58,2665.1,2661.19,2664.91,6.6074486
2026-01-10 10:55:00+00:00,2662.13,2666.47,2661.61,2666.47,24.7259297
2026-01-10 11:00:00+00:00,2664.51,2666.49,2662.77,2663.37,2.22924018
2026-01-10 11:05:00+00:00,2662.88,2662.98,2662.37,2662.98,3.62809812
2026-01-10 11:10:00+00:00,2662.98,2663.87,2662.74,2663.2,0.86652455
2026-01-10 11:15:00+00:00,2663.2,2663.74,2661.53,2661.53,11.1401195
2026-01-10 11:20:00+00:00,2661.65,2662.66,2661.37,2661.65,4.73131094
2026-01-10 11:25:00+00:00,2661.66,2661.66,2660.85,2660.92,1.09119378
2026-01-10 11:30:00+00:00,2662.46,2662.46,2660.9,2661.3,0.81357536
2026-01-10 11:35:00+00:00,2660.9,2660.9,2659.76,2659.76,2.71703682
2026-01-10 11:40:00+00:00,2660.86,2661.12,2660.1,2660.54,0.31702901
2026-01-10 11:45:00+00:00,2659.93,2660.13,2659.36,2659.5,0.56633763
2026-01-10 11:50:00+00:00,2659.47,2659.88,2658.21,2659.55,2.57971286
2026-01-10 11:55:00+00:00,2659.37,2661.18,2658.84,2661.1,10.57891737
2026-01-10 12:00:00+00:00,2661.65,2662.19,2661.41,2661.41,2.89674797
2026-01-10 12:05:00+00:00,2662.49,2662.79,2661.81,2661.9,1.30071388
2026-01-10 12:10:00+00:00,2662.36,2663.2,2662.23,2663.2,2.65472916
2026-01-10 12:15:00+00:00,2662.8,2666.5,2662.69,2664.06,6.57196813
2026-01-10 12:20:00+00:00,2664.1,2664.43,2661.12,2663.69,3.27198358
2026-01-10 12:25:00+00:00,2660.9,2661.2,2659.94,2660.6,2.44585774
2026-01-10 12:30:00+00:00,2660.54,2661.08,2658.12,2659.0,8.24237576
2026-01-10 12:35:00+00:00,2659.99,2660.72,2659.92,2660.53,1.65593432
2026-01-10 12:40:00+00:00,2660.62,2661.14,2660.48,2660.99,0.02515872
2026-01-10 12:45:00+00:00,2661.0,2662.46,2660.74,2662.26,2.11475149
2026-01-10 12:50:00+00:00,2660.74,2662.52,2660.74,2662.42,0.94249653
2026-01-10 12:55:00+00:00,2661.93,2662.69,2661.93,2662.61,0.4368316
2026-01-10 13:00:00+00:00,2662.26,2662.99,2661.2,2661.47,1.85733116
2026-01-10 13:05:00+00:00,2661.47,2663.15,2661.47,2662.38,3.34624462
2026-01-10 13:10:00+00:00,2662.81,2662.81,2660.43,2660.43,0.868479
2026-01-10 13:15:00+00:00,2660.87,2662.47,2660.3,2662.47,20.94325987
2026-01-10 13:20:00+00:00,2661.0,2662.4,2660.52,2661.48,2.0928784
2026-01-10 13:25:00+00:00,2660.0,2660.55,2660.0,2660.55,2.58970472
2026-01-10 13:30:00+00:00,2661.4,2661.69,2660.12,2661.69,0.3204144
2026-01-10 13:35:00+00:00,2661.1,2661.47,2660.69,2661.47,9.29678544
2026-01-10 13:40:00+00:00,2661.27,2661.87,2660.71,2661.6,3.46686785
2026-01-10 13:45:00+00:00,2661.59,2661.59,2660.76,2660.76,0.52796595
2026-01-10 13:50:00+00:00,2660.51,2660.6,2659.4,2659.95,8.6317784
2026-01-10 13:55:00+00:00,2659.08,2659.76,2658.16,2659.26,2.93265494
2026-01-10 14:00:00+00:00,2658.63,2659.17,2658.11,2658.4,1.66289244
2026-01-10 14:05:00+00:00,2658.97,2659.2,2658.3,2659.2,0.35571291
2026-01-10 14:10:00+00:00,2659.2,2659.2,2653.89,2658.0,34.82702843
2026-01-10 14:15:00+00:00,2658.1,2660.12,2657.17,2660.12,3.05495319
2026-01-10 14:20:00+00:00,2660.2,2660.54,2658.6,2660.33,6.21361468
2026-01-10 14:25:00+00:00,2659.5,2660.21,2657.95,2658.03,2.02178633
2026-01-10 14:30:00+00:00,2656.56,2658.19,2655.97,2655.97,3.8284513
2026-01-10 14:35:00+00:00,2656.58,2657.57,2655.61,2656.48,2.07430373
2026-01-10 14:40:00+00:00,2656.37,2656.89,2655.3,2655.3,0.51414384
2026-01-10 14:45:00+00:00,2655.7,2656.8,2655.51,2655.8,1.41384062
2026-01-10 14:50:00+00:00,2655.3,2656.04,2655.3,2655.3,0.15078641
2026-01-10 14:55:00+00:00,2655.65,2656.59,2655.65,2656.54,1.20193067
2026-01-10 15:00:00+00:00,2658.2,2659.05,2656.21,2659.05,3.93112195
2026-01-10 15:05:00+00:00,2658.47,2659.01,2657.51,2659.01,1.82993741
2026-01-10 15:10:00+00:00,2658.72,2659.63,2658.26,2658.88,0.69141408
2026-01-10 15:15:00+00:00,2658.76,2659.09,2658.15,2659.09,2.18710773
2026-01-10 15:20:00+00:00,2658.2,2658.63,2658.0,2658.43,0.79048698
2026-01-10 15:25:00+00:00,2658.0,2658.24,2657.03,2657.63,3.21747937
2026-01-10 15:30:00+00:00,2658.9,2659.34,2657.36,2659.34,1.04083192
2026-01-10 15:35:00+00:00,2658.73,2660.02,2658.37,2660.02,4.2181769
2026-01-10 15:40:00+00:00,2659.48,2660.46,2659.17,2659.95,2.06300028
2026-01-10 15:45:00+00:00,2659.53,2659.78,2658.11,2659.78,0.80766401
2026-01-10 15:50:00+00:00,2659.58,2660.58,2659.08,2659.65,11.68220794
2026-01-10 15:55:00+00:00,2660.2,2660.2,2659.66,2659.98,0.76929757
2026-01-10 16:00:00+00:00,2660.12,2660.21,2659.75,2660.21,2.13394877
2026-01-10 16:05:00+00:00,2660.2,2661.73,2659.48,2661.47,2.67477996
2026-01-10 16:10:00+00:00,2661.06,2661.51,2659.2,2659.2,0.32628081
2026-01-10 16:15:00+00:00,2659.3,2659.3,2657.35,2657.4,0.78711539
2026-01-10 16:20:00+00:00,2658.7,2659.19,2657.4,2659.17,1.18196354
2026-01-10 16:25:00+00:00,2659.42,2659.42,2659.37,2659.37,0.32254311
2026-01-10 16:30:00+00:00,2659.3,2660.14,2658.81,2659.1,0.27629606
2026-01-10 16:35:00+00:00,2659.6,2660.93,2659.49,2660.77,2.41436134
2026-01-10 16:40:00+00:00,2661.18,2661.36,2660.31,2661.36,1.23015105
2026-01-10 16:45:00+00:00,2661.32,2661.32,2659.8,2659.8,0.1360588
2026-01-10 16:50:00+00:00,2659.82,2659.96,2659.01,2659.81,5.22602919
2026-01-10 16:55:00+00:00,2659.54,2660.04,2659.33,2659.33,1.05734306
2026-01-10 17:00:00+00:00,2660.7,2661.02,2660.12,2660.84,0.57302842
2026-01-10 17:05:00+00:00,2660.89,2661.56,2660.51,2661.56,0.14760682
2026-01-10 17:10:00+00:00,2660.99,2662.83,2660.99,2662.14,12.04805243
2026-01-10 17:15:00+00:00,2662.48,2662.74,2661.96,2661.96,1.85763958
2026-01-10 17:20:00+00:00,2662.81,2662.9,2662.39,2662.89,94.01424686
2026-01-10 17:25:00+00:00,2662.6,2662.99,2661.27,2661.27,1.14500631
2026-01-10 17:30:00+00:00,2660.8,2661.46,2660.46,2661.01,5.93719285
2026-01-10 17:35:00+00:00,2660.77,2660.95,2660.17,2660.55,0.99025975
2026-01-10 17:40:00+00:00,2660.75,2660.89,2660.07,2660.86,0.28544681
2026-01-10 17:45:00+00:00,2660.25,2660.25,2659.34,2659.68,0.3115938
2026-01-10 17:50:00+00:00,2659.01,2659.71,2657.9,2658.71,8.9485368
2026-01-10 17:55:00+00:00,2657.44,2658.2,2656.34,2656.34,6.19752286
2026-01-10 18:00:00+00:00,2656.9,2658.12,2656.89,2657.96,1.42808923
2026-01-10 18:05:00+00:00,2656.34,2657.24,2656.03,2656.42,0.84875656
2026-01-10 18:10:00+00:00,2655.89,2656.54,2655.42,2656.5,0.96825501
2026-01-10 18:15:00+00:00,2656.98,2657.0,2656.61,2657.0,0.6234423
2026-01-10 18:20:00+00:00,2657.72,2657.79,2657.2,2657.58,0.57861897
2026-01-10 18:25:00+00:00,2657.23,2658.27,2656.41,2658.14,11.21033822
2026-01-10 18:30:00+00:00,2658.06,2658.29,2656.23,2657.14,12.30155406
2026-01-10 18:35:00+00:00,2657.59,2657.89,2657.04,2657.73,2.42639939
2026-01-10 18:40:00+00:00,2657.77,2657.87,2657.6,2657.6,0.82807038
2026-01-10 18:45:00+00:00,2657.5,2657.76,2657.28,2657.4,1.37571408
2026-01-10 18:50:00+00:00,2657.39,2657.39,2656.56,2656.84,0.12309948
2026-01-10 18:55:00+00:00,2657.08,2657.38,2656.87,2657.38,0.41715119
2026-01-10 19:00:00+00:00,2657.38,2657.4,2657.06,2657.31,2.12943192
2026-01-10 19:05:00+00:00,2657.39,2658.24,2656.18,2656.89,20.62969154
2026-01-10 19:10:00+00:00,2656.7,2657.51,2656.47,2657.51,1.93998058
2026-01-10 19:15:00+00:00,2656.5,2656.93,2656.5,2656.5,2.11164058
2026-01-10 19:20:00+00:00,2656.51,2657.09,2656.3,2656.7,2.40039406
2026-01-10 19:25:00+00:00,2656.25,2656.49,2655.81,2656.26,4.05130529
2026-01-10 19:30:00+00:00,2655.96,2656.6,2655.34,2655.54,9.89228792
2026-01-10 19:35:00+00:00,2655.78,2656.9,2655.42,2656.2,1.42459601
2026-01-10 19:40:00+00:00,2656.54,2657.28,2656.49,2657.15,1.48797558
2026-01-10 19:45:00+00:00,2656.91,2656.92,2655.48,2656.32,2.80261957
2026-01-10 19:50:00+00:00,2656.06,2656.07,2656.06,2656.07,0.24074918
2026-01-10 19:55:00+00:00,2655.78,2656.47,2655.59,2656.47,0.63638667
2026-01-10 20:00:00+00:00,2655.96,2657.3,2655.73,2655.96,1.25491699
2026-01-10 20:05:00+00:00,2656.8,2657.0,2656.51,2656.52,0.51010769
2026-01-10 20:10:00+00:00,2657.06,2657.53,2656.7,2656.74,5.13999975
2026-01-10 20:15:00+00:00,2656.74,2656.87,2656.14,2656.52,0.342867
2026-01-10 20:20:00+00:00,2656.19,2656.55,2655.98,2656.4,1.2305234
2026-01-10 20:25:00+00:00,2656.29,2656.91,2655.97,2655.97,2.3052956
2026-01-10 20:30:00+00:00,2656.28,2657.0,2654.6,2654.6,6.21332619
2026-01-10 20:35:00+00:00,2655.33,2655.33,2654.08,2654.65,6.51449021
2026-01-10 20:40:00+00:00,2654.4,2654.58,2653.83,2654.24,0.90564628
2026-01-10 20:45:00+00:00,2653.7,2654.15,2653.52,2654.15,0.74066884
2026-01-10 20:50:00+00:00,2654.78,2655.32,2654.61,2654.78,2.08138489
2026-01-10 20:55:00+00:00,2654.19,2655.01,2653.9,2655.01,0.79022251
2026-01-10 21:00:00+00:00,2654.1,2655.0,2653.47,2654.51,10.86741629
2026-01-10 21:05:00+00:00,2654.7,2654.7,2650.3,2651.87,10.13875802
2026-01-10 21:10:00+00:00,2651.79,2653.24,2651.45,2652.87,22.24893781
2026-01-10 21:15:00+00:00,2653.44,2654.15,2652.4,2652.97,3.89397357
2026-01-10 21:20:00+00:00,2652.96,2655.1,2652.96,2655.0,1.08412192
2026-01-10 21:25:00+00:00,2655.23,2655.23,2654.61,2654.87,0.94777524
2026-01-10 21:30:00+00:00,2654.59,2655.0,2654.0,2654.51,0.86831354
2026-01-10 21:35:00+00:00,2654.75,2654.75,2652.67,2652.67,1.96195904
2026-01-10 21:40:00+00:00,2652.42,2653.6,2652.42,2653.36,0.51802151
2026-01-10 21:45:00+00:00,2652.72,2652.8,2651.36,2652.08,0.50989236
2026-01-10 21:50:00+00:00,2651.66,2652.6,2651.62,2652.03,9.78153191
2026-01-10 21:55:00+00:00,2651.56,2652.19,2651.26,2652.19,3.0928357
2026-01-10 22:00:00+00:00,2651.52,2651.73,2650.0,2650.0,10.13957368
2026-01-10 22:05:00+00:00,2650.45,2650.45,2649.48,2649.92,30.51283895
2026-01-10 22:10:00+00:00,2650.39,2651.72,2648.21,2648.21,0.99429416
2026-01-10 22:15:00+00:00,2647.8,2648.4,2646.3,2648.03,4.02505086
2026-01-10 22:20:00+00:00,2647.72,2647.72,2646.41,2646.9,2.17504354
2026-01-10 22:25:00+00:00,2647.1,2648.9,2647.1,2648.9,1.40048139
2026-01-10 22:30:00+00:00,2649.5,2652.96,2649.5,2652.96,1.90669942
2026-01-10 22:35:00+00:00,2653.21,2654.64,2652.74,2653.8,1.14318137
2026-01-10 22:40:00+00:00,2654.35,2654.35,2652.37,2653.25,1.27467627
2026-01-10 22:45:00+00:00,2650.63,2651.22,2650.63,2650.9,0.46405556
2026-01-10 22:50:00+00:00,2650.93,2650.93,2648.95,2648.95,0.47844128
2026-01-10 22:55:00+00:00,2648.1,2648.62,2647.0,2648.16,1.84053876
2026-01-10 23:00:00+00:00,2647.0,2649.72,2646.75,2649.72,0.89450248
2026-01-10 23:05:00+00:00,2649.15,2650.92,2648.1,2650.92,2.63221678
2026-01-10 23:10:00+00:00,2651.38,2651.68,2651.3,2651.3,0.06919912
2026-01-10 23:15:00+00:00,2650.51,2652.04,2650.51,2650.7,0.44682715
2026-01-10 23:20:00+00:00,2651.07,2652.46,2651.07,2651.22,0.18185457
2026-01-10 23:25:00+00:00,2651.5,2652.7,2651.16,2652.7,1.73345938
2026-01-10 23:30:00+00:00,2653.18,2653.8,2653.18,2653.8,1.41345131
2026-01-10 23:35:00+00:00,2652.62,2652.62,2651.97,2652.34,1.14074491
2026-01-10 23:40:00+00:00,2652.33,2654.17,2652.06,2653.41,1.97378776
2026-01-10 23:45:00+00:00,2652.5,2654.18,2652.5,2653.74,0.29098918
2026-01-10 23:50:00+00:00,2653.9,2655.08,2653.5,2653.61,1.51119159
2026-01-10 23:55:00+00:00,2653.45,2653.51,2651.7,2652.79,9.38182093
2026-01-11 00:00:00+00:00,2653.08,2653.08,2650.69,2651.6,0.5877292
2026-01-11 00:05:00+00:00,2651.94,2652.3,2650.84,2651.83,0.61382696
2026-01-11 00:10:00+00:00,2651.98,2653.3,2651.98,2653.1,0.69290547
2026-01-11 00:15:00+00:00,2654.32,2655.52,2653.68,2654.38,11.60654284
2026-01-11 00:20:00+00:00,2652.6,2655.5,2652.6,2655.5,2.83028344
2026-01-11 00:25:00+00:00,2655.16,2656.8,2655.16,2656.8,0.52096602
2026-01-11 00:30:00+00:00,2655.28,2655.84,2655.28,2655.34,0.65661805
2026-01-11 00:35:00+00:00,2655.31,2655.32,2654.06,2655.2,0.38651717
2026-01-11 00:40:00+00:00,2655.2,2655.2,2653.87,2653.87,0.96616439
2026-01-11 00:45:00+00:00,2655.36,2656.06,2655.36,2656.02,0.03227473
2026-01-11 00:50:00+00:00,2656.07,2657.1,2655.77,2657.1,1.69457011
2026-01-11 00:55:00+00:00,2657.79,2657.79,2656.8,2656.8,0.51503077
2026-01-11 01:00:00+00:00,2657.2,2657.2,2656.2,2656.24,1.94493613
2026-01-11 01:05:00+00:00,2657.25,2657.9,2657.25,2657.72,1.78278382
2026-01-11 01:10:00+00:00,2657.63,2657.63,2657.05,2657.05,1.47375156
2026-01-11 01:15:00+00:00,2656.91,2657.21,2656.91,2657.21,0.16941092
2026-01-11 01:20:00+00:00,2657.99,2658.29,2655.86,2655.86,71.62363403
2026-01-11 01:25:00+00:00,2656.01,2656.99,2655.49,2656.99,0.45224372
2026-01-11 01:30:00+00:00,2656.99,2656.99,2655.21,2655.91,0.6166779
2026-01-11 01:35:00+00:00,2654.55,2655.73,2654.55,2654.55,0.0245344
2026-01-11 01:40:00+00:00,2656.49,2657.6,2656.49,2657.6,3.06372334
2026-01-11 01:45:00+00:00,2658.29,2659.0,2658.29,2658.99,0.80611866
2026-01-11 01:50:00+00:00,2659.4,2659.4,2659.26,2659.26,0.23
2026-01-11 01:55:00+00:00,2659.65,2660.14,2659.63,2659.96,0.05792803
2026-01-11 02:00:00+00:00,2659.52,2659.61,2659.37,2659.61,0.05001473
2026-01-11 02:05:00+00:00,2658.97,2658.97,2658.49,2658.97,0.08326992
2026-01-11 02:10:00+00:00,2660.67,2661.29,2660.62,2661.29,0.5784563
2026-01-11 02:15:00+00:00,2661.22,2661.52,2661.22,2661.4,0.0423508
2026-01-11 02:20:00+00:00,2661.59,2661.59,2659.27,2659.27,0.30309623
2026-01-11 02:25:00+00:00,2659.68,2659.68,2659.68,2659.68,0.08763836
2026-01-11 02:30:00+00:00,2659.57,2659.57,2657.57,2657.57,1.57197605
2026-01-11 02:35:00+00:00,2658.88,2658.88,2657.56,2658.88,0.19959481
2026-01-11 02:40:00+00:00,2658.87,2659.0,2658.87,2659.0,0.14957183
2026-01-11 02:45:00+00:00,2659.64,2660.17,2659.64,2660.17,0.45054952
2026-01-11 02:50:00+00:00,2658.9,2658.9,2656.96,2657.66,0.55398528
2026-01-11 02:55:00+00:00,2657.96,2657.96,2657.62,2657.77,0.06228016
2026-01-11 03:00:00+00:00,2658.31,2658.37,2657.77,2657.77,0.33652492
2026-01-11 03:05:00+00:00,2658.35,2658.86,2657.22,2658.59,0.04624643
2026-01-11 03:10:00+00:00,2657.3,2658.64,2657.3,2658.02,0.31631269
2026-01-11 03:15:00+00:00,2658.64,2659.1,2658.64,2659.1,1.66494621
2026-01-11 03:20:00+00:00,2660.21,2660.34,2659.8,2659.8,0.15219244
2026-01-11 03:25:00+00:00,2659.45,2659.93,2659.32,2659.39,0.48768656
2026-01-11 03:30:00+00:00,2658.86,2659.63,2658.86,2659.63,0.63034819
2026-01-11 03:35:00+00:00,2659.79,2660.29,2659.7,2659.8,0.68757398
2026-01-11 03:40:00+00:00,2659.86,2660.43,2659.86,2660.33,1.396
2026-01-11 03:45:00+00:00,2660.75,2661.4,2660.75,2661.14,0.80102503
2026-01-11 03:50:00+00:00,2661.13,2661.25,2661.04,2661.04,0.32120506
2026-01-11 03:55:00+00:00,2660.98,2661.11,2660.74,2660.98,0.61595221
2026-01-11 04:00:00+00:00,2660.0,2661.17,2660.0,2661.17,0.46632704
2026-01-11 04:05:00+00:00,2661.6,2662.0,2659.87,2661.7,0.75749289
2026-01-11 04:10:00+00:00,2661.64,2661.85,2660.02,2660.16,0.01187087
2026-01-11 04:15:00+00:00,2661.05,2661.09,2659.81,2659.81,7.98870397
2026-01-11 04:20:00+00:00,2659.51,2659.82,2659.07,2659.58,1.48904501
2026-01-11 04:25:00+00:00,2660.08,2660.08,2659.61,2660.08,0.01124434
2026-01-11 04:30:00+00:00,2660.49,2661.09,2659.92,2661.08,1.58911321
2026-01-11 04:35:00+00:00,2661.55,2663.34,2660.98,2663.34,17.25851289
2026-01-11 04:40:00+00:00,2661.08,2661.08,2659.88,2659.93,4.12441481
2026-01-11 04:45:00+00:00,2660.89,2661.2,2660.75,2661.2,0.03514336
2026-01-11 04:50:00+00:00,2661.16,2661.94,2661.16,2661.94,0.05620611
2026-01-11 04:55:00+00:00,2661.66,2661.66,2661.66,2661.66,0.64643748
2026-01-11 05:00:00+00:00,2661.88,2661.94,2661.88,2661.93,0.57646568
2026-01-11 05:05:00+00:00,2662.37,2662.9,2662.2,2662.9,1.42626524
2026-01-11 05:10:00+00:00,2662.53,2662.53,2662.48,2662.48,0.01390941
2026-01-11 05:15:00+00:00,2661.49,2661.68,2661.49,2661.68,0.22778583
2026-01-11 05:20:00+00:00,2661.55,2661.55,2660.27,2660.7,0.18937487
2026-01-11 05:25:00+00:00,2661.66,2661.69,2661.22,2661.22,0.21057229
2026-01-11 05:35:00+00:00,2662.32,2663.0,2662.29,2662.29,0.6356812
2026-01-11 05:40:00+00:00,2663.26,2664.29,2662.94,2663.86,0.87644008
2026-01-11 05:45:00+00:00,2664.29,2665.35,2664.29,2665.35,0.77971666
2026-01-11 05:50:00+00:00,2662.06,2662.76,2662.06,2662.76,0.00748944
2026-01-11 05:55:00+00:00,2661.92,2662.87,2661.92,2661.92,0.17677202
2026-01-11 06:00:00+00:00,2663.27,2663.8,2663.27,2663.8,0.05991511
2026-01-11 06:05:00+00:00,2663.34,2663.34,2662.05,2662.93,2.74050359
2026-01-11 06:10:00+00:00,2663.99,2663.99,2662.81,2663.17,2.67703869
2026-01-11 06:15:00+00:00,2662.8,2662.98,2657.81,2657.81,1.10560444
2026-01-11 06:20:00+00:00,2656.94,2657.63,2655.33,2657.26,0.10312572
2026-01-11 06:25:00+00:00,2658.26,2659.14,2658.26,2659.0,6.92151907
2026-01-11 06:30:00+00:00,2658.06,2658.06,2657.77,2657.77,0.77997229
2026-01-11 06:35:00+00:00,2657.31,2657.31,2657.31,2657.31,0.0194
2026-01-11 06:40:00+00:00,2657.66,2658.65,2657.66,2658.65,0.45408277
2026-01-11 06:45:00+00:00,2658.79,2659.52,2658.76,2658.76,0.85693028
2026-01-11 06:50:00+00:00,2659.15,2660.98,2659.15,2660.98,1.1732997
2026-01-11 06:55:00+00:00,2661.0,2661.96,2661.0,2661.52,2.6459432
2026-01-11 07:00:00+00:00,2661.84,2662.59,2661.84,2662.27,0.17805273
2026-01-11 07:05:00+00:00,2661.16,2661.71,2660.86,2661.14,0.88825673
2026-01-11 07:10:00+00:00,2659.87,2660.06,2659.36,2659.36,3.04144193
2026-01-11 07:15:00+00:00,2659.9,2660.25,2659.5,2659.65,0.20624768
2026-01-11 07:20:00+00:00,2659.92,2659.97,2659.44,2659.87,0.30589364
2026-01-11 07:25:00+00:00,2660.95,2660.95,2658.54,2659.55,0.08539977
2026-01-11 07:30:00+00:00,2659.45,2659.68,2658.83,2659.65,0.2190681
2026-01-11 07:35:00+00:00,2658.57,2658.57,2657.66,2658.57,0.01125126
2026-01-11 07:40:00+00:00,2658.36,2658.64,2658.36,2658.64,0.07287551
2026-01-11 07:45:00+00:00,2659.0,2659.0,2658.53,2659.0,0.31196927
2026-01-11 07:50:00+00:00,2659.0,2659.16,2658.16,2659.16,4.45760367
2026-01-11 07:55:00+00:00,2659.2,2659.54,2659.2,2659.35,0.03037122
2026-01-11 08:00:00+00:00,2659.37,2659.59,2658.98,2659.37,1.56166606
2026-01-11 08:05:00+00:00,2657.52,2658.81,2656.7,2658.46,1.98414356
2026-01-11 08:10:00+00:00,2658.73,2659.77,2658.73,2659.03,0.216466
2026-01-11 08:15:00+00:00,2659.22,2661.22,2659.21,2660.91,2.38699151
2026-01-11 08:20:00+00:00,2661.13,2661.5,2660.6,2661.48,0.82177237
2026-01-11 08:25:00+00:00,2660.89,2661.04,2660.5,2661.04,1.27631909
2026-01-11 08:30:00+00:00,2661.6,2662.79,2660.86,2662.79,5.33603858
2026-01-11 08:35:00+00:00,2663.85,2663.96,2662.43,2662.43,1.48158828
2026-01-11 08:40:00+00:00,2661.48,2664.14,2661.08,2663.89,7.35353795
2026-01-11 08:45:00+00:00,2662.82,2663.19,2662.0,2663.19,3.60077161
2026-01-11 08:50:00+00:00,2663.35,2663.35,2662.75,2662.75,1.23685383
2026-01-11 08:55:00+00:00,2662.33,2669.51,2662.33,2665.63,18.68697243
2026-01-11 09:00:00+00:00,2666.01,2666.96,2665.93,2666.95,9.46908316
2026-01-11 09:05:00+00:00,2666.9,2666.94,2665.17,2665.89,8.80127382
2026-01-11 09:10:00+00:00,2666.58,2666.84,2665.59,2666.03,2.90109024
2026-01-11 09:15:00+00:00,2666.3,2666.33,2665.7,2665.7,1.96622086
2026-01-11 09:20:00+00:00,2667.12,2668.18,2667.12,2668.0,0.93205974
2026-01-11 09:25:00+00:00,2667.7,2668.11,2667.34,2667.34,3.12133073
2026-01-11 09:30:00+00:00,2668.24,2672.0,2667.25,2668.13,17.39699059
2026-01-11 09:35:00+00:00,2667.59,2667.59,2663.21,2664.4,5.34446561
2026-01-11 09:40:00+00:00,2663.83,2664.86,2663.64,2664.85,0.50736348
2026-01-11 09:45:00+00:00,2665.26,2666.82,2665.16,2665.99,2.56220098
2026-01-11 09:50:00+00:00,2667.02,2667.34,2667.02,2667.14,1.0719646
2026-01-11 09:55:00+00:00,2667.14,2667.37,2666.36,2667.03,1.08881804
2026-01-11 10:00:00+00:00,2666.9,2668.15,2665.22,2665.22,15.51877016
2026-01-11 10:05:00+00:00,2665.64,2668.01,2665.41,2666.7,4.05127703
2026-01-11 10:10:00+00:00,2668.65,2670.27,2668.65,2669.7,0.51270308
2026-01-11 10:15:00+00:00,2669.7,2669.7,2668.74,2668.74,0.63806476
2026-01-11 10:20:00+00:00,2668.6,2669.34,2667.98,2667.98,1.97192523
2026-01-11 10:25:00+00:00,2667.96,2667.99,2667.06,2667.81,2.79272856
2026-01-11 10:30:00+00:00,2668.48,2669.45,2667.3,2668.76,0.9684093
2026-01-11 10:35:00+00:00,2669.22,2670.26,2668.68,2669.49,0.14469253
2026-01-11 10:40:00+00:00,2669.84,2669.84,2667.19,2667.19,1.3272543
2026-01-11 10:45:00+00:00,2667.73,2667.97,2666.96,2667.59,1.44666534
2026-01-11 10:50:00+00:00,2667.78,2669.88,2667.78,2668.95,2.67306758
2026-01-11 10:55:00+00:00,2668.81,2669.98,2668.55,2669.98,4.96388933
2026-01-11 11:00:00+00:00,2669.7,2669.7,2668.66,2668.66,1.37774775
2026-01-11 11:05:00+00:00,2667.25,2667.99,2666.19,2666.9,1.65509846
2026-01-11 11:10:00+00:00,2667.42,2667.64,2666.76,2666.85,0.23738844
2026-01-11 11:15:00+00:00,2666.02,2667.2,2666.02,2666.97,0.08160454
2026-01-11 11:20:00+00:00,2666.66,2667.79,2666.47,2666.47,1.80299928
2026-01-11 11:25:00+00:00,2667.46,2668.61,2667.29,2668.61,3.4563281
2026-01-11 11:30:00+00:00,2669.08,2670.24,2668.27,2669.19,0.95798873
2026-01-11 11:35:00+00:00,2668.54,2669.61,2668.54,2669.51,0.94440879
2026-01-11 11:40:00+00:00,2668.81,2669.85,2668.67,2669.65,2.47300016
2026-01-11 11:45:00+00:00,2668.8,2668.8,2667.2,2667.88,0.3698839
2026-01-11 11:50:00+00:00,2667.7,2667.71,2666.93,2667.46,2.57175932
2026-01-11 11:55:00+00:00,2667.44,2667.69,2665.63,2666.3,6.31217799
2026-01-11 12:00:00+00:00,2667.9,2668.87,2667.09,2668.87,0.44710545
2026-01-11 12:05:00+00:00,2669.05,2669.91,2667.74,2667.74,4.55756541
2026-01-11 12:10:00+00:00,2668.52,2670.06,2668.27,2670.06,11.734138
2026-01-11 12:15:00+00:00,2670.32,2671.77,2668.79,2671.63,6.78118196
2026-01-11 12:20:00+00:00,2671.33,2671.47,2669.73,2670.99,3.08247844
2026-01-11 12:25:00+00:00,2669.59,2671.19,2668.8,2671.13,1.11073512
2026-01-11 12:30:00+00:00,2671.41,2673.9,2670.98,2671.29,4.39235324
2026-01-11 12:35:00+00:00,2670.43,2670.5,2670.0,2670.5,0.40659931
2026-01-11 12:40:00+00:00,2670.5,2672.9,2670.5,2672.89,9.33653273
2026-01-11 12:45:00+00:00,2672.36,2676.74,2672.36,2674.22,15.71502088
2026-01-11 12:50:00+00:00,2675.59,2676.53,2673.65,2675.85,8.40730687
2026-01-11 12:55:00+00:00,2675.84,2676.4,2674.53,2675.01,1.33101638
2026-01-11 13:00:00+00:00,2674.81,2676.02,2672.95,2673.8,26.76939148
2026-01-11 13:05:00+00:00,2673.84,2674.87,2673.14,2674.37,12.2054664
2026-01-11 13:10:00+00:00,2674.03,2675.99,2674.0,2675.99,1.84203844
2026-01-11 13:15:00+00:00,2675.98,2676.43,2674.9,2675.8,4.1540728
2026-01-11 13:20:00+00:00,2676.01,2676.01,2673.0,2673.12,3.70298713
2026-01-11 13:25:00+00:00,2673.19,2674.16,2670.18,2673.72,16.80379064
2026-01-11 13:30:00+00:00,2672.47,2673.57,2670.41,2671.66,3.50705222
2026-01-11 13:35:00+00:00,2671.66,2673.1,2671.36,2673.1,0.98473034
2026-01-11 13:40:00+00:00,2673.29,2674.17,2668.8,2668.8,21.54988164
2026-01-11 13:45:00+00:00,2669.53,2671.0,2669.53,2671.0,0.12522845
2026-01-11 13:50:00+00:00,2671.23,2673.56,2671.23,2672.49,0.52405426
2026-01-11 13:55:00+00:00,2672.65,2672.65,2670.53,2671.04,0.84533316
2026-01-11 14:00:00+00:00,2670.55,2672.82,2670.51,2672.82,2.11495701
2026-01-11 14:05:00+00:00,2673.03,2674.98,2673.03,2674.98,1.10448242
2026-01-11 14:10:00+00:00,2674.89,2675.25,2674.35,2674.35,1.6531253
2026-01-11 14:15:00+00:00,2674.64,2674.64,2673.29,2674.1,1.77646563
2026-01-11 14:20:00+00:00,2674.37,2675.17,2673.96,2675.17,0.48703883
2026-01-11 14:25:00+00:00,2675.3,2675.93,2674.96,2675.91,5.56674838
2026-01-11 14:30:00+00:00,2676.0,2677.6,2674.0,2676.0,6.45577687
2026-01-11 14:35:00+00:00,2676.07,2676.97,2674.72,2675.45,40.59269624
2026-01-11 14:40:00+00:00,2676.8,2676.93,2673.47,2673.47,1.85465931
2026-01-11 14:45:00+00:00,2676.17,2676.63,2674.89,2674.89,2.63701392
2026-01-11 14:50:00+00:00,2674.25,2679.3,2673.68,2678.95,5.60794626
2026-01-11 14:55:00+00:00,2678.95,2687.8,2678.36,2684.53,24.38378602
2026-01-11 15:00:00+00:00,2683.62,2687.94,2681.57,2682.98,42.60673602
2026-01-11 15:05:00+00:00,2682.3,2682.89,2680.6,2680.68,6.04535146
2026-01-11 15:10:00+00:00,2680.94,2682.2,2677.79,2680.6,9.24012515
2026-01-11 15:15:00+00:00,2679.04,2682.31,2677.6,2680.34,2.95511285
2026-01-11 15:20:00+00:00,2680.38,2683.0,2679.51,2682.83,3.11377687
2026-01-11 15:25:00+00:00,2683.0,2683.66,2680.69,2680.69,1.70978554
2026-01-11 15:30:00+00:00,2681.92,2684.0,2681.39,2682.31,32.76077069
2026-01-11 15:35:00+00:00,2682.66,2684.1,2682.04,2682.18,10.89146626
2026-01-11 15:40:00+00:00,2682.94,2683.66,2674.44,2676.3,32.50047077
2026-01-11 15:45:00+00:00,2676.4,2676.4,2671.25,2673.29,2.16370099
2026-01-11 15:50:00+00:00,2673.23,2676.37,2673.14,2675.57,1.70728675
2026-01-11 15:55:00+00:00,2674.63,2678.0,2674.63,2678.0,0.81126909
2026-01-11 16:00:00+00:00,2679.18,2680.3,2677.61,2679.08,3.70237793
2026-01-11 16:05:00+00:00,2679.79,2680.39,2678.42,2678.42,9.98878293
2026-01-11 16:10:00+00:00,2677.05,2678.91,2676.09,2676.09,11.17687093
2026-01-11 16:15:00+00:00,2676.07,2678.99,2676.07,2678.99,37.51363459
2026-01-11 16:20:00+00:00,2678.66,2679.54,2678.66,2679.19,0.63707961
2026-01-11 16:25:00+00:00,2679.7,2683.09,2678.37,2682.15,13.04865074
2026-01-11 16:30:00+00:00,2690.81,2702.51,2683.17,2694.25,189.08563781
2026-01-11 16:35:00+00:00,2696.0,2697.86,2694.57,2694.57,19.25309593
2026-01-11 16:40:00+00:00,2696.06,2696.49,2691.97,2692.21,8.02380534
2026-01-11 16:45:00+00:00,2692.51,2694.39,2689.16,2689.43,15.642178
2026-01-11 16:50:00+00:00,2690.27,2690.27,2684.75,2687.49,17.05433826
2026-01-11 16:55:00+00:00,2687.47,2689.04,2686.62,2687.3,49.04531039
2026-01-11 17:00:00+00:00,2686.36,2687.45,2685.34,2686.5,0.84467888
2026-01-11 17:05:00+00:00,2686.5,2689.09,2686.02,2689.09,2.86335756
2026-01-11 17:10:00+00:00,2688.45,2690.35,2688.04,2689.22,0.91801961
2026-01-11 17:15:00+00:00,2687.36,2687.9,2684.85,2686.24,3.08895862
2026-01-11 17:20:00+00:00,2685.82,2688.92,2685.82,2687.59,3.76915985
2026-01-11 17:25:00+00:00,2687.88,2689.19,2687.88,2689.04,0.73550571
2026-01-11 17:30:00+00:00,2688.87,2689.7,2687.72,2689.7,1.63896689
2026-01-11 17:35:00+00:00,2689.13,2689.13,2677.31,2683.04,33.29374937
2026-01-11 17:40:00+00:00,2682.48,2683.31,2682.15,2683.3,11.54106591
2026-01-11 17:45:00+00:00,2683.25,2683.51,2680.9,2681.93,1.47005556
2026-01-11 17:50:00+00:00,2682.32,2684.63,2682.32,2684.63,3.39386488
2026-01-11 17:55:00+00:00,2685.05,2685.67,2684.74,2684.97,11.31878353
2026-01-11 18:00:00+00:00,2685.7,2686.11,2682.3,2683.65,2.13583152
2026-01-11 18:05:00+00:00,2682.41,2682.41,2680.89,2680.95,1.74256972
2026-01-11 18:10:00+00:00,2681.22,2681.66,2681.22,2681.28,0.75889301
2026-01-11 18:15:00+00:00,2681.0,2683.12,2681.0,2682.34,1.00385957
2026-01-11 18:20:00+00:00,2682.04,2684.3,2682.04,2683.91,5.18537817
2026-01-11 18:25:00+00:00,2682.9,2684.32,2682.86,2684.32,2.31218335
2026-01-11 18:30:00+00:00,2684.0,2684.0,2682.55,2682.7,11.87508657
2026-01-11 18:35:00+00:00,2683.13,2683.13,2679.6,2681.23,3.81860274
2026-01-11 18:40:00+00:00,2681.89,2682.23,2680.59,2681.6,6.12731739
2026-01-11 18:45:00+00:00,2682.72,2685.38,2682.25,2684.62,0.68751142
2026-01-11 18:50:00+00:00,2685.19,2690.43,2685.05,2687.9,10.06160707
2026-01-11 18:55:00+00:00,2688.3,2690.71,2685.45,2686.06,31.21328066
2026-01-11 19:00:00+00:00,2687.1,2687.88,2687.1,2687.22,2.75744912
2026-01-11 19:05:00+00:00,2687.27,2687.59,2685.6,2686.26,2.35109602
2026-01-11 19:10:00+00:00,2687.37,2689.25,2685.43,2688.43,13.08182464
2026-01-11 19:15:00+00:00,2687.86,2687.86,2685.06,2685.15,1.63146632
2026-01-11 19:20:00+00:00,2685.86,2686.41,2684.62,2685.69,1.46825757
2026-01-11 19:25:00+00:00,2685.69,2685.69,2683.22,2684.84,43.09171106
2026-01-11 19:30:00+00:00,2685.03,2685.66,2684.88,2685.22,6.20192366
2026-01-11 19:35:00+00:00,2683.88,2683.88,2682.26,2682.26,2.72797941
2026-01-11 19:40:00+00:00,2681.9,2682.28,2680.0,2681.11,8.42730208
2026-01-11 19:45:00+00:00,2680.0,2680.37,2677.71,2680.37,4.50385361
2026-01-11 19:50:00+00:00,2680.49,2681.63,2679.38,2681.23,1.74684358
2026-01-11 19:55:00+00:00,2681.38,2682.94,2679.67,2682.1,7.53553563
2026-01-11 20:00:00+00:00,2677.6,2682.03,2677.23,2677.53,14.52282267
2026-01-11 20:05:00+00:00,2678.04,2678.04,2667.8,2673.36,47.95951145
2026-01-11 20:10:00+00:00,2673.17,2674.74,2671.31,2672.24,3.86950072
2026-01-11 20:15:00+00:00,2670.35,2670.35,2664.44,2665.08,33.49980551
2026-01-11 20:20:00+00:00,2665.23,2670.17,2663.52,2664.95,15.33345647
2026-01-11 20:25:00+00:00,2665.01,2666.86,2664.36,2666.7,3.11016529
2026-01-11 20:30:00+00:00,2665.2,2669.76,2663.82,2664.63,3.35572919
2026-01-11 20:35:00+00:00,2669.71,2670.58,2668.25,2669.82,7.66648145
2026-01-11 20:40:00+00:00,2669.32,2669.82,2668.27,2668.27,15.05040495
2026-01-11 20:45:00+00:00,2669.7,2672.2,2669.7,2672.2,14.78458638
2026-01-11 20:50:00+00:00,2671.08,2673.75,2671.08,2673.6,9.76689862
2026-01-11 20:55:00+00:00,2673.59,2675.38,2673.3,2674.42,5.49479533
2026-01-11 21:00:00+00:00,2673.4,2673.4,2668.87,2672.08,5.18757682
2026-01-11 21:05:00+00:00,2669.21,2671.74,2669.21,2671.05,2.39326359
2026-01-11 21:10:00+00:00,2671.02,2672.54,2671.02,2671.04,0.53185444
2026-01-11 21:15:00+00:00,2672.34,2676.3,2672.34,2674.2,6.70113239
2026-01-11 21:20:00+00:00,2673.41,2674.7,2672.85,2674.34,2.38540792
2026-01-11 21:25:00+00:00,2673.73,2674.26,2672.5,2673.49,4.92882645
2026-01-11 21:30:00+00:00,2674.0,2676.78,2674.0,2675.43,2.70137088
2026-01-11 21:35:00+00:00,2676.25,2676.25,2673.0,2673.32,4.94605703
2026-01-11 21:40:00+00:00,2673.01,2674.68,2672.99,2673.71,0.91599331
2026-01-11 21:45:00+00:00,2674.37,2677.91,2673.32,2677.91,1.51510098
2026-01-11 21:50:00+00:00,2678.5,2684.48,2678.5,2680.7,25.49539108
2026-01-11 21:55:00+00:00,2680.6,2681.22,2679.3,2680.17,11.66085421
2026-01-11 22:00:00+00:00,2674.75,2679.35,2672.1,2672.1,4.95305359
2026-01-11 22:05:00+00:00,2671.3,2672.88,2668.8,2669.97,7.9148764
2026-01-11 22:10:00+00:00,2674.55,2674.88,2670.06,2672.01,5.30733978
2026-01-11 22:15:00+00:00,2673.67,2673.67,2670.59,2670.59,0.73091957
2026-01-11 22:20:00+00:00,2672.29,2675.37,2672.16,2675.25,1.2314556
2026-01-11 22:25:00+00:00,2676.56,2676.56,2674.69,2674.69,0.84616843
2026-01-11 22:30:00+00:00,2674.01,2676.31,2674.01,2675.29,3.39421314
2026-01-11 22:35:00+00:00,2675.7,2675.7,2672.11,2674.2,0.16078831
2026-01-11 22:40:00+00:00,2674.7,2676.01,2674.15,2674.56,3.94980705
2026-01-11 22:45:00+00:00,2675.93,2676.92,2674.09,2674.09,0.766395
2026-01-11 22:50:00+00:00,2674.81,2674.91,2671.34,2671.34,2.69367059
2026-01-11 22:55:00+00:00,2672.0,2673.12,2671.11,2671.11,8.2097918
2026-01-11 23:00:00+00:00,2670.27,2670.8,2657.82,2666.6,37.16574732
2026-01-11 23:05:00+00:00,2656.76,2661.57,2656.76,2661.57,1.48770072
2026-01-11 23:10:00+00:00,2664.81,2671.85,2664.79,2668.05,55.39766419
2026-01-11 23:15:00+00:00,2672.39,2683.0,2672.39,2682.34,25.40403575
2026-01-11 23:20:00+00:00,2684.18,2684.18,2674.8,2676.43,38.41252902
2026-01-11 23:25:00+00:00,2675.49,2678.67,2674.0,2674.62,22.95467998
2026-01-11 23:30:00+00:00,2675.62,2677.73,2673.77,2677.67,0.39589602
2026-01-11 23:35:00+00:00,2675.58,2675.58,2673.58,2673.8,13.37971609
2026-01-11 23:40:00+00:00,2675.93,2681.45,2675.49,2681.18,1.18607451
2026-01-11 23:45:00+00:00,2679.83,2680.46,2679.15,2680.46,0.27877913
2026-01-11 23:50:00+00:00,2680.45,2684.87,2680.2,2684.33,13.60156172
2026-01-11 23:55:00+00:00,2684.52,2684.52,2680.99,2683.68,7.21034239
2026-01-12 00:00:00+00:00,2680.8,2683.57,2677.37,2683.3,8.334659
2026-01-12 00:05:00+00:00,2677.69,2678.44,2671.03,2671.03,33.84921792
2026-01-12 00:10:00+00:00,2670.56,2674.26,2668.96,2673.91,19.94699176
2026-01-12 00:15:00+00:00,2672.4,2682.72,2671.98,2680.42,17.34899677
2026-01-12 00:20:00+00:00,2680.05,2682.02,2676.16,2679.26,14.53614427
2026-01-12 00:25:00+00:00,2679.02,2679.55,2677.22,2677.78,3.6177911
2026-01-12 00:30:00+00:00,2677.24,2679.58,2671.27,2672.38,17.20347705
2026-01-12 00:35:00+00:00,2672.43,2673.39,2661.85,2665.1,58.17369208
2026-01-12 00:40:00+00:00,2665.3,2665.3,2660.3,2660.3,16.77172751
2026-01-12 00:45:00+00:00,2661.4,2664.33,2660.88,2663.7,7.72404269
2026-01-12 00:50:00+00:00,2661.58,2661.85,2653.0,2659.43,98.04596728
2026-01-12 00:55:00+00:00,2663.0,2672.04,2662.46,2672.0,17.90918414
2026-01-12 01:00:00+00:00,2672.3,2687.02,2671.69,2687.02,95.96769531
2026-01-12 01:05:00+00:00,2685.65,2686.1,2677.9,2679.8,12.20097686
2026-01-12 01:10:00+00:00,2679.0,2682.2,2677.56,2679.0,6.14567943
2026-01-12 01:15:00+00:00,2674.5,2678.75,2673.5,2677.37,7.8094479
2026-01-12 01:20:00+00:00,2676.42,2680.98,2676.42,2679.79,10.17821666
2026-01-12 01:25:00+00:00,2676.84,2681.31,2676.32,2681.31,1.21805249
2026-01-12 01:30:00+00:00,2681.6,2681.72,2669.7,2675.51,6.49540118
2026-01-12 01:35:00+00:00,2667.8,2675.68,2667.8,2674.62,4.95965367
2026-01-12 01:40:00+00:00,2675.4,2676.98,2675.4,2676.98,0.7499682
2026-01-12 01:45:00+00:00,2677.66,2682.09,2677.24,2681.18,73.86952153
2026-01-12 01:50:00+00:00,2681.18,2681.3,2679.15,2679.35,4.89336935
2026-01-12 01:55:00+00:00,2678.81,2679.8,2677.56,2677.56,2.9786536
2026-01-12 02:00:00+00:00,2677.3,2682.35,2676.34,2681.49,12.77918048
2026-01-12 02:05:00+00:00,2680.83,2686.46,2680.06,2684.21,39.46852891
2026-01-12 02:10:00+00:00,2689.75,2692.3,2682.93,2691.5,4.25550038
2026-01-12 02:15:00+00:00,2692.6,2701.64,2692.2,2693.02,117.18835245
2026-01-12 02:20:00+00:00,2693.92,2693.92,2689.25,2690.12,2.83219491
2026-01-12 02:25:00+00:00,2690.38,2696.64,2690.11,2696.15,27.64288485
2026-01-12 02:30:00+00:00,2695.77,2696.65,2692.23,2693.7,4.12994707
2026-01-12 02:35:00+00:00,2694.4,2699.26,2694.4,2695.96,3.58116312
2026-01-12 02:40:00+00:00,2697.24,2700.01,2695.01,2698.18,19.92375064
2026-01-12 02:45:00+00:00,2699.52,2711.0,2699.52,2708.32,47.08130629
2026-01-12 02:50:00+00:00,2709.56,2713.8,2706.04,2708.0,4.5474479
2026-01-12 02:55:00+00:00,2711.99,2711.99,2705.41,2705.65,31.11179111
2026-01-12 03:00:00+00:00,2708.9,2710.36,2701.7,2704.37,29.70612015
2026-01-12 03:05:00+00:00,2705.73,2708.28,2705.07,2707.39,11.17367818
2026-01-12 03:10:00+00:00,2707.93,2716.4,2707.93,2715.39,14.48245978
2026-01-12 03:15:00+00:00,2714.81,2716.6,2712.87,2714.85,6.50299651
2026-01-12 03:20:00+00:00,2713.97,2715.9,2713.97,2715.56,0.02457415
2026-01-12 03:25:00+00:00,2715.9,2716.85,2711.09,2712.44,27.27493087
2026-01-12 03:30:00+00:00,2711.2,2711.48,2705.58,2707.5,0.09762701
2026-01-12 03:35:00+00:00,2708.05,2708.05,2704.0,2705.09,49.52708065
2026-01-12 03:40:00+00:00,2707.39,2707.39,2703.25,2703.95,0.28639858
2026-01-12 03:45:00+00:00,2703.95,2705.0,2701.4,2702.95,21.50541473
2026-01-12 03:50:00+00:00,2702.95,2703.89,2701.79,2703.61,10.80032251
2026-01-12 03:55:00+00:00,2704.94,2704.94,2700.9,2700.9,9.80038079
2026-01-12 04:00:00+00:00,2702.6,2702.77,2698.63,2699.42,9.76524981
2026-01-12 04:05:00+00:00,2700.12,2705.12,2698.63,2700.12,13.09588588
2026-01-12 04:10:00+00:00,2702.53,2707.02,2702.37,2707.02,4.52862945
2026-01-12 04:15:00+00:00,2707.45,2707.45,2705.1,2706.19,8.17208431
2026-01-12 04:20:00+00:00,2704.4,2704.96,2703.74,2704.96,2.15228156
2026-01-12 04:25:00+00:00,2704.3,2704.3,2703.46,2703.46,1.31643413
2026-01-12 04:30:00+00:00,2704.05,2707.37,2703.16,2707.37,0.17301829
2026-01-12 04:35:00+00:00,2709.1,2709.29,2707.79,2709.1,0.40806023
2026-01-12 04:40:00+00:00,2709.12,2709.96,2707.07,2707.07,0.1741054
2026-01-12 04:45:00+00:00,2709.18,2710.61,2708.91,2710.61,3.92667803
2026-01-12 04:50:00+00:00,2710.0,2710.0,2707.9,2707.96,1.73532588
2026-01-12 04:55:00+00:00,2708.02,2708.02,2706.8,2707.19,0.02949807
2026-01-12 05:00:00+00:00,2706.57,2706.57,2703.5,2705.51,6.10192076
2026-01-12 05:05:00+00:00,2705.25,2706.8,2704.62,2706.8,3.68744357
2026-01-12 05:10:00+00:00,2707.03,2708.09,2705.79,2706.16,7.43269355
2026-01-12 05:15:00+00:00,2705.1,2707.37,2704.3,2705.1,1.81149804
2026-01-12 05:20:00+00:00,2708.17,2711.3,2708.17,2709.98,17.5501902
2026-01-12 05:25:00+00:00,2709.92,2711.02,2709.59,2710.27,2.43428192
2026-01-12 05:30:00+00:00,2711.13,2711.36,2708.0,2709.54,14.67133166
2026-01-12 05:35:00+00:00,2708.96,2709.66,2707.78,2707.81,5.27902965
2026-01-12 05:40:00+00:00,2708.18,2708.18,2702.5,2705.13,13.01512712
2026-01-12 05:45:00+00:00,2704.87,2705.22,2703.78,2703.78,0.14788994
2026-01-12 05:50:00+00:00,2703.09,2705.06,2702.67,2705.0,4.69452256
2026-01-12 05:55:00+00:00,2704.6,2704.6,2703.29,2703.29,0.02224576
2026-01-12 06:00:00+00:00,2703.6,2703.94,2701.85,2703.31,12.1095551
2026-01-12 06:05:00+00:00,2703.6,2709.8,2702.44,2707.64,8.04697181
2026-01-12 06:10:00+00:00,2707.95,2709.79,2707.09,2707.66,2.06123286
2026-01-12 06:15:00+00:00,2708.09,2708.83,2705.76,2708.83,1.6480026
2026-01-12 06:20:00+00:00,2705.27,2705.27,2702.51,2703.03,4.02853891
2026-01-12 06:25:00+00:00,2702.75,2702.75,2701.7,2702.73,3.44062467
2026-01-12 06:30:00+00:00,2702.77,2703.95,2701.62,2703.01,6.9271569
2026-01-12 06:35:00+00:00,2702.38,2702.38,2699.41,2701.2,7.38072868
2026-01-12 06:40:00+00:00,2699.82,2704.04,2699.82,2703.61,3.67686467
2026-01-12 06:45:00+00:00,2703.99,2703.99,2702.0,2703.99,1.20445737
2026-01-12 06:50:00+00:00,2702.0,2702.3,2698.64,2698.64,3.11171193
2026-01-12 06:55:00+00:00,2699.46,2701.0,2698.63,2700.2,4.32157477
2026-01-12 07:00:00+00:00,2700.59,2702.5,2699.1,2702.5,5.47489868
2026-01-12 07:05:00+00:00,2701.9,2704.43,2700.75,2703.69,9.54441919
2026-01-12 07:10:00+00:00,2703.38,2703.76,2701.84,2701.94,2.37355939
2026-01-12 07:15:00+00:00,2702.76,2702.76,2699.65,2699.82,2.04722536
2026-01-12 07:20:00+00:00,2697.6,2699.82,2697.14,2699.82,5.74497688
2026-01-12 07:25:00+00:00,2698.5,2700.49,2697.36,2699.99,5.49242376
2026-01-12 07:30:00+00:00,2700.4,2700.4,2694.12,2694.64,3.9326264
2026-01-12 07:35:00+00:00,2693.26,2694.72,2688.28,2693.39,26.8757263
2026-01-12 07:40:00+00:00,2691.78,2692.23,2686.04,2686.94,41.23819305
2026-01-12 07:45:00+00:00,2684.06,2688.62,2683.01,2684.94,37.26166619
2026-01-12 07:50:00+00:00,2684.89,2685.64,2679.8,2680.77,21.06112595
2026-01-12 07:55:00+00:00,2682.2,2683.45,2680.2,2680.2,3.66408891
2026-01-12 08:00:00+00:00,2680.18,2682.01,2678.7,2679.18,14.95990082
2026-01-12 08:05:00+00:00,2684.11,2685.7,2679.17,2684.53,9.43946815
2026-01-12 08:10:00+00:00,2684.92,2688.1,2684.9,2685.8,16.57283887
2026-01-12 08:15:00+00:00,2685.75,2688.4,2683.96,2685.55,12.91375073
2026-01-12 08:20:00+00:00,2687.63,2691.38,2686.37,2686.37,4.00833426
2026-01-12 08:25:00+00:00,2685.82,2687.35,2685.25,2685.25,0.77509185
2026-01-12 08:30:00+00:00,2684.8,2684.8,2671.28,2673.34,75.91773601
2026-01-12 08:35:00+00:00,2668.32,2672.96,2658.0,2666.23,109.1129424
2026-01-12 08:40:00+00:00,2665.21,2665.21,2658.43,2658.54,41.34597523
2026-01-12 08:45:00+00:00,2654.7,2662.0,2652.61,2662.0,32.17122368
2026-01-12 08:50:00+00:00,2660.62,2664.5,2655.85,2664.5,27.18322769
2026-01-12 08:55:00+00:00,2664.52,2665.9,2662.23,2663.6,25.71231998
2026-01-12 09:00:00+00:00,2663.55,2665.83,2660.25,2665.23,8.64785975
2026-01-12 09:05:00+00:00,2665.42,2666.23,2664.41,2665.27,5.93420026
2026-01-12 09:10:00+00:00,2664.5,2666.12,2664.4,2665.14,4.14706565
2026-01-12 09:15:00+00:00,2664.96,2666.65,2664.47,2665.54,4.3825272
2026-01-12 09:20:00+00:00,2665.28,2669.6,2664.89,2666.77,11.57042639
2026-01-12 09:25:00+00:00,2666.39,2667.21,2663.28,2664.59,7.12675936
2026-01-12 09:30:00+00:00,2662.91,2668.7,2662.8,2668.6,65.39139794
2026-01-12 09:35:00+00:00,2666.98,2668.92,2665.87,2666.08,8.91464955
2026-01-12 09:40:00+00:00,2666.08,2668.81,2665.54,2667.79,6.47238378
2026-01-12 09:45:00+00:00,2668.38,2668.38,2667.0,2667.0,1.11276852
2026-01-12 09:50:00+00:00,2667.72,2668.62,2664.14,2666.27,12.05727448
2026-01-12 09:55:00+00:00,2665.82,2666.56,2664.0,2664.48,11.26422093
2026-01-12 10:00:00+00:00,2665.58,2665.64,2659.14,2665.31,21.48881026
2026-01-12 10:05:00+00:00,2665.35,2667.82,2664.3,2664.3,3.63362014
2026-01-12 10:10:00+00:00,2663.45,2666.41,2661.23,2663.49,19.02787525
2026-01-12 10:15:00+00:00,2662.48,2664.77,2661.0,2664.41,1.06520487
2026-01-12 10:20:00+00:00,2664.8,2664.8,2661.8,2663.63,5.97501746
2026-01-12 10:25:00+00:00,2662.91,2664.51,2662.24,2663.81,0.67782731
2026-01-12 10:30:00+00:00,2663.84,2666.12,2663.08,2665.72,2.91038258
2026-01-12 10:35:00+00:00,2665.53,2666.11,2664.2,2664.57,2.47791554
2026-01-12 10:40:00+00:00,2664.63,2664.63,2661.01,2661.71,0.41439428
2026-01-12 10:45:00+00:00,2661.16,2662.3,2659.29,2660.55,14.38528076
2026-01-12 10:50:00+00:00,2659.08,2659.08,2655.9,2657.42,7.05029497
2026-01-12 10:55:00+00:00,2657.8,2657.8,2654.4,2656.97,4.08301273
2026-01-12 11:00:00+00:00,2657.4,2659.39,2657.4,2659.39,2.9813075
2026-01-12 11:05:00+00:00,2659.4,2660.69,2657.2,2660.07,10.55731518
2026-01-12 11:10:00+00:00,2658.5,2661.52,2658.5,2661.25,6.76231235
2026-01-12 11:15:00+00:00,2660.0,2661.68,2659.98,2659.98,6.83655711
2026-01-12 11:20:00+00:00,2661.3,2665.1,2661.29,2664.8,7.60754172
2026-01-12 11:25:00+00:00,2664.6,2668.6,2664.6,2665.58,34.77546762
2026-01-12 11:30:00+00:00,2665.9,2667.6,2665.77,2666.86,2.79266456
2026-01-12 11:35:00+00:00,2666.53,2667.99,2663.43,2663.43,7.89343728
2026-01-12 11:40:00+00:00,2663.22,2664.08,2662.6,2663.34,4.19734623
2026-01-12 11:45:00+00:00,2663.47,2666.0,2663.47,2664.24,1.0587116
2026-01-12 11:50:00+00:00,2666.31,2666.93,2665.53,2665.53,7.22723739
2026-01-12 11:55:00+00:00,2666.28,2666.72,2665.66,2666.33,4.00520685
2026-01-12 12:00:00+00:00,2665.13,2667.5,2664.56,2667.5,4.5739718
2026-01-12 12:05:00+00:00,2669.52,2669.52,2666.22,2668.59,2.81578781
2026-01-12 12:10:00+00:00,2666.88,2667.66,2666.66,2666.87,2.19371795
2026-01-12 12:15:00+00:00,2669.79,2669.82,2667.63,2669.82,11.90137392
2026-01-12 12:20:00+00:00,2668.04,2670.6,2668.04,2670.6,10.75228046
2026-01-12 12:25:00+00:00,2669.88,2671.43,2667.93,2668.32,3.07702405
2026-01-12 12:30:00+00:00,2667.92,2667.92,2666.61,2667.54,4.01015245
2026-01-12 12:35:00+00:00,2668.3,2668.3,2662.24,2664.33,35.87454665
2026-01-12 12:40:00+00:00,2662.0,2665.02,2662.0,2664.32,2.66159611
2026-01-12 12:45:00+00:00,2665.4,2665.49,2663.38,2664.11,40.56537717
2026-01-12 12:50:00+00:00,2665.94,2667.56,2665.56,2667.06,0.85266261
2026-01-12 12:55:00+00:00,2667.73,2668.4,2665.32,2666.55,4.78990114
2026-01-12 13:00:00+00:00,2665.52,2667.95,2664.22,2667.45,2.89581264
2026-01-12 13:05:00+00:00,2665.67,2666.24,2657.58,2660.59,15.07219462
2026-01-12 13:10:00+00:00,2658.55,2661.12,2654.94,2655.27,54.69507677
2026-01-12 13:15:00+00:00,2655.74,2658.39,2655.67,2656.88,5.63870996
2026-01-12 13:20:00+00:00,2656.29,2659.38,2655.61,2655.61,7.58127076
2026-01-12 13:25:00+00:00,2655.26,2659.19,2655.13,2658.1,10.88774876
2026-01-12 13:30:00+00:00,2658.1,2661.03,2656.86,2661.03,1.53304087
2026-01-12 13:35:00+00:00,2660.98,2662.4,2659.61,2661.06,3.74946092
2026-01-12 13:40:00+00:00,2661.28,2661.76,2656.53,2657.5,4.85067433
2026-01-12 13:45:00+00:00,2657.4,2658.4,2653.81,2657.33,2.52135714
2026-01-12 13:50:00+00:00,2656.97,2659.6,2656.78,2659.34,4.80012252
2026-01-12 13:55:00+00:00,2658.1,2658.48,2656.74,2656.77,1.01215587
2026-01-12 14:00:00+00:00,2656.0,2657.43,2655.15,2655.41,7.59859455
2026-01-12 14:05:00+00:00,2656.5,2657.96,2654.75,2657.41,32.74750316
2026-01-12 14:10:00+00:00,2657.41,2658.91,2657.41,2658.34,3.00445763
2026-01-12 14:15:00+00:00,2657.96,2658.74,2639.0,2646.36,186.83513856
2026-01-12 14:20:00+00:00,2645.68,2645.68,2621.4,2630.63,237.06604686
2026-01-12 14:25:00+00:00,2628.3,2634.06,2624.87,2633.0,33.70836332
2026-01-12 14:30:00+00:00,2633.0,2649.0,2632.1,2645.69,102.12092466
2026-01-12 14:35:00+00:00,2651.7,2667.4,2641.65,2663.0,197.36016823
2026-01-12 14:40:00+00:00,2664.59,2665.9,2651.2,2655.57,61.92376565
2026-01-12 14:45:00+00:00,2654.15,2654.9,2647.25,2653.27,15.39947924
2026-01-12 14:50:00+00:00,2655.2,2662.3,2649.57,2649.57,11.68252868
2026-01-12 14:55:00+00:00,2647.8,2656.0,2647.8,2655.43,4.70822057
2026-01-12 15:00:00+00:00,2656.71,2656.71,2648.81,2648.81,14.59604839
2026-01-12 15:05:00+00:00,2650.3,2655.47,2647.9,2655.47,3.3298194
2026-01-12 15:10:00+00:00,2653.12,2653.13,2647.25,2652.18,26.63761802
2026-01-12 15:15:00+00:00,2652.23,2660.96,2650.69,2658.4,13.79894806
2026-01-12 15:20:00+00:00,2660.25,2675.8,2660.25,2668.46,76.82405182
2026-01-12 15:25:00+00:00,2668.08,2672.39,2664.33,2669.67,9.79842016
2026-01-12 15:30:00+00:00,2668.97,2670.7,2665.5,2668.33,9.22967169
2026-01-12 15:35:00+00:00,2670.22,2673.23,2668.77,2670.54,12.99660792
2026-01-12 15:40:00+00:00,2670.69,2680.05,2669.0,2676.03,44.10769792
2026-01-12 15:45:00+00:00,2675.11,2676.13,2670.24,2671.93,23.44488234
2026-01-12 15:50:00+00:00,2674.9,2675.69,2671.54,2674.7,5.7120393
2026-01-12 15:55:00+00:00,2676.3,2677.3,2674.4,2677.3,18.1760755
2026-01-12 16:00:00+00:00,2677.04,2680.7,2673.53,2678.0,37.4627186
2026-01-12 16:05:00+00:00,2679.51,2683.32,2676.88,2682.29,57.45815847
2026-01-12 16:10:00+00:00,2682.96,2684.21,2678.0,2679.98,13.08333415
2026-01-12 16:15:00+00:00,2681.77,2683.55,2675.47,2677.6,39.27249683
2026-01-12 16:20:00+00:00,2676.66,2679.92,2669.8,2679.85,33.7871074
2026-01-12 16:25:00+00:00,2679.6,2691.15,2678.68,2689.77,26.59226954
2026-01-12 16:30:00+00:00,2689.91,2692.12,2679.4,2680.46,43.22447405
2026-01-12 16:35:00+00:00,2681.25,2683.97,2678.25,2679.14,23.83280719
2026-01-12 16:40:00+00:00,2682.99,2683.7,2678.5,2679.62,10.72203224
2026-01-12 16:45:00+00:00,2679.05,2681.44,2674.11,2676.0,4.09403085
2026-01-12 16:50:00+00:00,2677.7,2682.0,2677.63,2681.08,2.89013448
2026-01-12 16:55:00+00:00,2681.18,2683.2,2679.11,2679.11,11.8565372
2026-01-12 17:00:00+00:00,2679.8,2685.56,2679.31,2684.82,9.77087384
2026-01-12 17:05:00+00:00,2684.19,2685.84,2679.64,2680.51,5.60272612
2026-01-12 17:10:00+00:00,2677.53,2679.19,2674.5,2677.8,1.44418081
2026-01-12 17:15:00+00:00,2678.6,2679.68,2676.27,2678.85,1.54963987
2026-01-12 17:20:00+00:00,2679.7,2681.31,2669.32,2669.82,13.90257224
2026-01-12 17:25:00+00:00,2671.96,2671.96,2663.83,2666.76,30.41962118
2026-01-12 17:30:00+00:00,2666.08,2666.68,2643.28,2650.04,48.72761236
2026-01-12 17:35:00+00:00,2649.14,2655.1,2644.3,2652.21,62.78805744
2026-01-12 17:40:00+00:00,2651.86,2657.33,2647.82,2653.05,104.70864761
2026-01-12 17:45:00+00:00,2652.59,2660.02,2652.32,2657.59,14.22079094
2026-01-12 17:50:00+00:00,2656.79,2660.67,2654.95,2660.06,10.79009512
2026-01-12 17:55:00+00:00,2661.12,2661.12,2657.62,2658.51,2.08201355
2026-01-12 18:00:00+00:00,2658.53,2659.69,2655.1,2655.1,4.33590554
2026-01-12 18:05:00+00:00,2655.05,2664.5,2654.61,2661.56,22.21162449
2026-01-12 18:10:00+00:00,2662.37,2668.1,2662.37,2664.05,19.25175331
2026-01-12 18:15:00+00:00,2663.32,2666.55,2662.71,2662.73,11.66869429
2026-01-12 18:20:00+00:00,2663.89,2668.52,2663.34,2666.9,6.33584454
2026-01-12 18:25:00+00:00,2668.08,2670.88,2665.51,2670.88,25.71528638
2026-01-12 18:30:00+00:00,2669.9,2670.41,2658.16,2659.02,29.74148405
2026-01-12 18:35:00+00:00,2657.88,2658.69,2650.74,2657.91,69.40904849
2026-01-12 18:40:00+00:00,2656.02,2658.55,2654.53,2657.63,12.31659667
2026-01-12 18:45:00+00:00,2657.7,2660.97,2655.5,2659.67,22.21747786
2026-01-12 18:50:00+00:00,2660.43,2663.51,2660.06,2661.58,6.96474342
2026-01-12 18:55:00+00:00,2663.72,2663.92,2661.3,2661.91,6.19778806
2026-01-12 19:00:00+00:00,2661.6,2661.6,2652.12,2652.55,12.88906506
2026-01-12 19:05:00+00:00,2651.97,2662.46,2651.97,2662.46,0.91197175
2026-01-12 19:10:00+00:00,2662.88,2662.88,2659.2,2659.47,15.55687789
2026-01-12 19:15:00+00:00,2661.86,2666.6,2661.77,2666.14,4.07369863
2026-01-12 19:20:00+00:00,2664.75,2667.0,2664.66,2665.54,7.11620591
2026-01-12 19:25:00+00:00,2665.56,2665.72,2660.17,2664.13,4.88724877
2026-01-12 19:30:00+00:00,2664.38,2667.8,2664.14,2666.16,10.77822172
2026-01-12 19:35:00+00:00,2666.28,2667.08,2664.37,2667.08,6.00027799
2026-01-12 19:40:00+00:00,2667.68,2668.24,2666.82,2668.24,4.06101671
2026-01-12 19:45:00+00:00,2666.53,2666.53,2665.3,2666.03,26.1883212
2026-01-12 19:50:00+00:00,2665.61,2672.01,2665.61,2665.61,35.01250277
2026-01-12 19:55:00+00:00,2671.47,2673.16,2671.05,2673.16,0.81418341
2026-01-12 20:00:00+00:00,2671.04,2675.34,2670.39,2674.91,17.01975857
2026-01-12 20:05:00+00:00,2674.57,2677.35,2673.0,2673.41,21.43783262
2026-01-12 20:10:00+00:00,2671.87,2673.23,2671.7,2672.51,17.15499045
2026-01-12 20:15:00+00:00,2671.71,2671.71,2666.83,2667.95,3.96358992
2026-01-12 20:20:00+00:00,2666.66,2668.06,2666.42,2667.36,1.31252864
2026-01-12 20:25:00+00:00,2667.36,2667.36,2661.85,2664.66,28.58900508
2026-01-12 20:30:00+00:00,2663.29,2663.29,2658.57,2659.2,0.99614427
2026-01-12 20:35:00+00:00,2659.92,2662.38,2658.81,2660.2,3.38000658
2026-01-12 20:40:00+00:00,2660.47,2660.47,2656.72,2659.65,21.54345571
2026-01-12 20:45:00+00:00,2657.6,2660.04,2655.87,2659.62,14.50932912
2026-01-12 20:50:00+00:00,2659.59,2659.87,2657.3,2657.3,13.01352227
2026-01-12 20:55:00+00:00,2657.5,2658.13,2655.88,2657.84,47.03177618
2026-01-12 21:00:00+00:00,2657.5,2658.11,2649.2,2649.66,35.59829663
2026-01-12 21:05:00+00:00,2649.17,2657.37,2649.17,2657.37,16.04516128
2026-01-12 21:10:00+00:00,2659.59,2661.11,2658.77,2659.21,2.26857873
2026-01-12 21:15:00+00:00,2658.62,2659.26,2656.78,2657.4,12.4485521
2026-01-12 21:20:00+00:00,2657.41,2658.25,2654.73,2655.32,5.38719474
2026-01-12 21:25:00+00:00,2654.74,2657.79,2653.5,2653.97,3.95964409
2026-01-12 21:30:00+00:00,2654.48,2654.74,2651.8,2653.05,6.72295369
2026-01-12 21:35:00+00:00,2653.29,2654.66,2652.96,2654.15,1.04107051
2026-01-12 21:40:00+00:00,2654.76,2655.52,2652.3,2655.09,0.53921922
2026-01-12 21:45:00+00:00,2652.57,2653.25,2647.95,2650.94,3.33840979
2026-01-12 21:50:00+00:00,2647.47,2650.81,2642.29,2643.78,37.68396921
2026-01-12 21:55:00+00:00,2643.78,2648.67,2643.78,2648.67,15.49490373
2026-01-12 22:00:00+00:00,2649.46,2656.98,2649.46,2655.33,26.33195071
2026-01-12 22:05:00+00:00,2654.63,2657.91,2653.58,2656.79,1.36713186
2026-01-12 22:10:00+00:00,2660.01,2660.08,2657.53,2658.19,9.92173224
2026-01-12 22:15:00+00:00,2656.81,2658.29,2655.9,2656.61,4.01222624
2026-01-12 22:20:00+00:00,2656.05,2657.98,2656.05,2656.64,3.18403419
2026-01-12 22:25:00+00:00,2656.55,2656.67,2651.73,2651.73,2.96590821
2026-01-12 22:30:00+00:00,2651.47,2657.61,2651.47,2657.07,25.52752821
2026-01-12 22:35:00+00:00,2657.0,2657.0,2654.02,2656.77,12.52192647
2026-01-12 22:40:00+00:00,2657.42,2658.84,2657.15,2657.43,6.42880067
2026-01-12 22:45:00+00:00,2656.66,2656.66,2652.81,2655.8,10.20436055
2026-01-12 22:50:00+00:00,2656.3,2656.3,2650.9,2653.31,13.35671032
2026-01-12 22:55:00+00:00,2651.54,2653.52,2650.54,2650.54,19.90332661
2026-01-12 23:00:00+00:00,2651.23,2653.23,2646.03,2646.76,22.63529835
2026-01-12 23:05:00+00:00,2647.07,2648.67,2645.0,2646.23,51.82555993
2026-01-12 23:10:00+00:00,2647.52,2648.46,2645.0,2645.0,14.10909506
2026-01-12 23:15:00+00:00,2647.32,2648.17,2645.85,2645.85,1.62707537
2026-01-12 23:20:00+00:00,2647.76,2649.7,2647.68,2649.7,2.03930471
2026-01-12 23:25:00+00:00,2649.94,2652.97,2649.65,2652.58,8.58867531
2026-01-12 23:30:00+00:00,2652.55,2653.59,2647.41,2647.41,10.72521889
2026-01-12 23:35:00+00:00,2647.7,2651.38,2647.7,2651.38,8.88545711
2026-01-12 23:40:00+00:00,2650.97,2651.15,2650.26,2650.99,0.41747812
2026-01-12 23:45:00+00:00,2649.51,2649.69,2648.59,2648.59,1.05085134
2026-01-12 23:50:00+00:00,2649.39,2650.6,2649.1,2650.57,8.04292399
2026-01-12 23:55:00+00:00,2650.11,2651.05,2650.02,2650.57,0.55704546
2026-01-13 00:00:00+00:00,2650.23,2654.63,2649.1,2653.01,17.08203492
2026-01-13 00:05:00+00:00,2654.21,2658.5,2653.68,2654.01,13.78210438
2026-01-13 00:10:00+00:00,2655.02,2662.36,2654.92,2658.34,76.08879501
2026-01-13 00:15:00+00:00,2655.71,2657.03,2654.9,2655.1,2.34866252
2026-01-13 00:20:00+00:00,2655.1,2660.34,2654.66,2658.32,5.62579538
2026-01-13 00:25:00+00:00,2659.36,2660.52,2659.09,2660.4,0.81557395
2026-01-13 00:30:00+00:00,2658.15,2660.01,2658.15,2659.05,0.04125207
2026-01-13 00:35:00+00:00,2660.08,2662.0,2659.01,2659.01,15.50014002
2026-01-13 00:40:00+00:00,2656.32,2658.38,2654.58,2656.32,4.69909826
2026-01-13 00:45:00+00:00,2657.8,2661.07,2657.35,2660.96,1.04211074
2026-01-13 00:50:00+00:00,2661.49,2663.4,2661.49,2661.49,2.22142527
2026-01-13 00:55:00+00:00,2662.83,2664.0,2662.56,2663.14,0.66412608
2026-01-13 01:00:00+00:00,2664.0,2664.0,2661.71,2662.91,1.11969152
2026-01-13 01:05:00+00:00,2662.75,2667.84,2662.75,2666.07,4.1080294
2026-01-13 01:10:00+00:00,2666.48,2666.48,2664.59,2664.59,0.15754886
2026-01-13 01:15:00+00:00,2663.91,2664.08,2662.33,2662.66,1.82127125
2026-01-13 01:20:00+00:00,2662.53,2663.66,2661.71,2661.71,0.18819639
2026-01-13 01:25:00+00:00,2662.24,2662.79,2656.3,2658.69,14.98294324
2026-01-13 01:30:00+00:00,2659.09,2659.09,2654.4,2655.67,3.70949349
2026-01-13 01:35:00+00:00,2653.5,2653.5,2650.4,2652.02,6.1089745
2026-01-13 01:40:00+00:00,2650.5,2652.75,2649.59,2650.74,0.05824344
2026-01-13 01:45:00+00:00,2652.4,2654.3,2651.99,2654.3,1.54396344
2026-01-13 01:50:00+00:00,2653.55,2654.21,2653.25,2653.25,0.05432135
2026-01-13 01:55:00+00:00,2652.62,2653.4,2652.27,2652.71,0.70854686
2026-01-13 02:00:00+00:00,2654.66,2661.85,2654.66,2661.85,18.02002693
2026-01-13 02:05:00+00:00,2661.97,2661.97,2658.16,2658.16,1.80178932
2026-01-13 02:10:00+00:00,2657.46,2659.6,2657.46,2658.39,0.23104437
2026-01-13 02:15:00+00:00,2660.78,2661.36,2660.78,2661.36,0.19532603
2026-01-13 02:25:00+00:00,2658.1,2660.61,2658.0,2660.61,0.11890135
2026-01-13 02:30:00+00:00,2659.99,2661.51,2659.99,2661.51,1.94842247
2026-01-13 02:35:00+00:00,2661.18,2661.18,2657.14,2658.05,6.51706199
2026-01-13 02:40:00+00:00,2657.07,2658.4,2656.41,2656.62,0.29482158
2026-01-13 02:45:00+00:00,2656.39,2657.92,2656.01,2657.92,0.27743128
2026-01-13 02:50:00+00:00,2659.22,2660.92,2657.7,2657.73,0.57128085
2026-01-13 02:55:00+00:00,2659.2,2659.2,2655.09,2656.22,5.3127249
2026-01-13 03:00:00+00:00,2659.2,2659.44,2658.57,2659.42,1.95458456
2026-01-13 03:05:00+00:00,2659.2,2659.62,2657.57,2658.03,0.11773366
2026-01-13 03:10:00+00:00,2664.44,2664.76,2658.43,2664.07,52.15846637
2026-01-13 03:15:00+00:00,2665.1,2665.8,2662.58,2663.61,3.36454827
2026-01-13 03:20:00+00:00,2663.56,2670.9,2661.0,2669.21,11.54286296
2026-01-13 03:25:00+00:00,2669.56,2669.56,2667.82,2668.56,0.99502135
2026-01-13 03:30:00+00:00,2667.94,2670.54,2664.82,2667.0,31.31171253
2026-01-13 03:35:00+00:00,2667.29,2669.95,2666.72,2667.91,0.89519719
2026-01-13 03:40:00+00:00,2667.24,2668.95,2666.53,2668.87,0.08986136
2026-01-13 03:45:00+00:00,2668.2,2668.78,2667.9,2668.68,2.80408816
2026-01-13 03:50:00+00:00,2667.23,2667.23,2667.23,2667.23,0.002
2026-01-13 03:55:00+00:00,2669.0,2670.55,2669.0,2670.33,0.69512569
2026-01-13 04:00:00+00:00,2670.78,2672.33,2669.89,2670.63,0.43152543
2026-01-13 04:05:00+00:00,2672.21,2672.9,2671.73,2672.9,0.410629
2026-01-13 04:10:00+00:00,2672.9,2674.11,2672.77,2673.44,0.56119037
2026-01-13 04:15:00+00:00,2673.55,2674.28,2671.34,2671.34,5.61921772
2026-01-13 04:20:00+00:00,2671.2,2673.84,2668.93,2673.65,1.00118369
2026-01-13 04:25:00+00:00,2669.17,2670.65,2667.0,2668.85,5.2687166
2026-01-13 04:30:00+00:00,2668.53,2668.53,2666.2,2666.72,1.23376114
2026-01-13 04:35:00+00:00,2666.72,2669.41,2666.72,2669.41,0.04355418
2026-01-13 04:40:00+00:00,2669.28,2669.6,2668.18,2669.27,0.71099967
2026-01-13 04:45:00+00:00,2669.7,2670.4,2668.88,2670.4,0.47814415
2026-01-13 04:50:00+00:00,2670.64,2671.55,2670.64,2671.55,0.04884079
2026-01-13 04:55:00+00:00,2675.0,2675.0,2674.36,2674.44,0.03359551
2026-01-13 05:00:00+00:00,2675.7,2681.2,2674.56,2676.77,9.59292261
2026-01-13 05:05:00+00:00,2677.49,2678.54,2676.8,2678.54,5.33005472
2026-01-13 05:10:00+00:00,2679.08,2683.13,2679.07,2681.57,2.98305419
2026-01-13 05:15:00+00:00,2682.25,2690.28,2681.24,2689.68,31.18001653
2026-01-13 05:20:00+00:00,2689.94,2693.72,2686.23,2688.2,11.93929673
2026-01-13 05:25:00+00:00,2692.89,2693.0,2688.62,2688.62,13.52294522
2026-01-13 05:30:00+00:00,2688.67,2690.39,2683.47,2683.76,27.24690932
2026-01-13 05:35:00+00:00,2684.11,2686.17,2682.84,2685.05,2.5620665
2026-01-13 05:40:00+00:00,2685.19,2685.8,2683.39,2685.71,1.03849556
2026-01-13 05:45:00+00:00,2685.42,2688.97,2684.59,2688.97,8.92161323
2026-01-13 05:50:00+00:00,2688.92,2688.92,2683.03,2683.2,13.9257462
2026-01-13 05:55:00+00:00,2683.43,2683.79,2680.58,2681.94,10.91373057
2026-01-13 06:00:00+00:00,2681.71,2686.16,2681.15,2681.15,10.94862096
2026-01-13 06:05:00+00:00,2682.7,2682.95,2676.58,2679.8,56.14635822
2026-01-13 06:10:00+00:00,2680.69,2681.03,2678.8,2678.8,57.25419822
2026-01-13 06:15:00+00:00,2680.33,2682.25,2680.33,2681.19,1.50563914
2026-01-13 06:20:00+00:00,2681.23,2683.78,2681.23,2682.0,18.73641921
2026-01-13 06:25:00+00:00,2683.24,2685.39,2682.16,2682.3,9.99849613
2026-01-13 06:30:00+00:00,2682.21,2684.32,2682.21,2683.16,1.09189088
2026-01-13 06:35:00+00:00,2685.13,2685.69,2685.0,2685.66,5.20866257
2026-01-13 06:40:00+00:00,2686.07,2687.02,2681.17,2681.17,8.93332925
2026-01-13 06:45:00+00:00,2681.85,2683.9,2681.35,2683.9,1.74151766
2026-01-13 06:50:00+00:00,2684.57,2689.59,2683.97,2687.9,16.41234993
2026-01-13 06:55:00+00:00,2688.2,2688.25,2686.43,2686.7,3.27346729
2026-01-13 07:00:00+00:00,2686.97,2686.97,2684.03,2684.03,0.72036403
2026-01-13 07:05:00+00:00,2683.61,2683.61,2681.81,2682.9,12.15675851
2026-01-13 07:10:00+00:00,2683.45,2684.29,2682.9,2683.02,3.10169249
2026-01-13 07:15:00+00:00,2682.77,2682.77,2679.16,2679.38,1.72916943
2026-01-13 07:20:00+00:00,2679.5,2681.88,2678.1,2679.16,17.93785019
2026-01-13 07:25:00+00:00,2679.23,2680.78,2677.74,2680.24,1.91549958
2026-01-13 07:30:00+00:00,2680.33,2680.33,2678.14,2678.88,1.1048514
2026-01-13 07:35:00+00:00,2679.01,2679.41,2676.78,2677.07,9.07107081
2026-01-13 07:40:00+00:00,2676.65,2678.5,2676.65,2677.48,0.84735443
2026-01-13 07:45:00+00:00,2677.7,2677.7,2675.1,2675.99,2.01141272
2026-01-13 07:50:00+00:00,2675.66,2676.0,2674.84,2674.84,7.93457255
2026-01-13 07:55:00+00:00,2675.29,2676.3,2674.5,2674.53,3.47013823
2026-01-13 08:00:00+00:00,2674.61,2678.0,2674.61,2677.72,7.56477842
2026-01-13 08:05:00+00:00,2678.29,2681.67,2677.74,2679.4,6.01850057
2026-01-13 08:10:00+00:00,2679.45,2679.65,2677.84,2678.4,2.16859246
2026-01-13 08:15:00+00:00,2678.42,2680.16,2678.41,2680.16,1.36627564
2026-01-13 08:20:00+00:00,2679.52,2681.19,2679.42,2680.56,4.48688702
2026-01-13 08:25:00+00:00,2680.76,2681.7,2679.1,2679.27,4.72762385
2026-01-13 08:30:00+00:00,2678.86,2680.1,2678.39,2680.1,0.84023299
2026-01-13 08:35:00+00:00,2680.17,2683.68,2680.07,2682.51,6.94203464
2026-01-13 08:40:00+00:00,2682.48,2683.78,2681.92,2683.78,1.16429419
2026-01-13 08:45:00+00:00,2682.83,2685.79,2682.5,2685.21,0.44289389
2026-01-13 08:50:00+00:00,2686.02,2688.13,2685.61,2685.61,4.08380833
2026-01-13 08:55:00+00:00,2685.44,2686.61,2684.85,2685.99,2.36789367
2026-01-13 09:00:00+00:00,2685.3,2691.7,2683.8,2690.18,20.01239962
2026-01-13 09:05:00+00:00,2690.82,2690.82,2687.57,2689.65,16.30544072
2026-01-13 09:10:00+00:00,2689.88,2691.89,2689.47,2690.55,5.14313697
2026-01-13 09:15:00+00:00,2691.0,2692.3,2687.71,2690.0,35.41344902
2026-01-13 09:20:00+00:00,2689.79,2696.39,2688.96,2694.01,40.09982925
2026-01-13 09:25:00+00:00,2691.04,2692.57,2691.04,2691.41,6.42997358
2026-01-13 09:30:00+00:00,2691.64,2693.18,2688.86,2688.86,2.28463153
2026-01-13 09:35:00+00:00,2688.55,2689.25,2685.63,2687.85,13.00295311
2026-01-13 09:40:00+00:00,2687.59,2688.35,2679.28,2683.0,39.12858698
2026-01-13 09:45:00+00:00,2683.96,2688.33,2683.2,2687.97,5.65650986
2026-01-13 09:50:00+00:00,2687.25,2689.3,2687.25,2688.78,6.57748922
2026-01-13 09:55:00+00:00,2687.05,2687.83,2684.54,2687.83,8.44551894
2026-01-13 10:00:00+00:00,2687.58,2688.69,2685.95,2688.26,4.46815498
2026-01-13 10:05:00+00:00,2688.43,2688.63,2685.23,2687.86,1.67449366
2026-01-13 10:10:00+00:00,2688.1,2689.05,2684.32,2684.54,1.85322301
2026-01-13 10:15:00+00:00,2683.33,2685.8,2683.33,2685.56,3.91600796
2026-01-13 10:20:00+00:00,2685.53,2687.0,2685.13,2687.0,1.68030591
2026-01-13 10:25:00+00:00,2685.7,2688.1,2685.65,2688.1,1.89383456
2026-01-13 10:30:00+00:00,2688.42,2688.49,2686.37,2687.23,5.69991688
2026-01-13 10:35:00+00:00,2687.17,2688.08,2685.79,2685.9,1.96192811
2026-01-13 10:40:00+00:00,2685.5,2685.92,2680.31,2681.48,4.23685099
2026-01-13 10:45:00+00:00,2680.55,2683.07,2679.71,2682.53,7.41811052
2026-01-13 10:50:00+00:00,2682.68,2684.0,2682.39,2683.14,1.54195895
2026-01-13 10:55:00+00:00,2684.11,2684.68,2683.25,2684.68,0.3924383
2026-01-13 11:00:00+00:00,2684.39,2685.4,2681.8,2683.45,3.06591963
2026-01-13 11:05:00+00:00,2683.96,2686.61,2683.29,2686.61,4.34976612
2026-01-13 11:10:00+00:00,2685.99,2687.4,2684.81,2684.81,1.6123128
2026-01-13 11:15:00+00:00,2686.75,2687.0,2685.47,2686.17,1.75877002
2026-01-13 11:20:00+00:00,2684.65,2685.88,2683.92,2685.0,15.23390506
2026-01-13 11:25:00+00:00,2686.54,2686.54,2685.79,2685.81,0.39748821
2026-01-13 11:30:00+00:00,2684.87,2685.08,2683.64,2683.68,0.79776563
2026-01-13 11:35:00+00:00,2682.87,2685.0,2682.87,2684.26,0.51592869
2026-01-13 11:40:00+00:00,2683.81,2684.56,2682.74,2683.06,3.42959298
2026-01-13 11:45:00+00:00,2682.77,2683.2,2681.32,2682.23,8.16173883
2026-01-13 11:50:00+00:00,2683.07,2685.0,2682.12,2685.0,4.82342133
2026-01-13 11:55:00+00:00,2684.99,2687.4,2683.16,2686.1,4.26396447
2026-01-13 12:00:00+00:00,2683.99,2687.1,2683.67,2683.68,13.71801756
2026-01-13 12:05:00+00:00,2683.72,2684.44,2680.01,2682.83,14.62233304
2026-01-13 12:10:00+00:00,2682.81,2684.5,2681.36,2681.5,5.95137111
2026-01-13 12:15:00+00:00,2681.5,2683.41,2680.7,2683.41,9.78638355
2026-01-13 12:20:00+00:00,2683.56,2684.93,2683.27,2683.83,1.72126593
2026-01-13 12:25:00+00:00,2683.31,2684.52,2683.27,2683.58,1.05723658
2026-01-13 12:30:00+00:00,2683.99,2686.79,2683.15,2684.77,15.37494612
2026-01-13 12:35:00+00:00,2684.51,2685.77,2684.46,2685.77,0.78487303
2026-01-13 12:40:00+00:00,2685.68,2688.04,2685.14,2686.24,0.48903838
2026-01-13 12:45:00+00:00,2686.18,2686.66,2685.7,2686.37,2.95938359
2026-01-13 12:50:00+00:00,2685.92,2687.34,2684.42,2685.79,5.88786047
2026-01-13 12:55:00+00:00,2686.04,2686.22,2685.0,2685.2,4.1937931
2026-01-13 13:00:00+00:00,2687.33,2687.48,2683.3,2683.48,34.5970377
2026-01-13 13:05:00+00:00,2683.31,2688.93,2683.17,2688.31,54.9981347
2026-01-13 13:10:00+00:00,2688.8,2690.0,2688.02,2688.58,2.91771546
2026-01-13 13:15:00+00:00,2688.24,2689.59,2687.93,2688.72,6.12183788
2026-01-13 13:20:00+00:00,2689.1,2690.6,2688.29,2690.12,7.39049127
2026-01-13 13:25:00+00:00,2690.18,2694.0,2690.18,2691.7,48.26238855
2026-01-13 13:30:00+00:00,2693.75,2706.84,2688.03,2697.64,850.75099045
2026-01-13 13:35:00+00:00,2697.7,2702.71,2687.07,2688.31,239.47812385
2026-01-13 13:40:00+00:00,2688.61,2693.79,2688.35,2692.32,79.98266078
2026-01-13 13:45:00+00:00,2692.49,2697.23,2691.75,2693.63,8.43028549
2026-01-13 13:50:00+00:00,2696.33,2696.78,2689.68,2694.56,41.39663976
2026-01-13 13:55:00+00:00,2694.63,2695.0,2690.67,2692.98,8.62765345
2026-01-13 14:00:00+00:00,2691.11,2691.16,2680.62,2684.95,137.35143982
2026-01-13 14:05:00+00:00,2685.4,2690.1,2685.3,2689.68,28.71751831
2026-01-13 14:10:00+00:00,2689.12,2689.95,2687.81,2688.78,1.24114448
2026-01-13 14:15:00+00:00,2692.2,2695.08,2689.81,2693.01,23.54266397
2026-01-13 14:20:00+00:00,2694.99,2699.69,2694.99,2697.41,4.77282767
2026-01-13 14:25:00+00:00,2697.09,2703.12,2695.33,2703.12,23.44174133
2026-01-13 14:30:00+00:00,2700.6,2704.0,2696.09,2700.02,25.61389797
2026-01-13 14:35:00+00:00,2698.86,2709.37,2698.6,2706.03,26.67600621
2026-01-13 14:40:00+00:00,2709.73,2710.89,2705.22,2706.5,72.06235395
2026-01-13 14:45:00+00:00,2706.0,2709.02,2694.46,2697.47,65.55548135
2026-01-13 14:50:00+00:00,2698.11,2701.19,2694.65,2695.01,26.28696908
2026-01-13 14:55:00+00:00,2696.2,2697.84,2694.22,2694.26,16.45503606
2026-01-13 15:00:00+00:00,2694.22,2695.49,2685.02,2691.21,44.81263861
2026-01-13 15:05:00+00:00,2691.24,2699.0,2690.2,2694.62,7.59474502
2026-01-13 15:10:00+00:00,2693.1,2698.37,2690.87,2696.85,4.63384611
2026-01-13 15:15:00+00:00,2697.28,2697.28,2689.08,2695.07,17.52350178
2026-01-13 15:20:00+00:00,2691.88,2695.07,2688.83,2694.66,1.879072
2026-01-13 15:25:00+00:00,2694.6,2697.59,2692.36,2696.3,2.45127223
2026-01-13 15:30:00+00:00,2696.7,2709.0,2696.7,2707.9,10.47154854
2026-01-13 15:35:00+00:00,2707.23,2720.28,2705.18,2711.99,47.55806863
2026-01-13 15:40:00+00:00,2713.52,2717.21,2710.38,2711.79,22.8494764
2026-01-13 15:45:00+00:00,2713.5,2715.11,2706.72,2709.31,37.20707121
2026-01-13 15:50:00+00:00,2707.6,2715.08,2705.29,2715.08,33.42644072
2026-01-13 15:55:00+00:00,2730.48,2736.21,2714.69,2731.5,175.0682712
2026-01-13 16:00:00+00:00,2731.75,2740.91,2731.75,2736.7,180.80384082
2026-01-13 16:05:00+00:00,2736.7,2739.6,2730.57,2731.62,89.2554212
2026-01-13 16:10:00+00:00,2731.35,2736.03,2728.4,2728.96,42.19569691
2026-01-13 16:15:00+00:00,2727.3,2732.36,2725.9,2728.28,81.56416737
2026-01-13 16:20:00+00:00,2730.09,2734.59,2728.78,2731.74,112.7463969
2026-01-13 16:25:00+00:00,2733.28,2733.55,2723.87,2724.54,63.0979983
2026-01-13 16:30:00+00:00,2725.89,2739.03,2725.18,2738.65,30.92180023
2026-01-13 16:35:00+00:00,2738.42,2742.37,2735.34,2736.34,38.05706652
2026-01-13 16:40:00+00:00,2736.49,2740.89,2732.85,2735.81,10.42478189
2026-01-13 16:45:00+00:00,2738.64,2740.4,2735.84,2739.89,14.08032221
2026-01-13 16:50:00+00:00,2739.9,2739.9,2736.74,2737.96,6.35983125
2026-01-13 16:55:00+00:00,2734.9,2741.0,2728.61,2729.68,20.71865259
2026-01-13 17:00:00+00:00,2730.12,2734.43,2729.81,2733.31,7.48932809
2026-01-13 17:05:00+00:00,2733.21,2733.55,2730.34,2730.58,5.41098436
2026-01-13 17:10:00+00:00,2730.53,2730.74,2725.38,2730.33,65.51001958
2026-01-13 17:15:00+00:00,2729.23,2734.0,2724.0,2728.04,35.41613232
2026-01-13 17:20:00+00:00,2727.43,2733.2,2725.86,2732.3,20.40584235
2026-01-13 17:25:00+00:00,2733.7,2734.54,2731.13,2734.16,15.92612997
2026-01-13 17:30:00+00:00,2733.76,2733.87,2726.99,2732.9,30.68617644
2026-01-13 17:35:00+00:00,2732.92,2733.1,2725.0,2725.33,10.05963797
2026-01-13 17:40:00+00:00,2724.99,2731.23,2723.99,2729.06,47.61949096
2026-01-13 17:45:00+00:00,2728.71,2735.4,2728.07,2731.47,52.15346415
2026-01-13 17:50:00+00:00,2733.43,2735.28,2731.93,2734.49,5.53415517
2026-01-13 17:55:00+00:00,2735.1,2735.1,2728.56,2729.9,14.99767013
2026-01-13 18:00:00+00:00,2727.8,2732.2,2727.3,2730.9,26.15124869
2026-01-13 18:05:00+00:00,2733.22,2737.0,2730.5,2734.37,8.45884159
2026-01-13 18:10:00+00:00,2734.31,2739.5,2732.45,2737.98,42.57731301
2026-01-13 18:15:00+00:00,2738.7,2740.8,2736.73,2740.6,6.36157207
2026-01-13 18:20:00+00:00,2737.88,2745.81,2737.06,2739.72,85.63781832
2026-01-13 18:25:00+00:00,2741.06,2743.0,2738.38,2739.32,22.00817817
2026-01-13 18:30:00+00:00,2740.4,2741.94,2738.01,2738.98,4.12551326
2026-01-13 18:35:00+00:00,2739.25,2743.51,2739.25,2742.21,6.6445192
2026-01-13 18:40:00+00:00,2741.28,2744.51,2738.64,2742.86,12.88074014
2026-01-13 18:45:00+00:00,2743.78,2757.9,2741.9,2757.07,152.82011275
2026-01-13 18:50:00+00:00,2748.6,2749.5,2744.45,2745.7,20.53757737
2026-01-13 18:55:00+00:00,2746.22,2746.33,2743.2,2745.34,10.54022579
2026-01-13 19:00:00+00:00,2746.02,2747.22,2740.64,2742.72,9.54652885
2026-01-13 19:05:00+00:00,2743.0,2743.0,2738.17,2739.43,7.40838159
2026-01-13 19:10:00+00:00,2739.36,2742.86,2739.01,2740.01,6.96483826
2026-01-13 19:15:00+00:00,2740.74,2744.53,2738.5,2741.0,22.03922184
2026-01-13 19:20:00+00:00,2744.28,2749.1,2744.28,2744.77,35.99175268
2026-01-13 19:25:00+00:00,2744.37,2749.44,2743.37,2748.14,6.80613337
2026-01-13 19:30:00+00:00,2748.92,2762.36,2748.92,2755.33,64.85317345
2026-01-13 19:35:00+00:00,2753.55,2756.64,2752.91,2754.74,27.72837032
2026-01-13 19:40:00+00:00,2754.17,2755.19,2750.7,2751.2,6.13419001
2026-01-13 19:45:00+00:00,2751.13,2752.9,2750.76,2752.51,14.55985909
2026-01-13 19:50:00+00:00,2753.02,2758.91,2752.82,2757.01,26.60873494
2026-01-13 19:55:00+00:00,2756.12,2760.0,2756.0,2759.74,40.3415083
2026-01-13 20:00:00+00:00,2760.0,2763.0,2757.78,2760.77,37.56617316
2026-01-13 20:05:00+00:00,2758.7,2760.64,2757.2,2758.67,21.00407085
2026-01-13 20:10:00+00:00,2756.8,2760.69,2754.14,2757.81,11.18450556
2026-01-13 20:15:00+00:00,2756.33,2760.0,2754.97,2758.32,17.68700376
2026-01-13 20:20:00+00:00,2757.68,2760.51,2755.79,2760.51,30.35758166
2026-01-13 20:25:00+00:00,2760.05,2760.05,2753.41,2754.04,21.44967604
2026-01-13 20:30:00+00:00,2755.22,2756.28,2745.99,2748.71,44.24348263
2026-01-13 20:35:00+00:00,2747.85,2747.85,2739.35,2741.94,73.22134926
2026-01-13 20:40:00+00:00,2742.99,2745.05,2739.2,2745.05,28.64511304
2026-01-13 20:45:00+00:00,2746.6,2749.35,2745.68,2747.3,23.36290402
2026-01-13 20:50:00+00:00,2745.88,2750.92,2745.88,2746.59,28.21323489
2026-01-13 20:55:00+00:00,2745.76,2751.65,2744.36,2750.09,55.06614668
2026-01-13 21:00:00+00:00,2751.03,2755.39,2746.97,2755.24,62.00607787
2026-01-13 21:05:00+00:00,2756.16,2757.93,2754.39,2755.03,18.26029121
2026-01-13 21:10:00+00:00,2752.99,2755.27,2752.99,2753.66,23.23625921
2026-01-13 21:15:00+00:00,2753.2,2759.8,2753.15,2756.12,46.99954227
2026-01-13 21:20:00+00:00,2755.02,2762.25,2754.44,2760.5,33.05628913
2026-01-13 21:25:00+00:00,2760.93,2761.52,2756.53,2756.81,35.28183063
2026-01-13 21:30:00+00:00,2757.44,2760.8,2756.81,2757.93,17.07811858
2026-01-13 21:35:00+00:00,2757.25,2760.7,2757.04,2757.65,18.02031239
2026-01-13 21:40:00+00:00,2758.08,2758.08,2755.25,2755.63,5.89424064
2026-01-13 21:45:00+00:00,2756.36,2757.9,2753.9,2757.89,17.27991011
2026-01-13 21:50:00+00:00,2757.9,2757.9,2754.29,2754.54,3.84132655
2026-01-13 21:55:00+00:00,2755.8,2756.98,2754.24,2755.66,11.99788675
2026-01-13 22:00:00+00:00,2756.65,2762.89,2756.4,2759.72,11.7993121
2026-01-13 22:05:00+00:00,2760.52,2827.0,2759.15,2825.43,968.57335407
2026-01-13 22:10:00+00:00,2826.2,2892.3,2818.21,2849.6,2229.25387623
2026-01-13 22:15:00+00:00,2850.01,2861.75,2830.62,2851.07,248.00453744
2026-01-13 22:20:00+00:00,2852.53,2859.51,2848.9,2853.8,123.73345774
2026-01-13 22:25:00+00:00,2853.98,2858.39,2842.63,2845.37,150.20766491
2026-01-13 22:30:00+00:00,2847.63,2853.27,2845.43,2849.69,87.02958427
2026-01-13 22:35:00+00:00,2848.85,2858.5,2842.19,2856.8,187.64318882
2026-01-13 22:40:00+00:00,2856.4,2865.49,2855.99,2859.97,102.02146137
2026-01-13 22:45:00+00:00,2860.81,2868.71,2859.26,2860.08,73.48103261
2026-01-13 22:50:00+00:00,2859.31,2867.45,2850.28,2854.59,252.6449854
2026-01-13 22:55:00+00:00,2854.84,2859.4,2853.55,2856.99,79.43009535
2026-01-13 23:00:00+00:00,2860.0,2872.05,2860.0,2872.05,120.2337056
2026-01-13 23:05:00+00:00,2866.57,2868.58,2854.19,2860.18,200.93803238
2026-01-13 23:10:00+00:00,2860.16,2863.68,2857.73,2863.04,50.79191813
2026-01-13 23:15:00+00:00,2863.17,2863.88,2857.97,2860.92,16.349731
2026-01-13 23:20:00+00:00,2861.39,2861.8,2853.84,2853.9,14.70010109
2026-01-13 23:25:00+00:00,2853.95,2854.88,2850.04,2853.64,70.82172975
2026-01-13 23:30:00+00:00,2854.48,2856.24,2847.1,2848.41,11.33163207
2026-01-13 23:35:00+00:00,2847.58,2848.9,2843.73,2846.34,68.23715635
2026-01-13 23:40:00+00:00,2846.34,2854.56,2846.22,2854.0,31.91117313
2026-01-13 23:45:00+00:00,2853.14,2853.77,2845.5,2847.93,20.93488535
2026-01-13 23:50:00+00:00,2846.78,2853.48,2846.63,2850.84,15.02181083
2026-01-14 00:00:00+00:00,2852.5,2862.1,2852.5,2856.2,82.85636932
2026-01-14 00:05:00+00:00,2856.3,2861.9,2854.88,2860.1,8.65921844
2026-01-14 00:10:00+00:00,2861.29,2863.9,2858.15,2861.52,14.2482945
2026-01-14 00:15:00+00:00,2861.04,2863.61,2855.99,2858.35,5.64167084
2026-01-14 00:20:00+00:00,2857.12,2861.1,2857.12,2858.04,0.64981543
2026-01-14 00:25:00+00:00,2857.69,2858.95,2854.94,2856.02,37.41289276
2026-01-14 00:30:00+00:00,2854.94,2856.11,2850.55,2850.55,10.7857928
2026-01-14 00:35:00+00:00,2849.5,2851.06,2846.37,2850.03,12.22503054
2026-01-14 00:40:00+00:00,2849.3,2851.11,2849.01,2849.01,3.18974948
2026-01-14 00:45:00+00:00,2847.66,2849.43,2844.7,2848.99,14.70952791
2026-01-14 00:50:00+00:00,2848.91,2855.0,2848.91,2851.43,4.01235217
2026-01-14 00:55:00+00:00,2852.86,2854.99,2850.95,2852.1,4.51257724
2026-01-14 01:00:00+00:00,2852.8,2853.0,2851.0,2853.0,6.89266894
2026-01-14 01:05:00+00:00,2855.7,2861.4,2854.86,2857.34,48.17744345
2026-01-14 01:10:00+00:00,2858.98,2862.42,2858.98,2862.26,6.11922058
2026-01-14 01:15:00+00:00,2861.56,2863.56,2859.47,2859.47,2.83125758
2026-01-14 01:20:00+00:00,2861.72,2861.72,2857.57,2860.93,3.44079207
2026-01-14 01:25:00+00:00,2861.97,2871.32,2861.97,2864.6,32.51422009
2026-01-14 01:30:00+00:00,2864.62,2869.15,2863.34,2867.34,7.95933095
2026-01-14 01:35:00+00:00,2864.71,2866.92,2859.94,2859.94,6.15602528
2026-01-14 01:40:00+00:00,2859.69,2859.86,2855.81,2858.36,48.70874239
2026-01-14 01:45:00+00:00,2858.09,2859.05,2854.9,2854.9,1.24981365
2026-01-14 01:50:00+00:00,2858.11,2863.29,2856.63,2861.84,16.36938437
2026-01-14 01:55:00+00:00,2861.82,2866.42,2861.82,2863.96,28.07453909
2026-01-14 02:00:00+00:00,2863.0,2867.26,2862.15,2862.15,19.28879788
2026-01-14 02:05:00+00:00,2864.0,2869.2,2864.0,2867.87,10.02117963
2026-01-14 02:10:00+00:00,2867.2,2882.99,2867.2,2875.8,80.79522348
2026-01-14 02:15:00+00:00,2875.32,2877.13,2867.6,2867.6,24.71925364
2026-01-14 02:20:00+00:00,2866.24,2867.81,2865.33,2866.02,2.01776987
2026-01-14 02:25:00+00:00,2865.95,2865.95,2862.51,2865.04,5.91967586
2026-01-14 02:30:00+00:00,2862.22,2866.26,2861.4,2861.4,1.80363041
2026-01-14 02:35:00+00:00,2865.35,2865.5,2861.98,2863.28,58.53292995
2026-01-14 02:40:00+00:00,2862.34,2863.93,2861.23,2862.76,3.7164838
2026-01-14 02:45:00+00:00,2862.33,2864.03,2860.73,2861.39,8.68056517
2026-01-14 02:50:00+00:00,2850.51,2861.15,2849.62,2851.06,175.84886193
2026-01-14 02:55:00+00:00,2850.97,2854.86,2849.89,2854.86,6.35830515
2026-01-14 03:00:00+00:00,2852.19,2855.36,2849.86,2855.18,42.16309199
2026-01-14 03:05:00+00:00,2855.17,2855.2,2853.61,2853.91,0.65832531
2026-01-14 03:10:00+00:00,2852.5,2854.9,2849.66,2852.68,10.72434768
2026-01-14 03:15:00+00:00,2852.21,2856.54,2851.72,2854.87,13.19653935
2026-01-14 03:20:00+00:00,2851.9,2855.71,2851.31,2855.71,2.87541594
2026-01-14 03:25:00+00:00,2853.27,2853.76,2851.51,2852.94,16.03130226
2026-01-14 03:30:00+00:00,2854.97,2858.36,2852.56,2858.16,18.42313969
2026-01-14 03:35:00+00:00,2858.24,2864.52,2857.96,2863.77,16.25950314
2026-01-14 03:40:00+00:00,2863.48,2864.25,2861.41,2863.97,3.66992167
2026-01-14 03:45:00+00:00,2864.14,2866.5,2863.23,2866.5,1.06763616
2026-01-14 03:50:00+00:00,2867.94,2869.76,2864.66,2868.48,33.0338006
2026-01-14 03:55:00+00:00,2868.32,2875.76,2868.02,2875.5,63.74960091
2026-01-14 04:00:00+00:00,2877.25,2886.57,2873.53,2876.98,111.92838885
2026-01-14 04:05:00+00:00,2876.91,2876.91,2867.21,2869.79,83.78031239
2026-01-14 04:10:00+00:00,2870.06,2870.77,2866.73,2867.99,9.21289533
2026-01-14 04:15:00+00:00,2867.81,2871.54,2867.44,2868.31,42.28313214
2026-01-14 04:20:00+00:00,2867.92,2870.95,2866.89,2868.37,52.89502519
2026-01-14 04:25:00+00:00,2870.89,2871.96,2869.29,2870.8,1.82313834
2026-01-14 04:30:00+00:00,2870.08,2870.31,2867.22,2867.22,8.42128695
2026-01-14 04:35:00+00:00,2870.24,2870.7,2869.12,2869.34,2.78528587
2026-01-14 04:40:00+00:00,2869.58,2870.48,2863.73,2864.89,85.71720036
2026-01-14 04:45:00+00:00,2864.46,2865.94,2864.16,2865.94,8.68768152
2026-01-14 04:50:00+00:00,2865.64,2865.88,2861.82,2863.56,28.90131472
2026-01-14 04:55:00+00:00,2865.65,2866.26,2863.89,2865.54,10.13012953
2026-01-14 05:00:00+00:00,2865.42,2865.42,2861.3,2861.98,26.40788229
2026-01-14 05:05:00+00:00,2864.75,2865.52,2861.21,2861.21,18.6232021
2026-01-14 05:10:00+00:00,2861.15,2862.8,2860.76,2862.29,10.88375829
2026-01-14 05:15:00+00:00,2862.93,2863.6,2861.3,2862.4,5.77613899
2026-01-14 05:20:00+00:00,2863.85,2864.2,2855.95,2857.32,27.63714419
2026-01-14 05:25:00+00:00,2855.78,2858.97,2854.2,2855.97,19.81763488
2026-01-14 05:30:00+00:00,2855.05,2859.53,2853.75,2856.33,25.47751688
2026-01-14 05:35:00+00:00,2860.0,2866.07,2858.66,2863.93,11.89124924
2026-01-14 05:40:00+00:00,2863.27,2864.81,2859.8,2860.15,40.1343014
2026-01-14 05:45:00+00:00,2860.88,2864.22,2859.59,2860.19,1.59208137
2026-01-14 05:50:00+00:00,2860.35,2862.32,2858.62,2862.32,6.02019044
2026-01-14 05:55:00+00:00,2858.86,2859.13,2857.0,2858.72,12.01141073
2026-01-14 06:00:00+00:00,2858.72,2858.72,2854.75,2856.85,13.12858997
2026-01-14 06:05:00+00:00,2856.13,2857.0,2852.25,2854.35,31.32523663
2026-01-14 06:10:00+00:00,2853.0,2857.94,2851.46,2856.1,38.11639831
2026-01-14 06:15:00+00:00,2857.52,2857.52,2853.0,2853.09,12.98513674
2026-01-14 06:20:00+00:00,2851.77,2853.6,2850.82,2850.98,28.19016209
2026-01-14 06:25:00+00:00,2852.38,2852.53,2850.1,2850.41,9.53060218
2026-01-14 06:30:00+00:00,2850.51,2854.48,2850.5,2852.35,22.03801564
2026-01-14 06:35:00+00:00,2852.99,2856.59,2850.14,2855.81,64.67449782
2026-01-14 06:40:00+00:00,2855.1,2860.23,2855.05,2859.73,7.17977476
2026-01-14 06:45:00+00:00,2860.94,2862.31,2858.36,2859.36,20.19833188
2026-01-14 06:50:00+00:00,2860.63,2860.67,2858.1,2858.63,11.61239387
2026-01-14 06:55:00+00:00,2858.48,2860.24,2858.28,2859.57,8.40599054
2026-01-14 07:00:00+00:00,2860.24,2866.03,2858.46,2859.4,40.08755819
2026-01-14 07:05:00+00:00,2864.99,2866.94,2860.25,2860.71,24.40994882
2026-01-14 07:10:00+00:00,2860.83,2860.91,2858.2,2858.93,14.91332579
2026-01-14 07:15:00+00:00,2859.0,2862.21,2858.66,2860.13,25.43120575
2026-01-14 07:20:00+00:00,2860.67,2863.31,2859.03,2861.8,22.21336878
2026-01-14 07:25:00+00:00,2862.23,2863.5,2856.93,2858.44,42.84469331
2026-01-14 07:30:00+00:00,2856.31,2858.49,2855.31,2856.44,7.39704151
2026-01-14 07:35:00+00:00,2858.38,2858.38,2854.68,2854.68,11.95655823
2026-01-14 07:40:00+00:00,2855.46,2857.6,2854.96,2856.81,26.09525532
2026-01-14 07:45:00+00:00,2856.7,2863.47,2856.2,2862.22,27.15357908
2026-01-14 07:50:00+00:00,2862.15,2863.44,2860.08,2860.7,17.95830102
2026-01-14 07:55:00+00:00,2859.9,2862.04,2859.9,2861.55,3.97160716
2026-01-14 08:00:00+00:00,2864.4,2866.8,2861.09,2863.53,20.00590679
2026-01-14 08:05:00+00:00,2862.94,2865.5,2861.62,2862.74,18.99795214
2026-01-14 08:10:00+00:00,2862.76,2866.9,2862.73,2866.22,13.14656308
2026-01-14 08:15:00+00:00,2867.32,2867.95,2864.72,2864.72,6.81407705
2026-01-14 08:20:00+00:00,2864.3,2866.17,2863.55,2865.12,7.35599242
2026-01-14 08:25:00+00:00,2864.45,2865.15,2862.98,2863.42,3.1916852
2026-01-14 08:30:00+00:00,2863.2,2863.92,2859.4,2863.13,13.7040276
2026-01-14 08:35:00+00:00,2858.7,2860.64,2856.31,2857.06,12.15465679
2026-01-14 08:40:00+00:00,2856.02,2856.98,2854.7,2855.97,5.92542668
2026-01-14 08:45:00+00:00,2855.55,2857.6,2855.55,2855.78,7.18771981
2026-01-14 08:50:00+00:00,2856.3,2857.95,2854.76,2857.95,21.24228206
2026-01-14 08:55:00+00:00,2855.87,2856.57,2854.9,2854.9,14.09311597
2026-01-14 09:00:00+00:00,2854.77,2857.25,2854.77,2856.05,16.21431825
2026-01-14 09:05:00+00:00,2856.09,2858.62,2855.32,2856.06,10.67255485
2026-01-14 09:10:00+00:00,2857.06,2859.3,2856.06,2858.2,2.34013206
2026-01-14 09:15:00+00:00,2857.07,2858.39,2855.89,2857.57,24.08587708
2026-01-14 09:20:00+00:00,2857.56,2859.99,2855.77,2857.88,16.55768409
2026-01-14 09:25:00+00:00,2859.7,2860.74,2857.4,2858.47,42.15887558
2026-01-14 09:30:00+00:00,2859.01,2860.66,2857.97,2859.57,9.77026797
2026-01-14 09:35:00+00:00,2861.28,2861.28,2857.63,2858.65,6.25530566
2026-01-14 09:40:00+00:00,2857.31,2858.38,2856.8,2857.25,2.88579778
2026-01-14 09:45:00+00:00,2856.81,2857.22,2855.3,2856.68,3.08496495
2026-01-14 09:50:00+00:00,2857.75,2857.75,2851.7,2851.93,16.47141495
2026-01-14 09:55:00+00:00,2852.85,2854.8,2852.4,2854.8,15.77085093
2026-01-14 10:00:00+00:00,2855.2,2856.55,2854.66,2854.94,7.03584775
2026-01-14 10:05:00+00:00,2854.67,2856.27,2853.89,2855.68,3.41089478
2026-01-14 10:10:00+00:00,2855.99,2858.74,2855.99,2858.67,7.57203299
2026-01-14 10:15:00+00:00,2858.9,2860.36,2854.02,2854.65,16.91642317
2026-01-14 10:20:00+00:00,2854.71,2854.71,2837.73,2842.92,212.80314598
2026-01-14 10:25:00+00:00,2842.51,2843.59,2837.12,2843.59,68.06544541
2026-01-14 10:30:00+00:00,2842.58,2845.32,2840.0,2840.0,35.99986449
2026-01-14 10:35:00+00:00,2840.0,2841.5,2832.57,2841.5,32.75335386
2026-01-14 10:40:00+00:00,2839.97,2843.37,2839.97,2840.86,31.63783792
2026-01-14 10:45:00+00:00,2841.51,2844.16,2841.51,2844.16,30.05112207
2026-01-14 10:50:00+00:00,2843.81,2846.38,2843.06,2844.93,6.82012277
2026-01-14 10:55:00+00:00,2843.3,2844.57,2840.92,2841.06,26.25228241
2026-01-14 11:00:00+00:00,2841.22,2841.86,2837.23,2838.52,13.41603694
2026-01-14 11:05:00+00:00,2836.34,2839.86,2836.26,2837.25,25.9968214
2026-01-14 11:10:00+00:00,2836.09,2836.09,2825.62,2829.82,78.27367573
2026-01-14 11:15:00+00:00,2827.78,2828.68,2823.67,2825.12,10.60331791
2026-01-14 11:20:00+00:00,2825.4,2828.82,2824.99,2827.83,56.50658326
2026-01-14 11:25:00+00:00,2828.11,2830.66,2827.71,2829.17,12.1926542
2026-01-14 11:30:00+00:00,2829.03,2831.25,2824.98,2824.98,28.55452744
2026-01-14 11:35:00+00:00,2825.41,2826.59,2821.03,2826.36,14.37811809
2026-01-14 11:40:00+00:00,2825.85,2825.85,2819.36,2822.15,16.58402833
2026-01-14 11:45:00+00:00,2822.49,2823.6,2817.48,2821.65,121.38135457
2026-01-14 11:50:00+00:00,2822.07,2822.07,2818.3,2819.12,9.77106128
2026-01-14 11:55:00+00:00,2820.12,2822.01,2816.99,2819.41,20.56090809
2026-01-14 12:00:00+00:00,2818.96,2822.05,2813.81,2821.9,25.11122723
2026-01-14 12:05:00+00:00,2822.71,2827.42,2822.71,2824.8,17.73116766
2026-01-14 12:10:00+00:00,2824.99,2829.41,2824.29,2828.07,18.21744041
2026-01-14 12:15:00+00:00,2828.03,2828.21,2825.51,2825.9,0.95269399
2026-01-14 12:20:00+00:00,2825.9,2830.55,2825.6,2828.44,8.13858471
2026-01-14 12:25:00+00:00,2828.46,2829.47,2826.31,2827.4,6.30579224
2026-01-14 12:30:00+00:00,2828.3,2828.78,2823.6,2826.15,22.98352608
2026-01-14 12:35:00+00:00,2827.7,2831.59,2827.7,2831.59,8.13596962
2026-01-14 12:40:00+00:00,2830.68,2831.23,2827.33,2828.53,6.54629417
2026-01-14 12:45:00+00:00,2827.5,2828.52,2826.15,2827.92,4.36435125
2026-01-14 12:50:00+00:00,2827.47,2828.43,2826.15,2827.05,13.27300247
2026-01-14 12:55:00+00:00,2828.21,2828.21,2826.1,2826.43,17.4892327
2026-01-14 13:00:00+00:00,2827.03,2827.46,2822.97,2823.71,11.67490912
2026-01-14 13:05:00+00:00,2822.26,2826.71,2820.98,2826.5,9.4094606
2026-01-14 13:10:00+00:00,2825.64,2827.52,2824.81,2824.81,8.57519777
2026-01-14 13:15:00+00:00,2825.58,2830.0,2824.92,2830.0,16.84244034
2026-01-14 13:20:00+00:00,2830.32,2838.1,2830.14,2833.13,135.95525769
2026-01-14 13:25:00+00:00,2832.16,2837.77,2831.19,2836.77,59.36549954
2026-01-14 13:30:00+00:00,2837.74,2838.59,2832.14,2832.51,44.00782475
2026-01-14 13:35:00+00:00,2834.41,2835.2,2830.78,2832.48,29.44420852
2026-01-14 13:40:00+00:00,2832.63,2834.6,2832.19,2832.93,5.65956116
2026-01-14 13:45:00+00:00,2833.28,2834.68,2828.5,2831.42,14.8082464
2026-01-14 13:50:00+00:00,2830.87,2832.7,2830.03,2831.31,9.59558178
2026-01-14 13:55:00+00:00,2830.66,2834.65,2829.89,2834.2,4.40597584
2026-01-14 14:00:00+00:00,2834.26,2839.4,2833.39,2838.7,20.99728411
2026-01-14 14:05:00+00:00,2839.01,2842.61,2837.34,2840.78,14.16556255
2026-01-14 14:10:00+00:00,2840.45,2842.66,2839.32,2841.16,14.60536367
2026-01-14 14:15:00+00:00,2840.77,2866.0,2839.94,2845.52,256.78695853
2026-01-14 14:20:00+00:00,2845.11,2851.75,2843.19,2850.93,68.65414766
2026-01-14 14:25:00+00:00,2851.39,2851.95,2843.7,2845.59,72.01063237
2026-01-14 14:30:00+00:00,2843.7,2848.7,2838.18,2844.65,22.19322213
2026-01-14 14:35:00+00:00,2844.06,2857.4,2842.05,2852.07,42.46572769
2026-01-14 14:40:00+00:00,2851.96,2855.82,2846.97,2849.19,84.47085468
2026-01-14 14:45:00+00:00,2850.2,2867.64,2850.2,2866.48,246.23112566
2026-01-14 14:50:00+00:00,2866.28,2880.92,2860.85,2879.58,216.64322694
2026-01-14 14:55:00+00:00,2876.76,2878.38,2870.0,2872.85,33.77139823
2026-01-14 15:00:00+00:00,2872.85,2872.85,2855.0,2859.26,202.79193058
2026-01-14 15:05:00+00:00,2861.64,2868.81,2860.65,2862.69,81.31551666
2026-01-14 15:10:00+00:00,2867.57,2886.06,2866.0,2883.02,106.06282191
2026-01-14 15:15:00+00:00,2882.78,2883.77,2874.43,2879.36,45.13179879
2026-01-14 15:20:00+00:00,2879.56,2882.67,2876.45,2880.02,28.31273934
2026-01-14 15:25:00+00:00,2880.8,2882.05,2876.39,2881.94,26.65246389
2026-01-14 15:30:00+00:00,2875.16,2880.58,2868.98,2880.58,50.41366907
2026-01-14 15:35:00+00:00,2879.57,2884.0,2865.55,2878.28,53.99639491
2026-01-14 15:40:00+00:00,2870.94,2870.94,2862.4,2862.4,36.53197814
2026-01-14 15:45:00+00:00,2864.0,2869.09,2859.16,2866.76,35.93758572
2026-01-14 15:50:00+00:00,2866.71,2869.99,2861.82,2868.97,11.99939944
2026-01-14 15:55:00+00:00,2870.0,2872.68,2868.65,2869.99,31.40779936
2026-01-14 16:00:00+00:00,2870.7,2879.4,2869.51,2877.62,41.72882833
2026-01-14 16:05:00+00:00,2874.32,2885.36,2870.68,2884.28,49.49452498
2026-01-14 16:10:00+00:00,2886.56,2893.89,2881.73,2890.32,144.83227435
2026-01-14 16:15:00+00:00,2890.35,2893.89,2884.15,2889.1,29.33557952
2026-01-14 16:20:00+00:00,2892.21,2895.26,2887.61,2890.0,76.93118269
2026-01-14 16:25:00+00:00,2890.76,2897.24,2889.11,2895.94,21.45197189
2026-01-14 16:30:00+00:00,2896.34,2920.61,2895.53,2900.66,446.49593027
2026-01-14 16:35:00+00:00,2899.14,2912.26,2891.95,2896.89,63.38150924
2026-01-14 16:40:00+00:00,2910.69,2910.89,2902.33,2906.11,84.22786174
2026-01-14 16:45:00+00:00,2905.88,2910.63,2901.56,2903.09,64.39615237
2026-01-14 16:50:00+00:00,2903.41,2904.45,2894.52,2896.38,149.61114842
2026-01-14 16:55:00+00:00,2896.4,2896.4,2884.86,2887.12,323.42767977
2026-01-14 17:00:00+00:00,2891.8,2896.93,2887.1,2891.6,74.03797557
2026-01-14 17:05:00+00:00,2894.17,2897.9,2891.54,2896.9,101.3164566
2026-01-14 17:10:00+00:00,2897.77,2902.39,2894.15,2899.17,105.41105891
2026-01-14 17:15:00+00:00,2897.7,2902.11,2895.09,2897.77,67.42652325
2026-01-14 17:20:00+00:00,2897.95,2899.83,2894.78,2894.99,37.71820596
2026-01-14 17:25:00+00:00,2895.76,2897.1,2892.38,2894.53,89.09159915
2026-01-14 17:30:00+00:00,2893.84,2893.85,2875.7,2876.45,116.59200914
2026-01-14 17:35:00+00:00,2868.91,2881.25,2866.71,2870.6,292.43276718
2026-01-14 17:40:00+00:00,2870.88,2881.5,2870.05,2879.35,26.15525218
2026-01-14 17:45:00+00:00,2879.18,2886.83,2878.58,2884.9,60.54560859
2026-01-14 17:50:00+00:00,2882.04,2882.04,2868.5,2869.43,169.83037618
2026-01-14 17:55:00+00:00,2875.31,2875.31,2866.33,2870.41,78.49717773
2026-01-14 18:00:00+00:00,2869.48,2873.07,2865.59,2870.17,89.93866742
2026-01-14 18:05:00+00:00,2874.68,2878.0,2870.3,2878.0,40.5390942
2026-01-14 18:10:00+00:00,2878.28,2879.18,2865.6,2869.76,39.80431926
2026-01-14 18:15:00+00:00,2868.59,2869.43,2856.24,2868.37,55.47487732
2026-01-14 18:20:00+00:00,2868.47,2873.42,2866.4,2873.42,10.35673977
2026-01-14 18:25:00+00:00,2873.51,2878.45,2871.3,2873.64,9.71097028
2026-01-14 18:30:00+00:00,2877.54,2879.9,2859.63,2859.63,55.11096026
2026-01-14 18:35:00+00:00,2853.35,2861.67,2851.79,2852.65,60.41727161
2026-01-14 18:40:00+00:00,2853.21,2859.63,2852.52,2852.71,48.47144779
2026-01-14 18:45:00+00:00,2851.77,2859.86,2848.3,2859.02,116.26579392
2026-01-14 18:50:00+00:00,2860.43,2867.56,2858.23,2867.56,25.04862766
2026-01-14 18:55:00+00:00,2868.81,2871.88,2868.1,2870.63,30.66483088
2026-01-14 19:00:00+00:00,2869.23,2874.75,2863.3,2873.87,127.53879103
2026-01-14 19:05:00+00:00,2870.91,2879.06,2867.99,2877.3,105.23180382
2026-01-14 19:10:00+00:00,2878.28,2879.9,2874.2,2879.9,77.42266985
2026-01-14 19:15:00+00:00,2879.9,2883.1,2878.04,2879.61,78.62571991
2026-01-14 19:20:00+00:00,2880.38,2890.29,2880.38,2888.78,126.11859347
2026-01-14 19:25:00+00:00,2887.74,2917.09,2886.2,2913.96,288.77914127
2026-01-14 19:30:00+00:00,2914.51,2922.0,2895.33,2896.58,165.35911548
2026-01-14 19:35:00+00:00,2896.87,2898.35,2889.58,2890.82,41.42008459
2026-01-14 19:40:00+00:00,2897.32,2900.74,2893.79,2896.25,49.93488839
2026-01-14 19:45:00+00:00,2895.4,2901.8,2895.4,2900.1,26.11203485
2026-01-14 19:50:00+00:00,2899.95,2906.3,2891.41,2892.8,44.55558845
2026-01-14 19:55:00+00:00,2891.56,2894.83,2888.86,2894.24,27.1162859
2026-01-14 20:00:00+00:00,2893.21,2898.49,2887.85,2892.8,60.26793568
2026-01-14 20:05:00+00:00,2901.61,2903.76,2891.72,2902.02,31.05412775
2026-01-14 20:10:00+00:00,2902.3,2914.97,2902.3,2904.85,102.88545955
2026-01-14 20:15:00+00:00,2904.16,2904.17,2896.63,2900.0,17.19072727
2026-01-14 20:20:00+00:00,2897.94,2902.19,2897.45,2898.95,11.42465861
2026-01-14 20:25:00+00:00,2897.42,2897.42,2888.46,2892.63,17.619284
2026-01-14 20:30:00+00:00,2891.59,2901.04,2891.52,2897.62,22.74104278
2026-01-14 20:35:00+00:00,2896.46,2904.86,2895.6,2903.64,90.57314026
2026-01-14 20:40:00+00:00,2902.83,2903.94,2899.42,2899.86,24.52947023
2026-01-14 20:45:00+00:00,2899.44,2901.42,2895.08,2895.75,35.0903032
2026-01-14 20:50:00+00:00,2896.13,2898.87,2893.0,2897.97,16.38829643
2026-01-14 20:55:00+00:00,2901.62,2907.0,2897.64,2907.0,15.25864307
2026-01-14 21:00:00+00:00,2903.22,2904.66,2900.04,2901.57,14.10333477
2026-01-14 21:05:00+00:00,2902.66,2903.47,2897.54,2903.47,12.84789367
2026-01-14 21:10:00+00:00,2896.73,2897.04,2892.24,2894.26,27.94053234
2026-01-14 21:15:00+00:00,2893.51,2898.59,2889.42,2897.7,36.46300381
2026-01-14 21:20:00+00:00,2897.7,2900.29,2896.06,2897.86,7.17329532
2026-01-14 21:25:00+00:00,2897.45,2898.17,2894.62,2896.07,5.59127427
2026-01-14 21:30:00+00:00,2897.21,2902.68,2896.71,2900.36,32.61466871
2026-01-14 21:35:00+00:00,2899.72,2902.8,2899.01,2901.57,14.56859246
2026-01-14 21:40:00+00:00,2899.54,2899.69,2894.94,2895.96,67.39978244
2026-01-14 21:45:00+00:00,2895.77,2896.59,2894.57,2896.07,9.36918823
2026-01-14 21:50:00+00:00,2896.07,2899.0,2891.46,2891.68,17.13327541
2026-01-14 21:55:00+00:00,2891.0,2897.63,2884.42,2892.25,68.95250503
2026-01-14 22:00:00+00:00,2895.78,2899.41,2893.3,2893.3,25.06224886
2026-01-14 22:05:00+00:00,2892.65,2894.57,2891.2,2893.91,47.47619412
2026-01-14 22:10:00+00:00,2891.98,2892.5,2888.96,2888.96,8.7523606
2026-01-14 22:15:00+00:00,2889.14,2892.3,2889.14,2891.14,15.84861765
2026-01-14 22:20:00+00:00,2891.17,2893.68,2890.83,2892.6,17.18453308
2026-01-14 22:25:00+00:00,2892.16,2893.47,2885.76,2887.53,84.00693568
2026-01-14 22:30:00+00:00,2886.21,2887.23,2875.94,2883.65,78.40169929
2026-01-14 22:35:00+00:00,2882.64,2884.51,2876.58,2877.11,12.2039014
2026-01-14 22:40:00+00:00,2876.86,2880.83,2874.8,2879.04,26.49482248
2026-01-14 22:45:00+00:00,2879.17,2886.18,2879.17,2886.18,20.46805543
2026-01-14 22:50:00+00:00,2885.45,2885.45,2878.0,2878.8,6.24051199
2026-01-14 22:55:00+00:00,2876.94,2878.74,2871.93,2876.24,97.2702041
2026-01-14 23:00:00+00:00,2876.53,2883.77,2875.75,2883.77,24.16638639
2026-01-14 23:05:00+00:00,2884.29,2889.21,2882.88,2888.42,11.85786524
2026-01-14 23:10:00+00:00,2888.68,2888.68,2885.07,2888.1,6.28944735
2026-01-14 23:15:00+00:00,2888.7,2893.53,2886.22,2886.22,13.3961272
2026-01-14 23:20:00+00:00,2886.46,2887.17,2883.95,2884.23,5.09992441
2026-01-14 23:25:00+00:00,2884.36,2885.5,2882.05,2882.05,5.01975458
2026-01-14 23:30:00+00:00,2882.36,2882.36,2876.91,2879.91,16.69276653
2026-01-14 23:35:00+00:00,2880.28,2882.74,2879.18,2881.87,8.20184042
2026-01-14 23:40:00+00:00,2880.73,2880.96,2879.17,2880.42,12.55003069
2026-01-14 23:45:00+00:00,2880.55,2882.35,2880.17,2882.26,6.08641973
2026-01-14 23:50:00+00:00,2882.03,2883.77,2881.73,2882.65,15.46808516
2026-01-14 23:55:00+00:00,2882.65,2884.46,2880.53,2880.95,15.06853367
2026-01-15 00:00:00+00:00,2881.21,2882.0,2873.36,2873.36,21.72710407
2026-01-15 00:05:00+00:00,2874.01,2877.3,2871.79,2876.0,2.7599948
2026-01-15 00:10:00+00:00,2875.16,2876.6,2871.84,2876.42,13.16607487
2026-01-15 00:15:00+00:00,2875.69,2876.21,2869.4,2869.49,3.9397694
2026-01-15 00:20:00+00:00,2869.05,2871.1,2866.65,2870.4,12.14433016
2026-01-15 00:25:00+00:00,2870.23,2872.58,2869.2,2870.28,1.94689112
2026-01-15 00:30:00+00:00,2870.7,2870.77,2863.65,2865.78,6.33110437
2026-01-15 00:35:00+00:00,2865.27,2865.59,2861.47,2862.98,3.27207071
2026-01-15 00:40:00+00:00,2863.83,2867.1,2861.76,2864.02,21.69887107
2026-01-15 00:45:00+00:00,2864.67,2865.81,2857.64,2860.39,161.7981943
2026-01-15 00:50:00+00:00,2860.35,2860.35,2858.14,2859.84,3.99561324
2026-01-15 00:55:00+00:00,2859.79,2862.84,2859.78,2861.66,5.21312047
2026-01-15 01:00:00+00:00,2862.99,2871.96,2862.99,2871.7,22.23714406
2026-01-15 01:05:00+00:00,2870.39,2872.34,2866.77,2867.3,2.08275506
2026-01-15 01:10:00+00:00,2866.47,2867.6,2865.1,2865.4,3.85354968
2026-01-15 01:15:00+00:00,2864.14,2865.5,2863.61,2864.24,1.55677246
2026-01-15 01:20:00+00:00,2863.48,2863.5,2856.0,2857.73,2.65210073
2026-01-15 01:25:00+00:00,2860.7,2863.37,2858.1,2858.4,8.0971713
2026-01-15 01:30:00+00:00,2859.2,2860.96,2851.24,2854.61,54.22185782
2026-01-15 01:35:00+00:00,2852.98,2864.04,2851.59,2864.04,19.20727749
2026-01-15 01:40:00+00:00,2860.86,2860.86,2859.4,2860.19,3.01135182
2026-01-15 01:45:00+00:00,2860.8,2860.8,2857.07,2857.92,4.47291656
2026-01-15 01:50:00+00:00,2856.84,2861.09,2855.1,2861.09,3.27242759
2026-01-15 01:55:00+00:00,2859.77,2860.11,2855.69,2857.39,39.22162512
2026-01-15 02:00:00+00:00,2856.68,2859.27,2856.68,2858.99,0.65517442
2026-01-15 02:05:00+00:00,2859.79,2863.57,2859.79,2862.16,1.12675311
2026-01-15 02:10:00+00:00,2858.95,2858.95,2853.39,2853.39,1.6126371
2026-01-15 02:15:00+00:00,2853.11,2859.08,2852.78,2858.5,3.5304081
2026-01-15 02:20:00+00:00,2858.95,2858.95,2852.87,2854.44,2.396914
2026-01-15 02:25:00+00:00,2856.8,2856.8,2855.15,2856.58,1.98628857
2026-01-15 02:30:00+00:00,2858.3,2858.3,2847.98,2848.45,12.05099904
2026-01-15 02:35:00+00:00,2848.35,2850.0,2840.87,2850.0,72.70427663
2026-01-15 02:40:00+00:00,2849.87,2854.03,2849.87,2850.77,9.67924987
2026-01-15 02:45:00+00:00,2850.23,2850.23,2844.72,2846.2,1.70573071
2026-01-15 02:50:00+00:00,2848.59,2848.59,2844.4,2844.4,0.17918814
2026-01-15 02:55:00+00:00,2847.12,2847.54,2846.07,2847.54,1.45326312
2026-01-15 03:00:00+00:00,2848.15,2848.85,2847.59,2848.76,3.35640094
2026-01-15 03:05:00+00:00,2847.12,2849.9,2843.96,2845.01,2.67203557
2026-01-15 03:10:00+00:00,2846.1,2850.55,2846.1,2850.55,1.01785312
2026-01-15 03:15:00+00:00,2850.8,2853.83,2844.31,2845.11,24.6983968
2026-01-15 03:20:00+00:00,2845.55,2847.93,2844.77,2845.62,2.11140664
2026-01-15 03:25:00+00:00,2842.22,2842.22,2827.25,2827.77,146.16526736
2026-01-15 03:30:00+00:00,2830.3,2833.28,2826.4,2832.69,67.70907107
2026-01-15 03:35:00+00:00,2832.1,2833.09,2819.6,2820.57,59.32810677
2026-01-15 03:40:00+00:00,2819.04,2823.8,2814.0,2821.59,80.74611334
2026-01-15 03:45:00+00:00,2821.54,2826.5,2819.49,2823.5,17.3505978
2026-01-15 03:50:00+00:00,2823.8,2824.6,2818.55,2823.2,58.74619805
2026-01-15 03:55:00+00:00,2822.69,2825.62,2821.91,2823.24,8.75163891
2026-01-15 04:00:00+00:00,2822.14,2829.52,2821.64,2829.19,10.88679387
2026-01-15 04:05:00+00:00,2828.3,2828.87,2827.33,2828.85,5.99233456
2026-01-15 04:10:00+00:00,2831.1,2831.53,2829.89,2831.44,2.19804631
2026-01-15 04:15:00+00:00,2831.34,2832.51,2830.18,2831.82,12.627594
2026-01-15 04:20:00+00:00,2831.24,2841.06,2829.67,2840.06,16.6728328
2026-01-15 04:25:00+00:00,2837.08,2838.22,2835.11,2835.11,5.4729803
2026-01-15 04:30:00+00:00,2836.7,2839.09,2836.7,2838.35,71.4206478
2026-01-15 04:35:00+00:00,2838.3,2839.69,2837.0,2838.54,15.62821266
2026-01-15 04:40:00+00:00,2838.3,2839.91,2837.24,2839.91,4.45121718
2026-01-15 04:45:00+00:00,2840.8,2842.72,2839.0,2841.83,9.42919905
2026-01-15 04:50:00+00:00,2841.3,2843.16,2840.89,2843.16,2.3335131
2026-01-15 04:55:00+00:00,2842.31,2843.29,2838.32,2839.64,10.35084361
2026-01-15 05:00:00+00:00,2841.98,2847.7,2839.95,2842.91,102.38649739
2026-01-15 05:05:00+00:00,2842.78,2844.56,2842.1,2842.84,10.137811
2026-01-15 05:10:00+00:00,2843.17,2845.4,2842.75,2842.75,40.06857351
2026-01-15 05:15:00+00:00,2843.0,2846.29,2842.5,2845.42,7.90485693
2026-01-15 05:20:00+00:00,2846.02,2846.57,2843.11,2843.2,3.78991635
2026-01-15 05:25:00+00:00,2843.47,2843.7,2841.99,2841.99,5.70223981
2026-01-15 05:30:00+00:00,2841.61,2843.77,2840.7,2842.87,15.13984153
2026-01-15 05:35:00+00:00,2840.0,2844.93,2839.6,2844.0,5.55644909
2026-01-15 05:40:00+00:00,2843.86,2845.7,2841.33,2843.5,5.62707123
2026-01-15 05:45:00+00:00,2845.73,2849.04,2845.73,2849.04,5.26960591
2026-01-15 05:50:00+00:00,2848.15,2848.18,2845.99,2845.99,3.3409942
2026-01-15 05:55:00+00:00,2846.05,2847.44,2845.41,2845.55,23.57007583
2026-01-15 06:00:00+00:00,2847.23,2850.03,2844.61,2849.32,13.40875228
2026-01-15 06:05:00+00:00,2849.47,2850.73,2847.11,2847.11,26.23190866
2026-01-15 06:10:00+00:00,2847.41,2850.42,2847.36,2848.0,5.53025198
2026-01-15 06:15:00+00:00,2850.6,2856.15,2850.24,2856.08,20.78558428
2026-01-15 06:20:00+00:00,2855.0,2857.3,2851.23,2854.66,11.75940667
2026-01-15 06:25:00+00:00,2855.46,2855.75,2853.31,2853.43,18.26436638
2026-01-15 06:30:00+00:00,2852.47,2854.1,2849.56,2849.94,2.72937094
2026-01-15 06:35:00+00:00,2849.47,2849.47,2846.87,2848.1,16.44660768
2026-01-15 06:40:00+00:00,2847.95,2848.54,2847.5,2847.61,6.63792332
2026-01-15 06:45:00+00:00,2846.68,2851.17,2846.2,2851.17,8.13795653
2026-01-15 06:50:00+00:00,2850.95,2852.42,2850.13,2850.64,1.8600938
2026-01-15 06:55:00+00:00,2850.65,2851.86,2849.87,2851.28,1.88243953
2026-01-15 07:00:00+00:00,2851.42,2852.83,2849.05,2851.47,3.28281055
2026-01-15 07:05:00+00:00,2853.06,2853.5,2851.0,2853.29,2.78135958
2026-01-15 07:10:00+00:00,2852.71,2853.63,2851.91,2852.49,27.45903006
2026-01-15 07:15:00+00:00,2852.77,2857.15,2852.77,2856.28,24.93894969
2026-01-15 07:20:00+00:00,2855.49,2862.35,2855.49,2861.67,7.39219523
2026-01-15 07:25:00+00:00,2861.6,2862.57,2859.01,2860.4,18.20224608
2026-01-15 07:30:00+00:00,2861.5,2861.5,2859.2,2859.95,4.31681854
2026-01-15 07:35:00+00:00,2859.81,2860.8,2857.57,2860.8,5.9710721
2026-01-15 07:40:00+00:00,2861.29,2867.57,2861.15,2864.47,33.8217946
2026-01-15 07:45:00+00:00,2864.48,2868.59,2864.15,2864.15,25.85130774
2026-01-15 07:50:00+00:00,2864.02,2864.7,2862.33,2862.33,9.11309441
2026-01-15 07:55:00+00:00,2863.11,2863.8,2861.49,2863.61,24.84220101
2026-01-15 08:00:00+00:00,2860.4,2864.51,2860.4,2863.33,7.733225
2026-01-15 08:05:00+00:00,2865.32,2865.66,2861.51,2862.16,6.74812784
2026-01-15 08:10:00+00:00,2861.27,2861.59,2857.36,2858.95,4.46389994
2026-01-15 08:15:00+00:00,2859.9,2861.61,2857.88,2858.24,15.58076016
2026-01-15 08:20:00+00:00,2860.2,2862.42,2860.09,2861.31,4.05358475
2026-01-15 08:25:00+00:00,2861.19,2862.21,2856.31,2856.31,14.92645447
2026-01-15 08:30:00+00:00,2856.64,2856.64,2854.15,2854.35,7.5856382
2026-01-15 08:35:00+00:00,2856.02,2859.44,2855.61,2858.96,3.98067173
2026-01-15 08:40:00+00:00,2858.94,2861.2,2858.93,2858.93,7.48091473
2026-01-15 08:45:00+00:00,2861.22,2865.59,2861.22,2865.59,10.4337118
2026-01-15 08:50:00+00:00,2865.6,2871.08,2865.6,2867.79,32.24788413
2026-01-15 08:55:00+00:00,2866.81,2870.66,2866.81,2869.89,59.13841895
2026-01-15 09:00:00+00:00,2866.89,2869.46,2866.12,2866.82,9.66836559
2026-01-15 09:05:00+00:00,2866.19,2869.4,2865.79,2869.4,4.01032234
2026-01-15 09:10:00+00:00,2869.95,2870.22,2864.13,2866.86,5.0128781
2026-01-15 09:15:00+00:00,2863.6,2867.0,2863.33,2867.0,8.43359766
2026-01-15 09:20:00+00:00,2866.83,2870.11,2866.83,2869.58,8.67722852
2026-01-15 09:25:00+00:00,2869.09,2879.04,2868.82,2876.36,20.51686705
2026-01-15 09:30:00+00:00,2875.64,2879.9,2872.93,2877.39,42.40947279
2026-01-15 09:35:00+00:00,2878.2,2889.91,2877.65,2889.13,95.46576426
2026-01-15 09:40:00+00:00,2889.28,2896.72,2888.07,2891.12,100.06379435
2026-01-15 09:45:00+00:00,2896.72,2897.3,2890.0,2890.07,63.20200844
2026-01-15 09:50:00+00:00,2890.52,2898.24,2889.99,2898.1,38.73351801
2026-01-15 09:55:00+00:00,2899.0,2900.0,2893.6,2893.6,37.37131783
2026-01-15 10:00:00+00:00,2890.97,2894.7,2886.57,2887.79,46.56936495
2026-01-15 10:05:00+00:00,2888.59,2894.68,2888.25,2894.68,24.21608983
2026-01-15 10:10:00+00:00,2895.12,2895.12,2890.78,2892.72,9.03983515
2026-01-15 10:15:00+00:00,2890.9,2895.43,2890.0,2895.43,26.45678551
2026-01-15 10:20:00+00:00,2895.3,2903.0,2895.21,2897.98,50.73876742
2026-01-15 10:25:00+00:00,2898.58,2899.37,2891.2,2892.17,22.22300836
2026-01-15 10:30:00+00:00,2892.0,2896.58,2890.7,2896.58,13.64185052
2026-01-15 10:35:00+00:00,2896.17,2896.2,2892.01,2892.66,3.83147097
2026-01-15 10:40:00+00:00,2890.7,2893.66,2890.51,2893.59,3.66145619
2026-01-15 10:45:00+00:00,2893.36,2896.0,2893.17,2893.17,24.6844747
2026-01-15 10:50:00+00:00,2892.92,2894.0,2892.83,2893.37,20.95477806
2026-01-15 10:55:00+00:00,2893.29,2893.29,2889.64,2890.55,36.32123598
2026-01-15 11:00:00+00:00,2891.49,2892.02,2888.74,2888.74,44.02362187
2026-01-15 11:05:00+00:00,2888.74,2888.74,2884.98,2886.59,9.21454998
2026-01-15 11:10:00+00:00,2885.71,2886.5,2884.29,2885.75,4.25539344
2026-01-15 11:15:00+00:00,2885.57,2887.82,2884.44,2887.82,5.5038547
2026-01-15 11:20:00+00:00,2887.74,2891.01,2887.74,2889.72,11.73549296
2026-01-15 11:25:00+00:00,2889.72,2890.42,2888.06,2888.78,8.7816224
2026-01-15 11:30:00+00:00,2890.04,2890.9,2879.91,2886.61,36.90594482
2026-01-15 11:35:00+00:00,2880.61,2881.32,2877.5,2880.16,19.55384734
2026-01-15 11:40:00+00:00,2880.23,2881.64,2879.44,2880.35,25.47888738
2026-01-15 11:45:00+00:00,2881.09,2881.79,2877.92,2878.09,3.69961648
2026-01-15 11:50:00+00:00,2879.61,2880.88,2878.1,2879.3,2.71447179
2026-01-15 11:55:00+00:00,2879.41,2881.69,2879.2,2880.17,5.15218967
2026-01-15 12:00:00+00:00,2882.2,2883.99,2878.0,2882.91,6.43149598
2026-01-15 12:05:00+00:00,2883.36,2883.78,2881.31,2881.66,13.64904648
2026-01-15 12:10:00+00:00,2883.8,2884.4,2882.16,2884.26,4.92808469
2026-01-15 12:15:00+00:00,2884.1,2884.1,2879.72,2879.8,4.05434502
2026-01-15 12:20:00+00:00,2879.43,2879.85,2874.7,2877.99,3.82699424
2026-01-15 12:25:00+00:00,2876.96,2878.08,2874.9,2875.52,7.90406962
2026-01-15 12:30:00+00:00,2874.63,2877.36,2874.41,2875.67,4.90031997
2026-01-15 12:35:00+00:00,2878.37,2879.33,2877.19,2879.17,3.76946108
2026-01-15 12:40:00+00:00,2885.5,2886.76,2879.14,2885.9,14.89366601
2026-01-15 12:45:00+00:00,2887.2,2890.9,2886.13,2888.54,36.68229873
2026-01-15 12:50:00+00:00,2887.39,2897.84,2887.35,2895.39,5.05805986
2026-01-15 12:55:00+00:00,2897.97,2900.75,2895.22,2898.45,50.54089042
2026-01-15 13:00:00+00:00,2899.77,2899.95,2893.68,2894.98,5.76214
2026-01-15 13:05:00+00:00,2896.6,2896.8,2892.36,2892.36,9.78531844
2026-01-15 13:10:00+00:00,2892.0,2892.68,2891.1,2892.16,28.01550831
2026-01-15 13:15:00+00:00,2893.27,2897.5,2892.88,2897.5,5.16202221
2026-01-15 13:20:00+00:00,2897.12,2897.69,2895.88,2897.67,3.47258789
2026-01-15 13:25:00+00:00,2897.91,2902.2,2897.91,2901.41,47.38501523
2026-01-15 13:30:00+00:00,2902.2,2902.85,2890.89,2895.15,74.22340042
2026-01-15 13:35:00+00:00,2892.73,2899.59,2892.33,2898.27,20.90540827
2026-01-15 13:40:00+00:00,2898.63,2907.09,2898.63,2903.1,29.4836881
2026-01-15 13:45:00+00:00,2903.7,2915.76,2902.69,2914.0,27.57878347
2026-01-15 13:50:00+00:00,2915.73,2915.73,2907.66,2910.5,43.75753806
2026-01-15 13:55:00+00:00,2909.84,2910.47,2905.69,2905.79,19.67904512
2026-01-15 14:00:00+00:00,2910.36,2911.89,2905.34,2910.13,16.0337665
2026-01-15 14:05:00+00:00,2911.58,2913.25,2906.74,2913.24,27.75893025
2026-01-15 14:10:00+00:00,2913.1,2914.27,2910.35,2913.51,46.54754241
2026-01-15 14:15:00+00:00,2913.1,2913.11,2907.13,2908.5,7.80051578
2026-01-15 14:20:00+00:00,2908.5,2908.5,2901.0,2902.08,46.02743446
2026-01-15 14:25:00+00:00,2901.59,2906.3,2899.0,2900.83,12.98244224
2026-01-15 14:30:00+00:00,2900.65,2904.25,2892.0,2896.68,45.10125413
2026-01-15 14:35:00+00:00,2893.1,2895.41,2879.7,2881.06,47.28463509
2026-01-15 14:40:00+00:00,2880.85,2884.17,2873.35,2873.35,76.3281785
2026-01-15 14:45:00+00:00,2873.47,2887.2,2863.8,2881.99,99.68415615
2026-01-15 14:50:00+00:00,2882.43,2894.13,2880.0,2892.29,37.11175875
2026-01-15 14:55:00+00:00,2891.59,2894.9,2878.52,2880.3,14.56400738
2026-01-15 15:00:00+00:00,2881.74,2887.88,2880.2,2882.77,7.12550685
2026-01-15 15:05:00+00:00,2880.37,2890.6,2874.2,2890.6,26.91558161
2026-01-15 15:10:00+00:00,2892.1,2892.1,2884.61,2885.75,19.34962538
2026-01-15 15:15:00+00:00,2887.4,2889.67,2882.38,2886.16,13.98777563
2026-01-15 15:20:00+00:00,2886.74,2886.75,2874.58,2875.53,16.74679502
2026-01-15 15:25:00+00:00,2876.28,2876.28,2867.9,2873.05,19.65285774
2026-01-15 15:30:00+00:00,2870.03,2877.67,2870.03,2876.25,6.28130434
2026-01-15 15:35:00+00:00,2877.63,2879.9,2859.11,2863.87,35.34920683
2026-01-15 15:40:00+00:00,2863.28,2869.5,2859.75,2866.5,35.29643199
2026-01-15 15:45:00+00:00,2866.04,2870.3,2832.8,2837.41,359.11715847
2026-01-15 15:50:00+00:00,2837.93,2846.2,2830.62,2839.88,113.34867071
2026-01-15 15:55:00+00:00,2839.44,2871.0,2839.0,2871.0,167.79168361
2026-01-15 16:00:00+00:00,2863.5,2873.34,2855.24,2864.0,42.08538826
2026-01-15 16:05:00+00:00,2864.17,2864.33,2852.98,2855.49,10.32755562
2026-01-15 16:10:00+00:00,2858.45,2864.0,2855.41,2857.58,84.20098537
2026-01-15 16:15:00+00:00,2856.14,2865.92,2856.14,2861.98,18.60815357
2026-01-15 16:20:00+00:00,2860.12,2864.92,2860.12,2864.56,3.21163425
2026-01-15 16:25:00+00:00,2864.56,2864.79,2853.45,2855.38,6.13851366
2026-01-15 16:30:00+00:00,2857.89,2861.85,2856.3,2858.49,4.5924508
2026-01-15 16:35:00+00:00,2856.56,2860.47,2854.19,2858.86,11.89640159
2026-01-15 16:40:00+00:00,2858.86,2867.23,2857.48,2865.65,17.38351401
2026-01-15 16:45:00+00:00,2863.72,2868.67,2863.71,2866.0,6.01275048
2026-01-15 16:50:00+00:00,2866.58,2867.17,2863.46,2865.69,5.28389628
2026-01-15 16:55:00+00:00,2865.37,2871.68,2865.37,2870.38,5.48662878
2026-01-15 17:00:00+00:00,2868.8,2874.92,2868.8,2869.95,9.86327167
2026-01-15 17:05:00+00:00,2870.35,2871.77,2859.64,2861.16,8.77576369
2026-01-15 17:10:00+00:00,2862.36,2865.16,2857.51,2858.46,41.71091947
2026-01-15 17:15:00+00:00,2859.19,2862.47,2854.2,2862.47,13.16775585
2026-01-15 17:20:00+00:00,2860.83,2863.72,2860.28,2861.64,6.12145179
2026-01-15 17:25:00+00:00,2861.27,2865.61,2861.14,2865.61,6.40321306
2026-01-15 17:30:00+00:00,2866.5,2867.65,2863.1,2865.41,19.22414116
2026-01-15 17:35:00+00:00,2866.19,2870.29,2865.2,2867.11,49.05342778
2026-01-15 17:40:00+00:00,2867.23,2870.37,2866.1,2869.19,6.88319056
2026-01-15 17:45:00+00:00,2869.61,2870.68,2857.45,2857.45,20.70197014
2026-01-15 17:50:00+00:00,2858.58,2861.27,2844.84,2846.16,96.51263992
2026-01-15 17:55:00+00:00,2847.04,2848.91,2840.0,2843.53,53.09580022
2026-01-15 18:00:00+00:00,2843.92,2845.74,2841.84,2845.25,48.91743127
2026-01-15 18:05:00+00:00,2843.3,2843.76,2836.86,2837.44,44.64846227
2026-01-15 18:10:00+00:00,2837.83,2837.83,2830.0,2837.41,64.27046126
2026-01-15 18:15:00+00:00,2838.16,2839.28,2833.5,2834.0,8.21674205
2026-01-15 18:20:00+00:00,2834.0,2837.3,2831.76,2835.08,21.44329231
2026-01-15 18:25:00+00:00,2836.18,2845.1,2835.97,2842.61,94.39654299
2026-01-15 18:30:00+00:00,2842.36,2848.7,2839.56,2840.8,22.84465345
2026-01-15 18:35:00+00:00,2838.58,2840.33,2833.92,2838.58,6.34938147
2026-01-15 18:40:00+00:00,2832.9,2834.66,2818.8,2834.34,164.2721177
2026-01-15 18:45:00+00:00,2832.08,2835.06,2827.79,2830.8,6.60706339
2026-01-15 18:50:00+00:00,2827.63,2831.23,2824.63,2830.9,6.63015664
2026-01-15 18:55:00+00:00,2830.96,2835.88,2829.48,2831.75,12.85413493
2026-01-15 19:00:00+00:00,2831.37,2831.37,2822.38,2828.99,20.6168767
2026-01-15 19:05:00+00:00,2833.1,2834.87,2828.0,2833.34,21.81956691
2026-01-15 19:10:00+00:00,2833.34,2837.0,2831.65,2833.23,18.22557318
2026-01-15 19:15:00+00:00,2834.35,2839.15,2832.49,2839.15,12.28060057
2026-01-15 19:20:00+00:00,2836.22,2837.69,2831.7,2831.7,36.59207686
2026-01-15 19:25:00+00:00,2831.46,2834.14,2827.92,2830.07,4.03510829
2026-01-15 19:30:00+00:00,2830.26,2840.12,2824.21,2840.12,60.01685593
2026-01-15 19:35:00+00:00,2836.34,2838.2,2833.17,2833.69,5.46735943
2026-01-15 19:40:00+00:00,2831.58,2833.66,2828.82,2829.94,6.1463713
2026-01-15 19:45:00+00:00,2830.08,2838.59,2830.08,2832.15,4.83787998
2026-01-15 19:50:00+00:00,2839.2,2842.7,2837.41,2837.53,18.66589232
2026-01-15 19:55:00+00:00,2836.65,2838.01,2835.54,2838.01,10.86002228
2026-01-15 20:00:00+00:00,2836.2,2844.92,2835.92,2844.78,26.99222856
2026-01-15 20:05:00+00:00,2845.18,2847.5,2838.98,2840.8,17.96044134
2026-01-15 20:10:00+00:00,2839.5,2841.61,2837.28,2840.88,4.75927801
2026-01-15 20:15:00+00:00,2840.65,2841.77,2836.74,2840.4,10.1824885
2026-01-15 20:20:00+00:00,2834.93,2837.19,2832.16,2833.96,13.03407693
2026-01-15 20:25:00+00:00,2833.37,2833.96,2829.5,2830.42,8.87528707
2026-01-15 20:30:00+00:00,2830.92,2833.29,2830.08,2832.39,41.76286292
2026-01-15 20:35:00+00:00,2836.48,2837.6,2832.15,2832.81,39.73571317
2026-01-15 20:40:00+00:00,2832.22,2832.34,2827.79,2828.09,22.28410201
2026-01-15 20:45:00+00:00,2828.92,2829.91,2823.37,2823.37,15.81115889
2026-01-15 20:50:00+00:00,2823.2,2831.93,2822.83,2830.64,24.2582786
2026-01-15 20:55:00+00:00,2831.71,2833.57,2829.99,2832.43,31.4710106
2026-01-15 21:00:00+00:00,2833.2,2839.7,2829.7,2839.7,30.47066346
2026-01-15 21:05:00+00:00,2839.57,2840.1,2834.42,2834.42,11.733079
2026-01-15 21:10:00+00:00,2834.51,2838.06,2834.49,2836.35,5.87576707
2026-01-15 21:15:00+00:00,2836.97,2838.91,2836.47,2838.15,2.23166624
2026-01-15 21:20:00+00:00,2838.24,2842.34,2838.24,2841.32,6.86173561
2026-01-15 21:25:00+00:00,2841.4,2841.96,2840.8,2841.42,4.38836013
2026-01-15 21:30:00+00:00,2841.03,2841.65,2840.0,2841.53,3.17048605
2026-01-15 21:35:00+00:00,2841.36,2842.89,2841.36,2841.46,6.27510569
2026-01-15 21:40:00+00:00,2841.55,2843.6,2839.03,2842.05,4.66324166
2026-01-15 21:45:00+00:00,2843.59,2846.74,2841.24,2843.4,3.65116607
2026-01-15 21:50:00+00:00,2846.23,2847.0,2842.46,2842.46,4.43616694
2026-01-15 21:55:00+00:00,2841.36,2842.14,2840.34,2841.65,14.38582256
2026-01-15 22:00:00+00:00,2841.63,2845.47,2841.63,2845.24,47.44820004
2026-01-15 22:05:00+00:00,2845.78,2847.59,2845.0,2846.32,6.20539798
2026-01-15 22:10:00+00:00,2846.58,2847.71,2839.12,2842.14,13.75489412
2026-01-15 22:15:00+00:00,2839.73,2844.92,2839.5,2843.8,5.56065678
2026-01-15 22:20:00+00:00,2843.72,2847.85,2843.72,2847.85,5.84750198
2026-01-15 22:25:00+00:00,2845.2,2851.54,2845.2,2849.19,8.6319121
2026-01-15 22:30:00+00:00,2849.4,2855.4,2848.88,2853.2,28.08379971
2026-01-15 22:35:00+00:00,2850.25,2857.11,2849.24,2849.24,7.13576071
2026-01-15 22:40:00+00:00,2856.6,2858.86,2850.14,2850.6,37.7264796
2026-01-15 22:45:00+00:00,2850.78,2851.6,2848.32,2850.83,21.15075018
2026-01-15 22:50:00+00:00,2850.45,2851.96,2847.7,2848.6,0.92936156
2026-01-15 22:55:00+00:00,2847.75,2850.4,2846.32,2850.4,2.34761747
2026-01-15 23:00:00+00:00,2850.2,2850.2,2848.42,2848.58,8.06632474
2026-01-15 23:05:00+00:00,2847.6,2847.6,2844.72,2845.72,1.98924835
2026-01-15 23:10:00+00:00,2846.65,2852.2,2846.53,2852.2,3.58223981
2026-01-15 23:15:00+00:00,2854.4,2855.26,2851.26,2855.26,2.81710825
2026-01-15 23:20:00+00:00,2855.08,2855.8,2853.18,2855.8,1.00134657
2026-01-15 23:25:00+00:00,2856.02,2856.05,2853.49,2853.49,5.18611844
2026-01-15 23:30:00+00:00,2853.31,2853.96,2852.28,2853.58,6.13520789
2026-01-15 23:35:00+00:00,2852.45,2853.93,2851.39,2853.93,4.15531475
2026-01-15 23:40:00+00:00,2853.48,2854.46,2853.48,2854.39,0.25533158
2026-01-15 23:45:00+00:00,2854.0,2859.63,2854.0,2857.2,30.11023435
2026-01-15 23:50:00+00:00,2859.99,2862.02,2856.8,2858.55,28.4909878
2026-01-15 23:55:00+00:00,2859.24,2859.24,2857.66,2858.67,0.95372944
2026-01-16 00:00:00+00:00,2858.65,2861.46,2858.54,2861.46,3.58627076
2026-01-16 00:05:00+00:00,2862.81,2862.81,2860.0,2861.93,16.48925611
2026-01-16 00:10:00+00:00,2859.8,2860.63,2859.33,2859.33,0.23918266
2026-01-16 00:15:00+00:00,2858.5,2860.58,2858.5,2859.25,0.77455028
2026-01-16 00:20:00+00:00,2860.84,2862.29,2859.9,2860.1,6.12958064
2026-01-16 00:25:00+00:00,2860.13,2860.85,2860.13,2860.85,0.02055124
2026-01-16 00:30:00+00:00,2860.31,2865.37,2860.31,2865.37,5.4551677
2026-01-16 00:35:00+00:00,2864.8,2865.72,2863.97,2865.09,1.30039167
2026-01-16 00:40:00+00:00,2865.4,2865.91,2862.44,2863.83,6.14153043
2026-01-16 00:45:00+00:00,2862.3,2865.0,2862.3,2864.09,0.7348658
2026-01-16 00:50:00+00:00,2864.74,2864.74,2861.97,2862.28,0.6545982
2026-01-16 00:55:00+00:00,2862.08,2862.08,2856.94,2857.84,13.18915473
2026-01-16 01:00:00+00:00,2858.25,2858.6,2856.39,2857.05,0.61438669
2026-01-16 01:05:00+00:00,2854.85,2854.85,2848.29,2851.75,0.43109956
2026-01-16 01:10:00+00:00,2847.1,2848.16,2845.0,2847.46,35.26277513
2026-01-16 01:15:00+00:00,2850.33,2850.33,2848.28,2849.69,0.1267269
2026-01-16 01:20:00+00:00,2849.7,2849.7,2848.64,2849.25,0.97797169
2026-01-16 01:25:00+00:00,2850.09,2852.63,2850.09,2852.63,0.32208308
2026-01-16 01:30:00+00:00,2854.7,2861.3,2854.7,2858.59,1.40817946
2026-01-16 01:35:00+00:00,2856.95,2858.49,2856.6,2857.1,0.32359513
2026-01-16 01:40:00+00:00,2854.5,2855.14,2854.5,2855.0,0.02789227
2026-01-16 01:45:00+00:00,2858.14,2858.89,2854.26,2858.89,0.45470966
2026-01-16 01:50:00+00:00,2857.51,2857.51,2856.83,2856.83,0.04358099
2026-01-16 01:55:00+00:00,2858.44,2858.44,2855.0,2855.0,0.26494352
2026-01-16 02:00:00+00:00,2854.55,2854.59,2842.0,2846.28,39.10943034
2026-01-16 02:05:00+00:00,2839.57,2846.57,2838.77,2842.07,13.18588015
2026-01-16 02:10:00+00:00,2843.64,2843.64,2841.99,2843.43,2.95876639
2026-01-16 02:15:00+00:00,2839.74,2842.43,2838.33,2839.74,5.04209483
2026-01-16 02:20:00+00:00,2839.7,2841.37,2835.25,2841.37,23.66766605
2026-01-16 02:25:00+00:00,2843.0,2849.6,2843.0,2849.6,2.63927268
2026-01-16 02:30:00+00:00,2846.42,2847.3,2845.59,2847.3,0.76043003
2026-01-16 02:35:00+00:00,2846.88,2846.88,2844.11,2846.52,0.23990857
2026-01-16 02:40:00+00:00,2843.99,2843.99,2841.02,2841.42,1.60011441
2026-01-16 02:45:00+00:00,2842.07,2844.87,2841.97,2843.3,2.77118684
2026-01-16 02:50:00+00:00,2844.26,2844.26,2844.26,2844.26,0.02104238
2026-01-16 02:55:00+00:00,2843.96,2844.6,2843.07,2844.6,1.06605457
2026-01-16 03:00:00+00:00,2846.4,2846.4,2846.4,2846.4,0.286612
2026-01-16 03:05:00+00:00,2844.92,2848.76,2844.92,2848.39,1.66070352
2026-01-16 03:10:00+00:00,2848.69,2848.71,2847.11,2848.06,1.39507947
2026-01-16 03:15:00+00:00,2847.47,2847.47,2843.88,2844.4,5.77808342
2026-01-16 03:20:00+00:00,2846.31,2847.27,2844.23,2846.69,1.69312717
2026-01-16 03:25:00+00:00,2847.78,2847.78,2845.21,2845.36,1.08321481
2026-01-16 03:30:00+00:00,2845.01,2845.01,2840.1,2841.53,1.00862169
2026-01-16 03:35:00+00:00,2841.84,2843.49,2840.88,2841.35,2.96381422
2026-01-16 03:40:00+00:00,2841.56,2841.56,2840.27,2841.4,0.28255178
2026-01-16 03:45:00+00:00,2841.24,2841.74,2839.48,2839.48,0.23542135
2026-01-16 03:50:00+00:00,2839.48,2840.92,2838.92,2840.92,0.52196279
2026-01-16 03:55:00+00:00,2840.61,2841.01,2837.11,2837.65,2.05932638
2026-01-16 04:00:00+00:00,2837.96,2839.19,2837.3,2837.3,0.43746088
2026-01-16 04:05:00+00:00,2838.21,2838.86,2837.5,2838.86,1.29380408
2026-01-16 04:10:00+00:00,2839.1,2840.67,2839.1,2840.67,0.30717184
2026-01-16 04:15:00+00:00,2842.0,2844.33,2841.39,2844.33,8.02433195
2026-01-16 04:20:00+00:00,2844.11,2844.11,2841.18,2842.05,1.90158631
2026-01-16 04:25:00+00:00,2842.5,2843.72,2840.0,2840.0,6.6475334
2026-01-16 04:30:00+00:00,2841.57,2841.57,2825.74,2825.74,59.65101476
2026-01-16 04:35:00+00:00,2827.16,2830.14,2824.7,2829.02,67.20935125
2026-01-16 04:40:00+00:00,2830.09,2830.2,2821.35,2827.02,38.07894056
2026-01-16 04:45:00+00:00,2827.69,2828.64,2827.3,2827.6,1.10615394
2026-01-16 04:50:00+00:00,2826.9,2827.92,2825.22,2827.81,18.03190332
2026-01-16 04:55:00+00:00,2828.06,2831.34,2826.97,2831.34,3.59534509
2026-01-16 05:00:00+00:00,2832.32,2835.42,2832.32,2834.34,4.88460383
2026-01-16 05:05:00+00:00,2831.35,2835.58,2828.05,2832.82,18.04411383
2026-01-16 05:10:00+00:00,2833.49,2837.66,2833.49,2836.38,20.50739372
2026-01-16 05:15:00+00:00,2836.36,2836.36,2834.04,2834.04,0.02724493
2026-01-16 05:20:00+00:00,2834.02,2834.26,2832.17,2834.26,7.25955365
2026-01-16 05:25:00+00:00,2834.05,2834.47,2832.0,2834.47,1.04963009
2026-01-16 05:30:00+00:00,2834.29,2836.85,2834.29,2835.65,0.66400821
2026-01-16 05:35:00+00:00,2841.28,2848.05,2836.99,2845.76,50.23985005
2026-01-16 05:40:00+00:00,2845.18,2853.63,2843.7,2851.93,24.01192164
2026-01-16 05:45:00+00:00,2853.8,2854.15,2850.45,2853.0,14.19900554
2026-01-16 05:50:00+00:00,2854.2,2855.91,2850.75,2850.75,11.50138302
2026-01-16 05:55:00+00:00,2850.56,2852.18,2850.55,2850.76,0.44792776
2026-01-16 06:00:00+00:00,2851.14,2852.43,2849.64,2849.64,1.07252065
2026-01-16 06:05:00+00:00,2850.53,2850.72,2847.5,2847.77,1.16718703
2026-01-16 06:10:00+00:00,2847.93,2848.12,2845.66,2846.38,2.42565954
2026-01-16 06:15:00+00:00,2847.3,2847.3,2846.59,2847.0,0.21296606
2026-01-16 06:20:00+00:00,2845.12,2850.57,2845.12,2849.06,3.92989818
2026-01-16 06:25:00+00:00,2848.63,2850.0,2848.63,2849.67,0.13363315
2026-01-16 06:30:00+00:00,2849.84,2851.56,2849.84,2851.56,1.25553142
2026-01-16 06:35:00+00:00,2852.94,2853.41,2851.5,2852.94,0.73013256
2026-01-16 06:40:00+00:00,2854.04,2856.66,2854.04,2856.43,16.11424196
2026-01-16 06:45:00+00:00,2857.44,2857.44,2855.86,2856.07,8.55363327
2026-01-16 06:50:00+00:00,2855.77,2855.77,2854.51,2854.51,0.85629662
2026-01-16 06:55:00+00:00,2854.53,2855.05,2853.62,2853.62,1.76836745
2026-01-16 07:00:00+00:00,2854.1,2854.1,2853.19,2853.42,1.02108487
2026-01-16 07:05:00+00:00,2854.06,2854.4,2851.58,2853.6,2.65561105
2026-01-16 07:10:00+00:00,2855.0,2855.88,2854.22,2854.96,5.30925136
2026-01-16 07:15:00+00:00,2854.15,2854.45,2852.22,2852.26,4.46240696
2026-01-16 07:20:00+00:00,2853.2,2854.2,2852.69,2854.2,1.51928614
2026-01-16 07:25:00+00:00,2852.15,2852.25,2848.21,2848.44,4.99007884
2026-01-16 07:30:00+00:00,2846.66,2846.93,2843.94,2846.92,8.25654638
2026-01-16 07:35:00+00:00,2846.81,2846.81,2844.4,2845.72,23.49285554
2026-01-16 07:40:00+00:00,2845.51,2846.19,2844.12,2844.47,2.68611059
2026-01-16 07:45:00+00:00,2844.93,2847.83,2844.93,2847.83,6.19102873
2026-01-16 07:50:00+00:00,2846.86,2847.32,2846.35,2847.32,0.06718473
2026-01-16 07:55:00+00:00,2848.01,2849.64,2848.0,2849.19,11.19742065
2026-01-16 08:00:00+00:00,2850.49,2853.12,2850.36,2851.39,2.65653237
2026-01-16 08:05:00+00:00,2850.57,2853.83,2849.17,2852.66,7.01937483
2026-01-16 08:10:00+00:00,2853.35,2858.53,2853.35,2857.83,38.92376491
2026-01-16 08:15:00+00:00,2857.7,2857.76,2854.22,2856.24,13.38404788
2026-01-16 08:20:00+00:00,2856.3,2857.13,2855.14,2856.78,39.86332881
2026-01-16 08:25:00+00:00,2856.51,2857.55,2855.29,2857.55,5.3574493
2026-01-16 08:30:00+00:00,2856.44,2858.3,2854.9,2854.95,32.47614215
2026-01-16 08:35:00+00:00,2854.31,2854.32,2851.77,2853.74,5.79387029
2026-01-16 08:40:00+00:00,2854.22,2856.96,2853.8,2856.96,5.02583037
2026-01-16 08:45:00+00:00,2854.93,2855.78,2853.8,2855.78,6.972988
2026-01-16 08:50:00+00:00,2855.47,2855.65,2853.27,2854.99,7.44520235
2026-01-16 08:55:00+00:00,2854.89,2855.24,2852.71,2853.65,11.68745077
2026-01-16 09:00:00+00:00,2852.85,2855.03,2852.53,2853.9,7.80932202
2026-01-16 09:05:00+00:00,2855.9,2855.9,2853.8,2853.97,1.47443402
2026-01-16 09:10:00+00:00,2855.43,2855.49,2852.36,2853.0,2.27089208
2026-01-16 09:15:00+00:00,2853.18,2853.18,2849.02,2850.0,9.27282345
2026-01-16 09:20:00+00:00,2849.89,2850.2,2847.89,2849.25,1.65772927
2026-01-16 09:25:00+00:00,2849.34,2851.44,2848.66,2851.44,3.01384609
2026-01-16 09:30:00+00:00,2851.66,2851.66,2849.38,2849.38,2.45795629
2026-01-16 09:35:00+00:00,2849.2,2850.81,2849.18,2850.81,5.24481494
2026-01-16 09:40:00+00:00,2850.77,2851.89,2850.07,2850.87,0.33679132
2026-01-16 09:45:00+00:00,2850.6,2851.18,2849.45,2849.6,2.93750803
2026-01-16 09:50:00+00:00,2849.84,2851.56,2849.04,2850.29,8.94140836
2026-01-16 09:55:00+00:00,2849.98,2850.53,2848.45,2848.45,1.23259932
2026-01-16 10:00:00+00:00,2847.82,2849.66,2845.82,2846.19,4.39704183
2026-01-16 10:05:00+00:00,2846.05,2846.84,2844.69,2845.87,6.32442145
2026-01-16 10:10:00+00:00,2846.28,2847.65,2845.71,2846.99,1.01368047
2026-01-16 10:15:00+00:00,2847.12,2847.12,2844.09,2845.6,1.92417941
2026-01-16 10:20:00+00:00,2846.16,2846.8,2844.7,2845.36,6.59939449
2026-01-16 10:25:00+00:00,2845.19,2845.7,2844.54,2845.41,1.39684722
2026-01-16 10:30:00+00:00,2844.48,2844.49,2840.1,2840.12,7.77284611
2026-01-16 10:35:00+00:00,2840.36,2841.98,2839.16,2839.17,6.27140939
2026-01-16 10:40:00+00:00,2838.8,2840.2,2836.47,2840.2,11.3944922
2026-01-16 10:45:00+00:00,2839.96,2842.37,2839.96,2841.8,17.32814726
2026-01-16 10:50:00+00:00,2838.01,2840.76,2836.2,2836.55,4.22106875
2026-01-16 10:55:00+00:00,2838.0,2839.13,2837.6,2838.26,4.18694062
2026-01-16 11:00:00+00:00,2838.73,2838.73,2836.69,2837.53,8.87075219
2026-01-16 11:05:00+00:00,2837.24,2841.0,2837.0,2841.0,8.25065593
2026-01-16 11:10:00+00:00,2841.15,2841.97,2837.32,2837.32,3.03201097
2026-01-16 11:15:00+00:00,2838.44,2840.29,2834.64,2840.29,16.90587445
2026-01-16 11:20:00+00:00,2837.81,2840.61,2837.81,2839.95,4.7170134
2026-01-16 11:25:00+00:00,2839.84,2841.51,2839.14,2840.66,1.97349292
2026-01-16 11:30:00+00:00,2839.9,2843.91,2837.64,2843.91,2.85549173
2026-01-16 11:35:00+00:00,2843.81,2844.29,2841.74,2842.26,5.07368033
2026-01-16 11:40:00+00:00,2842.15,2842.18,2839.19,2839.37,2.00107032
2026-01-16 11:45:00+00:00,2839.12,2841.83,2838.4,2840.3,5.46868972
2026-01-16 11:50:00+00:00,2842.99,2843.2,2841.12,2841.12,4.81063316
2026-01-16 11:55:00+00:00,2840.76,2842.13,2839.81,2841.52,3.3692594
2026-01-16 12:00:00+00:00,2841.52,2843.25,2839.56,2842.49,5.53716272
2026-01-16 12:05:00+00:00,2841.54,2844.18,2841.3,2843.68,0.68572777
2026-01-16 12:10:00+00:00,2845.03,2845.6,2843.3,2845.6,2.23171098
2026-01-16 12:15:00+00:00,2845.86,2848.0,2844.98,2848.0,0.99958806
2026-01-16 12:20:00+00:00,2848.61,2850.78,2846.58,2850.51,10.43298517
2026-01-16 12:25:00+00:00,2850.24,2851.3,2849.49,2851.3,0.54541701
2026-01-16 12:30:00+00:00,2849.4,2849.4,2847.18,2849.1,2.51566158
2026-01-16 12:35:00+00:00,2849.5,2850.6,2848.35,2850.5,0.4711005
2026-01-16 12:40:00+00:00,2850.23,2852.88,2849.81,2851.25,0.86272138
2026-01-16 12:45:00+00:00,2851.92,2851.92,2846.95,2847.79,3.55647125
2026-01-16 12:50:00+00:00,2848.1,2848.1,2844.35,2844.43,2.75406491
2026-01-16 12:55:00+00:00,2845.13,2847.4,2844.94,2847.4,1.91063647
2026-01-16 13:00:00+00:00,2847.4,2847.46,2844.67,2845.94,1.30586504
2026-01-16 13:05:00+00:00,2845.24,2845.95,2843.4,2845.86,3.50674478
2026-01-16 13:10:00+00:00,2847.18,2849.41,2845.51,2849.41,4.13874909
2026-01-16 13:15:00+00:00,2849.97,2850.23,2846.8,2846.8,6.42249222
2026-01-16 13:20:00+00:00,2847.88,2848.91,2844.51,2848.91,13.46952411
2026-01-16 13:25:00+00:00,2849.23,2849.23,2847.35,2848.21,7.20550019
2026-01-16 13:30:00+00:00,2847.92,2849.4,2843.5,2844.83,5.28639144
2026-01-16 13:35:00+00:00,2843.72,2845.54,2838.05,2838.05,7.03049673
2026-01-16 13:40:00+00:00,2837.6,2845.37,2837.13,2839.27,2.49379753
2026-01-16 13:45:00+00:00,2843.67,2846.13,2843.67,2846.01,0.12532499
2026-01-16 13:50:00+00:00,2845.93,2846.2,2844.9,2845.28,2.90289523
2026-01-16 13:55:00+00:00,2845.3,2848.0,2844.77,2846.34,9.0915848
2026-01-16 14:00:00+00:00,2847.25,2852.3,2847.25,2850.79,15.38752242
2026-01-16 14:05:00+00:00,2850.17,2850.17,2843.99,2845.12,2.79745
2026-01-16 14:10:00+00:00,2843.68,2845.2,2843.62,2844.01,1.44348147
2026-01-16 14:15:00+00:00,2843.65,2846.7,2842.75,2844.9,8.01801923
2026-01-16 14:20:00+00:00,2847.45,2847.74,2845.31,2846.87,2.95923263
2026-01-16 14:25:00+00:00,2845.57,2853.8,2844.41,2853.8,50.07853554
2026-01-16 14:30:00+00:00,2854.1,2857.15,2839.44,2844.85,23.68427186
2026-01-16 14:35:00+00:00,2842.56,2843.3,2832.77,2835.9,65.93788093
2026-01-16 14:40:00+00:00,2836.55,2841.79,2836.55,2838.61,5.67932755
2026-01-16 14:45:00+00:00,2836.96,2845.72,2835.45,2835.89,24.98655806
2026-01-16 14:50:00+00:00,2836.66,2838.33,2832.9,2837.74,22.8948136
2026-01-16 14:55:00+00:00,2838.53,2838.53,2835.08,2835.27,5.34871797
2026-01-16 15:00:00+00:00,2831.6,2838.4,2828.79,2835.6,30.24799947
2026-01-16 15:05:00+00:00,2836.16,2845.81,2835.95,2842.6,10.57448881
2026-01-16 15:10:00+00:00,2841.79,2848.56,2841.73,2844.66,84.03232248
2026-01-16 15:15:00+00:00,2846.49,2847.93,2828.87,2828.87,61.37486335
2026-01-16 15:20:00+00:00,2828.02,2845.0,2826.8,2834.5,83.93999152
2026-01-16 15:25:00+00:00,2840.89,2843.6,2834.62,2834.62,6.50191988
2026-01-16 15:30:00+00:00,2835.35,2838.2,2816.0,2820.51,174.0200085
2026-01-16 15:35:00+00:00,2819.74,2831.86,2816.31,2830.0,82.27095646
2026-01-16 15:40:00+00:00,2828.19,2828.3,2811.3,2815.89,82.45745624
2026-01-16 15:45:00+00:00,2820.63,2820.63,2806.17,2810.4,102.34346839
2026-01-16 15:50:00+00:00,2810.93,2814.55,2806.33,2814.11,65.28157542
2026-01-16 15:55:00+00:00,2815.6,2817.61,2813.9,2816.04,43.71534815
2026-01-16 16:00:00+00:00,2815.0,2817.16,2810.68,2813.75,36.63543895
2026-01-16 16:05:00+00:00,2815.2,2821.78,2813.9,2818.71,6.82698252
2026-01-16 16:10:00+00:00,2816.99,2819.57,2815.77,2819.4,25.87102708
2026-01-16 16:15:00+00:00,2819.8,2828.74,2810.0,2827.81,107.19235599
2026-01-16 16:20:00+00:00,2827.54,2829.87,2823.42,2828.75,89.91478103
2026-01-16 16:25:00+00:00,2828.77,2830.1,2827.1,2827.9,19.2219076
2026-01-16 16:30:00+00:00,2826.98,2828.6,2820.93,2820.93,11.70928564
2026-01-16 16:35:00+00:00,2822.43,2831.04,2822.43,2828.47,26.10267135
2026-01-16 16:40:00+00:00,2829.86,2830.6,2828.27,2828.41,39.84622793
2026-01-16 16:45:00+00:00,2828.62,2833.47,2827.4,2830.75,51.7333585
2026-01-16 16:50:00+00:00,2830.08,2831.9,2827.0,2830.87,21.77706242
2026-01-16 16:55:00+00:00,2828.0,2829.33,2824.59,2827.82,13.03570929
2026-01-16 17:00:00+00:00,2826.77,2826.77,2824.19,2824.19,3.18838546
2026-01-16 17:05:00+00:00,2824.4,2824.4,2820.52,2822.7,8.44461635
2026-01-16 17:10:00+00:00,2822.05,2823.6,2818.8,2819.38,12.52825536
2026-01-16 17:15:00+00:00,2824.5,2826.7,2822.7,2824.52,24.77647752
2026-01-16 17:20:00+00:00,2823.38,2825.48,2818.8,2819.03,0.99269702
2026-01-16 17:25:00+00:00,2818.91,2823.4,2815.1,2822.68,12.34211758
2026-01-16 17:30:00+00:00,2822.49,2827.88,2822.31,2827.68,7.01024776
2026-01-16 17:35:00+00:00,2824.6,2829.32,2824.33,2827.72,12.42311088
2026-01-16 17:40:00+00:00,2827.29,2831.89,2826.97,2831.02,5.02419377
2026-01-16 17:45:00+00:00,2830.74,2831.89,2827.95,2828.38,8.07613798
2026-01-16 17:50:00+00:00,2828.03,2828.03,2825.11,2825.81,7.15570962
2026-01-16 17:55:00+00:00,2826.92,2833.47,2826.01,2831.02,8.90627204
2026-01-16 18:00:00+00:00,2832.92,2835.56,2831.25,2831.9,6.29190196
2026-01-16 18:05:00+00:00,2832.0,2834.29,2831.31,2833.53,10.51652721
2026-01-16 18:10:00+00:00,2833.73,2833.74,2829.8,2832.34,16.68832385
2026-01-16 18:15:00+00:00,2829.25,2833.4,2829.16,2831.79,4.07611753
2026-01-16 18:20:00+00:00,2832.3,2832.3,2827.6,2829.78,18.52357853
2026-01-16 18:25:00+00:00,2830.7,2832.6,2830.0,2831.44,1.83838938
2026-01-16 18:30:00+00:00,2831.61,2833.69,2831.61,2833.58,2.27636043
2026-01-16 18:35:00+00:00,2833.7,2833.7,2831.09,2831.09,3.20890141
2026-01-16 18:40:00+00:00,2830.83,2831.6,2829.63,2831.6,12.53636709
2026-01-16 18:45:00+00:00,2831.44,2831.49,2825.81,2826.55,1.78142881
2026-01-16 18:50:00+00:00,2827.2,2829.2,2827.2,2828.21,1.58428642
2026-01-16 18:55:00+00:00,2828.32,2829.57,2826.79,2827.08,2.80042612
2026-01-16 19:00:00+00:00,2827.05,2827.79,2824.67,2826.4,6.67831843
2026-01-16 19:05:00+00:00,2826.29,2827.64,2823.52,2824.7,13.06029331
2026-01-16 19:10:00+00:00,2824.69,2826.08,2824.43,2826.02,3.10994782
2026-01-16 19:15:00+00:00,2825.02,2825.02,2821.43,2822.53,1.79911935
2026-01-16 19:20:00+00:00,2822.63,2823.4,2821.63,2823.4,50.42764136
2026-01-16 19:25:00+00:00,2822.12,2822.57,2819.38,2819.62,17.61686456
2026-01-16 19:30:00+00:00,2819.55,2824.97,2819.55,2824.13,13.47773372
2026-01-16 19:35:00+00:00,2825.0,2826.59,2823.17,2824.69,2.63838417
2026-01-16 19:40:00+00:00,2824.73,2824.73,2821.79,2823.24,0.59093449
2026-01-16 19:45:00+00:00,2822.21,2823.12,2822.21,2822.95,2.50109713
2026-01-16 19:50:00+00:00,2824.3,2824.84,2818.78,2823.45,43.00344232
2026-01-16 19:55:00+00:00,2823.21,2825.21,2821.8,2825.21,15.78612587
2026-01-16 20:00:00+00:00,2824.16,2825.21,2818.23,2818.23,5.22189802
2026-01-16 20:05:00+00:00,2818.23,2819.5,2815.46,2816.23,5.21216795
2026-01-16 20:10:00+00:00,2814.68,2820.99,2813.78,2820.06,2.29669785
2026-01-16 20:15:00+00:00,2821.2,2824.7,2819.83,2824.7,7.7803832
2026-01-16 20:20:00+00:00,2824.95,2827.85,2824.87,2825.54,4.12597416
2026-01-16 20:25:00+00:00,2826.32,2832.27,2825.29,2830.98,38.49911513
2026-01-16 20:30:00+00:00,2831.45,2832.68,2830.12,2830.42,18.95269569
2026-01-16 20:35:00+00:00,2830.9,2832.9,2829.54,2829.54,16.8433138
2026-01-16 20:40:00+00:00,2830.98,2834.27,2830.98,2834.27,27.51543453
2026-01-16 20:45:00+00:00,2834.27,2834.27,2831.21,2831.21,1.98632128
2026-01-16 20:50:00+00:00,2831.31,2834.63,2830.8,2833.62,20.34808525
2026-01-16 20:55:00+00:00,2834.5,2838.3,2834.35,2838.3,8.71726651
2026-01-16 21:00:00+00:00,2838.69,2842.83,2837.84,2840.94,26.05738279
2026-01-16 21:05:00+00:00,2841.58,2844.15,2840.48,2841.37,42.18463067
2026-01-16 21:10:00+00:00,2841.28,2842.12,2836.2,2836.23,18.10954134
2026-01-16 21:15:00+00:00,2836.43,2837.12,2834.78,2836.65,3.08356631
2026-01-16 21:20:00+00:00,2836.13,2837.11,2835.41,2837.11,3.05915024
2026-01-16 21:25:00+00:00,2837.04,2838.91,2836.24,2838.03,3.05549089
2026-01-16 21:30:00+00:00,2838.03,2840.58,2836.54,2840.58,1.42080143
2026-01-16 21:35:00+00:00,2839.75,2842.09,2837.54,2842.09,1.32678401
2026-01-16 21:40:00+00:00,2842.78,2842.78,2839.35,2840.74,2.80739089
2026-01-16 21:45:00+00:00,2840.98,2840.98,2839.84,2840.98,1.08857208
2026-01-16 21:50:00+00:00,2840.54,2842.56,2840.54,2840.86,1.9646464
2026-01-16 21:55:00+00:00,2840.34,2841.76,2838.92,2839.94,4.93502434
2026-01-16 22:00:00+00:00,2840.27,2840.27,2836.42,2838.98,0.6769729
2026-01-16 22:05:00+00:00,2839.29,2839.91,2838.1,2838.1,16.17852796
2026-01-16 22:10:00+00:00,2837.04,2837.74,2830.73,2834.82,3.90150926
2026-01-16 22:15:00+00:00,2834.4,2836.0,2833.54,2834.77,0.39505505
2026-01-16 22:20:00+00:00,2835.29,2835.97,2835.29,2835.55,1.66380409
2026-01-16 22:25:00+00:00,2837.03,2837.16,2834.47,2834.78,1.14756108
2026-01-16 22:30:00+00:00,2834.24,2835.65,2832.56,2834.29,6.74708994
2026-01-16 22:35:00+00:00,2834.78,2834.9,2830.81,2832.88,27.85270255
2026-01-16 22:40:00+00:00,2833.49,2833.5,2830.09,2832.2,3.28118603
2026-01-16 22:45:00+00:00,2834.3,2834.63,2831.8,2834.27,5.19540103
2026-01-16 22:50:00+00:00,2834.58,2840.3,2834.58,2838.12,50.14193783
2026-01-16 22:55:00+00:00,2838.01,2838.8,2837.66,2838.8,0.68051009
2026-01-16 23:00:00+00:00,2840.13,2841.5,2838.43,2839.64,11.95344844
2026-01-16 23:05:00+00:00,2839.3,2840.33,2838.81,2840.0,3.28514488
2026-01-16 23:10:00+00:00,2839.14,2841.45,2839.08,2841.45,2.10512349
2026-01-16 23:15:00+00:00,2841.59,2843.55,2840.42,2841.44,5.43914545
2026-01-16 23:20:00+00:00,2842.48,2843.67,2842.36,2843.67,0.12458848
2026-01-16 23:25:00+00:00,2843.2,2844.51,2842.36,2843.87,9.68313033
2026-01-16 23:30:00+00:00,2842.39,2844.13,2842.1,2842.1,2.91168081
2026-01-16 23:35:00+00:00,2841.75,2841.75,2839.5,2841.02,2.8857775
2026-01-16 23:40:00+00:00,2839.97,2841.47,2839.88,2840.13,2.33007701
2026-01-16 23:45:00+00:00,2840.98,2841.92,2840.56,2841.19,2.46486849
2026-01-16 23:50:00+00:00,2841.68,2841.7,2841.19,2841.51,1.22569005
2026-01-16 23:55:00+00:00,2842.86,2842.86,2841.0,2842.13,0.67600517
2026-01-17 00:00:00+00:00,2841.26,2841.26,2838.4,2839.32,2.11206971
2026-01-17 00:05:00+00:00,2839.07,2839.26,2837.47,2838.19,3.7603651
2026-01-17 00:10:00+00:00,2838.61,2839.31,2838.13,2839.31,2.85482129
2026-01-17 00:15:00+00:00,2839.51,2840.31,2838.1,2839.04,3.85399013
2026-01-17 00:20:00+00:00,2838.81,2839.97,2837.94,2837.94,1.76717225
2026-01-17 00:25:00+00:00,2839.11,2839.5,2837.8,2838.08,3.35618091
2026-01-17 00:30:00+00:00,2837.97,2838.32,2835.91,2836.6,1.10220857
2026-01-17 00:35:00+00:00,2836.6,2837.9,2835.61,2836.4,0.90727699
2026-01-17 00:40:00+00:00,2836.39,2838.0,2836.39,2838.0,1.62911338
2026-01-17 00:45:00+00:00,2837.87,2838.41,2837.26,2838.4,5.2150918
2026-01-17 00:50:00+00:00,2837.84,2837.95,2836.6,2837.16,1.28961979
2026-01-17 00:55:00+00:00,2838.17,2838.43,2837.66,2838.43,0.29625641
2026-01-17 01:00:00+00:00,2837.73,2839.25,2837.73,2838.68,1.45344196
2026-01-17 01:05:00+00:00,2837.7,2840.33,2836.9,2839.39,1.22869851
2026-01-17 01:10:00+00:00,2839.44,2839.45,2838.45,2839.09,1.16774339
2026-01-17 01:15:00+00:00,2839.5,2840.02,2839.13,2840.02,0.01302459
2026-01-17 01:20:00+00:00,2840.02,2840.76,2840.02,2840.75,0.03419213
2026-01-17 01:25:00+00:00,2837.09,2840.64,2837.08,2837.77,3.97622311
2026-01-17 01:30:00+00:00,2838.68,2839.12,2836.3,2836.3,2.05801777
2026-01-17 01:35:00+00:00,2836.8,2837.81,2835.4,2835.78,8.34710545
2026-01-17 01:40:00+00:00,2834.95,2835.56,2833.47,2835.08,12.94045154
2026-01-17 01:45:00+00:00,2834.62,2835.78,2833.92,2835.65,0.18472578
2026-01-17 01:50:00+00:00,2835.14,2835.98,2835.14,2835.98,0.03343003
2026-01-17 01:55:00+00:00,2836.17,2836.45,2836.05,2836.36,0.0492393
2026-01-17 02:00:00+00:00,2835.98,2835.98,2834.5,2834.5,2.62419158
2026-01-17 02:05:00+00:00,2834.37,2834.37,2832.99,2833.72,3.08769126
2026-01-17 02:10:00+00:00,2833.73,2833.73,2833.73,2833.73,0.002
2026-01-17 02:15:00+00:00,2832.4,2834.09,2832.4,2832.4,1.44487562
2026-01-17 02:20:00+00:00,2833.91,2833.91,2831.51,2831.84,2.88202042
2026-01-17 02:25:00+00:00,2831.27,2832.14,2831.21,2832.14,0.23168301
2026-01-17 02:30:00+00:00,2831.22,2832.18,2831.22,2832.18,0.12034602
2026-01-17 02:35:00+00:00,2833.17,2834.77,2833.17,2834.77,0.92955192
2026-01-17 02:40:00+00:00,2833.41,2833.82,2833.41,2833.73,0.75711398
2026-01-17 02:45:00+00:00,2834.54,2835.81,2833.75,2833.75,0.45553461
2026-01-17 02:50:00+00:00,2836.61,2838.23,2836.61,2837.8,0.37909775
2026-01-17 02:55:00+00:00,2837.31,2838.4,2837.31,2838.4,0.23062451
2026-01-17 03:00:00+00:00,2838.57,2838.57,2836.39,2836.87,0.92630441
2026-01-17 03:05:00+00:00,2836.55,2836.94,2836.55,2836.92,0.09964138
2026-01-17 03:10:00+00:00,2837.26,2837.62,2837.26,2837.62,0.06820207
2026-01-17 03:15:00+00:00,2838.17,2838.26,2838.06,2838.17,0.05668925
2026-01-17 03:20:00+00:00,2837.49,2837.49,2837.49,2837.49,0.00351366
2026-01-17 03:25:00+00:00,2836.67,2836.67,2836.67,2836.67,0.00175557
2026-01-17 03:30:00+00:00,2835.05,2835.05,2834.87,2834.87,0.05616895
2026-01-17 03:35:00+00:00,2834.87,2834.87,2834.87,2834.87,1.438e-05
2026-01-17 03:40:00+00:00,2835.87,2836.02,2835.78,2836.02,5.57954729
2026-01-17 03:45:00+00:00,2834.94,2836.83,2834.94,2836.38,0.03027004
2026-01-17 03:50:00+00:00,2836.64,2837.48,2836.64,2837.48,0.01217725
2026-01-17 03:55:00+00:00,2836.7,2838.05,2836.02,2837.28,6.29988357
2026-01-17 04:00:00+00:00,2835.1,2835.27,2834.59,2835.27,0.4677076
2026-01-17 04:05:00+00:00,2835.11,2835.11,2835.11,2835.11,0.26193346
2026-01-17 04:10:00+00:00,2834.46,2834.53,2833.83,2834.53,1.40500493
2026-01-17 04:15:00+00:00,2833.25,2833.54,2832.64,2832.94,7.99851061
2026-01-17 04:20:00+00:00,2833.16,2833.79,2832.8,2833.53,1.52007343
2026-01-17 04:25:00+00:00,2834.66,2834.66,2832.92,2834.66,17.42492244
2026-01-17 04:35:00+00:00,2833.33,2834.21,2833.33,2834.21,0.20946343
2026-01-17 04:40:00+00:00,2833.88,2834.28,2833.88,2834.28,0.02061029
2026-01-17 04:45:00+00:00,2835.23,2836.57,2835.23,2835.25,0.09543084
2026-01-17 04:50:00+00:00,2837.14,2837.23,2836.14,2837.05,53.42467646
2026-01-17 04:55:00+00:00,2837.49,2838.35,2837.49,2837.88,10.98451103
2026-01-17 05:00:00+00:00,2839.34,2839.34,2837.74,2838.2,0.98641665
2026-01-17 05:05:00+00:00,2837.83,2838.25,2837.68,2837.88,10.87224749
2026-01-17 05:10:00+00:00,2837.85,2838.24,2836.5,2836.5,12.52736898
2026-01-17 05:15:00+00:00,2836.5,2836.98,2836.5,2836.5,0.73754463
2026-01-17 05:20:00+00:00,2836.08,2836.67,2836.08,2836.67,0.25074446
2026-01-17 05:25:00+00:00,2837.69,2837.69,2837.69,2837.69,0.00439089
2026-01-17 05:30:00+00:00,2837.35,2837.35,2836.66,2837.14,0.20437303
2026-01-17 05:35:00+00:00,2837.71,2837.83,2837.09,2837.83,0.42717371
2026-01-17 05:40:00+00:00,2838.43,2839.75,2838.41,2839.75,0.54102247
2026-01-17 05:45:00+00:00,2839.98,2839.98,2838.56,2839.08,0.10512537
2026-01-17 05:50:00+00:00,2837.86,2837.87,2837.26,2837.8,0.20355053
2026-01-17 05:55:00+00:00,2837.26,2837.93,2837.24,2837.4,0.53727708
2026-01-17 06:00:00+00:00,2837.21,2837.38,2834.81,2834.91,4.20057321
2026-01-17 06:05:00+00:00,2836.69,2836.7,2835.56,2835.56,1.19895143
2026-01-17 06:10:00+00:00,2836.05,2836.06,2835.19,2835.19,0.18205868
2026-01-17 06:15:00+00:00,2835.38,2835.38,2834.4,2834.41,2.64888131
2026-01-17 06:20:00+00:00,2834.2,2834.65,2833.59,2834.44,1.93672555
2026-01-17 06:25:00+00:00,2833.75,2835.49,2833.75,2835.19,1.37884827
2026-01-17 06:30:00+00:00,2835.05,2836.14,2835.05,2836.14,1.92730971
2026-01-17 06:35:00+00:00,2836.21,2837.19,2836.16,2837.19,0.51459761
2026-01-17 06:40:00+00:00,2837.48,2839.1,2836.74,2836.92,4.89713855
2026-01-17 06:45:00+00:00,2836.05,2836.06,2835.99,2835.99,0.3942653
2026-01-17 06:50:00+00:00,2836.02,2836.8,2836.02,2836.8,0.4058163
2026-01-17 06:55:00+00:00,2836.82,2837.73,2836.82,2837.53,0.22419253
2026-01-17 07:00:00+00:00,2836.48,2836.48,2834.0,2834.58,25.55679768
2026-01-17 07:05:00+00:00,2835.63,2835.79,2835.6,2835.61,0.88294837
2026-01-17 07:10:00+00:00,2836.35,2836.36,2835.44,2836.19,1.57601077
2026-01-17 07:15:00+00:00,2835.91,2837.39,2835.9,2836.9,3.86096594
2026-01-17 07:20:00+00:00,2836.17,2838.29,2836.16,2838.29,1.11909424
2026-01-17 07:25:00+00:00,2838.3,2838.86,2838.02,2838.28,0.33105814
2026-01-17 07:30:00+00:00,2838.64,2838.92,2837.98,2838.43,0.24240461
2026-01-17 07:35:00+00:00,2838.13,2838.13,2837.25,2838.04,1.14270733
2026-01-17 07:40:00+00:00,2837.55,2838.08,2837.14,2837.14,2.04129164
2026-01-17 07:45:00+00:00,2837.25,2837.8,2836.45,2836.45,1.37449055
2026-01-17 07:50:00+00:00,2836.69,2837.89,2835.87,2837.26,14.63011902
2026-01-17 07:55:00+00:00,2837.97,2837.97,2837.12,2837.79,0.59240987
2026-01-17 08:00:00+00:00,2836.88,2838.8,2835.47,2838.8,0.26037891
2026-01-17 08:05:00+00:00,2839.23,2839.75,2839.2,2839.54,7.50891023
2026-01-17 08:10:00+00:00,2839.2,2839.81,2838.55,2838.87,2.37996832
2026-01-17 08:15:00+00:00,2838.87,2840.3,2838.03,2838.77,9.1682274
2026-01-17 08:20:00+00:00,2839.29,2840.55,2838.89,2839.16,1.7051991
2026-01-17 08:25:00+00:00,2839.61,2840.7,2839.61,2840.39,2.45022189
2026-01-17 08:30:00+00:00,2840.92,2841.71,2840.18,2841.18,4.5101231
2026-01-17 08:35:00+00:00,2841.38,2842.0,2841.07,2841.4,0.40280598
2026-01-17 08:40:00+00:00,2840.95,2841.91,2840.61,2840.68,2.73673372
2026-01-17 08:45:00+00:00,2840.83,2841.8,2840.74,2840.74,0.54307522
2026-01-17 08:50:00+00:00,2841.07,2841.87,2841.07,2841.2,0.52121315
2026-01-17 08:55:00+00:00,2841.05,2841.86,2840.81,2841.44,5.69148359
2026-01-17 09:00:00+00:00,2841.33,2842.08,2841.33,2841.33,0.56134536
2026-01-17 09:05:00+00:00,2841.62,2842.23,2841.31,2841.95,3.70705633
2026-01-17 09:10:00+00:00,2841.9,2841.91,2839.88,2839.97,7.78567758
2026-01-17 09:15:00+00:00,2840.61,2840.61,2838.56,2840.03,0.55501201
2026-01-17 09:20:00+00:00,2840.88,2841.13,2839.6,2840.32,4.40923161
2026-01-17 09:25:00+00:00,2840.99,2842.19,2840.55,2841.8,4.71701195
2026-01-17 09:30:00+00:00,2841.8,2842.3,2840.71,2841.33,1.32909137
2026-01-17 09:35:00+00:00,2842.49,2844.6,2841.98,2841.98,2.37336969
2026-01-17 09:40:00+00:00,2841.99,2848.5,2841.92,2846.3,22.30833174
2026-01-17 09:45:00+00:00,2847.15,2847.15,2845.45,2846.81,0.7679486
2026-01-17 09:50:00+00:00,2845.43,2846.38,2845.39,2845.81,0.99731963
2026-01-17 09:55:00+00:00,2845.4,2846.7,2843.85,2844.22,12.37340385
2026-01-17 10:00:00+00:00,2844.43,2845.0,2843.03,2843.48,1.02665096
2026-01-17 10:05:00+00:00,2844.66,2845.42,2844.66,2845.05,2.65234166
2026-01-17 10:10:00+00:00,2845.0,2845.93,2844.71,2845.93,2.13093606
2026-01-17 10:15:00+00:00,2845.42,2846.08,2844.77,2844.77,0.65085489
2026-01-17 10:20:00+00:00,2844.66,2844.94,2843.33,2843.9,1.92983303
2026-01-17 10:25:00+00:00,2843.0,2843.96,2842.44,2843.65,1.71863298
2026-01-17 10:30:00+00:00,2843.68,2843.68,2842.56,2842.56,5.88060133
2026-01-17 10:35:00+00:00,2842.57,2842.63,2841.67,2842.52,0.60777896
2026-01-17 10:40:00+00:00,2842.0,2842.51,2841.6,2842.2,4.10623354
2026-01-17 10:45:00+00:00,2842.07,2842.65,2841.61,2842.46,2.59372321
2026-01-17 10:50:00+00:00,2842.43,2842.6,2841.85,2842.52,1.44619356
2026-01-17 10:55:00+00:00,2842.51,2842.79,2842.16,2842.16,0.48368845
2026-01-17 11:00:00+00:00,2842.2,2842.59,2841.6,2842.28,2.17730215
2026-01-17 11:05:00+00:00,2842.12,2843.0,2838.94,2843.0,1.62149975
2026-01-17 11:10:00+00:00,2842.73,2844.53,2842.72,2844.53,0.78559375
2026-01-17 11:15:00+00:00,2844.7,2845.46,2843.98,2845.46,1.16142931
2026-01-17 11:20:00+00:00,2845.57,2846.24,2844.89,2846.24,3.58747364
2026-01-17 11:25:00+00:00,2845.06,2846.7,2845.06,2846.7,8.97574096
2026-01-17 11:30:00+00:00,2845.99,2848.59,2845.99,2848.47,3.23978675
2026-01-17 11:35:00+00:00,2848.92,2850.0,2848.18,2848.45,10.31314342
2026-01-17 11:40:00+00:00,2847.73,2848.08,2846.94,2847.17,3.33419892
2026-01-17 11:45:00+00:00,2847.45,2847.54,2845.5,2846.38,1.56687091
2026-01-17 11:50:00+00:00,2846.38,2848.45,2846.22,2848.39,9.11160999
2026-01-17 11:55:00+00:00,2847.8,2848.41,2847.75,2848.25,1.3782862
2026-01-17 12:00:00+00:00,2847.4,2848.25,2846.41,2846.87,3.21943526
2026-01-17 12:05:00+00:00,2847.37,2849.38,2847.37,2849.27,4.28594181
2026-01-17 12:10:00+00:00,2849.31,2849.38,2848.41,2849.37,1.63812512
2026-01-17 12:15:00+00:00,2849.62,2850.8,2847.12,2848.1,13.59484362
2026-01-17 12:20:00+00:00,2846.42,2847.14,2846.08,2846.97,0.61161486
2026-01-17 12:25:00+00:00,2847.13,2847.75,2846.48,2847.27,1.59507089
2026-01-17 12:30:00+00:00,2846.84,2847.24,2846.16,2847.24,1.31976236
2026-01-17 12:35:00+00:00,2846.86,2848.34,2846.86,2847.98,0.55351432
2026-01-17 12:40:00+00:00,2847.99,2848.9,2847.12,2848.9,1.28214826
2026-01-17 12:45:00+00:00,2848.23,2848.6,2847.63,2848.41,1.83589635
2026-01-17 12:50:00+00:00,2847.72,2848.66,2847.71,2848.34,0.78001836
2026-01-17 12:55:00+00:00,2848.39,2848.4,2847.71,2847.74,0.70972461
2026-01-17 13:00:00+00:00,2848.0,2848.0,2845.61,2845.61,2.63544998
2026-01-17 13:05:00+00:00,2845.32,2846.73,2845.11,2846.4,0.4614806
2026-01-17 13:10:00+00:00,2845.72,2847.2,2845.72,2846.81,4.51357447
2026-01-17 13:15:00+00:00,2845.98,2848.5,2845.93,2848.46,2.96683724
2026-01-17 13:20:00+00:00,2847.59,2848.56,2846.94,2846.94,0.32327436
2026-01-17 13:25:00+00:00,2847.01,2848.38,2847.01,2848.04,1.5705573
2026-01-17 13:30:00+00:00,2848.36,2849.38,2848.36,2848.88,1.19766507
2026-01-17 13:35:00+00:00,2847.99,2847.99,2845.88,2846.86,2.60938439
2026-01-17 13:40:00+00:00,2848.2,2848.2,2847.85,2847.85,0.18272481
2026-01-17 13:45:00+00:00,2848.65,2848.74,2848.3,2848.34,0.65523796
2026-01-17 13:50:00+00:00,2849.77,2849.8,2848.15,2848.49,2.50729047
2026-01-17 13:55:00+00:00,2848.49,2849.37,2848.3,2848.58,6.70915126
2026-01-17 14:00:00+00:00,2848.0,2848.45,2846.93,2848.45,0.98013227
2026-01-17 14:05:00+00:00,2848.55,2848.66,2846.85,2847.16,2.63885389
2026-01-17 14:10:00+00:00,2847.81,2852.98,2846.98,2852.98,2.5522979
2026-01-17 14:15:00+00:00,2853.0,2855.0,2850.89,2852.09,95.74307824
2026-01-17 14:20:00+00:00,2851.12,2852.27,2851.11,2852.09,0.36483398
2026-01-17 14:25:00+00:00,2851.55,2853.16,2850.53,2852.68,7.81435166
2026-01-17 14:30:00+00:00,2852.99,2853.26,2851.9,2852.4,4.08442301
2026-01-17 14:35:00+00:00,2852.2,2854.64,2852.2,2854.64,3.1538717
2026-01-17 14:40:00+00:00,2855.63,2856.15,2851.27,2851.36,3.39790115
2026-01-17 14:45:00+00:00,2851.93,2852.91,2851.92,2852.81,6.0303391
2026-01-17 14:50:00+00:00,2853.49,2853.54,2852.3,2853.46,15.80945424
2026-01-17 14:55:00+00:00,2854.2,2855.16,2853.0,2855.16,39.99716888
2026-01-17 15:00:00+00:00,2853.0,2855.8,2853.0,2855.8,9.9355541
2026-01-17 15:05:00+00:00,2855.91,2860.43,2855.41,2858.09,51.65040097
2026-01-17 15:10:00+00:00,2858.4,2859.6,2857.47,2857.47,13.6433557
2026-01-17 15:15:00+00:00,2859.39,2863.0,2859.39,2862.52,2.1779691
2026-01-17 15:20:00+00:00,2863.39,2863.7,2858.44,2858.63,5.50394791
2026-01-17 15:25:00+00:00,2860.25,2865.73,2860.25,2862.43,12.93008698
2026-01-17 15:30:00+00:00,2861.73,2864.13,2860.28,2863.14,5.20223945
2026-01-17 15:35:00+00:00,2863.71,2870.5,2862.37,2868.88,26.89990619
2026-01-17 15:40:00+00:00,2868.93,2871.3,2866.55,2871.3,15.5296913
2026-01-17 15:45:00+00:00,2870.26,2871.2,2865.68,2868.1,5.61934266
2026-01-17 15:50:00+00:00,2865.34,2871.68,2865.04,2869.38,4.81395975
2026-01-17 15:55:00+00:00,2869.38,2871.8,2868.21,2871.38,38.97333816
2026-01-17 16:00:00+00:00,2866.83,2871.56,2866.35,2867.02,22.58600212
2026-01-17 16:05:00+00:00,2866.92,2868.22,2865.57,2867.57,17.18284369
2026-01-17 16:10:00+00:00,2866.87,2870.4,2866.87,2870.05,4.0782602
2026-01-17 16:15:00+00:00,2870.73,2871.5,2866.47,2866.47,4.85126023
2026-01-17 16:20:00+00:00,2865.65,2865.99,2857.15,2864.23,60.67809947
2026-01-17 16:25:00+00:00,2860.86,2864.01,2858.73,2863.31,15.1640675
2026-01-17 16:30:00+00:00,2863.61,2863.61,2856.55,2860.89,15.84421221
2026-01-17 16:35:00+00:00,2857.67,2860.45,2857.43,2860.34,13.50625469
2026-01-17 16:40:00+00:00,2860.24,2862.56,2860.08,2861.55,12.40041435
2026-01-17 16:45:00+00:00,2861.4,2861.6,2858.53,2858.92,34.93270992
2026-01-17 16:50:00+00:00,2860.44,2863.11,2858.04,2862.9,2.69761115
2026-01-17 16:55:00+00:00,2862.38,2863.56,2861.54,2863.06,2.60675589
2026-01-17 17:00:00+00:00,2862.44,2863.48,2861.4,2861.4,2.60196007
2026-01-17 17:05:00+00:00,2861.65,2864.0,2861.65,2864.0,4.97031316
2026-01-17 17:10:00+00:00,2865.37,2867.9,2865.37,2866.78,1.35485536
2026-01-17 17:15:00+00:00,2867.09,2870.59,2866.52,2870.59,22.961841
2026-01-17 17:20:00+00:00,2867.35,2870.17,2867.16,2867.99,5.07063712
2026-01-17 17:25:00+00:00,2868.63,2868.9,2866.69,2868.42,19.71691556
2026-01-17 17:30:00+00:00,2866.3,2868.42,2865.68,2866.07,2.15627341
2026-01-17 17:35:00+00:00,2866.47,2867.18,2865.71,2866.94,4.83660976
2026-01-17 17:40:00+00:00,2866.94,2867.36,2865.22,2865.22,7.29913853
2026-01-17 17:45:00+00:00,2866.42,2866.81,2864.39,2864.43,2.08057578
2026-01-17 17:50:00+00:00,2864.5,2865.01,2863.01,2864.17,4.91676356
2026-01-17 17:55:00+00:00,2864.34,2864.34,2862.14,2863.8,2.34315691
2026-01-17 18:00:00+00:00,2860.22,2863.54,2859.8,2862.3,13.05259905
2026-01-17 18:05:00+00:00,2862.08,2862.1,2860.56,2861.77,1.20826643
2026-01-17 18:10:00+00:00,2862.16,2862.45,2860.98,2861.84,3.51172958
2026-01-17 18:15:00+00:00,2861.15,2863.3,2860.77,2863.3,0.37912095
2026-01-17 18:20:00+00:00,2863.49,2864.77,2863.41,2864.77,1.27169671
2026-01-17 18:25:00+00:00,2864.61,2864.63,2863.81,2863.81,0.79616097
2026-01-17 18:30:00+00:00,2864.15,2864.95,2863.45,2864.91,2.65794713
2026-01-17 18:35:00+00:00,2863.12,2864.92,2862.8,2864.81,2.34041703
2026-01-17 18:40:00+00:00,2864.61,2864.63,2863.76,2864.45,2.06640495
2026-01-17 18:45:00+00:00,2864.24,2864.24,2862.72,2863.46,3.02056215
2026-01-17 18:50:00+00:00,2863.46,2863.71,2863.16,2863.26,0.51005613
2026-01-17 18:55:00+00:00,2864.08,2864.08,2862.83,2863.32,2.76525346
2026-01-17 19:00:00+00:00,2862.5,2863.26,2862.23,2862.49,1.60309335
2026-01-17 19:05:00+00:00,2862.76,2863.25,2862.19,2862.87,0.5054535
2026-01-17 19:10:00+00:00,2862.27,2862.36,2862.07,2862.19,1.24308989
2026-01-17 19:15:00+00:00,2861.8,2862.2,2861.52,2861.82,1.4407926
2026-01-17 19:20:00+00:00,2861.37,2861.88,2860.33,2860.41,22.8222704
2026-01-17 19:25:00+00:00,2861.44,2862.2,2861.38,2862.01,7.94146239
2026-01-17 19:30:00+00:00,2862.2,2862.59,2861.49,2862.59,1.51803614
2026-01-17 19:35:00+00:00,2862.6,2866.12,2862.6,2865.28,2.37446669
2026-01-17 19:40:00+00:00,2865.29,2865.36,2863.18,2863.48,1.28340561
2026-01-17 19:45:00+00:00,2862.72,2863.07,2861.47,2862.35,3.14220626
2026-01-17 19:50:00+00:00,2862.39,2862.4,2859.62,2859.62,4.66053338
2026-01-17 19:55:00+00:00,2861.21,2862.19,2861.02,2861.8,0.65248616
2026-01-17 20:00:00+00:00,2861.87,2862.33,2861.69,2861.69,1.52187991
2026-01-17 20:05:00+00:00,2861.09,2861.09,2860.14,2860.97,1.94682092
2026-01-17 20:10:00+00:00,2861.32,2862.67,2860.99,2861.55,5.53509183
2026-01-17 20:15:00+00:00,2861.54,2863.34,2861.38,2862.7,2.96436897
2026-01-17 20:20:00+00:00,2863.29,2864.67,2863.16,2863.84,2.94370084
2026-01-17 20:25:00+00:00,2863.92,2864.81,2862.82,2863.51,5.84109181
2026-01-17 20:30:00+00:00,2861.83,2863.18,2861.49,2861.87,1.94888309
2026-01-17 20:35:00+00:00,2862.1,2862.73,2862.1,2862.73,0.2948287
2026-01-17 20:40:00+00:00,2862.37,2862.88,2862.25,2862.25,1.34488065
2026-01-17 20:45:00+00:00,2862.25,2863.67,2862.2,2863.1,27.86867578
2026-01-17 20:50:00+00:00,2863.06,2863.1,2861.75,2863.03,11.91012183
2026-01-17 20:55:00+00:00,2862.69,2863.1,2861.8,2861.8,6.93458744
2026-01-17 21:00:00+00:00,2862.77,2862.78,2862.27,2862.44,0.70500871
2026-01-17 21:05:00+00:00,2862.18,2862.27,2861.61,2862.07,1.26354649
2026-01-17 21:10:00+00:00,2862.38,2862.39,2861.26,2861.26,1.4297077
2026-01-17 21:15:00+00:00,2860.44,2861.3,2858.0,2858.0,1.72986604
2026-01-17 21:20:00+00:00,2859.87,2859.9,2857.99,2858.66,26.26895085
2026-01-17 21:25:00+00:00,2860.01,2860.34,2859.44,2859.44,0.80956822
2026-01-17 21:30:00+00:00,2858.99,2859.01,2854.2,2857.19,10.87932073
2026-01-17 21:35:00+00:00,2857.6,2858.04,2855.91,2855.91,5.21012586
2026-01-17 21:40:00+00:00,2855.91,2857.83,2855.65,2857.83,2.39302399
2026-01-17 21:45:00+00:00,2857.83,2858.4,2857.66,2857.66,0.29498655
2026-01-17 21:50:00+00:00,2858.66,2859.0,2857.14,2857.14,3.24994979
2026-01-17 21:55:00+00:00,2858.22,2859.06,2857.42,2859.06,1.96426255
2026-01-17 22:00:00+00:00,2859.06,2859.06,2856.93,2859.06,1.1652276
2026-01-17 22:05:00+00:00,2857.89,2857.9,2856.0,2856.32,5.14388728
2026-01-17 22:10:00+00:00,2856.38,2856.69,2854.64,2855.57,26.22918022
2026-01-17 22:15:00+00:00,2856.0,2857.85,2856.0,2857.06,3.33302919
2026-01-17 22:20:00+00:00,2856.5,2856.5,2855.22,2856.11,8.16328587
2026-01-17 22:25:00+00:00,2856.11,2856.63,2854.63,2855.33,8.65294739
2026-01-17 22:30:00+00:00,2854.4,2855.08,2850.61,2854.41,13.26848978
2026-01-17 22:35:00+00:00,2852.95,2852.95,2844.8,2847.48,46.19205365
2026-01-17 22:40:00+00:00,2847.75,2852.5,2847.75,2849.14,19.10796064
2026-01-17 22:45:00+00:00,2849.75,2850.24,2846.5,2850.24,15.79730608
2026-01-17 22:50:00+00:00,2850.4,2851.19,2850.07,2850.99,3.87834181
2026-01-17 22:55:00+00:00,2850.6,2852.72,2848.51,2848.51,13.36922902
2026-01-17 23:00:00+00:00,2848.11,2851.62,2848.11,2851.54,6.78774433
2026-01-17 23:05:00+00:00,2851.38,2854.23,2851.38,2853.65,6.5508752
2026-01-17 23:10:00+00:00,2853.94,2854.77,2853.25,2853.25,3.08008752
2026-01-17 23:15:00+00:00,2853.75,2854.99,2852.25,2854.24,3.25145043
2026-01-17 23:20:00+00:00,2854.1,2854.1,2851.96,2853.27,0.6170247
2026-01-17 23:25:00+00:00,2852.77,2853.48,2852.45,2852.75,0.61282645
2026-01-17 23:30:00+00:00,2852.31,2854.05,2852.31,2854.05,7.64470867
2026-01-17 23:35:00+00:00,2853.4,2853.61,2852.8,2852.8,0.06813684
2026-01-17 23:40:00+00:00,2853.32,2855.89,2853.32,2855.89,2.4674568
2026-01-17 23:45:00+00:00,2854.36,2854.77,2854.2,2854.77,0.83548087
2026-01-17 23:50:00+00:00,2855.71,2856.17,2855.02,2856.17,0.45686568
2026-01-17 23:55:00+00:00,2854.87,2856.87,2854.26,2856.82,0.67726934
2026-01-18 00:00:00+00:00,2855.14,2855.14,2853.92,2853.92,0.23059655
2026-01-18 00:05:00+00:00,2855.55,2858.0,2855.1,2858.0,14.16931311
2026-01-18 00:10:00+00:00,2858.05,2858.5,2857.62,2857.95,0.52514826
2026-01-18 00:15:00+00:00,2857.63,2859.52,2857.63,2859.52,0.23673219
2026-01-18 00:20:00+00:00,2859.04,2859.04,2857.14,2857.14,1.41512698
2026-01-18 00:25:00+00:00,2857.95,2858.2,2857.09,2857.14,2.08358696
2026-01-18 00:30:00+00:00,2858.07,2858.49,2857.01,2858.48,3.0841353
2026-01-18 00:35:00+00:00,2858.33,2858.5,2856.6,2856.64,0.2046746
2026-01-18 00:40:00+00:00,2853.5,2854.38,2853.37,2853.7,0.91671365
2026-01-18 00:45:00+00:00,2853.01,2853.01,2850.0,2851.86,3.25244655
2026-01-18 00:50:00+00:00,2852.2,2852.67,2850.62,2851.44,23.8719029
2026-01-18 00:55:00+00:00,2851.6,2852.62,2851.37,2851.37,0.64839034
2026-01-18 01:00:00+00:00,2850.72,2851.52,2849.68,2851.36,0.23530502
2026-01-18 01:05:00+00:00,2848.01,2849.52,2847.1,2848.09,2.37667026
2026-01-18 01:10:00+00:00,2847.86,2849.6,2846.22,2849.21,3.23698863
2026-01-18 01:15:00+00:00,2848.38,2852.6,2847.91,2852.6,0.66612068
2026-01-18 01:20:00+00:00,2851.99,2852.98,2851.41,2852.98,0.13826268
2026-01-18 01:25:00+00:00,2851.84,2852.63,2851.65,2852.39,0.41846208
2026-01-18 01:30:00+00:00,2852.16,2853.04,2849.98,2850.12,1.98265925
2026-01-18 01:35:00+00:00,2850.52,2850.52,2850.01,2850.3,0.18542991
2026-01-18 01:40:00+00:00,2850.2,2850.34,2847.6,2849.43,9.09397674
2026-01-18 01:45:00+00:00,2847.68,2848.8,2847.21,2848.22,1.34747526
2026-01-18 01:50:00+00:00,2848.54,2848.94,2845.22,2845.6,5.42163666
2026-01-18 01:55:00+00:00,2845.6,2848.22,2845.6,2848.22,26.49919249
2026-01-18 02:00:00+00:00,2850.46,2851.48,2850.35,2850.35,0.11207783
2026-01-18 02:05:00+00:00,2850.56,2851.87,2849.6,2851.87,0.48068414
2026-01-18 02:10:00+00:00,2851.06,2851.32,2850.22,2850.86,0.53009552
2026-01-18 02:15:00+00:00,2852.0,2852.0,2850.62,2850.62,0.23833824
2026-01-18 02:20:00+00:00,2851.1,2851.75,2849.66,2849.66,0.11297605
2026-01-18 02:25:00+00:00,2848.9,2849.17,2848.3,2849.15,0.93350352
2026-01-18 02:30:00+00:00,2848.81,2848.81,2845.72,2845.72,0.05402206
2026-01-18 02:35:00+00:00,2847.8,2848.71,2844.55,2846.8,9.41132316
2026-01-18 02:40:00+00:00,2847.35,2848.62,2845.51,2848.62,5.36713697
2026-01-18 02:45:00+00:00,2849.41,2849.41,2849.41,2849.41,0.37861
2026-01-18 02:50:00+00:00,2849.11,2849.21,2849.11,2849.21,0.02825732
2026-01-18 02:55:00+00:00,2850.86,2850.86,2850.12,2850.38,1.04653033
2026-01-18 03:00:00+00:00,2850.4,2851.85,2850.4,2851.85,0.26186102
2026-01-18 03:05:00+00:00,2852.45,2852.45,2851.1,2851.1,1.89171486
2026-01-18 03:10:00+00:00,2852.51,2852.51,2852.07,2852.07,3.53866876
2026-01-18 03:15:00+00:00,2852.59,2853.92,2852.59,2853.92,0.47637086
2026-01-18 03:20:00+00:00,2853.69,2853.87,2852.8,2852.8,0.33167664
2026-01-18 03:25:00+00:00,2855.3,2857.3,2855.25,2857.3,0.4898353
2026-01-18 03:30:00+00:00,2858.35,2864.37,2858.35,2862.86,15.83478943
2026-01-18 03:35:00+00:00,2861.62,2861.62,2861.02,2861.27,0.60088798
2026-01-18 03:40:00+00:00,2861.75,2861.75,2860.37,2861.02,0.22638662
2026-01-18 03:45:00+00:00,2861.64,2862.09,2860.58,2861.58,0.92485908
2026-01-18 03:50:00+00:00,2862.45,2863.37,2860.63,2861.27,0.38813187
2026-01-18 03:55:00+00:00,2861.21,2861.21,2860.6,2861.19,0.54845993
2026-01-18 04:00:00+00:00,2860.94,2861.51,2860.47,2861.31,1.31250233
2026-01-18 04:05:00+00:00,2863.14,2863.17,2862.7,2862.7,0.0488007
2026-01-18 04:10:00+00:00,2860.99,2861.5,2859.02,2860.9,2.5783293
2026-01-18 04:15:00+00:00,2860.38,2861.12,2857.82,2857.82,8.20900493
2026-01-18 04:20:00+00:00,2858.37,2859.87,2858.27,2859.16,1.07944944
2026-01-18 04:25:00+00:00,2858.53,2858.66,2858.53,2858.57,0.01297894
2026-01-18 04:30:00+00:00,2859.05,2859.05,2856.13,2857.9,4.02885399
2026-01-18 04:35:00+00:00,2857.9,2858.16,2857.21,2857.73,0.99348913
2026-01-18 04:40:00+00:00,2857.11,2858.74,2856.65,2858.45,0.22761848
2026-01-18 04:45:00+00:00,2857.73,2858.74,2857.73,2858.74,0.03435084
2026-01-18 04:50:00+00:00,2859.2,2860.07,2857.65,2858.23,4.07794262
2026-01-18 04:55:00+00:00,2858.09,2858.5,2857.56,2857.56,0.17001725
2026-01-18 05:00:00+00:00,2857.93,2857.95,2856.83,2856.83,0.01431694
2026-01-18 05:05:00+00:00,2857.43,2857.94,2856.7,2856.7,0.04650355
2026-01-18 05:10:00+00:00,2857.11,2859.13,2857.11,2859.13,6.58117291
2026-01-18 05:15:00+00:00,2858.86,2860.24,2858.5,2858.9,3.24791405
2026-01-18 05:20:00+00:00,2859.09,2859.09,2859.09,2859.09,0.06612898
2026-01-18 05:25:00+00:00,2859.51,2860.03,2859.21,2859.29,0.89099907
2026-01-18 05:30:00+00:00,2859.63,2859.89,2857.52,2857.52,1.63875291
2026-01-18 05:35:00+00:00,2857.88,2859.11,2857.87,2858.44,1.38880022
2026-01-18 05:40:00+00:00,2858.6,2860.59,2858.59,2860.35,0.15843524
2026-01-18 05:45:00+00:00,2860.9,2861.41,2860.38,2861.41,3.12243132
2026-01-18 05:50:00+00:00,2860.54,2861.28,2859.82,2860.58,1.32328718
2026-01-18 05:55:00+00:00,2861.42,2862.35,2860.79,2860.79,4.23603865
2026-01-18 06:00:00+00:00,2860.6,2860.9,2860.03,2860.66,1.57383207
2026-01-18 06:05:00+00:00,2860.33,2862.14,2860.33,2862.14,0.67207701
2026-01-18 06:10:00+00:00,2862.02,2862.81,2859.54,2862.74,1.69460746
2026-01-18 06:15:00+00:00,2861.49,2861.76,2860.0,2860.98,15.47344291
2026-01-18 06:20:00+00:00,2859.76,2859.87,2858.29,2858.46,0.66447819
2026-01-18 06:25:00+00:00,2858.61,2859.07,2858.61,2858.61,0.48682594
2026-01-18 06:30:00+00:00,2858.32,2858.87,2857.94,2858.87,0.68857097
2026-01-18 06:35:00+00:00,2859.92,2860.64,2859.92,2860.39,0.09002134
2026-01-18 06:40:00+00:00,2860.1,2860.52,2859.62,2859.63,0.63195172
2026-01-18 06:45:00+00:00,2859.06,2859.62,2859.06,2859.52,0.26634397
2026-01-18 06:50:00+00:00,2859.81,2859.81,2858.3,2859.01,0.09937734
2026-01-18 06:55:00+00:00,2858.78,2860.5,2858.78,2858.78,0.98286595
2026-01-18 07:00:00+00:00,2859.98,2859.98,2859.0,2859.78,0.19906332
2026-01-18 07:05:00+00:00,2860.78,2860.78,2858.02,2860.43,0.33823958
2026-01-18 07:10:00+00:00,2856.16,2856.16,2852.59,2853.79,8.73822874
2026-01-18 07:15:00+00:00,2853.98,2854.34,2852.24,2853.98,1.63516229
2026-01-18 07:20:00+00:00,2854.91,2855.94,2854.59,2855.94,0.48044702
2026-01-18 07:25:00+00:00,2856.08,2856.75,2855.67,2856.08,5.53731895
2026-01-18 07:30:00+00:00,2856.26,2856.5,2853.48,2853.48,7.17537492
2026-01-18 07:35:00+00:00,2853.53,2854.51,2853.08,2853.9,14.16469734
2026-01-18 07:40:00+00:00,2854.3,2855.67,2854.27,2855.67,8.7545564
2026-01-18 07:45:00+00:00,2855.67,2856.0,2855.3,2855.46,0.55743615
2026-01-18 07:50:00+00:00,2855.0,2855.16,2854.11,2854.11,1.16618949
2026-01-18 07:55:00+00:00,2854.06,2854.72,2853.4,2853.68,3.0722843
2026-01-18 08:00:00+00:00,2853.1,2853.13,2851.3,2851.84,2.67573317
2026-01-18 08:05:00+00:00,2850.93,2852.4,2850.0,2852.4,5.86429995
2026-01-18 08:10:00+00:00,2853.7,2853.7,2852.09,2853.62,8.81453456
2026-01-18 08:15:00+00:00,2853.4,2853.43,2852.05,2853.1,3.87406851
2026-01-18 08:20:00+00:00,2853.64,2854.5,2853.02,2854.5,1.56903743
2026-01-18 08:25:00+00:00,2856.6,2856.67,2854.65,2856.15,3.32530853
2026-01-18 08:30:00+00:00,2856.18,2857.16,2856.17,2856.55,2.2490868
2026-01-18 08:35:00+00:00,2856.54,2857.76,2855.48,2855.61,0.60896095
2026-01-18 08:40:00+00:00,2857.97,2860.55,2857.97,2860.33,14.11472122
2026-01-18 08:45:00+00:00,2859.48,2860.3,2858.74,2858.74,1.86049263
2026-01-18 08:50:00+00:00,2860.3,2861.3,2860.3,2861.2,3.31775986
2026-01-18 08:55:00+00:00,2861.64,2861.69,2860.39,2860.39,0.44531686
2026-01-18 09:00:00+00:00,2861.06,2862.33,2860.41,2861.93,5.17439608
2026-01-18 09:05:00+00:00,2861.9,2862.86,2859.97,2861.56,14.3808047
2026-01-18 09:10:00+00:00,2863.33,2863.38,2861.76,2862.31,0.26080882
2026-01-18 09:15:00+00:00,2863.24,2863.7,2862.05,2863.38,0.3548612
2026-01-18 09:20:00+00:00,2863.27,2868.1,2863.27,2864.8,66.9594487
2026-01-18 09:25:00+00:00,2864.32,2866.78,2863.9,2866.11,13.80312394
2026-01-18 09:30:00+00:00,2867.59,2869.05,2866.48,2868.91,4.52923543
2026-01-18 09:35:00+00:00,2867.84,2868.93,2866.79,2867.15,2.25709092
2026-01-18 09:40:00+00:00,2866.57,2866.65,2865.3,2865.55,1.11722734
2026-01-18 09:45:00+00:00,2865.89,2866.49,2865.41,2865.47,0.40693736
2026-01-18 09:50:00+00:00,2866.45,2867.6,2866.45,2867.13,2.36702935
2026-01-18 09:55:00+00:00,2867.69,2869.59,2867.14,2867.94,4.40642334
2026-01-18 10:00:00+00:00,2867.58,2869.3,2864.24,2864.57,2.37670813
2026-01-18 10:05:00+00:00,2864.14,2867.07,2863.51,2866.5,3.56857479
2026-01-18 10:10:00+00:00,2866.29,2866.9,2864.55,2866.74,2.44181693
2026-01-18 10:15:00+00:00,2865.76,2866.02,2864.79,2865.8,4.10879326
2026-01-18 10:20:00+00:00,2865.57,2866.25,2865.27,2865.6,3.16381527
2026-01-18 10:25:00+00:00,2865.6,2865.75,2864.83,2865.0,12.77027301
2026-01-18 10:30:00+00:00,2865.0,2866.43,2864.71,2866.43,45.87113521
2026-01-18 10:35:00+00:00,2866.44,2867.5,2865.43,2865.43,4.59558691
2026-01-18 10:40:00+00:00,2866.11,2868.11,2865.47,2868.04,2.63093378
2026-01-18 10:45:00+00:00,2867.73,2868.28,2866.92,2868.28,1.93261717
2026-01-18 10:50:00+00:00,2867.3,2869.3,2866.85,2868.53,6.84582276
2026-01-18 10:55:00+00:00,2869.06,2870.0,2869.0,2870.0,1.29096147
2026-01-18 11:00:00+00:00,2869.48,2869.48,2866.69,2867.78,0.51472629
2026-01-18 11:05:00+00:00,2865.65,2866.97,2865.42,2866.49,4.12675246
2026-01-18 11:10:00+00:00,2866.75,2866.75,2865.16,2865.42,1.33088685
2026-01-18 11:15:00+00:00,2865.51,2865.74,2864.39,2864.99,2.37034298
2026-01-18 11:20:00+00:00,2864.4,2865.01,2864.1,2864.1,7.80297998
2026-01-18 11:25:00+00:00,2864.34,2864.66,2863.22,2863.22,3.61884837
2026-01-18 11:30:00+00:00,2863.47,2865.05,2863.27,2864.25,3.04781782
2026-01-18 11:35:00+00:00,2864.79,2865.01,2863.41,2863.79,5.82068318
2026-01-18 11:40:00+00:00,2863.94,2865.58,2863.2,2864.77,1.75998167
2026-01-18 11:45:00+00:00,2864.39,2866.3,2863.6,2865.88,4.36149495
2026-01-18 11:50:00+00:00,2865.67,2866.8,2865.12,2866.19,1.14446456
2026-01-18 11:55:00+00:00,2865.4,2866.39,2865.09,2865.09,0.42249053
2026-01-18 12:00:00+00:00,2866.8,2866.8,2865.43,2865.8,2.30143369
2026-01-18 12:05:00+00:00,2864.45,2865.64,2863.71,2864.31,8.99399031
2026-01-18 12:10:00+00:00,2864.29,2864.29,2863.37,2863.83,7.31246732
2026-01-18 12:15:00+00:00,2864.09,2864.3,2863.04,2863.6,9.15212827
2026-01-18 12:20:00+00:00,2863.33,2864.88,2863.32,2864.88,4.51402916
2026-01-18 12:25:00+00:00,2865.1,2869.39,2864.97,2868.01,6.20175538
2026-01-18 12:30:00+00:00,2867.5,2867.99,2866.84,2867.15,0.7116096
2026-01-18 12:35:00+00:00,2869.43,2870.0,2867.87,2869.24,2.06348553
2026-01-18 12:40:00+00:00,2869.21,2869.44,2868.12,2868.12,7.09282977
2026-01-18 12:45:00+00:00,2868.85,2869.51,2867.7,2869.3,1.29786752
2026-01-18 12:50:00+00:00,2868.46,2868.5,2866.43,2866.43,0.55761259
2026-01-18 12:55:00+00:00,2866.31,2866.91,2865.1,2865.82,5.34878298
2026-01-18 13:00:00+00:00,2866.17,2866.5,2864.75,2866.28,0.67070481
2026-01-18 13:05:00+00:00,2865.57,2865.57,2861.3,2862.63,12.82743142
2026-01-18 13:10:00+00:00,2864.2,2864.54,2863.56,2864.1,1.59940711
2026-01-18 13:15:00+00:00,2864.09,2864.2,2862.23,2863.6,4.75552244
2026-01-18 13:20:00+00:00,2862.41,2863.09,2859.66,2860.84,8.10606711
2026-01-18 13:25:00+00:00,2860.67,2862.79,2859.3,2861.41,11.47169227
2026-01-18 13:30:00+00:00,2863.06,2863.15,2861.2,2861.28,2.63065174
2026-01-18 13:35:00+00:00,2861.2,2863.26,2861.2,2862.84,2.11980942
2026-01-18 13:40:00+00:00,2863.01,2873.7,2863.01,2871.84,36.63263591
2026-01-18 13:45:00+00:00,2871.68,2872.0,2869.22,2869.44,1.88656401
2026-01-18 13:50:00+00:00,2869.1,2869.97,2868.05,2869.0,11.85198186
2026-01-18 13:55:00+00:00,2869.14,2869.47,2868.47,2869.2,2.1966788
2026-01-18 14:00:00+00:00,2868.79,2869.19,2868.02,2868.91,0.4000201
2026-01-18 14:05:00+00:00,2868.83,2869.56,2867.89,2868.55,1.43682507
2026-01-18 14:10:00+00:00,2868.4,2873.56,2868.3,2873.56,4.02212834
2026-01-18 14:15:00+00:00,2873.93,2887.32,2873.93,2880.5,44.18327313
2026-01-18 14:20:00+00:00,2881.73,2882.8,2878.68,2881.33,13.68110068
2026-01-18 14:25:00+00:00,2880.51,2880.86,2877.9,2880.0,4.43721333
2026-01-18 14:30:00+00:00,2881.01,2884.6,2880.4,2880.59,24.20300477
2026-01-18 14:35:00+00:00,2881.8,2882.04,2872.05,2873.5,31.99322563
2026-01-18 14:40:00+00:00,2875.2,2875.2,2872.6,2873.14,8.9166941
2026-01-18 14:45:00+00:00,2873.95,2873.95,2870.0,2871.87,13.5463349
2026-01-18 14:50:00+00:00,2871.43,2873.05,2870.72,2870.72,1.9725519
2026-01-18 14:55:00+00:00,2871.05,2871.8,2866.37,2868.05,6.31057029
2026-01-18 15:00:00+00:00,2868.17,2870.0,2863.05,2869.7,52.30561979
2026-01-18 15:05:00+00:00,2869.71,2869.77,2866.8,2866.8,4.11514351
2026-01-18 15:10:00+00:00,2868.48,2870.4,2868.16,2869.22,4.33825073
2026-01-18 15:15:00+00:00,2868.8,2872.96,2867.6,2872.68,9.45278432
2026-01-18 15:20:00+00:00,2873.61,2874.78,2871.7,2873.91,52.53264666
2026-01-18 15:25:00+00:00,2873.6,2875.0,2872.63,2873.86,11.41875893
2026-01-18 15:30:00+00:00,2873.24,2873.82,2871.4,2872.86,16.45067611
2026-01-18 15:35:00+00:00,2872.56,2876.4,2872.4,2876.02,6.58705831
2026-01-18 15:40:00+00:00,2877.12,2877.12,2874.41,2875.32,2.63378432
2026-01-18 15:45:00+00:00,2873.98,2875.5,2873.54,2874.6,6.54951483
2026-01-18 15:50:00+00:00,2874.47,2874.97,2873.23,2874.61,3.55963731
2026-01-18 15:55:00+00:00,2875.98,2876.1,2874.55,2875.99,8.94671339
2026-01-18 16:00:00+00:00,2875.64,2875.64,2872.41,2874.54,1.69655797
2026-01-18 16:05:00+00:00,2875.66,2878.4,2875.19,2877.65,6.3220079
2026-01-18 16:10:00+00:00,2877.02,2878.5,2875.0,2875.0,1.32301307
2026-01-18 16:15:00+00:00,2876.28,2878.18,2875.88,2876.66,1.2719571
2026-01-18 16:20:00+00:00,2876.74,2879.06,2875.49,2878.02,16.92224361
2026-01-18 16:25:00+00:00,2876.43,2876.43,2872.56,2874.54,3.13188687
2026-01-18 16:30:00+00:00,2873.82,2875.72,2873.26,2873.77,1.77832177
2026-01-18 16:35:00+00:00,2874.65,2877.34,2873.37,2875.63,1.32982975
2026-01-18 16:40:00+00:00,2875.05,2878.36,2875.01,2877.49,2.49537044
2026-01-18 16:45:00+00:00,2877.83,2878.84,2876.05,2876.19,1.87762989
2026-01-18 16:50:00+00:00,2874.62,2879.41,2874.62,2878.19,4.89828177
2026-01-18 16:55:00+00:00,2878.19,2878.34,2874.8,2874.8,1.48126454
2026-01-18 17:00:00+00:00,2875.79,2876.68,2874.61,2876.68,6.73381267
2026-01-18 17:05:00+00:00,2878.13,2878.63,2877.06,2877.64,4.33023517
2026-01-18 17:10:00+00:00,2876.9,2878.76,2874.84,2875.01,6.5759618
2026-01-18 17:15:00+00:00,2875.52,2878.83,2875.21,2877.89,13.38623711
2026-01-18 17:20:00+00:00,2877.91,2878.84,2877.26,2877.98,2.23824151
2026-01-18 17:25:00+00:00,2878.8,2879.08,2878.04,2879.08,3.1558811
2026-01-18 17:30:00+00:00,2878.17,2879.33,2877.78,2879.33,11.25034116
2026-01-18 17:35:00+00:00,2879.33,2880.27,2876.67,2876.69,39.1712394
2026-01-18 17:40:00+00:00,2876.54,2877.84,2875.73,2876.83,6.18789985
2026-01-18 17:45:00+00:00,2876.97,2877.21,2876.43,2876.71,1.39724916
2026-01-18 17:50:00+00:00,2876.71,2877.95,2876.35,2876.35,0.70450231
2026-01-18 17:55:00+00:00,2877.71,2886.48,2876.46,2885.51,71.59482875
2026-01-18 18:00:00+00:00,2883.9,2886.64,2881.1,2881.14,11.98738322
2026-01-18 18:05:00+00:00,2882.05,2882.56,2881.25,2881.25,18.68431194
2026-01-18 18:10:00+00:00,2879.14,2884.62,2878.87,2883.98,15.5033108
2026-01-18 18:15:00+00:00,2884.02,2884.13,2882.39,2883.2,7.16140804
2026-01-18 18:20:00+00:00,2883.2,2885.95,2882.79,2882.87,9.11168981
2026-01-18 18:25:00+00:00,2885.17,2902.81,2884.68,2899.27,240.41486109
2026-01-18 18:30:00+00:00,2900.44,2905.76,2894.87,2898.93,109.43131124
2026-01-18 18:35:00+00:00,2897.51,2899.95,2895.17,2896.49,31.22024159
2026-01-18 18:40:00+00:00,2897.61,2900.31,2896.12,2898.1,17.9344924
2026-01-18 18:45:00+00:00,2898.11,2905.3,2896.3,2902.65,32.08919382
2026-01-18 18:50:00+00:00,2902.89,2903.39,2899.05,2903.35,18.73421299
2026-01-18 18:55:00+00:00,2899.31,2902.86,2898.58,2899.28,25.12629028
2026-01-18 19:00:00+00:00,2900.65,2902.28,2899.28,2902.28,14.24791185
2026-01-18 19:05:00+00:00,2902.08,2902.46,2895.48,2896.33,16.85869659
2026-01-18 19:10:00+00:00,2896.11,2896.22,2893.1,2893.11,7.3320923
2026-01-18 19:15:00+00:00,2893.1,2893.12,2888.69,2891.32,38.7918822
2026-01-18 19:20:00+00:00,2891.48,2892.91,2890.2,2890.2,33.37196774
2026-01-18 19:25:00+00:00,2892.4,2893.54,2890.88,2890.88,14.08214678
2026-01-18 19:30:00+00:00,2890.88,2892.49,2889.5,2890.0,19.39196394
2026-01-18 19:35:00+00:00,2891.47,2892.51,2890.59,2891.86,2.28121441
2026-01-18 19:40:00+00:00,2891.24,2891.95,2889.47,2889.6,13.65180822
2026-01-18 19:45:00+00:00,2888.6,2888.6,2885.0,2886.73,88.04289042
2026-01-18 19:50:00+00:00,2886.51,2886.81,2885.0,2885.64,8.01183266
2026-01-18 19:55:00+00:00,2886.75,2886.75,2885.01,2886.52,4.38137472
2026-01-18 20:00:00+00:00,2886.02,2887.56,2884.58,2885.28,96.87361191
2026-01-18 20:05:00+00:00,2884.63,2885.5,2882.3,2882.43,7.2517597
2026-01-18 20:10:00+00:00,2883.13,2884.21,2882.31,2882.97,2.08140208
2026-01-18 20:15:00+00:00,2885.0,2888.1,2883.53,2887.65,3.1155087
2026-01-18 20:20:00+00:00,2887.67,2890.63,2887.46,2887.67,4.65094353
2026-01-18 20:25:00+00:00,2890.48,2892.1,2889.32,2890.48,41.6672619
2026-01-18 20:30:00+00:00,2890.12,2890.12,2887.51,2888.52,4.17410676
2026-01-18 20:35:00+00:00,2888.28,2888.75,2881.04,2881.71,25.51935724
2026-01-18 20:40:00+00:00,2882.3,2883.04,2877.9,2882.15,7.51430112
2026-01-18 20:45:00+00:00,2882.6,2883.81,2881.83,2882.39,1.8639409
2026-01-18 20:50:00+00:00,2882.73,2883.97,2881.76,2883.9,6.01514627
2026-01-18 20:55:00+00:00,2880.91,2881.38,2880.27,2881.3,1.90413454
2026-01-18 21:00:00+00:00,2878.79,2881.23,2878.2,2879.3,10.89831651
2026-01-18 21:05:00+00:00,2879.7,2880.98,2878.45,2878.45,1.40586112
2026-01-18 21:10:00+00:00,2879.9,2883.35,2879.0,2880.81,16.87911254
2026-01-18 21:15:00+00:00,2881.54,2881.54,2879.7,2880.7,0.92888165
2026-01-18 21:20:00+00:00,2880.14,2881.32,2879.82,2881.29,1.30575333
2026-01-18 21:25:00+00:00,2880.58,2881.49,2880.52,2880.84,4.97804355
2026-01-18 21:30:00+00:00,2881.93,2885.3,2880.17,2884.86,4.10209543
2026-01-18 21:35:00+00:00,2884.59,2884.59,2883.23,2883.23,2.83145695
2026-01-18 21:40:00+00:00,2883.23,2884.0,2883.23,2884.0,4.73020439
2026-01-18 21:45:00+00:00,2884.01,2885.49,2884.0,2885.34,8.50304859
2026-01-18 21:50:00+00:00,2884.67,2884.67,2879.77,2883.52,55.38732902
2026-01-18 21:55:00+00:00,2882.71,2883.45,2881.08,2883.39,4.70116088
2026-01-18 22:00:00+00:00,2882.24,2885.26,2881.94,2882.97,5.1232593
2026-01-18 22:05:00+00:00,2884.7,2889.5,2884.7,2888.6,8.37759281
2026-01-18 22:10:00+00:00,2890.58,2896.5,2888.57,2894.4,12.02255479
2026-01-18 22:15:00+00:00,2892.74,2893.24,2890.17,2890.17,1.84196517
2026-01-18 22:20:00+00:00,2891.93,2892.02,2889.37,2891.65,9.8700145
2026-01-18 22:25:00+00:00,2889.63,2890.57,2888.97,2888.97,3.50396434
2026-01-18 22:30:00+00:00,2888.45,2889.15,2888.43,2889.08,2.84103829
2026-01-18 22:35:00+00:00,2888.32,2890.48,2887.4,2887.4,9.55526027
2026-01-18 22:40:00+00:00,2890.26,2891.34,2888.1,2888.58,7.63020148
2026-01-18 22:45:00+00:00,2889.57,2890.0,2889.12,2890.0,2.68894077
2026-01-18 22:50:00+00:00,2890.74,2890.74,2888.75,2888.75,0.641707
2026-01-18 22:55:00+00:00,2890.8,2892.09,2890.53,2891.5,4.62645525
2026-01-18 23:00:00+00:00,2890.9,2890.9,2865.52,2887.23,130.96093381
2026-01-18 23:05:00+00:00,2871.62,2871.98,2863.77,2866.48,82.42167296
2026-01-18 23:10:00+00:00,2867.8,2873.5,2865.79,2870.16,15.03389916
2026-01-18 23:15:00+00:00,2869.2,2874.41,2868.14,2873.28,7.26424608
2026-01-18 23:20:00+00:00,2873.76,2874.91,2855.47,2870.3,49.98417124
2026-01-18 23:25:00+00:00,2863.02,2863.02,2850.86,2851.03,53.50507751
2026-01-18 23:30:00+00:00,2850.0,2857.78,2847.97,2854.59,63.88414247
2026-01-18 23:35:00+00:00,2848.04,2854.47,2848.04,2851.18,14.5275455
2026-01-18 23:40:00+00:00,2849.34,2851.89,2847.5,2848.53,9.5075479
