timestamp,open,high,low,close,volume
2025-12-24 00:00:00+00:00,2512.73,2514.2,2507.7,2509.0,37.65222667
2025-12-24 00:15:00+00:00,2508.93,2510.19,2505.84,2507.71,18.35192981
2025-12-24 00:30:00+00:00,2506.5,2514.67,2506.5,2513.0,5.92666522
2025-12-24 00:45:00+00:00,2513.34,2519.54,2512.02,2519.54,30.44122945
2025-12-24 01:00:00+00:00,2518.93,2521.05,2516.68,2518.57,4.947925
2025-12-24 01:15:00+00:00,2518.39,2518.39,2515.4,2515.99,3.013886
2025-12-24 01:30:00+00:00,2515.3,2517.48,2507.36,2508.48,19.81272913
2025-12-24 01:45:00+00:00,2509.4,2512.0,2507.31,2511.59,14.17275273
2025-12-24 02:00:00+00:00,2511.1,2511.1,2496.0,2498.09,36.94708794
2025-12-24 02:15:00+00:00,2497.86,2499.76,2492.32,2494.84,47.50946936
2025-12-24 02:30:00+00:00,2495.6,2495.6,2477.38,2481.76,73.83574256
2025-12-24 02:45:00+00:00,2479.83,2489.38,2479.68,2487.99,9.89805033
2025-12-24 03:00:00+00:00,2486.51,2486.9,2476.0,2482.07,63.00662014
2025-12-24 03:15:00+00:00,2481.9,2491.56,2480.27,2490.16,21.66098028
2025-12-24 03:30:00+00:00,2489.5,2497.05,2489.4,2495.5,29.91051696
2025-12-24 03:45:00+00:00,2496.04,2499.38,2496.04,2498.19,9.92648856
2025-12-24 04:00:00+00:00,2498.6,2509.02,2498.0,2505.12,42.96819569
2025-12-24 04:15:00+00:00,2505.3,2505.3,2495.43,2497.37,19.53287617
2025-12-24 04:30:00+00:00,2496.44,2496.8,2492.0,2495.45,2.55328789
2025-12-24 04:45:00+00:00,2495.43,2495.62,2487.68,2488.52,20.67232624
2025-12-24 05:00:00+00:00,2488.51,2492.93,2485.93,2488.22,18.02123875
2025-12-24 05:15:00+00:00,2487.19,2492.64,2483.94,2490.66,50.15322902
2025-12-24 05:30:00+00:00,2489.11,2489.12,2477.56,2477.56,47.81321084
2025-12-24 05:45:00+00:00,2479.21,2482.6,2472.83,2481.86,53.60840592
2025-12-24 06:00:00+00:00,2481.81,2482.66,2476.56,2478.51,25.48346204
2025-12-24 06:15:00+00:00,2478.12,2488.73,2478.04,2486.0,47.55617361
2025-12-24 06:30:00+00:00,2485.26,2486.85,2481.93,2486.09,34.99573107
2025-12-24 06:45:00+00:00,2486.94,2487.29,2482.89,2485.35,18.76761563
2025-12-24 07:00:00+00:00,2485.4,2488.98,2485.4,2488.31,34.31160852
2025-12-24 07:15:00+00:00,2489.18,2490.23,2484.74,2486.11,20.77862069
2025-12-24 07:30:00+00:00,2486.73,2495.52,2486.73,2493.86,33.92517443
2025-12-24 07:45:00+00:00,2493.83,2496.01,2486.2,2486.2,106.57148214
2025-12-24 08:00:00+00:00,2485.6,2490.51,2484.77,2488.79,70.15405569
2025-12-24 08:15:00+00:00,2488.56,2494.23,2482.6,2489.19,146.76807746
2025-12-24 08:30:00+00:00,2488.98,2489.57,2478.14,2485.62,84.03461822
2025-12-24 08:45:00+00:00,2485.58,2485.99,2476.05,2476.05,22.29493549
2025-12-24 09:00:00+00:00,2477.0,2482.96,2477.0,2482.74,38.93170931
2025-12-24 09:15:00+00:00,2482.51,2483.2,2476.8,2477.99,21.82955236
2025-12-24 09:30:00+00:00,2477.7,2478.0,2469.0,2475.1,59.38465546
2025-12-24 09:45:00+00:00,2475.56,2478.5,2473.44,2473.58,8.26560526
2025-12-24 10:00:00+00:00,2473.2,2482.3,2473.2,2480.95,41.19729319
2025-12-24 10:15:00+00:00,2481.74,2483.23,2480.0,2482.0,22.56714181
2025-12-24 10:30:00+00:00,2482.98,2486.41,2482.5,2483.78,10.69727766
2025-12-24 10:45:00+00:00,2484.12,2484.78,2480.6,2480.6,14.77378862
2025-12-24 11:00:00+00:00,2482.69,2489.64,2482.69,2485.98,17.36167567
2025-12-24 11:15:00+00:00,2486.5,2487.01,2484.58,2485.03,18.59276079
2025-12-24 11:30:00+00:00,2484.74,2485.7,2482.46,2484.89,16.94302918
2025-12-24 11:45:00+00:00,2484.89,2485.14,2479.57,2479.93,40.60714437
2025-12-24 12:00:00+00:00,2479.66,2484.5,2478.42,2484.0,22.1623366
2025-12-24 12:15:00+00:00,2484.43,2489.64,2483.69,2485.86,27.29832817
2025-12-24 12:30:00+00:00,2486.87,2490.39,2485.17,2489.6,51.34907239
2025-12-24 12:45:00+00:00,2489.26,2491.73,2485.61,2489.78,54.5306915
2025-12-24 13:00:00+00:00,2489.58,2490.05,2482.49,2483.08,75.95358164
2025-12-24 13:15:00+00:00,2483.6,2485.7,2481.7,2485.24,69.2414885
2025-12-24 13:30:00+00:00,2485.58,2486.92,2479.0,2482.14,42.37034618
2025-12-24 13:45:00+00:00,2481.88,2486.58,2481.88,2485.47,22.41056822
2025-12-24 14:00:00+00:00,2485.8,2489.86,2485.8,2488.59,34.01309112
2025-12-24 14:15:00+00:00,2487.47,2487.84,2483.67,2483.67,11.88246965
2025-12-24 14:30:00+00:00,2485.0,2485.8,2450.0,2469.9,191.51051217
2025-12-24 14:45:00+00:00,2468.12,2481.9,2462.45,2473.52,57.19991158
2025-12-24 15:00:00+00:00,2476.3,2478.3,2470.14,2473.54,25.0521412
2025-12-24 15:15:00+00:00,2473.3,2475.49,2463.92,2472.25,49.79447983
2025-12-24 15:30:00+00:00,2472.72,2486.23,2472.72,2483.06,46.40167683
2025-12-24 15:45:00+00:00,2482.35,2483.64,2478.7,2482.4,19.29023826
2025-12-24 16:00:00+00:00,2482.18,2491.23,2482.18,2488.0,42.45497702
2025-12-24 16:15:00+00:00,2488.4,2490.27,2480.24,2481.47,23.98579472
2025-12-24 16:30:00+00:00,2483.19,2502.72,2483.19,2499.22,165.10236799
2025-12-24 16:45:00+00:00,2498.56,2498.7,2491.06,2494.84,39.51546558
2025-12-24 17:00:00+00:00,2496.6,2500.36,2494.3,2496.5,24.90073244
2025-12-24 17:15:00+00:00,2495.8,2500.17,2495.8,2499.87,25.50802286
2025-12-24 17:30:00+00:00,2503.7,2506.58,2493.38,2496.71,44.28528615
2025-12-24 17:45:00+00:00,2496.46,2498.76,2491.9,2493.4,24.44882176
2025-12-24 18:00:00+00:00,2493.55,2496.02,2489.82,2491.45,23.31024323
2025-12-24 18:15:00+00:00,2489.45,2494.8,2488.5,2493.57,2.60609902
2025-12-24 18:30:00+00:00,2493.86,2497.36,2492.7,2497.36,6.38427654
2025-12-24 18:45:00+00:00,2497.64,2498.92,2496.08,2496.4,7.59047494
2025-12-24 19:00:00+00:00,2496.6,2497.99,2493.69,2494.44,4.64353523
2025-12-24 19:15:00+00:00,2494.79,2499.49,2491.72,2499.3,72.68384876
2025-12-24 19:30:00+00:00,2496.93,2497.47,2495.88,2497.47,5.14988077
2025-12-24 19:45:00+00:00,2496.9,2500.62,2496.9,2499.45,47.09279632
2025-12-24 20:00:00+00:00,2500.0,2505.2,2499.17,2501.4,65.86365378
2025-12-24 20:15:00+00:00,2501.08,2503.0,2499.6,2499.76,21.12299456
2025-12-24 20:30:00+00:00,2499.95,2500.87,2497.99,2499.95,5.91533219
2025-12-24 20:45:00+00:00,2499.81,2499.81,2495.72,2496.74,16.63810381
2025-12-24 21:00:00+00:00,2497.53,2500.39,2497.29,2500.0,33.12345257
2025-12-24 21:15:00+00:00,2500.71,2501.34,2499.29,2500.7,4.91394102
2025-12-24 21:30:00+00:00,2501.0,2507.09,2500.91,2504.1,52.6044333
2025-12-24 21:45:00+00:00,2503.89,2504.34,2501.11,2504.01,31.25674883
2025-12-24 22:00:00+00:00,2504.11,2511.51,2503.9,2505.5,33.73806848
2025-12-24 22:15:00+00:00,2504.61,2508.55,2502.68,2503.58,13.11746341
2025-12-24 22:30:00+00:00,2502.66,2513.78,2502.66,2511.07,57.78645632
2025-12-24 22:45:00+00:00,2511.77,2512.52,2509.54,2511.76,8.29370976
2025-12-24 23:00:00+00:00,2512.26,2512.26,2505.7,2507.88,18.26790678
2025-12-24 23:15:00+00:00,2507.03,2507.31,2501.51,2501.89,12.36435124
2025-12-24 23:30:00+00:00,2501.85,2503.96,2500.7,2501.48,13.35952623
2025-12-24 23:45:00+00:00,2502.0,2502.0,2500.65,2501.5,5.51634199
2025-12-25 00:00:00+00:00,2500.6,2500.6,2495.9,2497.6,21.53853848
2025-12-25 00:15:00+00:00,2502.39,2502.67,2498.9,2498.9,0.33190846
2025-12-25 00:30:00+00:00,2499.9,2501.4,2497.21,2497.25,5.74091391
2025-12-25 00:45:00+00:00,2497.41,2499.17,2492.04,2493.39,42.97843321
2025-12-25 01:00:00+00:00,2495.56,2497.69,2495.37,2497.69,0.68465098
2025-12-25 01:15:00+00:00,2498.15,2500.83,2497.15,2499.44,19.20623492
2025-12-25 01:30:00+00:00,2500.15,2500.59,2497.03,2500.59,5.35771767
2025-12-25 01:45:00+00:00,2502.44,2503.2,2501.28,2502.81,2.2089878
2025-12-25 02:00:00+00:00,2503.09,2503.09,2498.46,2502.25,4.69585887
2025-12-25 02:15:00+00:00,2503.11,2503.6,2501.41,2501.92,5.48611398
2025-12-25 02:30:00+00:00,2502.6,2509.47,2502.6,2509.11,10.56055002
2025-12-25 02:45:00+00:00,2509.53,2509.53,2504.98,2506.43,22.32254781
2025-12-25 03:00:00+00:00,2506.25,2506.52,2502.72,2504.58,1.82234683
2025-12-25 03:15:00+00:00,2504.43,2504.43,2500.5,2502.39,49.75318813
2025-12-25 03:30:00+00:00,2501.44,2501.62,2498.58,2499.55,10.11071538
2025-12-25 03:45:00+00:00,2499.39,2501.4,2498.63,2501.4,5.29529069
2025-12-25 04:00:00+00:00,2500.72,2501.1,2497.28,2498.67,13.1429756
2025-12-25 04:15:00+00:00,2500.33,2500.9,2498.75,2499.31,10.05970993
2025-12-25 04:30:00+00:00,2498.69,2499.28,2497.24,2498.84,16.99771949
2025-12-25 04:45:00+00:00,2499.2,2500.36,2498.57,2499.57,2.04806677
2025-12-25 05:00:00+00:00,2498.9,2498.9,2495.2,2495.2,21.22681607
2025-12-25 05:15:00+00:00,2494.92,2497.85,2494.92,2497.19,22.80519716
2025-12-25 05:30:00+00:00,2497.7,2498.01,2495.39,2496.9,7.07573385
2025-12-25 05:45:00+00:00,2497.9,2499.14,2496.85,2497.12,29.03533712
2025-12-25 06:00:00+00:00,2497.01,2497.11,2493.69,2493.69,15.53080329
2025-12-25 06:15:00+00:00,2494.71,2495.56,2494.2,2495.11,2.73496184
2025-12-25 06:30:00+00:00,2494.62,2496.39,2494.56,2495.73,8.53146987
2025-12-25 06:45:00+00:00,2496.07,2498.3,2496.07,2497.8,1.9093439
2025-12-25 07:00:00+00:00,2498.1,2498.1,2496.41,2496.7,3.51076885
2025-12-25 07:15:00+00:00,2496.3,2496.7,2495.0,2495.2,4.87703243
2025-12-25 07:30:00+00:00,2494.79,2496.1,2494.47,2495.66,41.01406235
2025-12-25 07:45:00+00:00,2495.31,2497.44,2495.31,2497.08,13.25029702
2025-12-25 08:00:00+00:00,2496.8,2500.01,2493.9,2493.9,23.75161627
2025-12-25 08:15:00+00:00,2493.78,2493.78,2475.59,2480.5,173.34736736
2025-12-25 08:30:00+00:00,2479.4,2485.06,2479.0,2484.03,24.47440553
2025-12-25 08:45:00+00:00,2483.77,2488.0,2482.55,2486.9,21.87485806
2025-12-25 09:00:00+00:00,2486.19,2486.19,2483.5,2484.5,25.00895649
2025-12-25 09:15:00+00:00,2484.55,2487.5,2483.72,2485.73,3.05670021
2025-12-25 09:30:00+00:00,2484.97,2484.97,2482.66,2483.3,7.60183738
2025-12-25 09:45:00+00:00,2483.3,2485.66,2483.3,2484.7,73.09314862
2025-12-25 10:00:00+00:00,2483.88,2485.0,2476.69,2476.69,26.44710553
2025-12-25 10:15:00+00:00,2475.6,2479.77,2474.03,2477.39,27.68348092
2025-12-25 10:30:00+00:00,2477.37,2478.52,2470.92,2474.16,34.84235066
2025-12-25 10:45:00+00:00,2473.5,2477.68,2473.5,2477.63,10.4508532
2025-12-25 11:00:00+00:00,2477.79,2482.66,2477.79,2480.61,71.70716214
2025-12-25 11:15:00+00:00,2480.7,2484.33,2480.4,2483.81,9.23205681
2025-12-25 11:30:00+00:00,2483.97,2484.9,2480.8,2482.02,29.16190494
2025-12-25 11:45:00+00:00,2481.62,2483.01,2480.61,2481.95,13.53847512
2025-12-25 12:00:00+00:00,2481.81,2484.22,2481.18,2481.3,20.55754352
2025-12-25 12:15:00+00:00,2481.67,2484.2,2481.24,2483.78,11.30842351
2025-12-25 12:30:00+00:00,2484.09,2485.8,2482.89,2483.01,2.80883652
2025-12-25 12:45:00+00:00,2483.27,2484.6,2482.66,2484.39,9.15691874
2025-12-25 13:00:00+00:00,2484.3,2484.3,2481.45,2482.28,18.09943675
2025-12-25 13:15:00+00:00,2482.63,2482.63,2477.79,2480.9,12.72597711
2025-12-25 13:30:00+00:00,2480.93,2487.54,2478.87,2485.16,43.77581256
2025-12-25 13:45:00+00:00,2483.72,2488.61,2483.72,2486.09,25.09097351
2025-12-25 14:00:00+00:00,2485.24,2492.58,2485.24,2488.97,26.72900488
2025-12-25 14:15:00+00:00,2487.9,2487.9,2479.13,2479.77,29.56077547
2025-12-25 14:30:00+00:00,2480.8,2484.5,2480.8,2484.5,23.68031969
2025-12-25 14:45:00+00:00,2484.8,2490.3,2484.8,2488.5,19.17414873
2025-12-25 15:00:00+00:00,2489.02,2492.12,2487.96,2491.0,10.82803801
2025-12-25 15:15:00+00:00,2491.67,2507.11,2490.11,2504.06,158.40506736
2025-12-25 15:30:00+00:00,2502.64,2517.0,2499.3,2515.75,91.37820997
2025-12-25 15:45:00+00:00,2516.6,2520.04,2509.2,2510.0,157.97127057
2025-12-25 16:00:00+00:00,2512.2,2512.91,2506.05,2510.97,44.10606752
2025-12-25 16:15:00+00:00,2510.95,2516.8,2510.95,2513.69,16.37322615
2025-12-25 16:30:00+00:00,2515.4,2515.9,2507.54,2510.89,27.23835561
2025-12-25 16:45:00+00:00,2510.71,2510.71,2497.08,2501.31,55.89347628
2025-12-25 17:00:00+00:00,2500.59,2503.05,2497.4,2501.0,49.81295835
2025-12-25 17:15:00+00:00,2499.72,2503.1,2497.43,2499.97,24.21308794
2025-12-25 17:30:00+00:00,2499.32,2501.83,2499.03,2500.91,24.79503262
2025-12-25 17:45:00+00:00,2499.83,2505.53,2499.83,2504.76,8.61489398
2025-12-25 18:00:00+00:00,2505.9,2510.6,2505.9,2509.17,47.56107651
2025-12-25 18:15:00+00:00,2509.34,2509.34,2503.73,2506.41,37.32264949
2025-12-25 18:30:00+00:00,2506.72,2515.98,2505.08,2511.0,110.31360483
2025-12-25 18:45:00+00:00,2511.58,2513.38,2510.0,2510.4,12.12106631
2025-12-25 19:00:00+00:00,2510.37,2510.77,2505.81,2506.12,5.16991938
2025-12-25 19:15:00+00:00,2506.3,2506.3,2502.61,2506.18,21.21202326
2025-12-25 19:30:00+00:00,2506.19,2510.9,2504.44,2508.32,26.50751737
2025-12-25 19:45:00+00:00,2508.35,2508.57,2505.98,2508.03,11.71024068
2025-12-25 20:00:00+00:00,2508.11,2508.26,2504.48,2507.74,7.32944707
2025-12-25 20:15:00+00:00,2507.63,2508.29,2498.65,2499.97,13.15453982
2025-12-25 20:30:00+00:00,2499.21,2502.52,2499.21,2501.59,23.83096483
2025-12-25 20:45:00+00:00,2501.85,2504.05,2501.85,2503.4,20.20694634
2025-12-25 21:00:00+00:00,2503.4,2505.5,2501.23,2505.42,24.72005291
2025-12-25 21:15:00+00:00,2504.61,2505.49,2503.33,2504.12,17.37595458
2025-12-25 21:30:00+00:00,2503.67,2504.13,2502.38,2502.38,11.22512242
2025-12-25 21:45:00+00:00,2501.89,2502.15,2498.97,2500.22,19.584571
2025-12-25 22:00:00+00:00,2500.02,2501.59,2492.02,2494.0,66.55061189
2025-12-25 22:15:00+00:00,2492.32,2497.26,2492.32,2493.22,21.73592305
2025-12-25 22:30:00+00:00,2493.22,2495.2,2484.21,2485.78,28.10197618
2025-12-25 22:45:00+00:00,2483.3,2483.63,2465.32,2479.6,170.41733514
2025-12-25 23:00:00+00:00,2479.14,2483.81,2473.0,2481.2,56.04465645
2025-12-25 23:15:00+00:00,2480.88,2483.8,2477.59,2478.78,27.79288302
2025-12-25 23:30:00+00:00,2477.4,2477.4,2455.56,2459.6,137.05264754
2025-12-25 23:45:00+00:00,2458.07,2467.49,2453.12,2464.5,91.73273716
2025-12-26 00:00:00+00:00,2463.89,2469.13,2459.4,2461.68,72.25635618
2025-12-26 00:15:00+00:00,2465.34,2468.11,2457.75,2461.79,54.348343
2025-12-26 00:30:00+00:00,2461.86,2464.38,2454.8,2457.65,35.95720029
2025-12-26 00:45:00+00:00,2458.23,2462.43,2456.78,2460.79,37.13062075
2025-12-26 01:00:00+00:00,2462.8,2470.6,2462.3,2470.6,53.58854394
2025-12-26 01:15:00+00:00,2472.27,2476.3,2470.21,2476.3,8.66614153
2025-12-26 01:30:00+00:00,2475.6,2478.3,2474.86,2478.3,7.30700764
2025-12-26 01:45:00+00:00,2475.97,2479.3,2475.97,2477.86,19.36446058
2025-12-26 02:00:00+00:00,2476.49,2507.32,2476.49,2505.37,81.82099567
2025-12-26 02:15:00+00:00,2509.39,2539.19,2509.29,2525.97,528.90687737
2025-12-26 02:30:00+00:00,2527.89,2538.94,2520.76,2525.04,123.48342308
2025-12-26 02:45:00+00:00,2524.0,2524.95,2517.19,2518.37,70.66378247
2025-12-26 03:00:00+00:00,2520.16,2520.7,2512.9,2514.55,48.23396633
2025-12-26 03:15:00+00:00,2512.5,2513.39,2505.19,2510.3,65.4708266
2025-12-26 03:30:00+00:00,2510.39,2512.3,2509.34,2511.29,10.30616835
2025-12-26 03:45:00+00:00,2512.27,2515.32,2511.75,2513.16,26.33019066
2025-12-26 04:00:00+00:00,2511.42,2511.49,2502.91,2508.08,26.88334732
2025-12-26 04:15:00+00:00,2509.59,2510.67,2506.68,2507.65,24.91985292
2025-12-26 04:30:00+00:00,2509.43,2515.46,2509.43,2515.46,7.51060714
2025-12-26 04:45:00+00:00,2518.6,2520.5,2517.18,2519.41,11.43603303
2025-12-26 05:00:00+00:00,2519.22,2520.31,2517.16,2519.05,21.27705356
2025-12-26 05:15:00+00:00,2517.87,2518.49,2516.11,2516.7,9.56011201
2025-12-26 05:30:00+00:00,2517.49,2518.79,2516.1,2518.79,8.95919126
2025-12-26 05:45:00+00:00,2518.5,2521.39,2516.79,2519.71,26.24187124
2025-12-26 06:00:00+00:00,2520.55,2526.22,2518.86,2525.5,29.74786773
2025-12-26 06:15:00+00:00,2526.3,2526.3,2522.8,2523.24,17.8397261
2025-12-26 06:30:00+00:00,2523.43,2528.08,2520.6,2527.89,40.32388416
2025-12-26 06:45:00+00:00,2527.87,2527.87,2523.81,2524.89,26.51862135
2025-12-26 07:00:00+00:00,2524.99,2531.58,2524.41,2531.58,32.67658811
2025-12-26 07:15:00+00:00,2532.09,2540.0,2529.11,2533.21,108.15867396
2025-12-26 07:30:00+00:00,2533.5,2533.5,2517.97,2518.39,32.60388713
2025-12-26 07:45:00+00:00,2517.9,2517.9,2506.57,2509.17,46.58676353
2025-12-26 08:00:00+00:00,2508.25,2520.83,2507.68,2515.9,67.68692783
2025-12-26 08:15:00+00:00,2515.76,2517.47,2513.01,2514.44,40.21641916
2025-12-26 08:30:00+00:00,2514.68,2514.82,2509.88,2511.84,26.55889668
2025-12-26 08:45:00+00:00,2511.58,2515.0,2509.73,2515.0,21.22611677
2025-12-26 09:00:00+00:00,2514.14,2516.29,2513.4,2514.6,5.2630325
2025-12-26 09:15:00+00:00,2515.65,2520.69,2515.02,2517.76,61.64832023
2025-12-26 09:30:00+00:00,2517.82,2522.1,2517.82,2522.1,17.81120357
2025-12-26 09:45:00+00:00,2521.95,2526.95,2521.7,2523.57,122.11483191
2025-12-26 10:00:00+00:00,2523.8,2525.11,2519.5,2521.44,20.45381164
2025-12-26 10:15:00+00:00,2521.0,2523.4,2517.6,2523.29,12.8527229
2025-12-26 10:30:00+00:00,2522.29,2522.29,2519.56,2520.11,11.1749781
2025-12-26 10:45:00+00:00,2520.59,2522.9,2520.54,2521.97,15.94834192
2025-12-26 11:00:00+00:00,2521.92,2522.61,2519.6,2520.4,36.34776957
2025-12-26 11:15:00+00:00,2519.6,2519.8,2514.1,2516.31,23.90936111
2025-12-26 11:30:00+00:00,2517.0,2518.8,2516.34,2517.98,17.49406385
2025-12-26 11:45:00+00:00,2517.94,2517.94,2515.34,2515.54,2.81174444
2025-12-26 12:00:00+00:00,2515.49,2520.07,2515.49,2520.07,20.07892146
2025-12-26 12:15:00+00:00,2519.43,2521.11,2519.31,2520.67,14.82888359
2025-12-26 12:30:00+00:00,2520.61,2522.38,2519.37,2521.87,9.01068326
2025-12-26 12:45:00+00:00,2522.91,2523.25,2520.23,2521.94,15.3579406
2025-12-26 13:00:00+00:00,2521.82,2525.0,2520.75,2523.58,28.87362137
2025-12-26 13:15:00+00:00,2523.26,2525.0,2521.43,2523.96,24.27583079
2025-12-26 13:30:00+00:00,2523.91,2528.9,2522.06,2525.6,51.21846548
2025-12-26 13:45:00+00:00,2525.88,2530.94,2525.72,2530.43,38.44152502
2025-12-26 14:00:00+00:00,2528.46,2529.75,2525.9,2527.62,48.40609887
2025-12-26 14:15:00+00:00,2527.33,2529.82,2524.11,2524.62,38.76223962
2025-12-26 14:30:00+00:00,2525.3,2526.07,2504.12,2506.98,121.80057624
2025-12-26 14:45:00+00:00,2507.53,2507.53,2468.82,2475.83,419.65586169
2025-12-26 15:00:00+00:00,2471.6,2476.2,2455.8,2464.44,281.35289501
2025-12-26 15:15:00+00:00,2460.0,2476.92,2460.0,2475.23,95.39490665
2025-12-26 15:30:00+00:00,2474.5,2483.9,2470.6,2474.5,48.07721613
2025-12-26 15:45:00+00:00,2473.57,2482.32,2472.7,2480.26,17.69613604
2025-12-26 16:00:00+00:00,2481.0,2486.31,2477.5,2478.02,37.43784592
2025-12-26 16:15:00+00:00,2479.4,2485.7,2478.03,2482.76,17.06571399
2025-12-26 16:30:00+00:00,2484.29,2486.07,2479.63,2482.01,13.02528576
2025-12-26 16:45:00+00:00,2480.8,2482.55,2469.77,2472.42,37.28257398
2025-12-26 17:00:00+00:00,2473.31,2480.13,2471.47,2477.96,66.2202844
2025-12-26 17:15:00+00:00,2478.5,2494.0,2478.04,2490.79,91.40503762
2025-12-26 17:30:00+00:00,2490.3,2492.6,2483.92,2486.2,46.03380037
2025-12-26 17:45:00+00:00,2483.94,2485.56,2478.76,2482.08,43.6642459
2025-12-26 18:00:00+00:00,2481.37,2485.6,2480.99,2483.93,26.79179849
2025-12-26 18:15:00+00:00,2483.94,2483.94,2479.76,2479.76,15.59103223
2025-12-26 18:30:00+00:00,2481.5,2485.02,2481.5,2484.49,17.18837856
2025-12-26 18:45:00+00:00,2484.29,2486.39,2481.3,2482.29,33.02131467
2025-12-26 19:00:00+00:00,2482.45,2484.44,2481.53,2481.84,16.25353139
2025-12-26 19:15:00+00:00,2481.36,2483.29,2478.7,2480.85,14.06129458
2025-12-26 19:30:00+00:00,2481.3,2484.67,2480.65,2484.67,6.74049821
2025-12-26 19:45:00+00:00,2486.1,2487.3,2482.4,2483.89,29.49232892
2025-12-26 20:00:00+00:00,2483.77,2485.59,2481.5,2483.67,21.07686412
2025-12-26 20:15:00+00:00,2484.59,2487.26,2483.72,2486.38,18.53948332
2025-12-26 20:30:00+00:00,2486.3,2490.1,2484.19,2490.1,11.49509408
2025-12-26 20:45:00+00:00,2490.1,2493.81,2488.52,2488.52,21.82471494
2025-12-26 21:00:00+00:00,2490.06,2491.3,2487.2,2490.38,11.7954569
2025-12-26 21:15:00+00:00,2490.33,2491.82,2489.06,2490.15,15.26503248
2025-12-26 21:30:00+00:00,2489.4,2489.4,2486.25,2487.3,50.18657137
2025-12-26 21:45:00+00:00,2487.09,2488.1,2483.97,2484.0,20.67206078
2025-12-26 22:00:00+00:00,2484.1,2487.71,2483.57,2484.37,23.40001878
2025-12-26 22:15:00+00:00,2485.3,2486.83,2481.19,2482.81,19.24287458
2025-12-26 22:30:00+00:00,2484.7,2486.81,2483.72,2484.5,21.14472022
2025-12-26 22:45:00+00:00,2485.0,2489.47,2483.67,2489.47,5.08629405
2025-12-26 23:00:00+00:00,2490.2,2491.1,2487.7,2488.09,46.54986205
2025-12-26 23:15:00+00:00,2487.6,2489.2,2486.22,2486.89,31.04175695
2025-12-26 23:30:00+00:00,2487.59,2488.1,2485.55,2485.68,9.17478025
2025-12-26 23:45:00+00:00,2485.6,2487.6,2485.0,2487.15,6.5795341
2025-12-27 00:00:00+00:00,2487.9,2489.16,2485.8,2486.05,17.17571774
2025-12-27 00:15:00+00:00,2486.32,2487.21,2483.23,2483.3,17.0467877
2025-12-27 00:30:00+00:00,2483.4,2487.91,2483.4,2487.7,5.99148169
2025-12-27 00:45:00+00:00,2487.62,2487.62,2486.0,2486.39,0.56569408
2025-12-27 01:00:00+00:00,2486.42,2486.51,2484.73,2485.23,16.43172641
2025-12-27 01:15:00+00:00,2485.22,2485.61,2481.16,2484.31,28.56843692
2025-12-27 01:30:00+00:00,2484.09,2487.15,2484.09,2486.76,11.08375046
2025-12-27 01:45:00+00:00,2486.91,2486.91,2485.4,2486.29,17.18878577
2025-12-27 02:00:00+00:00,2486.92,2486.92,2483.67,2484.59,29.20045244
2025-12-27 02:15:00+00:00,2484.9,2485.02,2483.21,2484.84,10.58367454
2025-12-27 02:30:00+00:00,2485.91,2486.9,2485.66,2486.9,0.62869766
2025-12-27 02:45:00+00:00,2487.79,2488.25,2485.9,2486.15,6.88174369
2025-12-27 03:00:00+00:00,2486.57,2488.0,2484.53,2484.9,12.15680071
2025-12-27 03:15:00+00:00,2484.86,2488.85,2484.86,2487.6,23.08849772
2025-12-27 03:30:00+00:00,2487.71,2490.3,2487.65,2489.2,6.58463521
2025-12-27 03:45:00+00:00,2489.82,2491.15,2489.01,2490.87,0.91260791
2025-12-27 04:00:00+00:00,2490.67,2490.67,2487.55,2489.31,1.88769546
2025-12-27 04:15:00+00:00,2489.25,2489.3,2487.87,2488.09,1.42837866
2025-12-27 04:30:00+00:00,2487.89,2488.23,2486.3,2488.23,12.50568495
2025-12-27 04:45:00+00:00,2487.59,2488.7,2487.1,2487.36,19.88401834
2025-12-27 05:00:00+00:00,2488.41,2489.02,2487.64,2487.99,0.94955488
2025-12-27 05:15:00+00:00,2488.0,2488.0,2486.74,2487.91,0.24283093
2025-12-27 05:30:00+00:00,2487.9,2489.29,2487.9,2488.84,4.08644448
2025-12-27 05:45:00+00:00,2489.09,2489.6,2488.8,2488.97,6.98255953
2025-12-27 06:00:00+00:00,2489.29,2489.29,2486.69,2487.63,4.81768723
2025-12-27 06:15:00+00:00,2487.63,2487.63,2486.63,2487.4,2.50557457
2025-12-27 06:30:00+00:00,2486.56,2489.7,2486.56,2488.3,21.77159262
2025-12-27 06:45:00+00:00,2488.41,2488.41,2487.02,2488.19,2.55932876
2025-12-27 07:00:00+00:00,2488.5,2490.8,2488.5,2490.5,7.56202057
2025-12-27 07:15:00+00:00,2490.74,2494.4,2489.72,2492.41,23.74622022
2025-12-27 07:30:00+00:00,2492.41,2494.31,2489.8,2490.8,53.15779457
2025-12-27 07:45:00+00:00,2490.79,2491.4,2490.35,2490.82,5.81805081
2025-12-27 08:00:00+00:00,2490.82,2493.0,2490.82,2491.52,4.79235301
2025-12-27 08:15:00+00:00,2491.71,2493.66,2491.61,2492.95,6.37181703
2025-12-27 08:30:00+00:00,2492.73,2493.8,2492.1,2492.81,12.59509212
2025-12-27 08:45:00+00:00,2492.38,2492.38,2491.12,2491.31,10.22568915
2025-12-27 09:00:00+00:00,2491.43,2493.79,2491.21,2493.33,15.99430596
2025-12-27 09:15:00+00:00,2493.84,2496.3,2489.93,2490.72,16.57212948
2025-12-27 09:30:00+00:00,2490.8,2492.54,2490.19,2491.85,25.63423213
2025-12-27 09:45:00+00:00,2491.7,2494.25,2490.8,2491.83,29.97865593
2025-12-27 10:00:00+00:00,2492.11,2492.51,2489.66,2489.66,14.61098792
2025-12-27 10:15:00+00:00,2489.57,2491.7,2488.66,2489.0,27.36373179
2025-12-27 10:30:00+00:00,2488.97,2489.0,2476.48,2483.25,95.91250865
2025-12-27 10:45:00+00:00,2483.01,2485.9,2482.96,2485.19,10.16017585
2025-12-27 11:00:00+00:00,2485.2,2485.57,2482.41,2484.6,8.36415699
2025-12-27 11:15:00+00:00,2484.97,2487.5,2483.79,2485.97,11.25800068
2025-12-27 11:30:00+00:00,2485.89,2488.24,2485.88,2487.55,6.71882904
2025-12-27 11:45:00+00:00,2487.49,2490.39,2486.7,2488.68,14.7042508
2025-12-27 12:00:00+00:00,2489.7,2490.46,2487.4,2488.07,4.68297887
2025-12-27 12:15:00+00:00,2487.98,2489.1,2487.3,2489.1,24.75753419
2025-12-27 12:30:00+00:00,2489.0,2490.96,2488.71,2490.96,22.13895547
2025-12-27 12:45:00+00:00,2490.86,2490.86,2489.31,2489.79,2.97776114
2025-12-27 13:00:00+00:00,2490.13,2490.2,2486.51,2487.6,13.04967347
2025-12-27 13:15:00+00:00,2487.53,2488.17,2484.9,2485.87,5.53823597
2025-12-27 13:30:00+00:00,2486.05,2489.68,2484.2,2489.41,14.55888468
2025-12-27 13:45:00+00:00,2489.61,2489.61,2487.35,2487.54,6.07893267
2025-12-27 14:00:00+00:00,2487.38,2487.38,2485.28,2486.23,8.94496718
2025-12-27 14:15:00+00:00,2486.07,2486.34,2484.4,2484.9,9.21834436
2025-12-27 14:30:00+00:00,2485.52,2487.65,2485.52,2487.12,10.47533024
2025-12-27 14:45:00+00:00,2487.79,2488.1,2486.37,2487.0,28.75161927
2025-12-27 15:00:00+00:00,2487.0,2487.0,2485.3,2486.1,23.09123998
2025-12-27 15:15:00+00:00,2486.2,2486.3,2484.35,2485.09,9.65293213
2025-12-27 15:30:00+00:00,2486.18,2487.79,2485.36,2486.88,18.61876089
2025-12-27 15:45:00+00:00,2486.39,2486.89,2483.82,2484.46,20.73842269
2025-12-27 16:00:00+00:00,2483.5,2486.14,2483.5,2484.24,11.11937772
2025-12-27 16:15:00+00:00,2484.09,2484.3,2478.84,2480.31,11.5591111
2025-12-27 16:30:00+00:00,2480.64,2482.62,2480.41,2481.32,4.68362444
2025-12-27 16:45:00+00:00,2481.16,2481.18,2477.81,2479.29,27.63859543
2025-12-27 17:00:00+00:00,2478.97,2483.4,2478.97,2483.2,128.96470001
2025-12-27 17:15:00+00:00,2482.72,2485.02,2481.19,2484.78,14.14181262
2025-12-27 17:30:00+00:00,2484.4,2484.43,2483.35,2483.93,5.02246406
2025-12-27 17:45:00+00:00,2485.3,2486.63,2484.84,2485.99,6.28435552
2025-12-27 18:00:00+00:00,2485.91,2486.09,2484.51,2484.64,12.85836049
2025-12-27 18:15:00+00:00,2484.9,2485.94,2483.87,2485.61,8.96525086
2025-12-27 18:30:00+00:00,2485.31,2485.59,2483.44,2483.47,5.92622003
2025-12-27 18:45:00+00:00,2483.58,2484.4,2482.98,2483.99,5.62926709
2025-12-27 19:00:00+00:00,2484.08,2485.74,2483.7,2485.2,8.91380022
2025-12-27 19:15:00+00:00,2485.1,2485.39,2483.87,2484.82,9.66815264
2025-12-27 19:30:00+00:00,2485.11,2486.14,2484.5,2485.4,13.88568889
2025-12-27 19:45:00+00:00,2486.11,2487.6,2485.84,2487.5,17.35707454
2025-12-27 20:00:00+00:00,2487.8,2490.0,2486.98,2488.53,27.68712035
2025-12-27 20:15:00+00:00,2489.69,2489.7,2487.2,2488.06,6.54461446
2025-12-27 20:30:00+00:00,2488.0,2488.86,2486.71,2487.13,11.82223032
2025-12-27 20:45:00+00:00,2487.56,2487.56,2485.8,2486.29,3.11249849
2025-12-27 21:00:00+00:00,2486.29,2488.25,2485.3,2488.25,6.66285324
2025-12-27 21:15:00+00:00,2488.43,2488.72,2487.13,2488.19,2.43627403
2025-12-27 21:30:00+00:00,2488.17,2489.88,2488.17,2489.31,3.51360742
2025-12-27 21:45:00+00:00,2489.31,2490.0,2488.51,2490.0,6.65603058
2025-12-27 22:00:00+00:00,2491.55,2502.3,2487.2,2500.45,90.02131305
2025-12-27 22:15:00+00:00,2503.0,2505.86,2495.2,2495.36,95.87918772
2025-12-27 22:30:00+00:00,2495.15,2495.15,2486.4,2486.5,57.49666316
2025-12-27 22:45:00+00:00,2487.39,2492.18,2487.39,2489.44,5.06985339
2025-12-27 23:00:00+00:00,2490.61,2492.33,2489.45,2490.56,24.92800988
2025-12-27 23:15:00+00:00,2491.25,2497.15,2491.25,2496.3,21.77556894
2025-12-27 23:30:00+00:00,2497.42,2497.86,2494.42,2494.68,13.70118206
2025-12-27 23:45:00+00:00,2495.06,2511.74,2495.06,2501.6,195.80920397
2025-12-28 00:00:00+00:00,2502.88,2504.0,2500.31,2502.09,14.35835233
2025-12-28 00:15:00+00:00,2501.04,2502.06,2498.7,2498.7,4.61796143
2025-12-28 00:30:00+00:00,2497.98,2503.07,2497.95,2501.33,33.75866588
2025-12-28 00:45:00+00:00,2502.86,2503.61,2500.1,2500.1,6.74825473
2025-12-28 01:00:00+00:00,2500.37,2503.2,2499.91,2500.5,13.58714468
2025-12-28 01:15:00+00:00,2498.8,2499.7,2497.89,2498.1,9.51011478
2025-12-28 01:30:00+00:00,2497.64,2500.16,2497.0,2498.83,11.62158388
2025-12-28 01:45:00+00:00,2498.23,2498.64,2497.23,2498.13,3.83546769
2025-12-28 02:00:00+00:00,2497.4,2499.0,2496.94,2497.9,15.18914194
2025-12-28 02:15:00+00:00,2497.7,2501.03,2497.7,2501.03,6.40618315
2025-12-28 02:30:00+00:00,2500.42,2502.39,2500.42,2501.35,9.75959418
2025-12-28 02:45:00+00:00,2501.61,2501.61,2500.0,2500.9,2.94955991
2025-12-28 03:00:00+00:00,2500.88,2501.81,2499.01,2499.61,8.10084669
2025-12-28 03:15:00+00:00,2499.01,2499.01,2496.4,2496.4,0.67237368
2025-12-28 03:30:00+00:00,2497.9,2498.44,2497.55,2498.44,0.15725797
2025-12-28 03:45:00+00:00,2498.92,2498.92,2497.85,2498.12,0.67692168
2025-12-28 04:00:00+00:00,2496.76,2500.19,2496.24,2500.11,8.96163171
2025-12-28 04:15:00+00:00,2499.39,2500.08,2497.64,2497.69,12.53178562
2025-12-28 04:30:00+00:00,2497.79,2498.0,2493.8,2494.71,4.22670608
2025-12-28 04:45:00+00:00,2494.86,2494.94,2493.54,2494.39,0.85709672
2025-12-28 05:00:00+00:00,2493.3,2494.0,2491.4,2493.14,11.76007994
2025-12-28 05:15:00+00:00,2493.35,2493.35,2489.18,2489.18,6.32885636
2025-12-28 05:30:00+00:00,2487.8,2492.33,2486.84,2492.33,8.87377329
2025-12-28 05:45:00+00:00,2491.9,2495.47,2489.02,2490.39,62.16113076
2025-12-28 06:00:00+00:00,2490.66,2495.09,2490.33,2495.09,28.37207186
2025-12-28 06:15:00+00:00,2494.8,2494.9,2493.5,2493.5,11.25689964
2025-12-28 06:30:00+00:00,2494.6,2497.7,2494.2,2496.22,18.49171399
2025-12-28 06:45:00+00:00,2496.14,2497.8,2495.49,2497.35,31.8619138
2025-12-28 07:00:00+00:00,2496.54,2497.17,2495.06,2496.49,18.35458696
2025-12-28 07:15:00+00:00,2495.63,2495.76,2493.15,2493.68,4.56840065
2025-12-28 07:30:00+00:00,2493.53,2493.61,2491.86,2492.04,5.39600838
2025-12-28 07:45:00+00:00,2492.22,2493.7,2492.22,2493.12,6.91721341
2025-12-28 08:00:00+00:00,2494.13,2496.96,2493.74,2496.24,9.43059046
2025-12-28 08:15:00+00:00,2496.66,2496.66,2494.45,2495.2,2.47607953
2025-12-28 08:30:00+00:00,2495.33,2500.28,2493.1,2495.45,22.54743641
2025-12-28 08:45:00+00:00,2495.69,2495.69,2492.55,2493.44,11.23981116
2025-12-28 09:00:00+00:00,2493.89,2497.3,2492.45,2496.74,39.66116724
2025-12-28 09:15:00+00:00,2496.7,2498.43,2496.1,2497.1,3.55693278
2025-12-28 09:30:00+00:00,2496.8,2497.12,2487.64,2489.57,60.07180408
2025-12-28 09:45:00+00:00,2489.91,2492.55,2488.73,2492.34,15.57285296
2025-12-28 10:00:00+00:00,2492.87,2497.41,2492.35,2496.09,23.87781858
2025-12-28 10:15:00+00:00,2496.21,2496.87,2494.3,2496.34,11.80736041
2025-12-28 10:30:00+00:00,2496.41,2497.52,2494.9,2495.39,5.06046036
2025-12-28 10:45:00+00:00,2496.05,2498.27,2495.28,2497.08,58.33779538
2025-12-28 11:00:00+00:00,2498.0,2499.84,2497.97,2499.8,20.01906652
2025-12-28 11:15:00+00:00,2500.11,2500.2,2497.52,2498.39,7.57118859
2025-12-28 11:30:00+00:00,2498.81,2498.81,2493.83,2495.73,25.16426909
2025-12-28 11:45:00+00:00,2495.3,2498.31,2494.3,2497.41,47.44708143
2025-12-28 12:00:00+00:00,2498.16,2498.22,2494.78,2495.61,45.6567909
2025-12-28 12:15:00+00:00,2495.58,2496.77,2494.15,2496.77,7.05827342
2025-12-28 12:30:00+00:00,2497.04,2497.42,2492.15,2493.68,13.51367699
2025-12-28 12:45:00+00:00,2493.64,2495.12,2492.1,2493.01,23.95476074
2025-12-28 13:00:00+00:00,2493.0,2496.04,2492.49,2493.63,22.94654624
2025-12-28 13:15:00+00:00,2493.11,2497.27,2492.91,2495.86,12.66640578
2025-12-28 13:30:00+00:00,2496.71,2497.29,2494.53,2495.4,28.0937311
2025-12-28 13:45:00+00:00,2495.31,2495.31,2493.07,2493.7,9.91897238
2025-12-28 14:00:00+00:00,2493.45,2498.27,2493.45,2497.79,27.54652409
2025-12-28 14:15:00+00:00,2497.66,2500.2,2497.18,2499.21,51.20052022
2025-12-28 14:30:00+00:00,2498.79,2506.7,2498.53,2502.64,32.67819054
2025-12-28 14:45:00+00:00,2503.45,2506.34,2498.75,2499.18,121.42700538
2025-12-28 15:00:00+00:00,2498.82,2509.22,2498.78,2507.71,38.47524642
2025-12-28 15:15:00+00:00,2508.1,2511.73,2506.15,2506.15,35.18569166
2025-12-28 15:30:00+00:00,2506.65,2506.67,2502.47,2505.11,56.7705568
2025-12-28 15:45:00+00:00,2504.63,2506.0,2500.74,2501.73,28.28397985
2025-12-28 16:00:00+00:00,2502.41,2503.75,2500.8,2503.25,13.18861155
2025-12-28 16:15:00+00:00,2503.59,2506.51,2495.0,2496.55,57.09697377
2025-12-28 16:30:00+00:00,2496.19,2498.63,2496.19,2497.78,22.43736556
2025-12-28 16:45:00+00:00,2497.5,2498.9,2496.72,2497.0,9.15198843
2025-12-28 17:00:00+00:00,2497.0,2501.95,2496.72,2501.15,17.61610636
2025-12-28 17:15:00+00:00,2501.43,2503.86,2501.17,2501.8,16.05415341
2025-12-28 17:30:00+00:00,2502.0,2502.04,2500.21,2501.36,17.82055075
2025-12-28 17:45:00+00:00,2500.01,2500.66,2498.61,2498.64,5.24525325
2025-12-28 18:00:00+00:00,2499.48,2499.48,2494.71,2495.9,17.0639594
2025-12-28 18:15:00+00:00,2495.42,2495.42,2481.8,2490.92,277.79231157
2025-12-28 18:30:00+00:00,2490.91,2492.58,2490.01,2490.94,46.86298805
2025-12-28 18:45:00+00:00,2490.07,2490.24,2485.2,2486.74,28.77441924
2025-12-28 19:00:00+00:00,2486.7,2492.62,2483.43,2491.42,68.57526428
2025-12-28 19:15:00+00:00,2491.09,2491.87,2486.84,2486.84,19.45674049
2025-12-28 19:30:00+00:00,2486.55,2490.8,2486.1,2486.55,138.90405785
2025-12-28 19:45:00+00:00,2486.1,2487.33,2485.47,2486.14,57.00943644
2025-12-28 20:00:00+00:00,2486.59,2489.17,2482.44,2485.34,66.84314532
2025-12-28 20:15:00+00:00,2484.86,2488.78,2484.86,2487.9,27.09304484
2025-12-28 20:30:00+00:00,2487.18,2489.69,2487.18,2489.28,6.25839374
2025-12-28 20:45:00+00:00,2489.06,2490.76,2485.47,2486.01,38.03196744
2025-12-28 21:00:00+00:00,2486.34,2489.16,2483.23,2486.64,68.92091536
2025-12-28 21:15:00+00:00,2487.6,2488.36,2484.66,2487.83,31.87217874
2025-12-28 21:30:00+00:00,2487.24,2491.3,2487.24,2490.86,12.27643969
2025-12-28 21:45:00+00:00,2490.81,2492.3,2490.1,2490.18,12.56219461
2025-12-28 22:00:00+00:00,2491.66,2492.3,2489.64,2492.3,131.25102007
2025-12-28 22:15:00+00:00,2492.81,2497.6,2491.13,2496.13,42.80021876
2025-12-28 22:30:00+00:00,2496.18,2498.72,2493.8,2498.65,21.35579206
2025-12-28 22:45:00+00:00,2498.8,2507.4,2496.3,2503.4,86.74489245
2025-12-28 23:00:00+00:00,2503.9,2506.53,2495.26,2495.44,21.11005052
2025-12-28 23:15:00+00:00,2495.9,2500.07,2495.49,2496.9,17.84879621
2025-12-28 23:30:00+00:00,2496.1,2501.76,2496.03,2501.72,16.77800837
2025-12-28 23:45:00+00:00,2501.91,2506.44,2501.91,2503.47,12.87198692
2025-12-29 00:00:00+00:00,2504.6,2504.81,2499.93,2501.41,13.19086773
2025-12-29 00:15:00+00:00,2501.2,2510.0,2498.43,2508.69,63.97618019
2025-12-29 00:30:00+00:00,2509.15,2523.43,2509.15,2516.9,112.68539011
2025-12-29 00:45:00+00:00,2518.0,2524.36,2515.17,2516.26,31.29900542
2025-12-29 01:00:00+00:00,2517.22,2517.22,2507.81,2511.51,18.52068136
2025-12-29 01:15:00+00:00,2511.86,2511.88,2504.71,2510.5,16.04914437
2025-12-29 01:30:00+00:00,2510.07,2528.99,2508.6,2524.3,38.40416858
2025-12-29 01:45:00+00:00,2525.0,2531.33,2524.41,2525.65,53.48193495
2025-12-29 02:00:00+00:00,2527.67,2557.37,2527.4,2552.68,304.35606725
2025-12-29 02:15:00+00:00,2554.59,2556.27,2541.9,2548.3,137.54321873
2025-12-29 02:30:00+00:00,2549.0,2550.79,2542.7,2543.31,55.86293778
2025-12-29 02:45:00+00:00,2543.7,2549.5,2543.63,2545.79,41.92213454
2025-12-29 03:00:00+00:00,2547.6,2555.2,2545.6,2554.61,46.11325749
2025-12-29 03:15:00+00:00,2553.89,2554.2,2549.9,2553.1,30.31951505
2025-12-29 03:30:00+00:00,2553.8,2584.0,2552.16,2574.2,279.82326366
2025-12-29 03:45:00+00:00,2575.57,2583.35,2573.24,2579.91,118.66755985
2025-12-29 04:00:00+00:00,2582.5,2584.0,2577.8,2583.66,84.16116029
2025-12-29 04:15:00+00:00,2583.6,2592.0,2579.28,2581.8,144.18572554
2025-12-29 04:30:00+00:00,2583.46,2589.2,2580.82,2584.93,62.3511171
2025-12-29 04:45:00+00:00,2585.1,2585.4,2579.65,2580.0,30.45929597
2025-12-29 05:00:00+00:00,2580.0,2584.05,2574.94,2583.4,53.83576244
2025-12-29 05:15:00+00:00,2582.12,2583.27,2578.63,2578.95,53.45577335
2025-12-29 05:30:00+00:00,2578.72,2585.25,2577.2,2585.25,114.17241774
2025-12-29 05:45:00+00:00,2584.7,2585.09,2576.97,2579.4,78.14555812
2025-12-29 06:00:00+00:00,2579.14,2581.25,2575.19,2580.51,86.21999681
2025-12-29 06:15:00+00:00,2580.88,2584.39,2577.78,2577.9,34.6983321
2025-12-29 06:30:00+00:00,2578.2,2579.89,2576.11,2577.1,88.00354153
2025-12-29 06:45:00+00:00,2576.94,2577.1,2573.01,2575.93,72.75009685
2025-12-29 07:00:00+00:00,2575.5,2578.28,2549.01,2562.0,530.11951392
2025-12-29 07:15:00+00:00,2562.62,2562.86,2554.67,2556.1,53.69372179
2025-12-29 07:30:00+00:00,2556.69,2562.09,2556.35,2557.5,76.40521148
2025-12-29 07:45:00+00:00,2556.93,2561.0,2556.89,2559.4,85.12162931
2025-12-29 08:00:00+00:00,2559.55,2561.99,2553.56,2561.9,125.39214455
2025-12-29 08:15:00+00:00,2562.0,2564.7,2560.74,2562.25,68.04497449
2025-12-29 08:30:00+00:00,2561.74,2563.13,2556.44,2559.06,50.45388408
2025-12-29 08:45:00+00:00,2558.51,2558.96,2550.0,2552.73,88.29059268
2025-12-29 09:00:00+00:00,2552.81,2555.38,2550.27,2552.2,128.35694246
2025-12-29 09:15:00+00:00,2551.48,2556.0,2547.37,2548.8,137.83627309
2025-12-29 09:30:00+00:00,2550.34,2550.48,2512.5,2518.58,498.65514833
2025-12-29 09:45:00+00:00,2517.0,2523.99,2506.7,2523.89,198.56378508
2025-12-29 10:00:00+00:00,2521.11,2530.44,2515.8,2524.65,177.86915262
2025-12-29 10:15:00+00:00,2523.0,2523.0,2518.51,2521.21,86.91317634
2025-12-29 10:30:00+00:00,2521.48,2523.02,2518.5,2520.64,67.39323914
2025-12-29 10:45:00+00:00,2521.12,2522.73,2512.7,2516.3,96.22366672
2025-12-29 11:00:00+00:00,2516.0,2517.46,2509.75,2517.0,144.05688213
2025-12-29 11:15:00+00:00,2517.1,2518.45,2514.8,2515.63,71.38958031
2025-12-29 11:30:00+00:00,2515.18,2516.97,2512.08,2514.41,139.91576483
2025-12-29 11:45:00+00:00,2514.5,2515.97,2511.9,2512.7,188.81222143
2025-12-29 12:00:00+00:00,2512.2,2513.38,2475.0,2480.0,512.8450978
2025-12-29 12:15:00+00:00,2478.1,2493.4,2472.7,2487.6,265.75529907
2025-12-29 12:30:00+00:00,2487.5,2495.51,2486.4,2488.6,219.30098272
2025-12-29 12:45:00+00:00,2488.91,2490.61,2487.36,2489.77,67.81437932
2025-12-29 13:00:00+00:00,2487.99,2495.56,2487.99,2490.49,119.1216746
2025-12-29 13:15:00+00:00,2491.4,2494.23,2488.41,2488.98,82.74751983
2025-12-29 13:30:00+00:00,2489.01,2490.95,2484.36,2487.78,48.94803556
2025-12-29 13:45:00+00:00,2486.78,2488.75,2478.0,2485.01,94.71937382
2025-12-29 14:00:00+00:00,2485.25,2486.0,2477.02,2484.54,148.98893002
2025-12-29 14:15:00+00:00,2484.31,2490.63,2480.64,2490.6,122.55457281
2025-12-29 14:30:00+00:00,2487.85,2515.45,2486.18,2509.04,272.20719657
2025-12-29 14:45:00+00:00,2510.16,2510.16,2478.5,2482.97,139.50007026
2025-12-29 15:00:00+00:00,2482.35,2498.4,2475.13,2498.35,233.7058401
2025-12-29 15:15:00+00:00,2496.6,2498.6,2484.0,2494.08,60.05242254
2025-12-29 15:30:00+00:00,2494.01,2498.38,2490.84,2495.27,69.09846901
2025-12-29 15:45:00+00:00,2495.45,2497.84,2487.23,2492.73,109.71372476
2025-12-29 16:00:00+00:00,2489.94,2498.81,2489.94,2496.6,61.95836791
2025-12-29 16:15:00+00:00,2495.8,2496.6,2485.47,2488.18,87.55824992
2025-12-29 16:30:00+00:00,2490.31,2495.45,2489.89,2492.63,97.45799717
2025-12-29 16:45:00+00:00,2492.99,2499.88,2492.99,2495.35,79.71380942
2025-12-29 17:00:00+00:00,2495.6,2499.77,2494.0,2494.29,32.22879058
2025-12-29 17:15:00+00:00,2493.51,2497.03,2488.1,2490.94,35.19340912
2025-12-29 17:30:00+00:00,2492.39,2494.82,2491.22,2493.32,19.64577716
2025-12-29 17:45:00+00:00,2494.39,2502.0,2494.39,2501.9,41.84364077
2025-12-29 18:00:00+00:00,2502.4,2504.56,2494.27,2497.85,135.95886713
2025-12-29 18:15:00+00:00,2497.5,2499.79,2493.81,2493.88,48.27841234
2025-12-29 18:30:00+00:00,2494.5,2496.23,2489.6,2491.6,51.72561305
2025-12-29 18:45:00+00:00,2491.6,2491.77,2476.87,2480.56,163.26230005
2025-12-29 19:00:00+00:00,2481.12,2499.1,2479.66,2493.61,138.73134419
2025-12-29 19:15:00+00:00,2493.83,2496.17,2491.44,2493.94,50.24420443
2025-12-29 19:30:00+00:00,2494.6,2497.17,2487.33,2493.14,61.57424474
2025-12-29 19:45:00+00:00,2493.72,2495.4,2488.99,2489.7,77.33601048
2025-12-29 20:00:00+00:00,2489.59,2495.29,2487.3,2495.28,64.77501886
2025-12-29 20:15:00+00:00,2494.58,2497.97,2489.04,2489.04,46.58773557
2025-12-29 20:30:00+00:00,2490.22,2492.23,2485.78,2486.34,13.01430396
2025-12-29 20:45:00+00:00,2486.73,2489.42,2484.4,2486.8,41.00137317
2025-12-29 21:00:00+00:00,2488.0,2490.83,2486.53,2490.59,29.14182167
2025-12-29 21:15:00+00:00,2490.78,2492.5,2486.7,2488.63,24.33332163
2025-12-29 21:30:00+00:00,2488.93,2493.72,2487.61,2493.72,23.05531707
2025-12-29 21:45:00+00:00,2492.96,2493.28,2490.55,2492.59,13.39901937
2025-12-29 22:00:00+00:00,2490.9,2490.99,2487.0,2487.78,20.83522798
2025-12-29 22:15:00+00:00,2489.01,2493.41,2489.01,2492.56,20.82200946
2025-12-29 22:30:00+00:00,2492.38,2498.16,2492.02,2495.82,48.58752155
2025-12-29 22:45:00+00:00,2495.5,2496.73,2493.32,2494.59,49.19154223
2025-12-29 23:00:00+00:00,2493.01,2495.32,2491.37,2494.68,31.30545847
2025-12-29 23:15:00+00:00,2494.63,2498.06,2489.17,2490.37,84.77197897
2025-12-29 23:30:00+00:00,2489.94,2492.21,2488.3,2490.1,30.18564857
2025-12-29 23:45:00+00:00,2489.79,2494.29,2489.37,2494.29,28.85773706
2025-12-30 00:00:00+00:00,2493.63,2496.0,2490.48,2493.41,16.03591401
2025-12-30 00:15:00+00:00,2495.13,2495.13,2492.29,2492.37,8.22299683
2025-12-30 00:30:00+00:00,2490.05,2493.94,2488.28,2491.35,35.78282219
2025-12-30 00:45:00+00:00,2491.71,2493.77,2491.59,2493.28,12.20608213
2025-12-30 01:00:00+00:00,2493.18,2493.18,2488.91,2491.8,3.4805329
2025-12-30 01:15:00+00:00,2489.37,2492.54,2488.27,2488.74,14.7413785
2025-12-30 01:30:00+00:00,2488.6,2490.63,2482.72,2490.05,28.28986502
2025-12-30 01:45:00+00:00,2489.68,2493.3,2489.53,2491.0,16.22281072
2025-12-30 02:00:00+00:00,2491.72,2491.72,2486.7,2489.76,25.76137634
2025-12-30 02:15:00+00:00,2489.68,2494.29,2488.21,2489.52,19.17374489
2025-12-30 02:30:00+00:00,2488.08,2488.5,2480.34,2485.72,34.18592478
2025-12-30 02:45:00+00:00,2487.22,2487.22,2480.7,2483.7,15.39943408
2025-12-30 03:00:00+00:00,2483.37,2484.82,2481.13,2481.74,12.2580037
2025-12-30 03:15:00+00:00,2480.0,2498.2,2476.61,2495.01,65.66046459
2025-12-30 03:30:00+00:00,2494.91,2495.46,2492.5,2495.1,4.33156257
2025-12-30 03:45:00+00:00,2496.5,2507.62,2495.84,2505.94,73.65132376
2025-12-30 04:00:00+00:00,2505.6,2507.29,2500.03,2501.88,11.66473897
2025-12-30 04:15:00+00:00,2501.92,2510.0,2501.92,2510.0,23.82818613
2025-12-30 04:30:00+00:00,2509.31,2509.31,2507.46,2507.47,0.9266203
2025-12-30 04:45:00+00:00,2508.02,2508.02,2498.51,2498.51,13.2316621
2025-12-30 05:00:00+00:00,2499.56,2500.02,2496.24,2499.44,7.8298542
2025-12-30 05:15:00+00:00,2500.14,2500.5,2494.07,2497.29,25.04286621
2025-12-30 05:30:00+00:00,2495.97,2495.97,2491.8,2493.45,15.11489873
2025-12-30 05:45:00+00:00,2493.3,2496.85,2492.7,2495.05,18.78354548
2025-12-30 06:00:00+00:00,2494.88,2499.92,2494.57,2499.89,11.61020053
2025-12-30 06:15:00+00:00,2501.02,2503.24,2497.21,2498.76,68.18205752
2025-12-30 06:30:00+00:00,2498.03,2503.2,2498.03,2501.1,21.18171043
2025-12-30 06:45:00+00:00,2500.47,2502.16,2497.32,2497.32,18.2692773
2025-12-30 07:00:00+00:00,2498.65,2505.01,2498.61,2505.01,40.84865287
2025-12-30 07:15:00+00:00,2504.42,2506.89,2500.47,2501.29,39.07762678
2025-12-30 07:30:00+00:00,2500.97,2505.44,2500.54,2504.57,67.22650342
2025-12-30 07:45:00+00:00,2505.23,2505.72,2503.88,2503.88,20.20908917
2025-12-30 08:00:00+00:00,2503.71,2548.75,2503.71,2536.82,256.21616129
2025-12-30 08:15:00+00:00,2537.89,2545.61,2523.21,2525.57,147.6267111
2025-12-30 08:30:00+00:00,2526.18,2534.62,2522.97,2529.56,90.95999467
2025-12-30 08:45:00+00:00,2529.29,2532.51,2526.61,2527.58,44.34683969
2025-12-30 09:00:00+00:00,2528.0,2530.51,2524.51,2527.96,82.71570106
2025-12-30 09:15:00+00:00,2527.7,2527.7,2521.63,2523.0,47.25822482
2025-12-30 09:30:00+00:00,2523.38,2527.51,2522.91,2526.35,32.88743788
2025-12-30 09:45:00+00:00,2527.37,2535.0,2525.69,2533.82,39.09012525
2025-12-30 10:00:00+00:00,2533.86,2536.02,2530.08,2531.06,75.81677172
2025-12-30 10:15:00+00:00,2530.43,2532.09,2526.44,2529.31,50.64220983
2025-12-30 10:30:00+00:00,2528.3,2530.32,2526.0,2530.32,24.91516587
2025-12-30 10:45:00+00:00,2530.89,2532.39,2523.11,2525.69,72.43535686
2025-12-30 11:00:00+00:00,2525.06,2527.31,2523.3,2527.03,70.74643173
2025-12-30 11:15:00+00:00,2527.09,2527.8,2524.68,2526.01,23.42021128
2025-12-30 11:30:00+00:00,2526.46,2530.79,2525.9,2529.59,39.71929941
2025-12-30 11:45:00+00:00,2529.13,2533.91,2525.1,2528.92,95.09042293
2025-12-30 12:00:00+00:00,2529.5,2533.81,2528.73,2533.48,28.8158197
2025-12-30 12:15:00+00:00,2531.57,2535.25,2531.45,2532.53,57.18114002
2025-12-30 12:30:00+00:00,2533.3,2534.22,2528.87,2529.0,22.21577325
2025-12-30 12:45:00+00:00,2529.22,2530.76,2528.19,2530.76,21.9557941
2025-12-30 13:00:00+00:00,2530.9,2537.55,2529.55,2533.5,80.24902961
2025-12-30 13:15:00+00:00,2533.53,2540.28,2532.5,2537.86,107.9796584
2025-12-30 13:30:00+00:00,2538.33,2540.29,2533.49,2538.53,30.98766571
2025-12-30 13:45:00+00:00,2539.0,2540.09,2536.29,2537.12,64.45437859
2025-12-30 14:00:00+00:00,2535.8,2536.21,2517.5,2526.8,332.00253993
2025-12-30 14:15:00+00:00,2527.14,2536.8,2523.59,2523.8,63.05847361
2025-12-30 14:30:00+00:00,2523.7,2529.93,2514.72,2525.3,122.55179582
2025-12-30 14:45:00+00:00,2525.47,2555.77,2523.0,2544.32,245.75549141
2025-12-30 15:00:00+00:00,2545.9,2550.01,2523.23,2529.04,96.45355984
2025-12-30 15:15:00+00:00,2530.6,2535.72,2525.35,2532.45,89.03357489
2025-12-30 15:30:00+00:00,2533.71,2539.54,2532.08,2537.5,68.96141712
2025-12-30 15:45:00+00:00,2538.74,2547.26,2535.04,2540.41,94.14008444
2025-12-30 16:00:00+00:00,2540.44,2542.15,2532.62,2534.17,40.98198117
2025-12-30 16:15:00+00:00,2533.28,2542.8,2532.96,2541.1,50.75983809
2025-12-30 16:30:00+00:00,2541.41,2542.04,2526.61,2530.9,73.77682408
2025-12-30 16:45:00+00:00,2531.17,2534.41,2527.7,2533.68,38.52497496
2025-12-30 17:00:00+00:00,2532.78,2536.21,2531.0,2531.0,29.4014994
2025-12-30 17:15:00+00:00,2532.1,2534.06,2527.55,2532.41,84.02927144
2025-12-30 17:30:00+00:00,2532.52,2536.71,2532.0,2533.29,50.39436094
2025-12-30 17:45:00+00:00,2533.14,2533.14,2519.2,2529.87,169.91018411
2025-12-30 18:00:00+00:00,2528.0,2531.19,2525.11,2526.78,98.7226461
2025-12-30 18:15:00+00:00,2526.7,2530.32,2523.72,2528.33,91.97499439
2025-12-30 18:30:00+00:00,2528.29,2531.83,2527.26,2528.15,12.66637164
2025-12-30 18:45:00+00:00,2528.02,2528.61,2516.6,2526.7,125.95683085
2025-12-30 19:00:00+00:00,2525.3,2525.89,2503.2,2512.9,233.76089747
2025-12-30 19:15:00+00:00,2512.53,2524.6,2512.43,2524.16,160.750611
2025-12-30 19:30:00+00:00,2525.49,2528.22,2522.13,2522.87,53.25357791
2025-12-30 19:45:00+00:00,2523.17,2528.14,2522.36,2527.13,73.41712607
2025-12-30 20:00:00+00:00,2527.14,2528.64,2523.41,2524.99,58.66464861
2025-12-30 20:15:00+00:00,2525.26,2527.04,2522.9,2523.48,79.06299933
2025-12-30 20:30:00+00:00,2523.33,2523.97,2520.5,2521.0,75.7718328
2025-12-30 20:45:00+00:00,2521.0,2522.13,2514.1,2515.84,91.22214515
2025-12-30 21:00:00+00:00,2515.75,2519.45,2511.45,2516.43,85.47399565
2025-12-30 21:15:00+00:00,2517.78,2521.15,2517.78,2518.46,12.81099542
2025-12-30 21:30:00+00:00,2518.64,2521.55,2518.3,2520.52,53.27400244
2025-12-30 21:45:00+00:00,2520.44,2524.56,2520.23,2522.97,53.42188435
2025-12-30 22:00:00+00:00,2523.33,2525.72,2522.71,2525.72,59.38231211
2025-12-30 22:15:00+00:00,2525.84,2525.84,2524.0,2524.47,51.04217008
2025-12-30 22:30:00+00:00,2524.47,2525.91,2520.85,2521.46,25.11264933
2025-12-30 22:45:00+00:00,2521.58,2524.41,2520.7,2524.41,27.69991662
2025-12-30 23:00:00+00:00,2523.43,2526.44,2522.64,2525.75,26.39639801
2025-12-30 23:15:00+00:00,2526.38,2529.1,2524.46,2527.24,19.73719148
2025-12-30 23:30:00+00:00,2527.56,2527.56,2525.88,2525.96,4.42138895
2025-12-30 23:45:00+00:00,2525.97,2529.58,2525.52,2528.68,32.53562014
2025-12-31 00:00:00+00:00,2526.88,2526.88,2521.69,2522.1,11.99924683
2025-12-31 00:15:00+00:00,2522.1,2525.98,2519.99,2524.47,35.49661236
2025-12-31 00:30:00+00:00,2523.51,2525.54,2519.75,2524.91,5.07927145
2025-12-31 00:45:00+00:00,2524.59,2524.59,2521.55,2521.72,45.29861346
2025-12-31 01:00:00+00:00,2520.99,2523.65,2518.55,2523.62,26.35486253
2025-12-31 01:15:00+00:00,2524.26,2536.03,2524.19,2533.25,34.48621934
2025-12-31 01:30:00+00:00,2532.9,2537.68,2532.9,2535.74,40.10269454
2025-12-31 01:45:00+00:00,2535.47,2537.18,2532.71,2534.63,37.33895423
2025-12-31 02:00:00+00:00,2532.98,2536.35,2531.7,2536.35,16.30967815
2025-12-31 02:15:00+00:00,2534.95,2536.48,2533.11,2534.99,24.41063097
2025-12-31 02:30:00+00:00,2534.8,2537.66,2532.4,2533.53,22.50287463
2025-12-31 02:45:00+00:00,2533.31,2536.95,2530.28,2536.29,5.61631344
2025-12-31 03:00:00+00:00,2535.97,2537.02,2534.45,2535.3,29.18913327
2025-12-31 03:15:00+00:00,2535.3,2535.3,2530.14,2530.14,34.01211031
2025-12-31 03:30:00+00:00,2530.13,2531.2,2523.24,2525.09,29.91454678
2025-12-31 03:45:00+00:00,2525.36,2526.8,2525.07,2526.06,43.68828237
2025-12-31 04:00:00+00:00,2525.85,2528.8,2525.85,2527.4,17.34082679
2025-12-31 04:15:00+00:00,2527.39,2530.3,2527.34,2527.6,16.85900006
2025-12-31 04:30:00+00:00,2527.78,2529.49,2526.4,2528.63,20.13106996
2025-12-31 04:45:00+00:00,2528.29,2528.93,2527.29,2528.64,22.57029635
2025-12-31 05:00:00+00:00,2527.06,2531.42,2526.69,2530.3,44.016947
2025-12-31 05:15:00+00:00,2530.34,2534.35,2530.28,2534.26,62.49285133
2025-12-31 05:30:00+00:00,2534.22,2534.75,2532.21,2534.2,41.21464592
2025-12-31 05:45:00+00:00,2533.3,2534.08,2530.73,2530.73,13.35242013
2025-12-31 06:00:00+00:00,2531.07,2534.04,2531.07,2533.89,18.04740933
2025-12-31 06:15:00+00:00,2532.94,2534.15,2531.97,2533.16,11.17311693
2025-12-31 06:30:00+00:00,2533.35,2534.37,2529.6,2530.44,43.30856512
2025-12-31 06:45:00+00:00,2530.67,2531.94,2530.33,2530.74,6.06474541
2025-12-31 07:00:00+00:00,2530.98,2531.96,2529.4,2531.96,38.44800402
2025-12-31 07:15:00+00:00,2532.12,2533.52,2527.8,2532.4,66.44262837
2025-12-31 07:30:00+00:00,2531.9,2532.56,2529.88,2532.09,28.87084149
2025-12-31 07:45:00+00:00,2531.96,2533.12,2530.77,2532.27,21.0951694
2025-12-31 08:00:00+00:00,2532.28,2534.73,2531.93,2534.0,45.81498149
2025-12-31 08:15:00+00:00,2532.86,2533.6,2531.61,2533.18,45.45999591
2025-12-31 08:30:00+00:00,2533.91,2533.91,2523.0,2525.96,96.83887707
2025-12-31 08:45:00+00:00,2525.71,2529.57,2524.1,2529.02,66.07046557
2025-12-31 09:00:00+00:00,2529.3,2533.0,2528.8,2531.98,77.26703962
2025-12-31 09:15:00+00:00,2531.98,2532.6,2529.75,2531.0,50.51462747
2025-12-31 09:30:00+00:00,2530.81,2533.0,2529.43,2531.55,46.00995148
2025-12-31 09:45:00+00:00,2531.96,2533.7,2531.92,2533.14,28.46577087
2025-12-31 10:00:00+00:00,2533.54,2536.88,2533.08,2536.3,34.83318467
2025-12-31 10:15:00+00:00,2536.0,2538.1,2533.01,2534.19,33.99503443
2025-12-31 10:30:00+00:00,2534.55,2534.55,2531.48,2533.79,16.12304272
2025-12-31 10:45:00+00:00,2534.4,2536.24,2532.34,2535.52,60.65498133
2025-12-31 11:00:00+00:00,2536.17,2542.0,2534.97,2539.8,195.44754759
2025-12-31 11:15:00+00:00,2539.28,2544.68,2538.6,2543.56,38.21539201
2025-12-31 11:30:00+00:00,2542.9,2551.7,2541.81,2551.51,252.63801692
2025-12-31 11:45:00+00:00,2551.44,2553.82,2547.7,2552.96,162.51590367
2025-12-31 12:00:00+00:00,2552.59,2553.18,2547.11,2547.61,104.23890477
2025-12-31 12:15:00+00:00,2547.85,2550.77,2547.2,2547.21,27.38836316
2025-12-31 12:30:00+00:00,2547.73,2548.64,2540.0,2540.3,59.50420074
2025-12-31 12:45:00+00:00,2540.96,2542.47,2534.8,2537.77,92.1621569
2025-12-31 13:00:00+00:00,2538.77,2541.75,2536.74,2541.49,48.23276771
2025-12-31 13:15:00+00:00,2541.01,2545.83,2541.01,2543.58,58.56822603
2025-12-31 13:30:00+00:00,2543.5,2544.0,2540.1,2542.61,54.19625721
2025-12-31 13:45:00+00:00,2541.67,2550.22,2541.46,2548.26,26.13886287
2025-12-31 14:00:00+00:00,2548.74,2573.8,2548.12,2563.8,430.0562182
2025-12-31 14:15:00+00:00,2563.86,2565.2,2558.53,2559.3,83.8377223
2025-12-31 14:30:00+00:00,2557.71,2560.68,2546.63,2549.7,103.02097778
2025-12-31 14:45:00+00:00,2550.08,2550.2,2536.7,2546.81,143.80908964
2025-12-31 15:00:00+00:00,2546.2,2547.62,2529.0,2537.48,76.73133047
2025-12-31 15:15:00+00:00,2535.56,2536.45,2528.99,2533.46,124.57346916
2025-12-31 15:30:00+00:00,2533.12,2540.11,2524.9,2535.39,155.07471125
2025-12-31 15:45:00+00:00,2536.77,2542.46,2535.0,2538.5,225.24270405
2025-12-31 16:00:00+00:00,2539.7,2540.4,2534.02,2538.2,92.31014628
2025-12-31 16:15:00+00:00,2536.8,2547.35,2536.42,2539.9,232.63582194
2025-12-31 16:30:00+00:00,2539.92,2540.7,2517.6,2523.36,226.3637473
2025-12-31 16:45:00+00:00,2521.43,2533.36,2521.4,2531.48,84.17247764
2025-12-31 17:00:00+00:00,2530.62,2532.2,2525.34,2526.09,56.46801264
2025-12-31 17:15:00+00:00,2526.99,2535.16,2524.79,2532.42,43.79280954
2025-12-31 17:30:00+00:00,2530.4,2532.89,2526.95,2530.3,123.09816924
2025-12-31 17:45:00+00:00,2529.49,2533.84,2528.52,2530.65,102.01177279
2025-12-31 18:00:00+00:00,2531.21,2539.19,2528.2,2536.6,157.83320495
2025-12-31 18:15:00+00:00,2535.84,2538.27,2535.1,2535.93,44.23673678
2025-12-31 18:30:00+00:00,2535.02,2535.03,2530.76,2532.9,38.78749586
2025-12-31 18:45:00+00:00,2533.07,2533.23,2525.94,2528.17,60.60361198
2025-12-31 19:00:00+00:00,2528.7,2532.71,2528.7,2532.71,23.5435186
2025-12-31 19:15:00+00:00,2530.64,2530.74,2526.43,2529.76,32.47075516
2025-12-31 19:30:00+00:00,2529.52,2530.49,2525.0,2526.4,37.06030172
2025-12-31 19:45:00+00:00,2526.5,2527.14,2523.42,2524.71,49.60732243
2025-12-31 20:00:00+00:00,2525.44,2525.7,2520.0,2522.94,46.45002376
2025-12-31 20:15:00+00:00,2521.85,2524.69,2521.25,2523.27,43.89055696
2025-12-31 20:30:00+00:00,2523.1,2527.53,2517.0,2519.12,91.42898215
2025-12-31 20:45:00+00:00,2519.38,2530.69,2516.69,2527.08,162.01445307
2025-12-31 21:00:00+00:00,2527.27,2532.07,2525.47,2528.52,216.89205375
2025-12-31 21:15:00+00:00,2528.79,2530.86,2528.03,2530.8,15.89140399
2025-12-31 21:30:00+00:00,2530.85,2533.86,2530.12,2532.6,55.10770185
2025-12-31 21:45:00+00:00,2532.33,2533.71,2530.31,2532.03,58.86035877
2025-12-31 22:00:00+00:00,2531.67,2531.75,2529.94,2531.17,98.03666772
2025-12-31 22:15:00+00:00,2531.47,2532.96,2528.1,2532.08,211.85268785
2025-12-31 22:30:00+00:00,2532.1,2532.54,2525.63,2525.63,60.9042963
2025-12-31 22:45:00+00:00,2526.23,2527.7,2523.76,2524.54,168.40564004
2025-12-31 23:00:00+00:00,2524.9,2525.86,2522.6,2524.91,38.30002275
2025-12-31 23:15:00+00:00,2525.21,2529.06,2524.47,2527.86,101.72663388
2025-12-31 23:30:00+00:00,2527.92,2528.53,2524.01,2526.4,60.24022017
2025-12-31 23:45:00+00:00,2526.1,2526.79,2523.31,2524.69,67.29591259
2026-01-01 00:00:00+00:00,2524.85,2532.5,2524.56,2528.06,192.05519741
2026-01-01 00:15:00+00:00,2528.42,2530.81,2528.42,2530.36,4.73552255
2026-01-01 00:30:00+00:00,2530.22,2531.44,2529.79,2530.96,10.9928344
2026-01-01 00:45:00+00:00,2531.1,2532.63,2529.68,2529.68,5.55966184
2026-01-01 01:00:00+00:00,2529.35,2534.44,2529.35,2534.44,49.84458806
2026-01-01 01:15:00+00:00,2534.08,2536.89,2531.62,2531.62,18.64185197
2026-01-01 01:30:00+00:00,2532.16,2535.47,2530.22,2534.84,47.57301368
2026-01-01 01:45:00+00:00,2535.8,2536.87,2533.54,2533.54,28.21481294
2026-01-01 02:00:00+00:00,2533.69,2535.28,2532.95,2533.85,7.75313518
2026-01-01 02:15:00+00:00,2534.35,2535.8,2532.79,2533.46,0.84568943
2026-01-01 02:30:00+00:00,2533.7,2535.3,2531.78,2532.39,15.16007878
2026-01-01 02:45:00+00:00,2533.1,2533.54,2531.09,2532.7,4.50049244
2026-01-01 03:00:00+00:00,2532.35,2534.03,2531.91,2534.03,2.49053178
2026-01-01 03:15:00+00:00,2534.12,2535.07,2532.61,2533.41,4.10537132
2026-01-01 03:30:00+00:00,2533.08,2533.87,2532.13,2533.67,0.31936089
2026-01-01 03:45:00+00:00,2533.23,2533.23,2530.63,2530.68,0.63917507
2026-01-01 04:00:00+00:00,2531.31,2531.66,2527.62,2527.62,11.15903608
2026-01-01 04:15:00+00:00,2527.45,2529.27,2527.01,2528.85,0.16934878
2026-01-01 04:30:00+00:00,2528.97,2530.82,2524.7,2524.7,16.65998447
2026-01-01 04:45:00+00:00,2525.78,2527.64,2525.78,2527.19,5.46107387
2026-01-01 05:00:00+00:00,2528.48,2531.2,2528.48,2530.33,0.56339395
2026-01-01 05:15:00+00:00,2531.12,2532.81,2530.61,2532.81,0.3777847
2026-01-01 05:30:00+00:00,2532.67,2533.93,2531.24,2532.29,11.17533466
2026-01-01 05:45:00+00:00,2532.6,2533.53,2532.32,2532.66,5.87571995
2026-01-01 06:00:00+00:00,2532.39,2532.39,2529.09,2530.82,18.5738068
2026-01-01 06:15:00+00:00,2530.75,2530.97,2528.77,2529.26,11.55885578
2026-01-01 06:30:00+00:00,2528.77,2529.61,2527.85,2528.42,42.48489358
2026-01-01 06:45:00+00:00,2528.57,2528.57,2526.85,2526.85,7.64179257
2026-01-01 07:00:00+00:00,2527.8,2530.53,2527.74,2529.02,17.49999096
2026-01-01 07:15:00+00:00,2529.86,2530.5,2528.51,2528.51,6.01225392
2026-01-01 07:30:00+00:00,2529.2,2531.57,2529.2,2530.87,19.49546012
2026-01-01 07:45:00+00:00,2530.67,2531.15,2529.11,2529.36,10.50557675
2026-01-01 08:00:00+00:00,2528.89,2532.62,2528.89,2532.05,16.64861757
2026-01-01 08:15:00+00:00,2532.29,2533.55,2531.65,2532.9,6.34329898
2026-01-01 08:30:00+00:00,2533.22,2534.46,2531.85,2532.0,21.71791985
2026-01-01 08:45:00+00:00,2532.0,2534.08,2532.0,2534.08,8.43773912
2026-01-01 09:00:00+00:00,2533.81,2536.63,2533.35,2536.0,40.24020991
2026-01-01 09:15:00+00:00,2536.16,2538.5,2535.79,2535.89,22.33007443
2026-01-01 09:30:00+00:00,2535.89,2537.2,2534.48,2536.94,13.89265225
2026-01-01 09:45:00+00:00,2537.0,2537.37,2535.68,2535.9,16.39902463
2026-01-01 10:00:00+00:00,2535.9,2537.39,2535.88,2537.39,11.75230596
2026-01-01 10:15:00+00:00,2537.2,2537.2,2533.96,2535.1,7.75310286
2026-01-01 10:30:00+00:00,2534.93,2535.01,2534.61,2534.62,1.95601041
2026-01-01 10:45:00+00:00,2534.54,2536.61,2534.25,2536.61,2.60055139
2026-01-01 11:00:00+00:00,2536.86,2537.91,2536.35,2537.28,25.44444367
2026-01-01 11:15:00+00:00,2538.02,2543.0,2537.91,2537.91,43.2535439
2026-01-01 11:30:00+00:00,2538.4,2539.41,2536.61,2536.9,17.72722148
2026-01-01 11:45:00+00:00,2537.0,2540.89,2536.88,2540.59,25.78366878
2026-01-01 12:00:00+00:00,2539.98,2540.87,2538.89,2539.77,13.88522853
2026-01-01 12:15:00+00:00,2539.56,2539.66,2536.3,2537.72,22.13693717
2026-01-01 12:30:00+00:00,2537.7,2537.79,2535.19,2536.87,7.55095159
2026-01-01 12:45:00+00:00,2536.99,2539.59,2536.97,2539.38,10.02888071
2026-01-01 13:00:00+00:00,2538.95,2541.62,2538.31,2540.71,8.06300775
2026-01-01 13:15:00+00:00,2540.92,2540.98,2536.69,2537.03,35.41644369
2026-01-01 13:30:00+00:00,2537.0,2538.6,2536.0,2537.85,6.34326145
2026-01-01 13:45:00+00:00,2537.6,2537.6,2536.04,2536.35,15.94754602
2026-01-01 14:00:00+00:00,2535.8,2537.81,2532.5,2536.03,21.82459429
2026-01-01 14:15:00+00:00,2535.68,2537.03,2533.39,2534.22,28.00098012
2026-01-01 14:30:00+00:00,2533.46,2535.92,2532.41,2534.5,16.25549126
2026-01-01 14:45:00+00:00,2535.02,2539.57,2534.98,2538.08,5.23371342
2026-01-01 15:00:00+00:00,2538.78,2538.92,2534.38,2536.7,21.96605129
2026-01-01 15:15:00+00:00,2537.1,2539.92,2536.25,2539.09,9.94197631
2026-01-01 15:30:00+00:00,2538.79,2546.4,2538.25,2542.0,43.43689095
2026-01-01 15:45:00+00:00,2543.16,2546.6,2541.2,2542.67,21.31073733
2026-01-01 16:00:00+00:00,2543.1,2543.1,2538.08,2538.08,49.60621675
2026-01-01 16:15:00+00:00,2537.8,2539.09,2534.49,2538.89,52.26075589
2026-01-01 16:30:00+00:00,2538.7,2539.53,2535.24,2535.24,46.95113819
2026-01-01 16:45:00+00:00,2535.13,2537.88,2534.47,2535.74,12.46756554
2026-01-01 17:00:00+00:00,2535.49,2538.91,2535.49,2538.74,18.58253183
2026-01-01 17:15:00+00:00,2538.81,2543.6,2538.16,2543.6,56.11123263
2026-01-01 17:30:00+00:00,2544.86,2556.78,2542.88,2543.53,162.66121335
2026-01-01 17:45:00+00:00,2543.69,2546.42,2539.57,2542.02,34.48359398
2026-01-01 18:00:00+00:00,2543.36,2544.33,2538.43,2539.75,33.3274066
2026-01-01 18:15:00+00:00,2539.55,2543.28,2538.9,2539.36,25.48866009
2026-01-01 18:30:00+00:00,2539.62,2542.17,2539.25,2542.17,26.1455703
2026-01-01 18:45:00+00:00,2542.5,2544.18,2540.0,2542.47,44.46083227
2026-01-01 19:00:00+00:00,2542.82,2543.1,2540.49,2540.5,12.04854118
2026-01-01 19:15:00+00:00,2540.7,2541.67,2540.35,2541.3,14.34897093
2026-01-01 19:30:00+00:00,2541.41,2546.2,2540.51,2545.93,6.3338085
2026-01-01 19:45:00+00:00,2545.13,2548.48,2544.65,2546.67,17.1590641
2026-01-01 20:00:00+00:00,2548.0,2548.54,2545.53,2545.73,66.97307523
2026-01-01 20:15:00+00:00,2545.57,2546.53,2544.49,2546.29,33.9978141
2026-01-01 20:30:00+00:00,2546.28,2546.28,2543.2,2543.52,54.00235009
2026-01-01 20:45:00+00:00,2543.89,2543.91,2542.03,2542.88,19.87394932
2026-01-01 21:00:00+00:00,2543.7,2545.12,2541.62,2544.54,16.67797585
2026-01-01 21:15:00+00:00,2543.92,2545.08,2543.45,2544.99,4.63337774
2026-01-01 21:30:00+00:00,2545.02,2545.02,2541.31,2541.32,7.90935975
2026-01-01 21:45:00+00:00,2541.33,2542.82,2540.53,2542.72,51.79709363
2026-01-01 22:00:00+00:00,2543.05,2545.33,2542.37,2542.6,103.77238162
2026-01-01 22:15:00+00:00,2543.59,2544.45,2541.61,2544.05,8.57188841
2026-01-01 22:30:00+00:00,2544.01,2545.42,2539.31,2542.69,12.40387985
2026-01-01 22:45:00+00:00,2543.29,2550.0,2543.29,2548.42,32.50133218
2026-01-01 23:00:00+00:00,2550.9,2552.86,2543.5,2548.15,70.90529066
2026-01-01 23:15:00+00:00,2548.8,2556.12,2548.8,2554.69,55.87082115
2026-01-01 23:30:00+00:00,2554.9,2558.3,2554.66,2556.71,43.03188944
2026-01-01 23:45:00+00:00,2557.81,2558.19,2552.06,2553.77,43.24395482
2026-01-02 00:00:00+00:00,2554.12,2554.69,2546.87,2549.41,37.86889593
2026-01-02 00:15:00+00:00,2549.88,2551.72,2548.52,2551.0,2.46938006
2026-01-02 00:30:00+00:00,2552.75,2555.59,2547.38,2547.38,26.05650874
2026-01-02 00:45:00+00:00,2549.7,2553.6,2549.7,2553.6,66.65200183
2026-01-02 01:00:00+00:00,2554.52,2555.73,2551.78,2552.96,75.00182176
2026-01-02 01:15:00+00:00,2550.42,2552.88,2549.98,2550.93,7.888724
2026-01-02 01:30:00+00:00,2550.33,2550.61,2547.66,2548.46,11.13848137
2026-01-02 01:45:00+00:00,2548.15,2551.07,2548.15,2550.48,4.99702152
2026-01-02 02:00:00+00:00,2550.14,2550.25,2544.91,2546.04,78.52818026
2026-01-02 02:15:00+00:00,2545.27,2546.0,2541.3,2544.08,27.39772695
2026-01-02 02:30:00+00:00,2543.67,2545.93,2543.67,2545.93,24.92039771
2026-01-02 02:45:00+00:00,2545.81,2550.79,2545.81,2550.01,43.06613645
2026-01-02 03:00:00+00:00,2549.05,2562.33,2547.71,2562.33,49.53936934
2026-01-02 03:15:00+00:00,2562.58,2562.58,2556.41,2559.11,41.21531404
2026-01-02 03:30:00+00:00,2560.2,2577.1,2558.17,2567.39,103.96387958
2026-01-02 03:45:00+00:00,2569.54,2573.18,2563.32,2566.36,155.46669332
2026-01-02 04:00:00+00:00,2566.36,2567.91,2564.0,2565.02,20.70877743
2026-01-02 04:15:00+00:00,2565.8,2565.8,2559.28,2560.64,38.42138334
2026-01-02 04:30:00+00:00,2561.44,2564.4,2561.44,2562.68,17.79150944
2026-01-02 04:45:00+00:00,2561.7,2562.99,2557.71,2557.89,11.59900248
2026-01-02 05:00:00+00:00,2559.72,2562.49,2558.8,2560.99,17.48179481
2026-01-02 05:15:00+00:00,2560.71,2564.36,2556.15,2557.21,31.07969162
2026-01-02 05:30:00+00:00,2556.85,2560.14,2556.85,2560.14,7.31847343
2026-01-02 05:45:00+00:00,2560.4,2564.88,2560.4,2563.26,5.39639476
2026-01-02 06:00:00+00:00,2563.87,2566.59,2562.58,2565.59,12.94856241
2026-01-02 06:15:00+00:00,2567.02,2571.34,2566.67,2571.34,7.19448165
2026-01-02 06:30:00+00:00,2571.6,2584.6,2570.65,2579.79,130.88195284
2026-01-02 06:45:00+00:00,2581.68,2582.03,2574.0,2574.0,53.51866006
2026-01-02 07:00:00+00:00,2574.0,2578.3,2574.0,2577.12,37.44158991
2026-01-02 07:15:00+00:00,2576.59,2576.59,2570.35,2572.0,30.86314044
2026-01-02 07:30:00+00:00,2572.49,2573.43,2568.65,2568.91,39.24012924
2026-01-02 07:45:00+00:00,2568.8,2569.95,2567.6,2568.55,59.95677621
2026-01-02 08:00:00+00:00,2569.78,2576.75,2566.74,2576.48,59.79497172
2026-01-02 08:15:00+00:00,2576.58,2579.09,2574.94,2577.21,157.83630749
2026-01-02 08:30:00+00:00,2577.22,2579.85,2574.24,2577.92,51.57059344
2026-01-02 08:45:00+00:00,2577.84,2583.65,2577.79,2582.42,48.74621204
2026-01-02 09:00:00+00:00,2582.0,2595.62,2581.22,2590.52,162.83063721
2026-01-02 09:15:00+00:00,2591.0,2591.9,2584.18,2589.1,157.2444116
2026-01-02 09:30:00+00:00,2589.01,2590.86,2585.8,2590.84,72.36785935
2026-01-02 09:45:00+00:00,2592.01,2601.09,2589.74,2597.03,180.7252006
2026-01-02 10:00:00+00:00,2597.68,2613.24,2595.5,2609.89,176.35300962
2026-01-02 10:15:00+00:00,2611.0,2615.54,2604.39,2604.84,259.64488577
2026-01-02 10:30:00+00:00,2604.47,2611.62,2604.13,2607.96,105.0889791
2026-01-02 10:45:00+00:00,2608.66,2610.4,2603.65,2604.92,145.0028862
2026-01-02 11:00:00+00:00,2605.94,2605.94,2596.35,2598.21,61.98018904
2026-01-02 11:15:00+00:00,2598.02,2604.21,2591.75,2596.98,106.65646756
2026-01-02 11:30:00+00:00,2597.9,2601.13,2595.7,2599.23,57.34501425
2026-01-02 11:45:00+00:00,2597.34,2598.61,2595.0,2597.75,42.54565498
2026-01-02 12:00:00+00:00,2597.96,2599.45,2593.9,2597.14,57.18571259
2026-01-02 12:15:00+00:00,2597.03,2601.37,2596.49,2599.16,27.97364718
2026-01-02 12:30:00+00:00,2599.27,2605.41,2598.61,2602.58,43.81577444
2026-01-02 12:45:00+00:00,2602.7,2603.36,2598.46,2598.46,25.36859331
2026-01-02 13:00:00+00:00,2598.39,2602.79,2596.58,2600.04,81.6451756
2026-01-02 13:15:00+00:00,2600.75,2606.22,2600.16,2603.07,67.44018081
2026-01-02 13:30:00+00:00,2602.88,2603.7,2598.88,2601.57,42.84134003
2026-01-02 13:45:00+00:00,2601.51,2605.91,2598.11,2600.37,39.64090094
2026-01-02 14:00:00+00:00,2600.21,2604.53,2592.27,2593.2,60.29535624
2026-01-02 14:15:00+00:00,2594.6,2595.8,2577.79,2587.26,132.72182249
2026-01-02 14:30:00+00:00,2586.4,2612.87,2573.76,2607.1,200.00695751
2026-01-02 14:45:00+00:00,2607.45,2650.1,2600.8,2627.63,624.27696089
2026-01-02 15:00:00+00:00,2629.6,2637.7,2613.64,2619.7,231.71939114
2026-01-02 15:15:00+00:00,2617.37,2625.98,2604.6,2615.93,140.77441323
2026-01-02 15:30:00+00:00,2615.29,2637.5,2614.01,2636.59,134.56121459
2026-01-02 15:45:00+00:00,2635.58,2637.3,2621.2,2625.25,98.44576556
2026-01-02 16:00:00+00:00,2626.3,2638.94,2620.45,2638.94,230.40412935
2026-01-02 16:15:00+00:00,2636.51,2656.27,2636.51,2644.07,357.93114373
2026-01-02 16:30:00+00:00,2645.67,2681.52,2644.1,2661.78,290.79435236
2026-01-02 16:45:00+00:00,2662.83,2670.0,2652.49,2668.75,85.46412986
2026-01-02 17:00:00+00:00,2670.32,2679.51,2667.45,2674.12,231.78286947
2026-01-02 17:15:00+00:00,2673.9,2683.57,2667.14,2668.34,125.33217201
2026-01-02 17:30:00+00:00,2669.52,2670.13,2660.38,2664.13,105.43124674
2026-01-02 17:45:00+00:00,2666.18,2666.18,2651.42,2661.2,262.32133685
2026-01-02 18:00:00+00:00,2661.13,2665.59,2657.99,2662.94,89.12530606
2026-01-02 18:15:00+00:00,2664.1,2670.0,2661.79,2664.66,155.49206741
2026-01-02 18:30:00+00:00,2662.73,2663.08,2653.05,2655.29,159.41552549
2026-01-02 18:45:00+00:00,2654.58,2659.62,2641.62,2652.73,116.93417915
2026-01-02 19:00:00+00:00,2652.88,2661.11,2651.0,2660.52,74.81498865
2026-01-02 19:15:00+00:00,2660.58,2665.3,2658.78,2663.0,61.23706695
2026-01-02 19:30:00+00:00,2663.04,2668.88,2662.03,2667.56,110.34655408
2026-01-02 19:45:00+00:00,2666.64,2667.81,2662.9,2664.21,39.17579076
2026-01-02 20:00:00+00:00,2665.1,2668.87,2660.96,2668.87,57.67605162
2026-01-02 20:15:00+00:00,2668.2,2668.56,2661.54,2663.63,50.74568435
2026-01-02 20:30:00+00:00,2662.86,2666.9,2658.24,2665.67,50.98629335
2026-01-02 20:45:00+00:00,2665.08,2665.47,2654.79,2661.28,110.61404117
2026-01-02 21:00:00+00:00,2662.7,2664.1,2660.89,2661.92,35.36885093
2026-01-02 21:15:00+00:00,2660.99,2666.51,2658.49,2665.8,38.06968725
2026-01-02 21:30:00+00:00,2666.39,2667.86,2663.6,2666.42,49.98917094
2026-01-02 21:45:00+00:00,2666.16,2673.6,2663.95,2670.86,78.71424556
2026-01-02 22:00:00+00:00,2671.33,2684.04,2668.88,2673.8,139.10662924
2026-01-02 22:15:00+00:00,2673.85,2679.0,2672.64,2673.01,65.60039815
2026-01-02 22:30:00+00:00,2673.0,2680.7,2670.96,2678.15,46.97288092
2026-01-02 22:45:00+00:00,2677.1,2681.3,2672.91,2673.75,66.37524515
2026-01-02 23:00:00+00:00,2672.13,2675.8,2671.05,2671.2,51.70825375
2026-01-02 23:15:00+00:00,2671.58,2673.62,2665.6,2666.38,51.13262407
2026-01-02 23:30:00+00:00,2666.6,2669.2,2664.27,2667.59,41.52451459
2026-01-02 23:45:00+00:00,2667.65,2667.93,2662.94,2666.88,58.28611212
2026-01-03 00:00:00+00:00,2666.74,2672.0,2665.9,2670.64,14.25526745
2026-01-03 00:15:00+00:00,2669.01,2672.52,2665.34,2672.52,45.63045007
2026-01-03 00:30:00+00:00,2671.65,2672.09,2669.37,2670.82,27.87421241
2026-01-03 00:45:00+00:00,2672.42,2676.69,2671.8,2671.92,28.58187335
2026-01-03 01:00:00+00:00,2671.36,2672.84,2668.51,2672.21,28.36813034
2026-01-03 01:15:00+00:00,2672.23,2672.5,2665.37,2666.48,19.35333859
2026-01-03 01:30:00+00:00,2667.28,2671.37,2667.28,2670.76,16.54613522
2026-01-03 01:45:00+00:00,2671.5,2672.49,2669.09,2672.25,17.77000142
2026-01-03 02:00:00+00:00,2671.22,2671.22,2662.62,2663.86,42.35615598
2026-01-03 02:15:00+00:00,2664.26,2668.3,2662.77,2667.27,11.86139134
2026-01-03 02:30:00+00:00,2667.29,2669.36,2666.17,2666.38,7.95355513
2026-01-03 02:45:00+00:00,2667.6,2670.0,2667.19,2667.85,9.77367658
2026-01-03 03:00:00+00:00,2667.31,2667.33,2663.88,2664.63,35.93941143
2026-01-03 03:15:00+00:00,2665.5,2667.1,2662.8,2663.13,16.19795588
2026-01-03 03:30:00+00:00,2664.1,2667.11,2663.57,2667.11,2.28107818
2026-01-03 03:45:00+00:00,2666.57,2668.9,2666.57,2667.29,10.57241813
2026-01-03 04:00:00+00:00,2667.46,2668.69,2662.67,2664.7,39.12990329
2026-01-03 04:15:00+00:00,2663.05,2665.59,2663.04,2664.35,16.55720996
2026-01-03 04:30:00+00:00,2664.09,2664.17,2658.67,2658.91,43.56772336
2026-01-03 04:45:00+00:00,2660.4,2660.41,2658.73,2659.87,22.86014797
2026-01-03 05:00:00+00:00,2660.55,2661.76,2659.8,2660.22,19.38590865
2026-01-03 05:15:00+00:00,2658.56,2659.57,2655.9,2655.99,73.03287974
2026-01-03 05:30:00+00:00,2655.88,2655.88,2650.0,2651.9,21.83067584
2026-01-03 05:45:00+00:00,2651.97,2656.38,2651.39,2656.29,33.72287514
2026-01-03 06:00:00+00:00,2655.76,2661.48,2655.0,2660.3,33.70687662
2026-01-03 06:15:00+00:00,2659.92,2660.01,2653.66,2653.66,40.9326725
2026-01-03 06:30:00+00:00,2653.23,2656.13,2648.67,2648.67,9.40081114
2026-01-03 06:45:00+00:00,2650.36,2650.36,2645.0,2645.0,25.21866065
2026-01-03 07:00:00+00:00,2643.81,2650.09,2640.24,2641.53,44.34636012
2026-01-03 07:15:00+00:00,2641.66,2642.6,2625.0,2629.89,146.36047675
2026-01-03 07:30:00+00:00,2629.7,2641.44,2627.29,2637.71,51.13607953
2026-01-03 07:45:00+00:00,2639.16,2639.16,2635.07,2637.05,33.37544273
2026-01-03 08:00:00+00:00,2635.52,2643.76,2632.45,2637.09,122.98948424
2026-01-03 08:15:00+00:00,2638.35,2650.36,2637.96,2644.27,92.58021062
2026-01-03 08:30:00+00:00,2644.33,2647.93,2642.91,2647.52,38.02047125
2026-01-03 08:45:00+00:00,2645.56,2647.1,2641.23,2642.42,80.22181551
2026-01-03 09:00:00+00:00,2642.6,2644.51,2641.69,2642.52,42.47293277
2026-01-03 09:15:00+00:00,2643.32,2646.82,2639.33,2646.28,22.2864575
2026-01-03 09:30:00+00:00,2645.18,2655.5,2645.1,2652.72,95.83931113
2026-01-03 09:45:00+00:00,2652.81,2653.88,2646.99,2647.25,42.67708303
2026-01-03 10:00:00+00:00,2647.02,2647.43,2644.0,2644.64,60.01889827
2026-01-03 10:15:00+00:00,2645.07,2647.35,2644.37,2647.1,51.58954902
2026-01-03 10:30:00+00:00,2646.9,2650.76,2645.0,2648.71,57.30455449
2026-01-03 10:45:00+00:00,2648.44,2648.6,2643.02,2643.48,40.47158471
2026-01-03 11:00:00+00:00,2643.51,2643.79,2639.51,2640.44,21.33381271
2026-01-03 11:15:00+00:00,2640.49,2642.64,2639.23,2641.28,67.0541788
2026-01-03 11:30:00+00:00,2640.8,2644.48,2639.16,2644.48,30.01188886
2026-01-03 11:45:00+00:00,2644.86,2645.52,2641.82,2645.12,62.6406928
2026-01-03 12:00:00+00:00,2642.49,2642.49,2639.93,2640.82,2.8758496
2026-01-03 12:15:00+00:00,2640.85,2645.98,2640.82,2645.98,48.52226288
2026-01-03 12:30:00+00:00,2645.49,2646.4,2642.07,2645.11,26.43026941
2026-01-03 12:45:00+00:00,2645.2,2649.07,2644.49,2647.32,171.9763371
2026-01-03 13:00:00+00:00,2648.44,2650.8,2646.22,2646.39,50.66069955
2026-01-03 13:15:00+00:00,2648.28,2651.28,2648.28,2649.23,12.99329504
2026-01-03 13:30:00+00:00,2648.76,2652.0,2648.4,2648.4,13.37003553
2026-01-03 13:45:00+00:00,2647.94,2649.82,2647.38,2648.44,19.18841123
2026-01-03 14:00:00+00:00,2649.08,2651.42,2647.15,2651.1,17.33014511
2026-01-03 14:15:00+00:00,2650.14,2657.2,2649.31,2655.14,64.97928984
2026-01-03 14:30:00+00:00,2653.51,2656.61,2651.5,2651.5,40.85369485
2026-01-03 14:45:00+00:00,2653.23,2653.23,2648.95,2651.51,13.69703218
2026-01-03 15:00:00+00:00,2651.6,2651.6,2646.24,2647.92,25.56650385
2026-01-03 15:15:00+00:00,2647.34,2651.82,2646.61,2650.41,11.16823447
2026-01-03 15:30:00+00:00,2650.98,2652.34,2649.15,2650.15,39.59452176
2026-01-03 15:45:00+00:00,2649.8,2651.21,2646.34,2646.42,41.42443587
2026-01-03 16:00:00+00:00,2646.33,2649.6,2645.63,2647.91,14.84790961
2026-01-03 16:15:00+00:00,2648.12,2649.68,2643.85,2648.64,30.24486115
2026-01-03 16:30:00+00:00,2649.34,2655.63,2648.54,2653.95,23.70015078
2026-01-03 16:45:00+00:00,2654.14,2656.11,2651.84,2651.84,20.82076845
2026-01-03 17:00:00+00:00,2652.06,2653.28,2650.62,2650.7,18.99554248
2026-01-03 17:15:00+00:00,2651.02,2653.6,2650.89,2652.0,10.71641236
2026-01-03 17:30:00+00:00,2653.25,2654.66,2652.61,2654.22,11.26602152
2026-01-03 17:45:00+00:00,2653.46,2653.46,2652.13,2653.32,14.86362994
2026-01-03 18:00:00+00:00,2653.92,2653.92,2650.35,2652.26,10.77549424
2026-01-03 18:15:00+00:00,2651.47,2662.2,2651.11,2659.8,39.5073047
2026-01-03 18:30:00+00:00,2659.9,2659.9,2656.61,2658.73,7.35105258
2026-01-03 18:45:00+00:00,2659.18,2660.0,2657.04,2660.0,10.17474072
2026-01-03 19:00:00+00:00,2659.01,2659.2,2655.0,2655.95,11.12787911
2026-01-03 19:15:00+00:00,2655.8,2656.83,2654.71,2656.83,14.26596521
2026-01-03 19:30:00+00:00,2656.47,2658.49,2656.02,2658.1,19.45661861
2026-01-03 19:45:00+00:00,2657.82,2658.77,2656.57,2657.65,18.6785813
2026-01-03 20:00:00+00:00,2658.48,2658.48,2652.26,2653.43,39.91389432
2026-01-03 20:15:00+00:00,2653.45,2655.49,2653.19,2655.19,11.90746585
2026-01-03 20:30:00+00:00,2655.24,2660.14,2654.97,2659.38,19.96159043
2026-01-03 20:45:00+00:00,2659.38,2660.77,2658.47,2659.57,3.10077397
2026-01-03 21:00:00+00:00,2659.49,2660.12,2658.02,2659.35,5.76968431
2026-01-03 21:15:00+00:00,2659.11,2665.9,2659.11,2664.01,36.14378303
2026-01-03 21:30:00+00:00,2664.12,2671.12,2664.12,2665.05,44.79821494
2026-01-03 21:45:00+00:00,2664.48,2664.92,2662.59,2663.88,10.21494358
2026-01-03 22:00:00+00:00,2663.99,2664.13,2658.34,2658.34,18.47380044
2026-01-03 22:15:00+00:00,2660.49,2666.72,2660.49,2663.67,28.55726965
2026-01-03 22:30:00+00:00,2663.6,2668.07,2663.45,2665.3,13.48541992
2026-01-03 22:45:00+00:00,2665.95,2666.68,2662.95,2666.12,5.92208776
2026-01-03 23:00:00+00:00,2666.6,2668.94,2664.66,2666.51,12.18991098
2026-01-03 23:15:00+00:00,2666.85,2673.0,2666.3,2673.0,61.36093411
2026-01-03 23:30:00+00:00,2672.7,2672.7,2668.66,2669.37,37.24904144
2026-01-04 00:00:00+00:00,2670.33,2697.29,2669.62,2687.02,268.79583625
2026-01-04 00:15:00+00:00,2687.6,2687.99,2680.13,2680.32,57.13998435
2026-01-04 00:30:00+00:00,2680.76,2690.44,2680.76,2685.74,83.8063555
2026-01-04 00:45:00+00:00,2686.04,2703.43,2685.68,2695.61,92.15469859
2026-01-04 01:00:00+00:00,2694.72,2698.96,2691.7,2694.92,69.43777124
2026-01-04 01:15:00+00:00,2696.45,2696.45,2686.14,2687.15,51.10080863
2026-01-04 01:30:00+00:00,2687.17,2689.6,2683.91,2685.91,14.96830956
2026-01-04 01:45:00+00:00,2685.91,2689.46,2681.3,2688.84,38.22155621
2026-01-04 02:00:00+00:00,2687.78,2689.93,2680.73,2681.1,32.97410215
2026-01-04 02:15:00+00:00,2683.02,2685.83,2683.02,2685.83,9.49250341
2026-01-04 02:30:00+00:00,2684.94,2688.2,2682.57,2682.59,22.16204813
2026-01-04 02:45:00+00:00,2682.82,2683.0,2678.8,2680.3,20.24320325
2026-01-04 03:00:00+00:00,2682.04,2688.31,2680.4,2688.31,58.29635113
2026-01-04 03:15:00+00:00,2687.21,2688.5,2682.42,2682.42,30.04500239
2026-01-04 03:30:00+00:00,2682.6,2687.04,2681.99,2687.04,21.94360018
2026-01-04 03:45:00+00:00,2687.31,2688.97,2686.76,2686.76,46.0772057
2026-01-04 04:00:00+00:00,2685.81,2688.45,2684.05,2686.58,21.18362563
2026-01-04 04:15:00+00:00,2686.23,2692.88,2686.23,2688.84,24.29326268
2026-01-04 04:30:00+00:00,2689.66,2693.3,2689.66,2691.5,9.67136858
2026-01-04 04:45:00+00:00,2691.06,2691.06,2686.89,2688.29,13.60549
2026-01-04 05:00:00+00:00,2687.35,2688.19,2684.28,2687.01,35.14792209
2026-01-04 05:15:00+00:00,2686.69,2689.65,2686.14,2689.33,33.30104287
2026-01-04 05:30:00+00:00,2690.25,2690.87,2685.71,2685.71,23.20937707
2026-01-04 05:45:00+00:00,2686.44,2689.6,2686.44,2689.6,2.09752585
2026-01-04 06:00:00+00:00,2690.14,2696.76,2689.81,2693.4,41.18105769
2026-01-04 06:15:00+00:00,2692.41,2700.6,2689.18,2689.72,88.46747567
2026-01-04 06:30:00+00:00,2688.96,2691.0,2682.0,2682.64,26.03995809
2026-01-04 06:45:00+00:00,2683.56,2685.9,2680.65,2680.65,20.5621894
2026-01-04 07:00:00+00:00,2681.04,2685.36,2681.04,2685.21,22.54470169
2026-01-04 07:15:00+00:00,2684.53,2684.53,2676.74,2680.55,103.62939397
2026-01-04 07:30:00+00:00,2682.35,2684.67,2678.56,2684.67,37.35006347
2026-01-04 07:45:00+00:00,2683.07,2684.3,2681.87,2682.3,22.64801918
2026-01-04 08:00:00+00:00,2682.4,2683.3,2669.04,2676.21,146.28951266
2026-01-04 08:15:00+00:00,2675.68,2678.94,2672.9,2675.33,54.08577385
2026-01-04 08:30:00+00:00,2675.86,2680.21,2675.86,2680.21,38.88122257
2026-01-04 08:45:00+00:00,2680.43,2681.35,2678.68,2680.38,40.34266467
2026-01-04 09:00:00+00:00,2679.65,2681.48,2677.3,2678.75,30.98150317
2026-01-04 09:15:00+00:00,2679.29,2687.91,2676.8,2678.75,138.06265316
2026-01-04 09:30:00+00:00,2679.13,2685.25,2679.13,2684.68,44.72307439
2026-01-04 09:45:00+00:00,2683.64,2686.26,2682.65,2685.1,31.43165311
2026-01-04 10:00:00+00:00,2685.26,2689.4,2684.84,2687.24,38.83177727
2026-01-04 10:15:00+00:00,2687.33,2688.26,2685.04,2685.58,86.02152813
2026-01-04 10:30:00+00:00,2685.41,2688.2,2684.73,2688.2,47.3069822
2026-01-04 10:45:00+00:00,2687.69,2689.1,2687.23,2687.86,12.63679934
2026-01-04 11:00:00+00:00,2687.63,2687.79,2683.79,2683.8,43.54187633
2026-01-04 11:15:00+00:00,2683.0,2685.59,2682.47,2683.33,19.71539385
2026-01-04 11:30:00+00:00,2683.19,2684.51,2679.34,2681.88,60.15905552
2026-01-04 11:45:00+00:00,2681.01,2682.75,2678.44,2682.67,20.30404301
2026-01-04 12:00:00+00:00,2682.01,2683.85,2678.41,2681.11,44.8008002
2026-01-04 12:15:00+00:00,2680.96,2686.5,2679.0,2686.31,84.97317315
2026-01-04 12:30:00+00:00,2685.57,2688.58,2679.01,2679.01,28.15345011
2026-01-04 12:45:00+00:00,2676.98,2679.98,2676.98,2679.37,57.67487515
2026-01-04 13:00:00+00:00,2678.52,2681.44,2677.0,2680.11,105.95723157
2026-01-04 13:15:00+00:00,2679.8,2680.36,2674.33,2679.87,23.17984562
2026-01-04 13:30:00+00:00,2680.18,2682.09,2677.52,2679.13,14.66139564
2026-01-04 13:45:00+00:00,2678.68,2682.09,2678.68,2681.73,16.65488062
2026-01-04 14:00:00+00:00,2681.73,2684.05,2678.93,2682.81,28.4353822
2026-01-04 14:15:00+00:00,2682.31,2682.31,2676.08,2678.34,34.01029279
2026-01-04 14:30:00+00:00,2678.13,2679.4,2674.62,2677.08,20.28404895
2026-01-04 14:45:00+00:00,2676.8,2679.65,2674.03,2678.4,32.34541482
2026-01-04 15:00:00+00:00,2678.46,2680.2,2677.5,2680.19,45.10852644
2026-01-04 15:15:00+00:00,2680.02,2680.02,2677.25,2677.97,32.32838271
2026-01-04 15:30:00+00:00,2678.11,2678.48,2671.47,2672.66,24.59394912
2026-01-04 15:45:00+00:00,2673.24,2676.95,2661.87,2676.95,99.77193461
2026-01-04 16:00:00+00:00,2676.2,2681.33,2674.58,2674.7,57.06608755
2026-01-04 16:15:00+00:00,2674.7,2677.19,2673.96,2674.99,16.55979779
2026-01-04 16:30:00+00:00,2675.23,2680.21,2674.37,2677.71,22.38885758
2026-01-04 16:45:00+00:00,2678.68,2680.83,2678.54,2680.51,10.34543875
2026-01-04 17:00:00+00:00,2680.51,2684.13,2679.89,2679.89,14.21172188
2026-01-04 17:15:00+00:00,2679.2,2681.73,2677.6,2678.45,9.1573903
2026-01-04 17:30:00+00:00,2678.65,2682.59,2678.65,2679.3,8.78973149
2026-01-04 17:45:00+00:00,2680.09,2682.0,2677.39,2678.53,14.63758668
2026-01-04 18:00:00+00:00,2678.47,2678.65,2673.9,2674.27,20.49562957
2026-01-04 18:15:00+00:00,2674.27,2674.9,2669.6,2672.1,24.36470009
2026-01-04 18:30:00+00:00,2672.1,2675.28,2665.83,2675.28,34.5534789
2026-01-04 18:45:00+00:00,2675.04,2676.41,2673.69,2676.08,38.38348258
2026-01-04 19:00:00+00:00,2676.07,2676.07,2663.0,2668.08,69.5823834
2026-01-04 19:15:00+00:00,2670.0,2674.42,2669.27,2671.97,49.29396793
2026-01-04 19:30:00+00:00,2672.61,2674.28,2670.0,2670.05,29.00776834
2026-01-04 19:45:00+00:00,2670.0,2675.65,2670.0,2673.6,44.61710712
2026-01-04 20:00:00+00:00,2673.91,2679.84,2672.65,2678.75,68.23598829
2026-01-04 20:15:00+00:00,2678.86,2680.72,2677.58,2680.4,12.65538074
2026-01-04 20:30:00+00:00,2680.05,2682.88,2678.21,2679.71,19.99563465
2026-01-04 20:45:00+00:00,2679.42,2682.63,2678.77,2681.5,25.72207842
2026-01-04 21:00:00+00:00,2681.5,2693.21,2679.79,2687.26,160.83772542
2026-01-04 21:15:00+00:00,2688.66,2688.66,2682.34,2682.55,80.13769245
2026-01-04 21:30:00+00:00,2681.6,2685.49,2677.89,2678.82,28.35956286
2026-01-04 21:45:00+00:00,2678.45,2684.43,2677.8,2684.43,20.89312328
2026-01-04 22:00:00+00:00,2683.63,2688.1,2676.8,2679.73,26.68917448
2026-01-04 22:15:00+00:00,2678.61,2681.73,2675.84,2680.08,19.40194579
2026-01-04 22:30:00+00:00,2679.9,2680.82,2676.81,2677.04,74.45768826
2026-01-04 22:45:00+00:00,2677.24,2681.55,2676.53,2680.31,61.18496653
2026-01-04 23:00:00+00:00,2684.57,2693.7,2680.0,2680.0,48.25638583
2026-01-04 23:15:00+00:00,2681.43,2688.58,2680.47,2684.18,12.84051025
2026-01-04 23:30:00+00:00,2684.72,2685.06,2680.85,2681.76,23.74430782
2026-01-04 23:45:00+00:00,2682.1,2687.83,2679.47,2686.82,13.53008932
2026-01-05 00:00:00+00:00,2687.42,2701.4,2685.76,2693.1,107.76457098
2026-01-05 00:15:00+00:00,2693.1,2697.37,2684.86,2691.52,39.73244613
2026-01-05 00:30:00+00:00,2691.43,2695.0,2685.49,2692.89,32.64495983
2026-01-05 00:45:00+00:00,2696.2,2711.85,2694.91,2705.11,193.46921619
2026-01-05 01:00:00+00:00,2706.0,2731.0,2702.66,2724.66,239.38210264
2026-01-05 01:15:00+00:00,2725.65,2726.19,2714.31,2720.88,55.22464736
2026-01-05 01:30:00+00:00,2722.2,2750.41,2716.45,2742.02,287.40911264
2026-01-05 01:45:00+00:00,2742.29,2744.3,2731.43,2731.73,104.33833328
2026-01-05 02:00:00+00:00,2733.7,2737.8,2722.71,2727.34,171.20310995
2026-01-05 02:15:00+00:00,2727.62,2731.83,2721.8,2723.11,64.24871577
2026-01-05 02:30:00+00:00,2723.96,2729.05,2722.91,2727.7,45.248695
2026-01-05 02:45:00+00:00,2728.42,2732.01,2728.04,2730.64,32.63212946
2026-01-05 03:00:00+00:00,2729.7,2733.94,2726.9,2726.9,54.7802931
2026-01-05 03:15:00+00:00,2727.63,2732.6,2725.0,2732.6,35.66626174
2026-01-05 03:30:00+00:00,2732.31,2735.71,2728.81,2728.81,25.27372254
2026-01-05 03:45:00+00:00,2728.48,2729.99,2726.91,2727.53,16.95016499
2026-01-05 04:00:00+00:00,2727.89,2729.45,2718.93,2718.93,43.69834297
2026-01-05 04:15:00+00:00,2717.01,2721.23,2707.98,2709.94,86.35429508
2026-01-05 04:30:00+00:00,2707.61,2712.05,2704.1,2707.57,35.80766865
2026-01-05 04:45:00+00:00,2709.37,2711.69,2707.0,2710.94,20.96230452
2026-01-05 05:00:00+00:00,2710.0,2712.62,2706.0,2706.81,38.1587173
2026-01-05 05:15:00+00:00,2707.32,2710.46,2707.0,2709.64,8.65714761
2026-01-05 05:30:00+00:00,2708.9,2709.12,2700.67,2700.96,72.89579343
2026-01-05 05:45:00+00:00,2701.3,2702.08,2693.3,2695.51,108.03658074
2026-01-05 06:00:00+00:00,2696.69,2702.01,2696.69,2699.38,27.08381344
2026-01-05 06:15:00+00:00,2698.12,2699.77,2690.0,2690.03,50.82139718
2026-01-05 06:30:00+00:00,2690.0,2699.19,2681.9,2699.19,152.16408653
2026-01-05 06:45:00+00:00,2699.26,2701.23,2696.22,2700.41,39.33166487
2026-01-05 07:00:00+00:00,2699.38,2704.67,2698.52,2704.66,21.00226023
2026-01-05 07:15:00+00:00,2704.85,2705.91,2698.97,2701.4,57.91570267
2026-01-05 07:30:00+00:00,2702.3,2703.82,2700.8,2702.89,25.90493223
2026-01-05 07:45:00+00:00,2704.22,2704.75,2701.45,2701.96,29.84588262
2026-01-05 08:00:00+00:00,2700.81,2706.3,2700.75,2706.3,88.63254723
2026-01-05 08:15:00+00:00,2706.83,2713.19,2705.62,2708.67,66.42462585
2026-01-05 08:30:00+00:00,2708.7,2710.12,2704.47,2705.67,43.14291671
2026-01-05 08:45:00+00:00,2705.64,2711.01,2705.51,2708.11,28.65460366
2026-01-05 09:00:00+00:00,2707.73,2708.55,2701.0,2701.0,65.24395345
2026-01-05 09:15:00+00:00,2700.5,2708.1,2699.0,2708.1,58.65894734
2026-01-05 09:30:00+00:00,2707.66,2713.66,2705.28,2712.01,32.06770532
2026-01-05 09:45:00+00:00,2712.39,2719.32,2711.0,2711.79,81.65726319
2026-01-05 10:00:00+00:00,2712.72,2720.0,2711.2,2718.15,17.85750305
2026-01-05 10:15:00+00:00,2718.63,2720.02,2714.48,2717.94,45.44546058
2026-01-05 10:30:00+00:00,2717.45,2721.05,2706.87,2710.48,61.24873792
2026-01-05 10:45:00+00:00,2712.0,2719.31,2712.0,2715.2,85.63651601
2026-01-05 11:00:00+00:00,2714.28,2716.16,2711.93,2713.9,51.39790801
2026-01-05 11:15:00+00:00,2713.8,2725.0,2713.3,2717.2,84.22420485
2026-01-05 11:30:00+00:00,2717.2,2721.27,2716.6,2718.6,46.31045809
2026-01-05 11:45:00+00:00,2718.83,2725.0,2718.83,2722.54,64.51254383
2026-01-05 12:00:00+00:00,2722.8,2724.43,2719.5,2723.46,51.54800858
2026-01-05 12:15:00+00:00,2723.2,2725.41,2716.8,2717.89,24.4308289
2026-01-05 12:30:00+00:00,2716.75,2719.33,2712.13,2713.53,26.97026561
2026-01-05 12:45:00+00:00,2713.27,2717.04,2711.6,2716.09,43.91323039
2026-01-05 13:00:00+00:00,2716.71,2721.16,2714.27,2718.27,27.86567145
2026-01-05 13:15:00+00:00,2718.16,2718.16,2705.25,2708.53,132.77153365
2026-01-05 13:30:00+00:00,2708.15,2708.86,2696.3,2698.0,173.43677006
2026-01-05 13:45:00+00:00,2697.45,2704.04,2697.45,2703.12,112.19647348
2026-01-05 14:00:00+00:00,2702.4,2707.64,2698.16,2699.37,106.9371695
2026-01-05 14:15:00+00:00,2699.09,2702.8,2698.02,2702.4,66.03598683
2026-01-05 14:30:00+00:00,2701.84,2716.57,2686.27,2715.53,447.24973559
2026-01-05 14:45:00+00:00,2714.99,2720.3,2697.0,2710.48,183.45090498
2026-01-05 15:00:00+00:00,2712.0,2714.8,2698.32,2705.07,165.881931
2026-01-05 15:15:00+00:00,2706.8,2715.21,2700.74,2706.7,187.6010861
2026-01-05 15:30:00+00:00,2706.93,2741.0,2705.6,2729.81,248.4874073
2026-01-05 15:45:00+00:00,2734.19,2736.8,2725.23,2733.27,132.40047531
2026-01-05 16:00:00+00:00,2733.05,2737.1,2723.49,2726.56,176.03150337
2026-01-05 16:15:00+00:00,2726.0,2730.18,2711.71,2718.76,258.00196488
2026-01-05 16:30:00+00:00,2717.9,2722.77,2716.7,2716.7,67.53814116
2026-01-05 16:45:00+00:00,2716.6,2722.0,2713.93,2719.58,90.16276998
2026-01-05 17:00:00+00:00,2720.61,2723.18,2716.68,2719.91,50.82319903
2026-01-05 17:15:00+00:00,2719.58,2720.58,2696.4,2702.2,272.0759432
2026-01-05 17:30:00+00:00,2703.42,2723.62,2703.42,2721.53,105.763922
2026-01-05 17:45:00+00:00,2721.39,2758.19,2721.39,2743.0,421.74267036
2026-01-05 18:00:00+00:00,2743.95,2747.97,2732.97,2738.47,111.45623314
2026-01-05 18:15:00+00:00,2740.66,2741.21,2720.0,2732.31,183.36351418
2026-01-05 18:30:00+00:00,2731.09,2736.0,2724.9,2732.4,106.99546838
2026-01-05 18:45:00+00:00,2731.56,2755.42,2731.56,2754.23,260.50514913
2026-01-05 19:00:00+00:00,2754.49,2754.94,2743.99,2748.44,99.23882166
2026-01-05 19:15:00+00:00,2747.35,2753.65,2744.94,2751.38,55.43330672
2026-01-05 19:30:00+00:00,2750.4,2753.37,2744.18,2747.46,28.22198339
2026-01-05 19:45:00+00:00,2746.33,2750.09,2742.3,2749.67,15.31653937
2026-01-05 20:00:00+00:00,2749.32,2770.02,2747.18,2760.67,214.50603965
2026-01-05 20:15:00+00:00,2762.74,2786.07,2757.65,2783.4,158.11202654
2026-01-05 20:30:00+00:00,2781.19,2781.19,2763.19,2767.64,120.93828668
2026-01-05 20:45:00+00:00,2768.59,2770.78,2758.98,2766.61,37.58965458
2026-01-05 21:00:00+00:00,2766.12,2771.69,2760.35,2761.77,84.82571845
2026-01-05 21:15:00+00:00,2761.73,2768.72,2758.17,2758.17,136.86259063
2026-01-05 21:30:00+00:00,2758.0,2766.97,2757.56,2765.82,33.70538503
2026-01-05 21:45:00+00:00,2765.77,2768.95,2762.48,2763.4,18.29846437
2026-01-05 22:00:00+00:00,2763.16,2764.45,2760.3,2762.8,25.85167514
2026-01-05 22:15:00+00:00,2762.9,2770.81,2762.9,2767.29,84.18403539
2026-01-05 22:30:00+00:00,2766.83,2772.99,2765.23,2769.89,58.04969723
2026-01-05 22:45:00+00:00,2769.69,2770.02,2756.7,2764.78,58.1752762
2026-01-05 23:00:00+00:00,2764.1,2764.1,2758.75,2760.0,53.45332579
2026-01-05 23:15:00+00:00,2760.1,2763.86,2755.81,2758.25,39.46233533
2026-01-05 23:30:00+00:00,2759.54,2760.92,2752.96,2757.99,26.44721347
2026-01-05 23:45:00+00:00,2757.99,2759.91,2753.87,2753.87,9.6460561
2026-01-06 00:00:00+00:00,2755.02,2758.18,2746.64,2746.74,23.23190997
2026-01-06 00:15:00+00:00,2748.09,2750.7,2745.0,2750.0,54.98803857
2026-01-06 00:30:00+00:00,2749.44,2749.44,2735.93,2739.3,89.47864294
2026-01-06 00:45:00+00:00,2737.8,2747.0,2737.0,2746.01,27.33528826
2026-01-06 01:00:00+00:00,2746.03,2754.12,2746.0,2752.99,27.97802098
2026-01-06 01:15:00+00:00,2754.43,2772.2,2752.81,2771.2,45.48649391
2026-01-06 01:30:00+00:00,2767.08,2767.4,2754.76,2754.76,6.52950691
2026-01-06 01:45:00+00:00,2756.31,2756.6,2745.21,2746.61,12.59517894
2026-01-06 02:00:00+00:00,2746.7,2751.0,2742.76,2745.89,17.23428879
2026-01-06 02:15:00+00:00,2745.52,2750.2,2744.5,2748.43,13.04912793
2026-01-06 02:30:00+00:00,2748.12,2748.12,2738.46,2742.86,6.48990511
2026-01-06 02:45:00+00:00,2743.29,2744.33,2740.75,2743.79,24.90018323
2026-01-06 03:00:00+00:00,2740.85,2747.0,2740.0,2745.69,29.01146477
2026-01-06 03:15:00+00:00,2745.69,2748.49,2742.57,2748.49,25.77951271
2026-01-06 03:30:00+00:00,2748.81,2755.92,2748.81,2750.01,35.7608533
2026-01-06 03:45:00+00:00,2750.61,2752.4,2747.67,2749.0,24.3452088
2026-01-06 04:00:00+00:00,2750.4,2755.47,2749.93,2754.9,8.00231455
2026-01-06 04:15:00+00:00,2756.15,2756.24,2749.9,2751.19,6.77464773
2026-01-06 04:30:00+00:00,2750.8,2755.61,2750.17,2750.24,6.72735822
2026-01-06 04:45:00+00:00,2749.7,2750.51,2748.14,2748.14,4.25028707
2026-01-06 05:00:00+00:00,2747.7,2750.7,2747.7,2749.62,17.12003691
2026-01-06 05:15:00+00:00,2750.4,2752.72,2746.44,2748.51,27.04682479
2026-01-06 05:30:00+00:00,2749.1,2751.33,2742.1,2744.51,8.32993142
2026-01-06 05:45:00+00:00,2744.65,2747.56,2742.93,2744.89,40.84290079
2026-01-06 06:00:00+00:00,2744.26,2749.97,2744.26,2748.98,38.53176866
2026-01-06 06:15:00+00:00,2748.99,2749.1,2744.0,2748.58,18.78027382
2026-01-06 06:30:00+00:00,2749.0,2770.77,2749.0,2768.57,140.00476973
2026-01-06 06:45:00+00:00,2767.06,2772.76,2761.46,2761.46,202.61492888
2026-01-06 07:00:00+00:00,2763.63,2763.63,2755.2,2755.2,32.15931107
2026-01-06 07:15:00+00:00,2756.08,2757.06,2743.51,2745.43,23.66234838
2026-01-06 07:30:00+00:00,2745.15,2745.2,2736.82,2741.84,73.76632525
2026-01-06 07:45:00+00:00,2742.32,2746.34,2735.8,2744.85,29.87957857
2026-01-06 08:00:00+00:00,2744.69,2751.31,2744.59,2745.25,28.00020197
2026-01-06 08:15:00+00:00,2745.8,2746.92,2740.35,2744.4,25.44738921
2026-01-06 08:30:00+00:00,2744.48,2745.94,2741.88,2745.31,17.00215741
2026-01-06 08:45:00+00:00,2745.8,2746.57,2741.94,2745.22,22.60064249
2026-01-06 09:00:00+00:00,2744.97,2752.8,2743.51,2750.01,24.27749464
2026-01-06 09:15:00+00:00,2751.08,2756.23,2751.08,2752.55,39.48235472
2026-01-06 09:30:00+00:00,2754.74,2755.38,2747.87,2750.98,25.98664001
2026-01-06 09:45:00+00:00,2750.43,2754.8,2750.19,2752.19,23.25449178
2026-01-06 10:00:00+00:00,2752.07,2758.79,2750.62,2756.55,29.71548892
2026-01-06 10:15:00+00:00,2756.55,2759.37,2753.73,2757.29,17.74703424
2026-01-06 10:30:00+00:00,2756.44,2758.1,2755.26,2756.83,18.6137237
2026-01-06 10:45:00+00:00,2757.55,2759.98,2755.6,2757.78,18.77859365
2026-01-06 11:00:00+00:00,2757.76,2767.33,2755.88,2765.53,24.6594606
2026-01-06 11:15:00+00:00,2763.86,2770.0,2762.31,2769.47,41.2014354
2026-01-06 11:30:00+00:00,2768.81,2769.25,2765.6,2767.94,30.35361281
2026-01-06 11:45:00+00:00,2768.4,2770.5,2765.77,2766.69,33.42309215
2026-01-06 12:00:00+00:00,2766.6,2772.01,2764.43,2768.66,17.7062878
2026-01-06 12:15:00+00:00,2768.86,2770.14,2766.12,2770.0,35.14515076
2026-01-06 12:30:00+00:00,2770.02,2770.73,2765.8,2768.1,41.67955323
2026-01-06 12:45:00+00:00,2768.8,2770.86,2766.62,2767.52,131.66138464
2026-01-06 13:00:00+00:00,2766.88,2768.1,2759.16,2763.09,79.84517509
2026-01-06 13:15:00+00:00,2762.93,2765.12,2760.72,2763.43,29.79136163
2026-01-06 13:30:00+00:00,2763.18,2764.93,2760.08,2762.81,26.48507087
2026-01-06 13:45:00+00:00,2762.93,2766.64,2759.65,2764.67,33.53407054
2026-01-06 14:00:00+00:00,2765.63,2803.5,2765.0,2796.28,395.70645037
2026-01-06 14:15:00+00:00,2796.7,2826.41,2796.7,2824.7,537.66171631
2026-01-06 14:30:00+00:00,2823.46,2824.7,2807.53,2811.55,284.44368011
2026-01-06 14:45:00+00:00,2812.28,2812.36,2789.54,2800.03,337.74516422
2026-01-06 15:00:00+00:00,2799.83,2813.72,2795.3,2805.16,226.11044063
2026-01-06 15:15:00+00:00,2808.28,2824.6,2808.28,2821.37,84.41384262
2026-01-06 15:30:00+00:00,2821.33,2822.7,2791.75,2801.54,323.73841459
2026-01-06 15:45:00+00:00,2797.16,2800.58,2791.8,2798.57,180.16363422
2026-01-06 16:00:00+00:00,2798.62,2805.17,2791.6,2794.7,108.68412035
2026-01-06 16:15:00+00:00,2795.6,2797.72,2778.12,2778.88,134.10843504
2026-01-06 16:30:00+00:00,2779.07,2786.53,2766.67,2773.75,186.84959243
2026-01-06 16:45:00+00:00,2773.33,2781.87,2767.28,2781.36,211.30375282
2026-01-06 17:00:00+00:00,2780.0,2783.01,2774.7,2777.22,194.30125473
2026-01-06 17:15:00+00:00,2778.88,2780.95,2769.07,2777.55,66.25281386
2026-01-06 17:30:00+00:00,2778.19,2787.23,2767.8,2770.94,248.13561126
2026-01-06 17:45:00+00:00,2771.04,2771.04,2725.57,2730.42,765.14070456
2026-01-06 18:00:00+00:00,2729.58,2751.97,2718.9,2749.85,398.40560623
2026-01-06 18:15:00+00:00,2748.64,2757.14,2746.59,2753.6,158.29632738
2026-01-06 18:30:00+00:00,2753.6,2759.06,2750.0,2754.58,50.19699601
2026-01-06 18:45:00+00:00,2757.56,2764.82,2752.84,2752.96,84.32544733
2026-01-06 19:00:00+00:00,2753.4,2762.09,2750.0,2761.99,32.93535989
2026-01-06 19:15:00+00:00,2760.71,2763.06,2757.32,2758.51,51.29074983
2026-01-06 19:30:00+00:00,2759.31,2762.9,2756.06,2758.5,37.73036558
2026-01-06 19:45:00+00:00,2758.7,2760.64,2754.4,2756.95,34.86058457
2026-01-06 20:00:00+00:00,2757.78,2768.63,2757.42,2767.93,30.44503311
2026-01-06 20:15:00+00:00,2767.7,2774.11,2766.39,2771.29,71.70455123
2026-01-06 20:30:00+00:00,2771.3,2779.63,2771.01,2775.19,35.27098143
2026-01-06 20:45:00+00:00,2777.2,2777.96,2773.19,2774.42,37.3274499
2026-01-06 21:00:00+00:00,2774.12,2784.74,2770.2,2784.19,39.7047981
2026-01-06 21:15:00+00:00,2784.59,2812.93,2784.59,2808.43,218.71508573
2026-01-06 21:30:00+00:00,2808.43,2823.6,2808.43,2814.88,105.27344074
2026-01-06 21:45:00+00:00,2815.52,2816.86,2799.4,2802.29,64.32802885
2026-01-06 22:00:00+00:00,2802.1,2814.6,2801.54,2801.54,66.55204257
2026-01-06 22:15:00+00:00,2801.57,2805.68,2796.25,2798.78,69.80466544
2026-01-06 22:30:00+00:00,2800.39,2800.39,2793.4,2798.21,12.22888598
2026-01-06 22:45:00+00:00,2798.01,2805.53,2797.48,2803.99,19.8737523
2026-01-06 23:00:00+00:00,2804.79,2812.97,2802.83,2812.9,63.46060588
2026-01-06 23:15:00+00:00,2812.9,2815.65,2806.88,2812.39,11.70221113
2026-01-06 23:30:00+00:00,2812.11,2817.19,2812.11,2815.43,12.97266423
2026-01-06 23:45:00+00:00,2815.39,2823.85,2815.39,2820.12,82.511879
2026-01-07 00:00:00+00:00,2819.17,2820.22,2810.8,2812.0,26.72764049
2026-01-07 00:15:00+00:00,2812.75,2815.0,2806.37,2806.37,11.39005455
2026-01-07 00:30:00+00:00,2804.37,2806.0,2797.64,2800.0,12.76575569
2026-01-07 00:45:00+00:00,2800.52,2801.5,2783.99,2785.37,33.56777106
2026-01-07 01:00:00+00:00,2788.0,2796.8,2788.0,2795.49,27.50613379
2026-01-07 01:15:00+00:00,2790.0,2791.13,2776.8,2784.03,17.04892601
2026-01-07 01:30:00+00:00,2782.72,2782.72,2774.69,2774.69,17.25054068
2026-01-07 01:45:00+00:00,2775.3,2776.2,2768.79,2775.3,29.97461984
2026-01-07 02:00:00+00:00,2774.81,2779.8,2769.0,2779.41,53.88015506
2026-01-07 02:15:00+00:00,2778.3,2782.1,2774.31,2778.0,15.31766379
2026-01-07 02:30:00+00:00,2778.0,2789.69,2775.0,2789.14,12.20419228
2026-01-07 02:45:00+00:00,2789.7,2798.14,2789.33,2794.89,6.07301582
2026-01-07 03:00:00+00:00,2796.11,2799.29,2793.86,2796.94,2.73083852
2026-01-07 03:15:00+00:00,2796.83,2803.7,2796.83,2800.71,11.10950106
2026-01-07 03:30:00+00:00,2800.22,2800.22,2790.8,2791.85,21.8038763
2026-01-07 03:45:00+00:00,2790.42,2793.25,2789.92,2791.82,7.39109555
2026-01-07 04:00:00+00:00,2792.65,2794.23,2787.8,2790.07,25.5026132
2026-01-07 04:15:00+00:00,2788.07,2791.18,2786.64,2789.94,15.99949311
2026-01-07 04:30:00+00:00,2789.5,2789.5,2781.32,2787.8,12.08871759
2026-01-07 04:45:00+00:00,2788.11,2788.12,2783.76,2784.02,3.50898534
2026-01-07 05:00:00+00:00,2783.1,2784.12,2779.07,2783.06,6.78672122
2026-01-07 05:15:00+00:00,2783.7,2787.11,2780.5,2780.96,0.89056462
2026-01-07 05:30:00+00:00,2781.9,2789.04,2781.9,2784.76,18.19259531
2026-01-07 05:45:00+00:00,2782.5,2782.5,2775.75,2777.21,23.98130507
2026-01-07 06:00:00+00:00,2777.54,2780.58,2777.03,2780.12,13.75177625
2026-01-07 06:15:00+00:00,2780.47,2785.15,2780.0,2783.61,11.64722595
2026-01-07 06:30:00+00:00,2783.94,2786.1,2777.6,2777.6,12.87785897
2026-01-07 06:45:00+00:00,2778.64,2782.2,2777.13,2778.32,24.82964987
2026-01-07 07:00:00+00:00,2779.57,2785.32,2779.57,2784.88,6.55670007
2026-01-07 07:15:00+00:00,2785.38,2788.49,2785.18,2786.74,11.30339429
2026-01-07 07:30:00+00:00,2787.68,2791.69,2785.2,2785.75,25.1257861
2026-01-07 07:45:00+00:00,2785.0,2786.8,2783.63,2784.34,16.72064485
2026-01-07 08:00:00+00:00,2785.74,2792.49,2785.64,2789.22,11.62328063
2026-01-07 08:15:00+00:00,2789.0,2793.19,2784.72,2788.88,24.9593691
2026-01-07 08:30:00+00:00,2789.53,2790.56,2784.28,2785.66,48.94875775
2026-01-07 08:45:00+00:00,2785.38,2788.76,2783.75,2785.23,17.60564334
2026-01-07 09:00:00+00:00,2783.79,2784.3,2767.7,2768.39,116.15078203
2026-01-07 09:15:00+00:00,2767.7,2772.07,2756.59,2762.47,88.4682247
2026-01-07 09:30:00+00:00,2763.4,2763.4,2740.6,2747.0,132.17293197
2026-01-07 09:45:00+00:00,2746.0,2746.0,2737.56,2738.52,165.97058681
2026-01-07 10:00:00+00:00,2737.78,2746.63,2734.51,2745.74,122.53870607
2026-01-07 10:15:00+00:00,2745.83,2746.66,2743.35,2744.13,15.1994551
2026-01-07 10:30:00+00:00,2745.2,2755.07,2745.2,2748.15,72.96247911
2026-01-07 10:45:00+00:00,2748.45,2754.45,2747.61,2751.74,80.64416797
2026-01-07 11:00:00+00:00,2751.8,2758.73,2751.21,2758.3,19.68930125
2026-01-07 11:15:00+00:00,2757.47,2759.84,2756.95,2758.7,38.11530072
2026-01-07 11:30:00+00:00,2758.7,2761.81,2755.2,2759.3,36.60816954
2026-01-07 11:45:00+00:00,2759.44,2759.46,2753.46,2755.47,27.47531732
2026-01-07 12:00:00+00:00,2754.56,2756.54,2746.86,2751.62,42.66017452
2026-01-07 12:15:00+00:00,2751.6,2755.49,2750.0,2752.28,46.57868704
2026-01-07 12:30:00+00:00,2753.04,2753.3,2748.93,2748.93,37.60796768
2026-01-07 12:45:00+00:00,2750.07,2752.57,2748.4,2748.54,16.05959109
2026-01-07 13:00:00+00:00,2749.81,2751.26,2741.14,2741.2,28.69982896
2026-01-07 13:15:00+00:00,2740.64,2761.23,2739.33,2757.32,40.06954046
2026-01-07 13:30:00+00:00,2755.9,2757.79,2750.9,2752.03,20.20410913
2026-01-07 13:45:00+00:00,2751.89,2751.89,2743.87,2746.12,28.38363908
2026-01-07 14:00:00+00:00,2746.52,2746.79,2725.77,2732.13,94.9430633
2026-01-07 14:15:00+00:00,2733.57,2735.27,2726.62,2732.0,36.38656658
2026-01-07 14:30:00+00:00,2731.13,2739.39,2708.0,2727.47,374.17251273
2026-01-07 14:45:00+00:00,2729.0,2735.48,2724.11,2728.75,89.12574865
2026-01-07 15:00:00+00:00,2729.14,2730.47,2702.11,2709.36,347.37169163
2026-01-07 15:15:00+00:00,2710.4,2710.89,2690.3,2703.78,397.37354585
2026-01-07 15:30:00+00:00,2704.28,2707.37,2696.09,2703.2,250.88721195
2026-01-07 15:45:00+00:00,2703.37,2713.53,2701.56,2706.77,213.15620422
2026-01-07 16:00:00+00:00,2706.0,2716.02,2704.53,2715.56,96.23698448
2026-01-07 16:15:00+00:00,2715.56,2720.0,2708.2,2710.29,81.85889831
2026-01-07 16:30:00+00:00,2711.4,2712.16,2694.6,2708.01,98.7357938
2026-01-07 16:45:00+00:00,2707.83,2710.0,2699.2,2699.6,53.36420821
2026-01-07 17:00:00+00:00,2701.09,2703.13,2693.72,2699.66,153.77924478
2026-01-07 17:15:00+00:00,2699.66,2710.48,2699.66,2709.59,28.96318192
2026-01-07 17:30:00+00:00,2709.79,2711.35,2701.79,2704.45,57.31423702
2026-01-07 17:45:00+00:00,2704.82,2706.01,2690.58,2695.81,29.0615243
2026-01-07 18:00:00+00:00,2695.68,2698.0,2692.1,2696.52,20.96351163
2026-01-07 18:15:00+00:00,2696.97,2698.59,2679.68,2695.48,302.56060362
2026-01-07 18:30:00+00:00,2696.92,2706.86,2696.64,2697.15,168.92872169
2026-01-07 18:45:00+00:00,2696.65,2699.75,2684.4,2692.52,91.74880356
2026-01-07 19:00:00+00:00,2691.7,2699.56,2684.12,2686.14,104.53741157
2026-01-07 19:15:00+00:00,2685.89,2687.03,2673.8,2683.61,163.90958682
2026-01-07 19:30:00+00:00,2684.52,2694.6,2683.48,2689.82,71.93314258
2026-01-07 19:45:00+00:00,2689.96,2695.51,2689.5,2691.23,33.9727971
2026-01-07 20:00:00+00:00,2691.3,2695.3,2682.06,2683.48,40.51248173
2026-01-07 20:15:00+00:00,2683.53,2686.69,2675.97,2680.8,35.21713279
2026-01-07 20:30:00+00:00,2682.3,2686.6,2680.79,2684.11,14.29894151
2026-01-07 20:45:00+00:00,2684.6,2687.81,2682.81,2686.4,20.73596995
2026-01-07 21:00:00+00:00,2687.6,2691.42,2685.61,2691.19,24.34122729
2026-01-07 21:15:00+00:00,2691.13,2693.21,2688.94,2693.21,12.06995337
2026-01-07 21:30:00+00:00,2693.48,2697.36,2691.6,2696.76,22.2357381
2026-01-07 21:45:00+00:00,2696.5,2697.83,2694.89,2696.66,12.55065068
2026-01-07 22:00:00+00:00,2696.01,2699.11,2690.52,2690.52,6.10324697
2026-01-07 22:15:00+00:00,2693.43,2701.01,2690.93,2700.86,58.74462755
2026-01-07 22:30:00+00:00,2700.27,2709.04,2696.9,2696.9,45.36997298
2026-01-07 22:45:00+00:00,2698.33,2701.38,2692.19,2698.84,14.13835705
2026-01-07 23:00:00+00:00,2699.0,2700.3,2690.97,2700.2,47.55712636
2026-01-07 23:15:00+00:00,2700.63,2722.54,2700.63,2713.7,235.56741081
2026-01-07 23:30:00+00:00,2713.8,2715.49,2707.07,2709.98,14.27346829
2026-01-07 23:45:00+00:00,2710.11,2713.84,2707.12,2713.0,20.88220947
2026-01-08 00:00:00+00:00,2711.73,2715.65,2706.5,2706.5,10.91595664
2026-01-08 00:15:00+00:00,2704.49,2706.41,2702.06,2702.2,13.00224405
2026-01-08 00:30:00+00:00,2703.17,2711.13,2700.78,2711.13,4.23243586
2026-01-08 00:45:00+00:00,2711.89,2717.59,2711.89,2713.43,51.80528412
2026-01-08 01:00:00+00:00,2713.6,2716.31,2712.29,2715.31,41.41441761
2026-01-08 01:15:00+00:00,2716.51,2723.62,2711.7,2720.03,38.69631835
2026-01-08 01:30:00+00:00,2719.47,2719.47,2715.22,2717.63,9.55668194
2026-01-08 01:45:00+00:00,2718.35,2720.71,2718.22,2718.91,3.22879094
2026-01-08 02:00:00+00:00,2718.8,2725.8,2714.81,2722.9,29.03545293
2026-01-08 02:15:00+00:00,2721.72,2723.76,2707.32,2712.3,48.03633257
2026-01-08 02:30:00+00:00,2712.15,2712.15,2698.25,2699.35,31.49384624
2026-01-08 02:45:00+00:00,2698.2,2703.95,2693.73,2702.31,10.67282517
2026-01-08 03:00:00+00:00,2703.5,2708.02,2700.91,2706.71,2.7073731
2026-01-08 03:15:00+00:00,2705.83,2706.4,2697.31,2697.31,4.67619714
2026-01-08 03:30:00+00:00,2697.27,2699.39,2681.18,2685.75,54.20669336
2026-01-08 03:45:00+00:00,2686.12,2688.59,2681.37,2687.99,49.80435669
2026-01-08 04:00:00+00:00,2688.43,2691.9,2685.74,2688.9,6.10304584
2026-01-08 04:15:00+00:00,2690.96,2701.64,2690.14,2700.43,11.98685666
2026-01-08 04:30:00+00:00,2700.7,2702.35,2698.02,2698.05,21.02382709
2026-01-08 04:45:00+00:00,2699.96,2700.9,2696.7,2698.42,2.39302147
2026-01-08 05:00:00+00:00,2700.5,2704.22,2698.09,2700.45,11.51985393
2026-01-08 05:15:00+00:00,2701.79,2703.88,2698.36,2698.91,10.1474082
2026-01-08 05:30:00+00:00,2697.12,2698.9,2692.55,2693.19,6.42452174
2026-01-08 05:45:00+00:00,2693.1,2693.6,2687.9,2688.27,8.30687949
2026-01-08 06:00:00+00:00,2690.4,2690.92,2673.43,2678.3,55.52757553
2026-01-08 06:15:00+00:00,2678.71,2678.71,2663.48,2668.0,130.61712691
2026-01-08 06:30:00+00:00,2668.03,2673.79,2665.06,2670.46,22.57519249
2026-01-08 06:45:00+00:00,2670.53,2672.12,2655.48,2658.73,59.29715465
2026-01-08 07:00:00+00:00,2657.02,2661.18,2642.68,2661.18,202.49174081
2026-01-08 07:15:00+00:00,2658.62,2670.29,2658.57,2669.61,59.13026436
2026-01-08 07:30:00+00:00,2670.67,2679.09,2667.61,2678.32,84.97999268
2026-01-08 07:45:00+00:00,2677.84,2678.66,2673.51,2675.19,40.09544648
2026-01-08 08:00:00+00:00,2676.43,2681.09,2674.3,2680.21,29.99222232
2026-01-08 08:15:00+00:00,2679.09,2683.02,2677.52,2681.52,46.83490953
2026-01-08 08:30:00+00:00,2683.49,2684.62,2674.44,2675.51,19.69110787
2026-01-08 08:45:00+00:00,2675.54,2676.05,2666.1,2668.01,58.19792474
2026-01-08 09:00:00+00:00,2668.13,2673.53,2662.6,2672.18,65.94329237
2026-01-08 09:15:00+00:00,2670.43,2671.26,2659.7,2659.73,56.96767599
2026-01-08 09:30:00+00:00,2659.25,2666.05,2657.79,2666.05,16.48706392
2026-01-08 09:45:00+00:00,2665.59,2669.48,2662.13,2663.81,16.58731318
2026-01-08 10:00:00+00:00,2662.39,2663.53,2650.0,2659.43,44.22545863
2026-01-08 10:15:00+00:00,2659.2,2669.88,2659.2,2667.45,19.15342194
2026-01-08 10:30:00+00:00,2667.86,2672.33,2667.59,2668.15,25.73218167
2026-01-08 10:45:00+00:00,2668.86,2680.95,2668.86,2675.36,61.2749048
2026-01-08 11:00:00+00:00,2676.68,2679.17,2670.23,2672.48,92.07208997
2026-01-08 11:15:00+00:00,2672.85,2674.89,2665.4,2671.74,28.65747744
2026-01-08 11:30:00+00:00,2671.62,2672.03,2663.2,2663.75,35.44872957
2026-01-08 11:45:00+00:00,2664.86,2670.38,2663.3,2670.36,30.22062101
2026-01-08 12:00:00+00:00,2670.41,2670.41,2648.2,2655.17,348.84614862
2026-01-08 12:15:00+00:00,2656.25,2660.94,2652.62,2659.74,62.36172935
2026-01-08 12:30:00+00:00,2659.38,2661.5,2640.0,2653.04,156.73620082
2026-01-08 12:45:00+00:00,2652.48,2657.07,2647.87,2649.6,27.37426055
2026-01-08 13:00:00+00:00,2649.8,2652.67,2648.77,2650.18,39.99799342
2026-01-08 13:15:00+00:00,2650.35,2653.9,2648.34,2652.6,75.29758926
2026-01-08 13:30:00+00:00,2652.38,2655.35,2645.65,2653.22,99.06232546
2026-01-08 13:45:00+00:00,2653.57,2655.51,2650.11,2652.74,19.57307288
2026-01-08 14:00:00+00:00,2651.72,2651.88,2632.19,2649.11,391.94279784
2026-01-08 14:15:00+00:00,2649.28,2650.57,2627.18,2639.27,318.92094798
2026-01-08 14:30:00+00:00,2638.18,2643.5,2620.0,2622.56,291.64795148
2026-01-08 14:45:00+00:00,2619.62,2646.8,2617.1,2638.03,68.64736056
2026-01-08 15:00:00+00:00,2635.2,2647.74,2628.0,2642.4,156.99406084
2026-01-08 15:15:00+00:00,2642.51,2660.9,2641.34,2657.8,151.63736013
2026-01-08 15:30:00+00:00,2657.32,2665.3,2646.21,2650.93,39.99124995
2026-01-08 15:45:00+00:00,2651.64,2661.73,2644.21,2660.52,142.39319422
2026-01-08 16:00:00+00:00,2660.9,2663.18,2654.1,2656.34,131.54525475
2026-01-08 16:15:00+00:00,2656.37,2659.66,2651.42,2659.0,47.38601225
2026-01-08 16:30:00+00:00,2657.9,2669.3,2649.9,2665.53,31.90457651
2026-01-08 16:45:00+00:00,2666.21,2677.46,2666.21,2677.46,75.3171195
2026-01-08 17:00:00+00:00,2677.7,2682.93,2674.36,2679.42,161.26143465
2026-01-08 17:15:00+00:00,2680.11,2680.48,2668.4,2670.83,83.97381083
2026-01-08 17:30:00+00:00,2671.53,2680.78,2671.53,2678.45,26.29274455
2026-01-08 17:45:00+00:00,2680.1,2693.5,2680.1,2689.41,138.69282967
2026-01-08 18:00:00+00:00,2688.95,2690.6,2679.63,2680.0,90.4600453
2026-01-08 18:15:00+00:00,2680.64,2685.78,2677.98,2681.85,22.80972297
2026-01-08 18:30:00+00:00,2681.79,2685.48,2676.1,2677.78,98.16586365
2026-01-08 18:45:00+00:00,2678.1,2681.05,2673.08,2677.48,27.62320989
2026-01-08 19:00:00+00:00,2678.4,2685.56,2675.2,2681.64,20.48944777
2026-01-08 19:15:00+00:00,2680.04,2680.04,2667.8,2674.97,17.42647361
2026-01-08 19:30:00+00:00,2676.28,2682.2,2675.3,2675.3,19.85275088
2026-01-08 19:45:00+00:00,2674.8,2677.12,2663.69,2669.18,24.35296841
2026-01-08 20:00:00+00:00,2669.0,2669.37,2649.92,2656.54,66.54783036
2026-01-08 20:15:00+00:00,2657.04,2660.6,2652.48,2654.32,12.90878578
2026-01-08 20:30:00+00:00,2656.1,2663.11,2655.82,2659.31,34.8407553
2026-01-08 20:45:00+00:00,2659.9,2667.35,2658.93,2666.22,35.36759647
2026-01-08 21:00:00+00:00,2665.78,2671.2,2665.78,2670.48,48.85597085
2026-01-08 21:15:00+00:00,2670.88,2670.88,2665.34,2666.25,27.51502367
2026-01-08 21:30:00+00:00,2666.15,2674.88,2665.2,2673.05,20.97653666
2026-01-08 21:45:00+00:00,2671.46,2677.1,2671.21,2673.8,14.65158246
2026-01-08 22:00:00+00:00,2674.75,2683.41,2673.65,2680.74,25.8897483
2026-01-08 22:15:00+00:00,2680.04,2680.04,2675.61,2676.66,3.99579275
2026-01-08 22:30:00+00:00,2675.91,2675.91,2665.01,2667.7,10.88414991
2026-01-08 22:45:00+00:00,2669.12,2674.11,2669.12,2673.12,30.04961471
2026-01-08 23:00:00+00:00,2673.85,2675.67,2672.46,2673.65,9.38935887
2026-01-08 23:15:00+00:00,2673.97,2676.17,2673.0,2673.0,9.39004944
2026-01-08 23:30:00+00:00,2674.39,2674.39,2664.78,2664.78,47.35940753
2026-01-08 23:45:00+00:00,2665.97,2668.9,2662.8,2663.31,14.20717105
2026-01-09 00:00:00+00:00,2663.77,2670.5,2662.86,2668.73,8.74912866
2026-01-09 00:15:00+00:00,2668.0,2669.31,2662.08,2663.15,11.73300949
2026-01-09 00:30:00+00:00,2663.54,2670.89,2663.18,2669.82,4.26571422
2026-01-09 00:45:00+00:00,2669.39,2673.5,2669.39,2672.35,2.19071444
2026-01-09 01:00:00+00:00,2672.57,2674.26,2671.15,2671.15,7.62263797
2026-01-09 01:15:00+00:00,2671.86,2696.39,2659.2,2692.89,247.15010097
2026-01-09 01:30:00+00:00,2692.76,2699.5,2642.58,2658.4,536.27901368
2026-01-09 01:45:00+00:00,2658.4,2664.35,2658.38,2664.35,20.23286797
2026-01-09 02:00:00+00:00,2664.28,2680.98,2662.22,2680.31,94.55395528
2026-01-09 02:15:00+00:00,2679.26,2681.84,2674.34,2674.65,6.18086987
2026-01-09 02:30:00+00:00,2675.49,2677.1,2670.69,2671.94,1.00608889
2026-01-09 02:45:00+00:00,2673.5,2674.24,2664.22,2665.77,10.61147726
2026-01-09 03:00:00+00:00,2666.9,2672.99,2664.62,2670.73,11.46368486
2026-01-09 03:15:00+00:00,2670.73,2672.44,2660.48,2664.6,16.62018239
2026-01-09 03:30:00+00:00,2664.23,2671.8,2662.5,2670.2,37.48649491
2026-01-09 03:45:00+00:00,2670.34,2675.76,2670.34,2674.48,2.81840651
2026-01-09 04:00:00+00:00,2674.67,2677.0,2672.39,2673.12,5.48518798
2026-01-09 04:15:00+00:00,2672.3,2678.5,2672.29,2677.96,22.77202674
2026-01-09 04:30:00+00:00,2677.29,2677.29,2669.04,2671.55,17.1611735
2026-01-09 04:45:00+00:00,2671.4,2673.1,2671.4,2672.73,0.44564769
2026-01-09 05:00:00+00:00,2672.21,2675.38,2672.21,2674.5,6.64232438
2026-01-09 05:15:00+00:00,2674.4,2674.78,2670.85,2673.6,0.68292598
2026-01-09 05:30:00+00:00,2673.88,2674.71,2670.06,2672.1,1.8568929
2026-01-09 05:45:00+00:00,2672.07,2675.92,2671.51,2674.67,48.93404372
2026-01-09 06:00:00+00:00,2675.27,2676.36,2674.5,2675.15,4.54846156
2026-01-09 06:15:00+00:00,2675.14,2678.1,2674.25,2674.25,5.41273435
2026-01-09 06:30:00+00:00,2675.04,2679.42,2673.6,2679.27,15.3896908
2026-01-09 06:45:00+00:00,2678.9,2680.9,2677.18,2679.65,4.10269209
2026-01-09 07:00:00+00:00,2679.2,2679.2,2674.69,2675.46,5.62850366
2026-01-09 07:15:00+00:00,2675.46,2677.0,2673.93,2675.38,10.10661689
2026-01-09 07:30:00+00:00,2675.81,2676.15,2672.36,2673.45,16.3193842
2026-01-09 07:45:00+00:00,2673.21,2674.82,2668.65,2668.65,25.09384477
2026-01-09 08:00:00+00:00,2668.63,2671.4,2662.15,2668.2,94.46812109
2026-01-09 08:15:00+00:00,2667.7,2673.2,2667.7,2668.7,21.71912601
2026-01-09 08:30:00+00:00,2668.9,2669.34,2646.8,2649.76,93.62294874
2026-01-09 08:45:00+00:00,2649.18,2651.58,2632.34,2644.65,157.70812852
2026-01-09 09:00:00+00:00,2644.25,2658.44,2644.25,2653.87,47.67346194
2026-01-09 09:15:00+00:00,2653.89,2660.74,2648.74,2660.0,9.73487639
2026-01-09 09:30:00+00:00,2660.06,2660.58,2655.22,2657.87,26.67088441
2026-01-09 09:45:00+00:00,2657.32,2658.29,2653.05,2654.97,11.71252807
2026-01-09 10:00:00+00:00,2654.49,2658.2,2650.74,2655.87,14.43733475
2026-01-09 10:15:00+00:00,2655.4,2660.3,2655.4,2655.9,7.20099082
2026-01-09 10:30:00+00:00,2655.63,2659.97,2655.63,2658.44,13.47903907
2026-01-09 10:45:00+00:00,2657.89,2659.72,2657.13,2657.54,3.48535699
2026-01-09 11:00:00+00:00,2657.4,2660.0,2656.07,2659.42,8.75587004
2026-01-09 11:15:00+00:00,2660.88,2663.82,2659.06,2660.54,7.40146541
2026-01-09 11:30:00+00:00,2660.78,2663.14,2656.44,2657.5,13.73488291
2026-01-09 11:45:00+00:00,2658.27,2658.27,2650.19,2652.07,34.86042142
2026-01-09 12:00:00+00:00,2651.1,2656.05,2650.93,2651.18,14.2029267
2026-01-09 12:15:00+00:00,2650.6,2650.6,2645.22,2648.56,11.48493872
2026-01-09 12:30:00+00:00,2649.75,2651.67,2646.13,2649.05,28.12299628
2026-01-09 12:45:00+00:00,2648.75,2650.77,2647.09,2647.89,48.13171925
2026-01-09 13:00:00+00:00,2647.65,2655.58,2646.2,2654.88,15.08480272
2026-01-09 13:15:00+00:00,2654.9,2663.0,2654.16,2659.76,22.98955215
2026-01-09 13:30:00+00:00,2660.37,2672.36,2650.0,2653.39,391.19642553
2026-01-09 13:45:00+00:00,2653.91,2660.88,2649.83,2658.92,94.20754865
2026-01-09 14:00:00+00:00,2659.16,2659.25,2642.13,2645.03,56.74569498
2026-01-09 14:15:00+00:00,2645.54,2658.44,2645.54,2657.97,16.06600925
2026-01-09 14:30:00+00:00,2658.4,2658.4,2638.54,2638.64,91.23038879
2026-01-09 14:45:00+00:00,2638.62,2645.76,2631.0,2645.76,174.74406018
2026-01-09 15:00:00+00:00,2646.79,2648.1,2628.7,2647.21,72.95608579
2026-01-09 15:15:00+00:00,2647.28,2696.71,2644.27,2690.33,403.04988485
2026-01-09 15:30:00+00:00,2691.96,2699.34,2672.65,2673.36,214.4440409
2026-01-09 15:45:00+00:00,2674.51,2685.2,2660.0,2671.25,117.92010142
2026-01-09 16:00:00+00:00,2672.91,2698.6,2671.55,2696.98,133.84378432
2026-01-09 16:15:00+00:00,2700.0,2700.18,2684.46,2686.37,201.593714
2026-01-09 16:30:00+00:00,2686.64,2690.08,2681.2,2686.57,50.75652397
2026-01-09 16:45:00+00:00,2685.32,2694.27,2684.5,2691.54,100.15428686
2026-01-09 17:00:00+00:00,2692.34,2692.8,2678.83,2680.82,66.72204138
2026-01-09 17:15:00+00:00,2681.74,2682.05,2671.01,2673.73,82.41366908
2026-01-09 17:30:00+00:00,2673.06,2676.91,2668.03,2669.38,11.91337311
2026-01-09 17:45:00+00:00,2668.38,2680.98,2667.83,2676.62,51.55569677
2026-01-09 18:00:00+00:00,2674.67,2679.17,2669.1,2671.65,14.18660237
2026-01-09 18:15:00+00:00,2669.64,2669.64,2648.37,2651.28,62.48203722
2026-01-09 18:30:00+00:00,2651.7,2658.44,2640.68,2656.4,34.07758989
2026-01-09 18:45:00+00:00,2656.79,2661.5,2651.1,2658.34,65.98089103
2026-01-09 19:00:00+00:00,2658.38,2658.63,2648.88,2649.53,29.60797896
2026-01-09 19:15:00+00:00,2649.52,2649.52,2638.8,2641.36,17.44965181
2026-01-09 19:30:00+00:00,2640.64,2644.34,2636.0,2640.9,29.48400493
2026-01-09 19:45:00+00:00,2640.0,2651.7,2640.0,2645.57,54.52700816
2026-01-09 20:00:00+00:00,2644.47,2654.12,2643.41,2652.06,24.8302642
2026-01-09 20:15:00+00:00,2651.72,2653.74,2647.3,2648.44,10.9979953
2026-01-09 20:30:00+00:00,2649.3,2655.2,2643.79,2643.81,20.32963845
2026-01-09 20:45:00+00:00,2643.77,2646.93,2638.0,2639.77,63.0498739
2026-01-09 21:00:00+00:00,2639.96,2643.7,2633.34,2643.14,36.9867957
2026-01-09 21:15:00+00:00,2642.93,2654.84,2642.14,2651.65,63.19621415
2026-01-09 21:30:00+00:00,2651.1,2655.85,2647.08,2648.09,36.63284979
2026-01-09 21:45:00+00:00,2647.76,2651.6,2645.07,2650.74,10.05489698
2026-01-09 22:00:00+00:00,2649.87,2652.44,2641.0,2643.94,9.55649863
2026-01-09 22:15:00+00:00,2643.67,2647.59,2642.73,2647.49,39.207769
2026-01-09 22:30:00+00:00,2648.84,2652.17,2646.3,2646.97,7.77787726
2026-01-09 22:45:00+00:00,2647.5,2650.96,2647.32,2650.0,2.39093257
2026-01-09 23:00:00+00:00,2650.33,2653.07,2647.61,2652.93,7.02042248
2026-01-09 23:15:00+00:00,2652.95,2654.7,2651.89,2654.16,3.31294894
2026-01-09 23:30:00+00:00,2653.2,2656.08,2653.1,2654.46,7.65445308
2026-01-09 23:45:00+00:00,2654.54,2655.1,2650.63,2652.41,25.07337074
2026-01-10 00:00:00+00:00,2650.5,2653.61,2649.63,2649.63,8.00541735
2026-01-10 00:15:00+00:00,2649.24,2651.89,2647.46,2651.89,4.43090315
2026-01-10 00:30:00+00:00,2651.87,2653.35,2649.55,2649.84,3.21967186
2026-01-10 00:45:00+00:00,2650.14,2650.2,2646.86,2647.73,7.39060316
2026-01-10 01:00:00+00:00,2648.2,2651.88,2648.2,2651.88,6.87926283
2026-01-10 01:15:00+00:00,2651.06,2653.67,2651.05,2653.67,8.6851171
2026-01-10 01:30:00+00:00,2653.17,2654.22,2652.75,2654.22,3.86714125
2026-01-10 01:45:00+00:00,2654.72,2654.72,2652.34,2654.29,3.15877033
2026-01-10 02:00:00+00:00,2654.57,2655.4,2653.85,2655.13,3.52992067
2026-01-10 02:15:00+00:00,2655.1,2657.03,2654.18,2654.77,18.83751828
2026-01-10 02:30:00+00:00,2654.29,2654.29,2647.94,2648.87,8.83913341
2026-01-10 02:45:00+00:00,2648.89,2651.78,2648.89,2650.98,1.9093624
2026-01-10 03:00:00+00:00,2650.6,2650.6,2645.0,2645.58,25.37953252
2026-01-10 03:15:00+00:00,2646.1,2651.1,2646.1,2651.02,11.12492388
2026-01-10 03:30:00+00:00,2650.9,2650.9,2648.96,2649.2,4.95588893
2026-01-10 03:45:00+00:00,2650.48,2652.92,2650.01,2650.94,3.33557434
2026-01-10 04:00:00+00:00,2650.63,2651.48,2646.17,2646.53,30.25458065
2026-01-10 04:15:00+00:00,2647.95,2647.99,2646.25,2647.4,10.49206772
2026-01-10 04:30:00+00:00,2648.2,2649.03,2648.06,2648.69,0.78924902
2026-01-10 04:45:00+00:00,2649.27,2649.5,2644.12,2644.4,38.54323014
2026-01-10 05:00:00+00:00,2645.22,2649.65,2645.04,2648.49,0.95769386
2026-01-10 05:15:00+00:00,2649.15,2649.15,2648.26,2648.79,1.29747197
2026-01-10 05:30:00+00:00,2648.85,2651.7,2648.43,2651.0,8.81454291
2026-01-10 05:45:00+00:00,2651.59,2651.93,2651.05,2651.1,3.72859095
2026-01-10 06:00:00+00:00,2651.21,2651.67,2650.74,2651.63,3.7801563
2026-01-10 06:15:00+00:00,2651.33,2651.42,2648.3,2650.46,13.42961889
2026-01-10 06:30:00+00:00,2650.92,2652.37,2650.92,2651.73,2.63788958
2026-01-10 06:45:00+00:00,2652.28,2652.64,2651.26,2651.66,3.64386272
2026-01-10 07:00:00+00:00,2651.65,2656.67,2651.52,2655.63,20.64612617
2026-01-10 07:15:00+00:00,2655.66,2655.79,2653.0,2655.08,10.92705339
2026-01-10 07:30:00+00:00,2655.21,2656.05,2653.88,2654.1,3.41464122
2026-01-10 07:45:00+00:00,2654.1,2656.63,2654.0,2656.45,11.38982683
2026-01-10 08:00:00+00:00,2656.69,2657.16,2654.26,2655.15,4.76733455
2026-01-10 08:15:00+00:00,2655.22,2655.78,2653.4,2653.4,25.64858672
2026-01-10 08:30:00+00:00,2653.34,2653.79,2652.02,2653.26,2.73966583
2026-01-10 08:45:00+00:00,2653.26,2654.64,2652.87,2654.57,8.45548628
2026-01-10 09:00:00+00:00,2654.49,2656.09,2653.75,2654.1,7.68065273
2026-01-10 09:15:00+00:00,2654.1,2657.13,2654.1,2656.09,7.82508905
2026-01-10 09:30:00+00:00,2655.28,2657.12,2654.71,2656.54,3.03011906
2026-01-10 09:45:00+00:00,2657.6,2661.9,2656.71,2659.33,23.54144334
2026-01-10 10:00:00+00:00,2658.96,2660.9,2658.64,2659.9,14.67032502
2026-01-10 10:15:00+00:00,2660.81,2662.27,2658.66,2659.65,6.5771976
2026-01-10 10:30:00+00:00,2659.47,2662.6,2658.14,2662.28,12.69043482
2026-01-10 10:45:00+00:00,2661.6,2666.47,2661.19,2666.47,33.5524669
2026-01-10 11:00:00+00:00,2665.3,2666.49,2662.37,2663.2,6.72386285
2026-01-10 11:15:00+00:00,2663.2,2663.74,2660.85,2660.92,16.96262422
2026-01-10 11:30:00+00:00,2660.9,2662.46,2659.76,2660.54,3.84764119
2026-01-10 11:45:00+00:00,2659.93,2661.18,2658.21,2661.1,13.72496786
2026-01-10 12:00:00+00:00,2661.65,2663.2,2661.41,2663.2,6.85219101
2026-01-10 12:15:00+00:00,2662.8,2666.5,2659.94,2660.6,12.28980945
2026-01-10 12:30:00+00:00,2660.44,2661.14,2658.12,2660.99,9.9234688
2026-01-10 12:45:00+00:00,2661.0,2662.69,2660.74,2662.61,3.49407962
2026-01-10 13:00:00+00:00,2662.99,2663.15,2660.43,2660.43,6.07205478
2026-01-10 13:15:00+00:00,2660.87,2662.47,2660.0,2660.55,25.62584299
2026-01-10 13:30:00+00:00,2660.8,2661.87,2660.12,2661.6,13.08406769
2026-01-10 13:45:00+00:00,2661.59,2661.59,2658.16,2659.26,12.09239929
2026-01-10 14:00:00+00:00,2659.17,2659.2,2653.89,2658.0,36.84563378
2026-01-10 14:15:00+00:00,2658.1,2660.54,2657.17,2658.03,11.2903542
2026-01-10 14:30:00+00:00,2657.91,2658.19,2655.3,2655.3,6.41689887
2026-01-10 14:45:00+00:00,2655.7,2656.8,2655.3,2656.54,2.7665577
2026-01-10 15:00:00+00:00,2656.59,2659.63,2656.21,2658.88,6.45247344
2026-01-10 15:15:00+00:00,2658.76,2659.09,2657.03,2657.63,6.19507408
2026-01-10 15:30:00+00:00,2657.93,2660.46,2657.36,2659.95,7.3220091
2026-01-10 15:45:00+00:00,2659.53,2660.58,2658.11,2659.98,13.25916952
2026-01-10 16:00:00+00:00,2659.99,2661.73,2659.2,2659.2,5.13500954
2026-01-10 16:15:00+00:00,2659.3,2659.42,2657.35,2659.37,2.29162204
2026-01-10 16:30:00+00:00,2659.3,2661.36,2658.81,2661.36,3.92080845
2026-01-10 16:45:00+00:00,2661.32,2661.32,2659.01,2659.33,6.41943105
2026-01-10 17:00:00+00:00,2660.7,2662.83,2660.12,2662.14,12.76868767
2026-01-10 17:15:00+00:00,2662.48,2662.99,2661.27,2661.27,97.01689275
2026-01-10 17:30:00+00:00,2661.42,2661.46,2660.07,2660.86,7.21289941
2026-01-10 17:45:00+00:00,2660.25,2660.25,2656.34,2656.34,15.45765346
2026-01-10 18:00:00+00:00,2656.9,2658.12,2655.42,2656.5,3.2451008
2026-01-10 18:15:00+00:00,2656.98,2658.27,2656.41,2658.14,12.41239949
2026-01-10 18:30:00+00:00,2658.06,2658.29,2656.23,2657.6,15.55602383
2026-01-10 18:45:00+00:00,2657.5,2657.76,2656.56,2657.38,1.91596475
2026-01-10 19:00:00+00:00,2657.38,2658.24,2656.18,2657.51,24.69910404
2026-01-10 19:15:00+00:00,2656.5,2657.09,2655.81,2656.26,8.56333993
2026-01-10 19:30:00+00:00,2655.7,2657.28,2655.34,2657.15,12.80485951
2026-01-10 19:45:00+00:00,2656.91,2656.92,2655.48,2656.47,3.67975542
2026-01-10 20:00:00+00:00,2657.01,2657.53,2655.73,2656.74,6.90502443
2026-01-10 20:15:00+00:00,2656.74,2656.91,2655.97,2655.97,3.878686
2026-01-10 20:30:00+00:00,2656.28,2657.0,2653.83,2654.24,13.63346268
2026-01-10 20:45:00+00:00,2653.7,2655.32,2653.52,2655.01,3.61227624
2026-01-10 21:00:00+00:00,2654.1,2655.0,2650.3,2652.87,43.25511212
2026-01-10 21:15:00+00:00,2653.44,2655.23,2652.4,2654.87,5.92587073
2026-01-10 21:30:00+00:00,2654.59,2655.0,2652.42,2653.36,3.34829409
2026-01-10 21:45:00+00:00,2652.72,2652.8,2651.26,2652.19,13.38425997
2026-01-10 22:00:00+00:00,2651.52,2651.73,2648.21,2648.21,41.64670679
2026-01-10 22:15:00+00:00,2647.8,2648.9,2646.3,2648.9,7.60057579
2026-01-10 22:30:00+00:00,2649.5,2654.64,2649.5,2653.25,4.32455706
2026-01-10 22:45:00+00:00,2650.63,2651.22,2647.0,2648.16,2.7830356
2026-01-10 23:00:00+00:00,2647.0,2651.68,2646.75,2651.3,3.59591838
2026-01-10 23:15:00+00:00,2650.51,2652.7,2650.51,2652.7,2.3621411
2026-01-10 23:30:00+00:00,2653.18,2654.17,2651.97,2653.41,4.52798398
2026-01-10 23:45:00+00:00,2652.5,2655.08,2651.7,2652.79,11.1840017
2026-01-11 00:00:00+00:00,2653.08,2653.3,2650.69,2653.1,1.89446163
2026-01-11 00:15:00+00:00,2654.32,2656.8,2652.6,2656.8,14.9577923
2026-01-11 00:30:00+00:00,2655.28,2655.84,2653.87,2653.87,2.00929961
2026-01-11 00:45:00+00:00,2655.36,2657.79,2655.36,2656.8,2.24187561
2026-01-11 01:00:00+00:00,2657.2,2657.9,2656.2,2657.05,5.20147151
2026-01-11 01:15:00+00:00,2656.91,2658.29,2655.49,2656.99,72.24528867
2026-01-11 01:30:00+00:00,2656.99,2657.6,2654.55,2657.6,3.70493564
2026-01-11 01:45:00+00:00,2658.29,2660.14,2658.29,2659.96,1.09404669
2026-01-11 02:00:00+00:00,2659.52,2661.29,2658.49,2661.29,0.71174095
2026-01-11 02:15:00+00:00,2661.22,2661.59,2659.27,2659.68,0.43308539
2026-01-11 02:30:00+00:00,2659.57,2659.57,2657.56,2659.0,1.92114269
2026-01-11 02:45:00+00:00,2659.64,2660.17,2656.96,2657.77,1.06681496
2026-01-11 03:00:00+00:00,2658.31,2658.86,2657.22,2658.02,0.69908404
2026-01-11 03:15:00+00:00,2658.64,2660.34,2658.64,2659.32,2.30482521
2026-01-11 03:30:00+00:00,2658.86,2660.43,2658.86,2660.33,2.71392217
2026-01-11 03:45:00+00:00,2660.75,2661.4,2660.74,2661.11,1.7381823
2026-01-11 04:00:00+00:00,2660.0,2662.0,2659.87,2660.16,1.2356908
2026-01-11 04:15:00+00:00,2661.05,2661.09,2659.07,2660.08,9.48899332
2026-01-11 04:30:00+00:00,2660.49,2663.34,2659.88,2659.93,22.97204091
2026-01-11 04:45:00+00:00,2660.89,2661.94,2660.75,2661.66,0.73778695
2026-01-11 05:00:00+00:00,2661.88,2662.9,2661.88,2662.48,2.01664033
2026-01-11 05:15:00+00:00,2661.49,2661.69,2660.27,2661.69,0.62773299
2026-01-11 05:30:00+00:00,2662.32,2664.29,2662.29,2663.86,1.51212128
2026-01-11 05:45:00+00:00,2664.29,2665.35,2661.92,2662.87,0.96397812
2026-01-11 06:00:00+00:00,2663.27,2663.99,2662.05,2663.17,5.47745739
2026-01-11 06:15:00+00:00,2662.8,2662.98,2655.33,2659.0,8.13024923
2026-01-11 06:30:00+00:00,2658.06,2658.65,2657.31,2658.65,1.25345506
2026-01-11 06:45:00+00:00,2658.79,2661.96,2658.76,2661.16,4.67617318
2026-01-11 07:00:00+00:00,2661.84,2662.59,2659.36,2659.36,4.10775139
2026-01-11 07:15:00+00:00,2659.9,2660.95,2658.54,2658.93,0.59754109
2026-01-11 07:30:00+00:00,2659.45,2659.68,2657.66,2658.64,0.30319487
2026-01-11 07:45:00+00:00,2659.0,2659.54,2658.16,2659.43,4.79994416
2026-01-11 08:00:00+00:00,2659.37,2659.77,2656.7,2659.03,3.76227562
2026-01-11 08:15:00+00:00,2659.22,2661.5,2659.21,2660.5,4.48508297
2026-01-11 08:30:00+00:00,2661.6,2664.14,2660.86,2663.89,14.17116481
2026-01-11 08:45:00+00:00,2662.82,2669.51,2662.0,2665.63,23.52459787
2026-01-11 09:00:00+00:00,2666.01,2666.96,2665.17,2666.03,21.17144722
2026-01-11 09:15:00+00:00,2666.3,2668.18,2665.7,2668.11,6.01961133
2026-01-11 09:30:00+00:00,2668.24,2672.0,2663.21,2664.85,23.24881968
2026-01-11 09:45:00+00:00,2665.26,2667.37,2665.16,2666.6,4.72298362
2026-01-11 10:00:00+00:00,2666.9,2670.27,2665.22,2669.7,20.08275027
2026-01-11 10:15:00+00:00,2669.7,2669.7,2667.06,2667.81,5.40271855
2026-01-11 10:30:00+00:00,2668.48,2670.26,2667.19,2667.19,2.44035613
2026-01-11 10:45:00+00:00,2667.73,2669.98,2666.96,2669.7,9.08362225
2026-01-11 11:00:00+00:00,2669.7,2669.7,2666.19,2666.85,3.27023465
2026-01-11 11:15:00+00:00,2666.02,2668.61,2666.02,2668.61,5.34093192
2026-01-11 11:30:00+00:00,2669.08,2670.24,2668.27,2669.65,4.37539768
2026-01-11 11:45:00+00:00,2668.8,2668.8,2665.63,2666.45,9.25382121
2026-01-11 12:00:00+00:00,2667.9,2670.06,2667.09,2670.06,16.73880886
2026-01-11 12:15:00+00:00,2670.32,2671.77,2668.79,2671.13,10.97439552
2026-01-11 12:30:00+00:00,2671.41,2673.9,2670.0,2672.89,14.13548528
2026-01-11 12:45:00+00:00,2672.36,2676.74,2672.36,2675.01,25.45334413
2026-01-11 13:00:00+00:00,2674.81,2676.02,2672.95,2675.99,40.81689632
2026-01-11 13:15:00+00:00,2675.98,2676.43,2670.18,2673.72,24.66085057
2026-01-11 13:30:00+00:00,2673.21,2674.17,2668.8,2668.8,26.0416642
2026-01-11 13:45:00+00:00,2669.53,2673.56,2669.53,2671.04,1.49461587
2026-01-11 14:00:00+00:00,2670.51,2675.25,2670.51,2674.35,4.87256473
2026-01-11 14:15:00+00:00,2674.64,2675.93,2673.29,2675.91,7.83025284
2026-01-11 14:30:00+00:00,2676.0,2677.6,2673.47,2673.47,48.90313242
2026-01-11 14:45:00+00:00,2676.17,2687.8,2673.68,2684.53,32.6287462
2026-01-11 15:00:00+00:00,2686.9,2687.94,2677.79,2678.95,57.89221263
2026-01-11 15:15:00+00:00,2679.04,2683.66,2677.6,2680.69,7.77867526
2026-01-11 15:30:00+00:00,2681.45,2684.1,2674.44,2676.3,76.15270772
2026-01-11 15:45:00+00:00,2676.4,2678.0,2671.25,2678.0,4.68225683
2026-01-11 16:00:00+00:00,2677.81,2680.39,2676.09,2676.09,24.86803179
2026-01-11 16:15:00+00:00,2676.07,2683.09,2676.07,2682.15,51.19936494
2026-01-11 16:30:00+00:00,2683.17,2702.51,2683.17,2692.21,216.36253908
2026-01-11 16:45:00+00:00,2692.51,2694.39,2684.75,2687.3,81.74182665
2026-01-11 17:00:00+00:00,2686.56,2690.35,2685.34,2688.6,4.62605605
2026-01-11 17:15:00+00:00,2687.36,2689.19,2684.85,2689.04,7.59362418
2026-01-11 17:30:00+00:00,2689.03,2689.7,2677.31,2683.3,46.47378217
2026-01-11 17:45:00+00:00,2683.25,2685.67,2680.9,2684.97,16.18270397
2026-01-11 18:00:00+00:00,2685.7,2686.11,2680.89,2681.41,4.63729425
2026-01-11 18:15:00+00:00,2681.0,2684.32,2681.0,2684.32,8.50142109
2026-01-11 18:30:00+00:00,2684.0,2684.0,2679.6,2681.6,21.8210067
2026-01-11 18:45:00+00:00,2682.72,2690.71,2682.25,2686.06,41.96239915
2026-01-11 19:00:00+00:00,2687.2,2689.25,2685.43,2688.43,18.19036978
2026-01-11 19:15:00+00:00,2687.86,2687.86,2683.22,2684.84,46.19143495
2026-01-11 19:30:00+00:00,2685.03,2685.66,2680.0,2680.66,17.35720515
2026-01-11 19:45:00+00:00,2680.0,2682.94,2677.71,2682.1,13.78623282
2026-01-11 20:00:00+00:00,2682.02,2682.03,2667.8,2672.24,66.35183484
2026-01-11 20:15:00+00:00,2670.35,2670.35,2663.52,2666.7,51.94342727
2026-01-11 20:30:00+00:00,2665.2,2670.58,2663.82,2669.22,26.07261559
2026-01-11 20:45:00+00:00,2669.7,2675.38,2669.7,2674.42,30.04628033
2026-01-11 21:00:00+00:00,2673.4,2673.4,2668.87,2672.5,8.11269485
2026-01-11 21:15:00+00:00,2672.34,2676.3,2672.34,2673.49,14.01536676
2026-01-11 21:30:00+00:00,2674.0,2676.78,2672.99,2674.68,8.56342122
2026-01-11 21:45:00+00:00,2674.37,2684.48,2673.32,2680.17,38.67134627
2026-01-11 22:00:00+00:00,2679.35,2679.35,2668.8,2672.01,18.17526977
2026-01-11 22:15:00+00:00,2673.67,2676.56,2670.59,2674.69,2.8085436
2026-01-11 22:30:00+00:00,2674.01,2676.31,2672.11,2676.01,7.5048085
2026-01-11 22:45:00+00:00,2675.93,2676.92,2671.11,2671.11,11.66985739
2026-01-11 23:00:00+00:00,2670.27,2671.85,2656.76,2671.37,94.05111223
2026-01-11 23:15:00+00:00,2672.39,2684.18,2672.39,2674.62,86.77124475
2026-01-11 23:30:00+00:00,2675.62,2681.45,2673.58,2681.26,14.96168662
2026-01-11 23:45:00+00:00,2679.83,2684.87,2679.15,2683.68,21.09068324
2026-01-12 00:00:00+00:00,2680.8,2683.57,2668.96,2674.15,62.13086868
2026-01-12 00:15:00+00:00,2672.4,2682.72,2671.98,2677.78,35.50293214
2026-01-12 00:30:00+00:00,2677.24,2679.58,2660.3,2662.25,92.14889664
2026-01-12 00:45:00+00:00,2661.4,2672.04,2653.0,2672.0,123.67919411
2026-01-12 01:00:00+00:00,2672.3,2687.02,2671.69,2679.0,114.3143516
2026-01-12 01:15:00+00:00,2674.5,2681.31,2673.5,2681.31,19.20571705
2026-01-12 01:30:00+00:00,2681.6,2681.72,2667.8,2676.56,12.20502305
2026-01-12 01:45:00+00:00,2677.66,2682.09,2677.24,2677.56,81.74154448
2026-01-12 02:00:00+00:00,2677.3,2692.3,2676.34,2691.5,56.50320977
2026-01-12 02:15:00+00:00,2692.6,2701.64,2689.25,2696.15,147.66343221
2026-01-12 02:30:00+00:00,2695.77,2700.01,2692.23,2698.18,27.63486083
2026-01-12 02:45:00+00:00,2699.52,2713.8,2699.52,2705.65,82.7405453
2026-01-12 03:00:00+00:00,2708.9,2716.4,2701.7,2715.39,55.36225811
2026-01-12 03:15:00+00:00,2714.81,2716.85,2711.09,2712.44,33.80250153
2026-01-12 03:30:00+00:00,2711.2,2711.48,2703.25,2703.95,49.91110624
2026-01-12 03:45:00+00:00,2703.95,2705.0,2700.9,2700.9,42.10611803
2026-01-12 04:00:00+00:00,2702.6,2707.02,2698.63,2707.02,27.38976514
2026-01-12 04:15:00+00:00,2707.45,2707.45,2703.46,2703.46,11.6408
2026-01-12 04:30:00+00:00,2704.05,2709.96,2703.16,2707.07,0.75518392
2026-01-12 04:45:00+00:00,2709.18,2710.61,2706.8,2707.19,5.69150198
2026-01-12 05:00:00+00:00,2706.57,2708.09,2703.5,2706.16,17.22205788
2026-01-12 05:15:00+00:00,2705.1,2711.3,2704.3,2710.27,21.79597016
2026-01-12 05:30:00+00:00,2711.13,2711.36,2702.5,2705.13,32.96548843
2026-01-12 05:45:00+00:00,2704.75,2705.22,2702.67,2703.29,4.86465826
2026-01-12 06:00:00+00:00,2703.6,2709.8,2701.85,2707.66,22.21775977
2026-01-12 06:15:00+00:00,2708.09,2708.83,2701.7,2702.73,9.11716618
2026-01-12 06:30:00+00:00,2702.77,2704.04,2699.41,2703.61,17.98475025
2026-01-12 06:45:00+00:00,2703.99,2703.99,2698.63,2700.2,8.63774407
2026-01-12 07:00:00+00:00,2700.59,2704.43,2699.1,2701.94,17.39287726
2026-01-12 07:15:00+00:00,2701.16,2702.76,2697.14,2699.99,13.284626
2026-01-12 07:30:00+00:00,2700.4,2700.4,2686.04,2686.94,72.04654575
2026-01-12 07:45:00+00:00,2688.62,2688.62,2679.8,2680.2,61.98688105
2026-01-12 08:00:00+00:00,2680.18,2688.1,2678.7,2685.8,40.97220784
2026-01-12 08:15:00+00:00,2685.75,2691.38,2683.96,2685.25,17.69717684
2026-01-12 08:30:00+00:00,2684.8,2684.8,2658.0,2658.54,226.37665364
2026-01-12 08:45:00+00:00,2658.0,2665.9,2652.61,2663.6,85.06677135
2026-01-12 09:00:00+00:00,2663.55,2666.23,2660.25,2665.14,18.72912566
2026-01-12 09:15:00+00:00,2664.96,2669.6,2663.28,2664.59,23.07971295
2026-01-12 09:30:00+00:00,2662.91,2668.92,2662.8,2667.79,80.77843127
2026-01-12 09:45:00+00:00,2667.29,2668.62,2664.0,2664.48,24.43426393
2026-01-12 10:00:00+00:00,2665.58,2667.82,2659.14,2663.49,44.15030565
2026-01-12 10:15:00+00:00,2662.11,2664.8,2661.0,2663.81,7.71804964
2026-01-12 10:30:00+00:00,2663.84,2666.12,2661.01,2661.71,5.8026924
2026-01-12 10:45:00+00:00,2661.16,2662.3,2654.4,2656.97,25.51858846
2026-01-12 11:00:00+00:00,2657.4,2661.52,2657.2,2661.25,20.30093503
2026-01-12 11:15:00+00:00,2661.68,2668.6,2659.98,2665.58,49.21956645
2026-01-12 11:30:00+00:00,2665.9,2667.99,2662.6,2663.34,14.88344807
2026-01-12 11:45:00+00:00,2663.47,2666.93,2663.47,2666.33,12.29115584
2026-01-12 12:00:00+00:00,2665.13,2669.52,2664.56,2666.87,9.58347756
2026-01-12 12:15:00+00:00,2667.63,2671.43,2667.63,2668.32,25.73067843
2026-01-12 12:30:00+00:00,2667.92,2668.3,2662.0,2664.32,42.54629521
2026-01-12 12:45:00+00:00,2665.4,2668.4,2663.38,2666.55,46.20794092
2026-01-12 13:00:00+00:00,2665.52,2667.95,2654.94,2655.27,72.66308403
2026-01-12 13:15:00+00:00,2655.74,2659.38,2655.13,2658.1,24.10772948
2026-01-12 13:30:00+00:00,2658.1,2662.4,2656.53,2657.5,10.13317612
2026-01-12 13:45:00+00:00,2657.4,2659.6,2653.81,2656.77,8.33363553
2026-01-12 14:00:00+00:00,2656.0,2658.91,2654.75,2658.34,43.35055534
2026-01-12 14:15:00+00:00,2657.96,2658.74,2621.4,2633.0,457.60954874
2026-01-12 14:30:00+00:00,2633.0,2667.4,2632.1,2655.57,361.40485854
2026-01-12 14:45:00+00:00,2654.15,2662.3,2647.25,2655.43,31.79022849
2026-01-12 15:00:00+00:00,2656.71,2656.71,2647.25,2652.18,44.56348581
2026-01-12 15:15:00+00:00,2652.23,2675.8,2650.69,2669.67,100.42142004
2026-01-12 15:30:00+00:00,2668.97,2680.05,2665.5,2676.03,66.33397753
2026-01-12 15:45:00+00:00,2675.11,2677.3,2670.24,2677.3,47.33299714
2026-01-12 16:00:00+00:00,2677.04,2684.21,2673.53,2679.98,108.00421122
2026-01-12 16:15:00+00:00,2681.77,2691.15,2669.8,2689.77,99.65187377
2026-01-12 16:30:00+00:00,2689.91,2692.12,2678.25,2679.62,77.77931348
2026-01-12 16:45:00+00:00,2679.05,2683.2,2674.11,2679.11,18.84070253
2026-01-12 17:00:00+00:00,2679.8,2685.84,2674.5,2677.8,16.81778077
2026-01-12 17:15:00+00:00,2678.6,2681.31,2663.83,2666.76,45.87183329
2026-01-12 17:30:00+00:00,2666.08,2666.68,2643.28,2653.05,216.22431741
2026-01-12 17:45:00+00:00,2652.59,2661.12,2652.32,2658.51,27.09289961
2026-01-12 18:00:00+00:00,2658.53,2668.1,2654.61,2664.05,45.79928334
2026-01-12 18:15:00+00:00,2663.32,2670.88,2662.71,2670.88,43.71982521
2026-01-12 18:30:00+00:00,2669.9,2670.41,2650.74,2657.63,111.46712921
2026-01-12 18:45:00+00:00,2657.7,2663.92,2655.5,2661.91,35.38000934
2026-01-12 19:00:00+00:00,2661.6,2662.88,2651.97,2659.47,29.3579147
2026-01-12 19:15:00+00:00,2661.86,2667.0,2660.17,2664.13,16.07715331
2026-01-12 19:30:00+00:00,2664.38,2668.24,2664.14,2666.82,20.83951642
2026-01-12 19:45:00+00:00,2666.53,2673.16,2665.3,2673.16,62.01500738
2026-01-12 20:00:00+00:00,2671.04,2677.35,2670.39,2672.51,55.61258164
2026-01-12 20:15:00+00:00,2671.71,2671.71,2661.85,2664.66,33.86512364
2026-01-12 20:30:00+00:00,2663.29,2663.29,2656.72,2658.1,25.91960656
2026-01-12 20:45:00+00:00,2657.6,2660.04,2655.87,2657.84,74.55462757
2026-01-12 21:00:00+00:00,2657.5,2661.11,2649.17,2659.21,53.91203664
2026-01-12 21:15:00+00:00,2658.62,2659.26,2653.5,2653.97,21.79539093
2026-01-12 21:30:00+00:00,2654.48,2655.52,2651.8,2653.25,8.30324342
2026-01-12 21:45:00+00:00,2652.57,2653.25,2642.29,2648.67,56.51728273
2026-01-12 22:00:00+00:00,2649.46,2660.08,2649.46,2658.19,37.62081481
2026-01-12 22:15:00+00:00,2656.81,2658.29,2651.73,2651.73,10.16216864
2026-01-12 22:30:00+00:00,2651.47,2658.84,2651.47,2658.39,44.47825535
2026-01-12 22:45:00+00:00,2656.66,2656.66,2650.54,2650.54,43.46439748
2026-01-12 23:00:00+00:00,2651.23,2653.23,2645.0,2647.48,88.56995334
2026-01-12 23:15:00+00:00,2647.32,2652.97,2645.85,2652.58,12.25505539
2026-01-12 23:30:00+00:00,2652.55,2653.59,2647.41,2650.99,20.02815412
2026-01-12 23:45:00+00:00,2649.51,2651.05,2648.59,2650.57,9.65082079
2026-01-13 00:00:00+00:00,2650.23,2662.36,2649.1,2655.53,106.95293431
2026-01-13 00:15:00+00:00,2655.71,2660.52,2654.66,2660.4,8.79003185
2026-01-13 00:30:00+00:00,2658.15,2662.0,2654.58,2656.32,20.24049035
2026-01-13 00:45:00+00:00,2657.8,2664.0,2657.35,2663.14,3.92766209
2026-01-13 01:00:00+00:00,2664.0,2667.84,2661.71,2664.59,5.38526978
2026-01-13 01:15:00+00:00,2663.91,2664.08,2656.3,2658.69,16.99241088
2026-01-13 01:30:00+00:00,2659.09,2659.09,2649.59,2650.74,9.87671143
2026-01-13 01:45:00+00:00,2652.4,2654.3,2651.99,2652.71,2.30683165
2026-01-13 02:00:00+00:00,2654.66,2661.97,2654.66,2659.6,20.05286062
2026-01-13 02:15:00+00:00,2660.78,2661.36,2658.0,2660.61,0.31422738
2026-01-13 02:30:00+00:00,2659.99,2661.51,2656.41,2656.62,8.76030604
2026-01-13 02:45:00+00:00,2656.39,2660.92,2655.09,2656.22,6.16143703
2026-01-13 03:00:00+00:00,2659.2,2664.76,2657.57,2664.07,54.23078459
2026-01-13 03:15:00+00:00,2665.1,2670.9,2661.0,2668.56,15.90243258
2026-01-13 03:30:00+00:00,2667.94,2670.54,2664.82,2668.95,32.29677108
2026-01-13 03:45:00+00:00,2668.2,2670.55,2667.23,2670.33,3.50121385
2026-01-13 04:00:00+00:00,2670.78,2674.11,2669.89,2674.01,1.4033448
2026-01-13 04:15:00+00:00,2673.55,2674.28,2667.0,2668.85,11.88911801
2026-01-13 04:30:00+00:00,2668.53,2669.6,2666.2,2669.27,1.98831499
2026-01-13 04:45:00+00:00,2669.7,2675.0,2668.88,2674.44,0.56058045
2026-01-13 05:00:00+00:00,2675.7,2683.13,2674.56,2681.9,17.90603152
2026-01-13 05:15:00+00:00,2682.25,2693.72,2681.24,2688.62,56.64225848
2026-01-13 05:30:00+00:00,2688.67,2690.39,2682.84,2685.25,30.84747138
2026-01-13 05:45:00+00:00,2685.42,2688.97,2680.58,2681.94,33.76109
2026-01-13 06:00:00+00:00,2681.71,2686.16,2676.58,2680.5,124.3491774
2026-01-13 06:15:00+00:00,2680.33,2685.39,2680.33,2682.3,30.24055448
2026-01-13 06:30:00+00:00,2682.21,2687.02,2681.17,2681.26,15.2338827
2026-01-13 06:45:00+00:00,2681.85,2689.59,2681.35,2686.7,21.42733488
2026-01-13 07:00:00+00:00,2686.97,2686.97,2681.81,2683.04,15.97881503
2026-01-13 07:15:00+00:00,2682.77,2682.77,2677.74,2680.24,21.5825192
2026-01-13 07:30:00+00:00,2680.33,2680.33,2676.65,2677.48,11.02327664
2026-01-13 07:45:00+00:00,2677.7,2677.7,2674.5,2674.53,13.4161235
2026-01-13 08:00:00+00:00,2674.61,2681.67,2674.61,2678.4,15.75187145
2026-01-13 08:15:00+00:00,2678.42,2681.7,2678.41,2679.27,10.58078651
2026-01-13 08:30:00+00:00,2678.86,2683.78,2678.39,2683.78,8.94656182
2026-01-13 08:45:00+00:00,2682.87,2688.13,2682.5,2685.99,6.89459589
2026-01-13 09:00:00+00:00,2685.3,2691.89,2683.8,2690.55,41.46097731
2026-01-13 09:15:00+00:00,2691.21,2696.39,2687.71,2691.41,81.94325185
2026-01-13 09:30:00+00:00,2691.64,2693.18,2679.28,2683.0,54.41617162
2026-01-13 09:45:00+00:00,2683.2,2689.3,2683.2,2687.83,20.67951802
2026-01-13 10:00:00+00:00,2687.58,2689.05,2684.32,2684.54,7.99587165
2026-01-13 10:15:00+00:00,2684.61,2688.1,2683.33,2688.1,7.49014843
2026-01-13 10:30:00+00:00,2688.42,2688.49,2680.31,2681.48,11.89869598
2026-01-13 10:45:00+00:00,2681.7,2684.68,2679.71,2684.68,9.35250777
2026-01-13 11:00:00+00:00,2684.39,2687.4,2681.8,2684.81,9.02799855
2026-01-13 11:15:00+00:00,2685.47,2687.0,2683.92,2685.81,17.39016329
2026-01-13 11:30:00+00:00,2684.87,2685.08,2682.74,2683.06,4.7432873
2026-01-13 11:45:00+00:00,2682.1,2687.4,2681.32,2683.4,17.24912463
2026-01-13 12:00:00+00:00,2683.99,2687.1,2680.01,2681.5,34.29172171
2026-01-13 12:15:00+00:00,2681.08,2684.93,2680.7,2683.58,12.56488606
2026-01-13 12:30:00+00:00,2683.99,2688.04,2683.15,2686.24,16.64885753
2026-01-13 12:45:00+00:00,2686.18,2687.34,2684.42,2686.22,13.04103716
2026-01-13 13:00:00+00:00,2687.33,2690.0,2683.17,2688.58,92.51288786
2026-01-13 13:15:00+00:00,2688.24,2694.0,2687.93,2692.83,61.7747177
2026-01-13 13:30:00+00:00,2693.75,2706.84,2687.07,2692.32,1170.21177508
2026-01-13 13:45:00+00:00,2692.49,2697.23,2689.68,2691.43,58.4545787
2026-01-13 14:00:00+00:00,2691.11,2691.16,2680.62,2688.78,167.31010261
2026-01-13 14:15:00+00:00,2690.08,2703.12,2689.81,2703.12,51.75723297
2026-01-13 14:30:00+00:00,2700.6,2710.89,2696.09,2706.5,124.35225813
2026-01-13 14:45:00+00:00,2706.24,2709.02,2694.22,2694.26,108.29748649
2026-01-13 15:00:00+00:00,2694.22,2699.0,2685.02,2696.85,57.04122974
2026-01-13 15:15:00+00:00,2697.28,2697.59,2688.83,2696.27,21.85384601
2026-01-13 15:30:00+00:00,2696.7,2720.28,2696.7,2711.79,80.87909357
2026-01-13 15:45:00+00:00,2713.5,2736.21,2705.29,2731.5,245.70178313
2026-01-13 16:00:00+00:00,2731.75,2740.91,2728.4,2728.96,312.25495893
2026-01-13 16:15:00+00:00,2727.3,2734.59,2723.87,2725.79,257.40856257
2026-01-13 16:30:00+00:00,2725.89,2742.37,2725.18,2735.81,79.40364864
2026-01-13 16:45:00+00:00,2735.99,2741.0,2728.61,2729.68,41.15880605
2026-01-13 17:00:00+00:00,2730.12,2734.43,2725.38,2730.33,78.41033203
2026-01-13 17:15:00+00:00,2730.7,2734.54,2724.0,2733.29,71.74810464
2026-01-13 17:30:00+00:00,2733.76,2733.87,2723.99,2729.06,88.36530537
2026-01-13 17:45:00+00:00,2728.71,2735.4,2728.07,2729.16,72.68528945
2026-01-13 18:00:00+00:00,2727.8,2739.5,2727.3,2737.98,77.18740329
2026-01-13 18:15:00+00:00,2738.7,2745.81,2736.73,2739.55,114.00756856
2026-01-13 18:30:00+00:00,2740.4,2744.51,2738.01,2742.86,23.6507726
2026-01-13 18:45:00+00:00,2743.78,2757.9,2741.9,2746.33,183.89791591
2026-01-13 19:00:00+00:00,2746.02,2747.22,2738.17,2740.01,23.9197487
2026-01-13 19:15:00+00:00,2740.74,2749.44,2738.5,2749.44,64.83710789
2026-01-13 19:30:00+00:00,2748.92,2762.36,2748.92,2751.2,98.71573378
2026-01-13 19:45:00+00:00,2751.13,2760.0,2750.76,2759.49,81.51010233
2026-01-13 20:00:00+00:00,2760.0,2763.0,2754.14,2757.81,69.75474957
2026-01-13 20:15:00+00:00,2757.53,2760.51,2753.41,2755.03,69.49426146
2026-01-13 20:30:00+00:00,2755.22,2756.28,2739.2,2745.05,146.10994493
2026-01-13 20:45:00+00:00,2746.6,2751.65,2744.36,2751.23,106.64228559
2026-01-13 21:00:00+00:00,2751.03,2757.93,2746.97,2753.66,103.50262829
2026-01-13 21:15:00+00:00,2753.2,2762.25,2753.15,2756.81,115.33766203
2026-01-13 21:30:00+00:00,2757.44,2760.8,2755.25,2755.63,40.99267161
2026-01-13 21:45:00+00:00,2756.36,2757.9,2753.9,2755.66,33.11912341
2026-01-13 22:00:00+00:00,2756.65,2892.3,2756.4,2849.6,3209.6265424
2026-01-13 22:15:00+00:00,2850.01,2861.75,2830.62,2845.37,521.94566009
2026-01-13 22:30:00+00:00,2846.6,2865.49,2842.19,2859.97,376.69423446
2026-01-13 22:45:00+00:00,2860.81,2868.71,2850.28,2856.99,405.55611336
2026-01-13 23:00:00+00:00,2860.0,2872.05,2854.19,2863.04,371.96365611
2026-01-13 23:15:00+00:00,2863.17,2863.88,2850.04,2853.64,101.87156184
2026-01-13 23:30:00+00:00,2853.81,2856.24,2843.73,2854.0,111.47996155
2026-01-13 23:45:00+00:00,2853.14,2855.0,2845.5,2853.6,46.45579243
2026-01-14 00:00:00+00:00,2852.5,2863.9,2852.5,2861.52,105.76388226
2026-01-14 00:15:00+00:00,2861.04,2863.61,2854.94,2856.02,43.70437903
2026-01-14 00:30:00+00:00,2856.11,2856.11,2846.37,2849.01,26.20057282
2026-01-14 00:45:00+00:00,2847.66,2855.0,2844.7,2852.1,23.23445732
2026-01-14 01:00:00+00:00,2852.23,2862.42,2851.0,2862.26,61.18933297
2026-01-14 01:15:00+00:00,2861.56,2871.32,2857.57,2864.6,38.78626974
2026-01-14 01:30:00+00:00,2864.62,2869.15,2855.81,2858.36,62.82409862
2026-01-14 01:45:00+00:00,2858.09,2866.42,2854.9,2863.96,45.69373711
2026-01-14 02:00:00+00:00,2863.36,2882.99,2862.15,2875.8,110.10520099
2026-01-14 02:15:00+00:00,2875.32,2877.13,2862.51,2865.04,32.65669937
2026-01-14 02:30:00+00:00,2862.22,2866.26,2861.23,2862.76,64.05304416
2026-01-14 02:45:00+00:00,2862.33,2864.03,2849.62,2854.86,190.88773225
2026-01-14 03:00:00+00:00,2854.65,2855.36,2849.66,2852.68,53.54576498
2026-01-14 03:15:00+00:00,2852.21,2856.54,2851.31,2852.94,32.10325755
2026-01-14 03:30:00+00:00,2852.56,2864.52,2852.56,2863.97,38.3525645
2026-01-14 03:45:00+00:00,2864.14,2875.76,2863.23,2875.5,97.85103767
2026-01-14 04:00:00+00:00,2875.5,2886.57,2866.73,2867.99,204.92159657
2026-01-14 04:15:00+00:00,2867.81,2871.96,2866.89,2870.8,97.00129567
2026-01-14 04:30:00+00:00,2870.08,2870.7,2863.73,2864.89,96.92377318
2026-01-14 04:45:00+00:00,2864.46,2866.26,2861.82,2865.54,47.71912577
2026-01-14 05:00:00+00:00,2865.42,2865.52,2860.76,2862.29,55.91484268
2026-01-14 05:15:00+00:00,2862.93,2864.2,2854.2,2855.97,53.23091806
2026-01-14 05:30:00+00:00,2855.05,2866.07,2853.75,2860.15,77.50306752
2026-01-14 05:45:00+00:00,2860.88,2864.22,2857.0,2858.72,19.62368254
2026-01-14 06:00:00+00:00,2858.72,2858.72,2851.46,2856.1,82.57022491
2026-01-14 06:15:00+00:00,2857.52,2857.52,2850.1,2850.41,50.70590101
2026-01-14 06:30:00+00:00,2850.51,2860.23,2850.14,2859.73,93.89228822
2026-01-14 06:45:00+00:00,2860.94,2862.31,2858.1,2859.57,40.21671629
2026-01-14 07:00:00+00:00,2860.24,2866.94,2858.2,2858.93,79.4108328
2026-01-14 07:15:00+00:00,2859.0,2863.5,2856.93,2858.44,90.48926784
2026-01-14 07:30:00+00:00,2858.49,2858.49,2854.68,2856.81,45.44885506
2026-01-14 07:45:00+00:00,2856.7,2863.47,2856.2,2861.55,49.08348726
2026-01-14 08:00:00+00:00,2861.68,2866.9,2861.09,2866.22,52.15042201
2026-01-14 08:15:00+00:00,2867.32,2867.95,2862.98,2863.42,17.36175467
2026-01-14 08:30:00+00:00,2863.2,2863.92,2854.7,2855.97,31.78411107
2026-01-14 08:45:00+00:00,2855.55,2857.95,2854.76,2854.9,42.52311784
2026-01-14 09:00:00+00:00,2854.77,2859.3,2854.77,2858.2,29.22700516
2026-01-14 09:15:00+00:00,2857.07,2860.74,2855.77,2858.47,82.80243675
2026-01-14 09:30:00+00:00,2859.01,2861.28,2856.8,2857.25,18.91137141
2026-01-14 09:45:00+00:00,2856.81,2857.75,2851.7,2854.8,35.32723083
2026-01-14 10:00:00+00:00,2855.4,2858.74,2853.89,2858.67,18.01877552
2026-01-14 10:15:00+00:00,2858.9,2860.36,2837.12,2843.59,297.78501456
2026-01-14 10:30:00+00:00,2842.58,2845.32,2832.57,2840.86,100.39105627
2026-01-14 10:45:00+00:00,2841.51,2846.38,2840.92,2841.06,63.12352725
2026-01-14 11:00:00+00:00,2841.22,2841.86,2825.62,2829.82,117.68653407
2026-01-14 11:15:00+00:00,2827.78,2830.66,2823.67,2829.17,79.30255537
2026-01-14 11:30:00+00:00,2829.03,2831.25,2819.36,2822.15,59.51667386
2026-01-14 11:45:00+00:00,2822.49,2823.6,2816.99,2819.41,151.71332394
2026-01-14 12:00:00+00:00,2818.96,2829.41,2813.81,2828.07,61.0598353
2026-01-14 12:15:00+00:00,2828.03,2830.55,2825.51,2827.4,15.39707094
2026-01-14 12:30:00+00:00,2828.3,2831.59,2823.6,2828.53,37.66578987
2026-01-14 12:45:00+00:00,2827.5,2828.52,2826.1,2826.43,35.12658642
2026-01-14 13:00:00+00:00,2827.03,2827.52,2820.98,2824.81,29.65956749
2026-01-14 13:15:00+00:00,2825.58,2838.1,2824.92,2836.77,212.16319757
2026-01-14 13:30:00+00:00,2837.74,2838.59,2830.78,2832.93,79.11159443
2026-01-14 13:45:00+00:00,2833.28,2834.68,2828.5,2834.2,28.80980402
2026-01-14 14:00:00+00:00,2834.26,2842.66,2833.39,2841.16,49.76821033
2026-01-14 14:15:00+00:00,2840.77,2866.0,2839.94,2845.59,397.45173856
2026-01-14 14:30:00+00:00,2843.7,2857.4,2838.18,2849.19,149.1298045
2026-01-14 14:45:00+00:00,2850.2,2880.92,2850.2,2872.85,496.64575083
2026-01-14 15:00:00+00:00,2872.85,2886.06,2855.0,2883.02,390.17026915
2026-01-14 15:15:00+00:00,2882.78,2883.77,2874.43,2876.39,100.09700202
2026-01-14 15:30:00+00:00,2875.16,2884.0,2862.4,2862.4,140.94204212
2026-01-14 15:45:00+00:00,2864.0,2872.68,2859.16,2869.78,79.34478452
2026-01-14 16:00:00+00:00,2870.7,2893.89,2869.51,2890.32,236.05562766
2026-01-14 16:15:00+00:00,2890.35,2897.24,2884.15,2895.94,127.7187341
2026-01-14 16:30:00+00:00,2896.34,2920.61,2891.95,2906.11,594.10530125
2026-01-14 16:45:00+00:00,2905.88,2910.63,2884.86,2892.25,537.43498056
2026-01-14 17:00:00+00:00,2891.8,2902.39,2887.1,2899.17,280.76549108
2026-01-14 17:15:00+00:00,2897.7,2902.11,2892.38,2894.53,194.23632836
2026-01-14 17:30:00+00:00,2893.84,2893.85,2866.71,2879.35,435.1800285
2026-01-14 17:45:00+00:00,2879.18,2886.83,2866.33,2870.41,308.8731625
2026-01-14 18:00:00+00:00,2869.48,2879.18,2865.59,2869.76,170.28208088
2026-01-14 18:15:00+00:00,2868.59,2878.45,2856.24,2877.71,75.54258737
2026-01-14 18:30:00+00:00,2877.54,2879.9,2851.79,2852.71,163.99967966
2026-01-14 18:45:00+00:00,2851.77,2871.88,2848.3,2868.89,171.97925246
2026-01-14 19:00:00+00:00,2869.23,2879.9,2863.3,2879.9,310.1932647
2026-01-14 19:15:00+00:00,2879.9,2917.09,2878.04,2913.96,493.52345465
2026-01-14 19:30:00+00:00,2914.51,2922.0,2889.58,2896.25,256.71408846
2026-01-14 19:45:00+00:00,2895.4,2906.3,2888.86,2894.24,97.7839092
2026-01-14 20:00:00+00:00,2893.21,2914.97,2887.85,2904.85,194.20752298
2026-01-14 20:15:00+00:00,2904.16,2904.17,2888.46,2890.77,46.23466988
2026-01-14 20:30:00+00:00,2891.59,2904.86,2891.52,2899.86,137.84365327
2026-01-14 20:45:00+00:00,2899.44,2907.0,2893.0,2907.0,66.7372427
2026-01-14 21:00:00+00:00,2903.22,2904.66,2892.24,2894.26,54.89176078
2026-01-14 21:15:00+00:00,2893.51,2900.29,2889.42,2897.29,49.2275734
2026-01-14 21:30:00+00:00,2897.21,2902.8,2894.94,2895.96,114.58304361
2026-01-14 21:45:00+00:00,2895.77,2899.0,2884.42,2897.51,95.45496867
2026-01-14 22:00:00+00:00,2895.78,2899.41,2888.96,2888.96,81.29080358
2026-01-14 22:15:00+00:00,2889.14,2893.68,2885.76,2887.9,117.04008641
2026-01-14 22:30:00+00:00,2886.21,2887.23,2874.8,2879.04,117.10042317
2026-01-14 22:45:00+00:00,2879.17,2886.18,2871.93,2876.24,123.97877152
2026-01-14 23:00:00+00:00,2876.53,2889.21,2875.75,2888.1,42.31369898
2026-01-14 23:15:00+00:00,2888.7,2893.53,2882.05,2882.73,23.51580619
2026-01-14 23:30:00+00:00,2882.36,2882.74,2876.91,2880.42,37.44463764
2026-01-14 23:45:00+00:00,2880.55,2884.46,2880.17,2880.72,36.62303856
2026-01-15 00:00:00+00:00,2881.21,2882.0,2871.79,2876.42,37.65317374
2026-01-15 00:15:00+00:00,2875.69,2876.21,2866.65,2869.2,18.03099068
2026-01-15 00:30:00+00:00,2870.7,2870.77,2861.47,2864.02,31.30204615
2026-01-15 00:45:00+00:00,2864.67,2865.81,2857.64,2862.66,171.00692801
2026-01-15 01:00:00+00:00,2862.99,2872.34,2862.99,2865.4,28.1734488
2026-01-15 01:15:00+00:00,2864.14,2865.5,2856.0,2858.4,12.30604449
2026-01-15 01:30:00+00:00,2859.2,2864.04,2851.24,2860.19,76.44048713
2026-01-15 01:45:00+00:00,2860.8,2861.09,2855.1,2857.39,46.96696927
2026-01-15 02:00:00+00:00,2856.68,2863.57,2853.39,2853.39,3.39456463
2026-01-15 02:15:00+00:00,2853.11,2859.08,2852.78,2856.58,7.91361067
2026-01-15 02:30:00+00:00,2858.3,2858.3,2840.87,2850.77,94.43452554
2026-01-15 02:45:00+00:00,2850.23,2850.23,2844.4,2847.54,3.33818197
2026-01-15 03:00:00+00:00,2847.59,2850.55,2843.96,2850.55,7.04628963
2026-01-15 03:15:00+00:00,2850.8,2853.83,2827.25,2827.77,172.9750708
2026-01-15 03:30:00+00:00,2827.35,2833.28,2814.0,2821.59,207.78329118
2026-01-15 03:45:00+00:00,2821.54,2826.5,2818.55,2823.24,84.84843476
2026-01-15 04:00:00+00:00,2822.19,2831.53,2821.64,2831.44,19.07717474
2026-01-15 04:15:00+00:00,2831.34,2841.06,2829.67,2835.11,34.7734071
2026-01-15 04:30:00+00:00,2836.7,2839.91,2836.7,2839.91,91.50007764
2026-01-15 04:45:00+00:00,2840.8,2843.29,2838.32,2839.64,22.11355576
2026-01-15 05:00:00+00:00,2840.4,2847.7,2839.95,2842.75,152.5928819
2026-01-15 05:15:00+00:00,2843.0,2846.57,2841.99,2841.99,17.39701309
2026-01-15 05:30:00+00:00,2842.46,2845.7,2839.6,2845.42,26.32336185
2026-01-15 05:45:00+00:00,2845.73,2849.04,2845.41,2845.55,32.18067594
2026-01-15 06:00:00+00:00,2844.61,2850.73,2844.61,2849.27,45.17091292
2026-01-15 06:15:00+00:00,2850.6,2857.3,2850.24,2853.43,50.80935733
2026-01-15 06:30:00+00:00,2854.1,2854.1,2846.87,2847.61,25.81390194
2026-01-15 06:45:00+00:00,2846.68,2852.42,2846.2,2851.28,11.88048986
2026-01-15 07:00:00+00:00,2851.45,2853.63,2849.05,2853.12,33.52320019
2026-01-15 07:15:00+00:00,2852.77,2862.57,2852.77,2860.4,50.533391
2026-01-15 07:30:00+00:00,2859.41,2867.57,2857.57,2862.69,44.10968524
2026-01-15 07:45:00+00:00,2864.48,2868.59,2861.49,2863.61,59.80660316
2026-01-15 08:00:00+00:00,2864.51,2865.66,2857.36,2859.03,18.94525278
2026-01-15 08:15:00+00:00,2859.9,2862.42,2856.31,2856.31,34.56079938
2026-01-15 08:30:00+00:00,2856.64,2861.2,2854.15,2861.19,19.04722466
2026-01-15 08:45:00+00:00,2861.22,2871.08,2861.22,2869.89,101.82001488
2026-01-15 09:00:00+00:00,2869.46,2870.22,2864.13,2864.76,18.69156603
2026-01-15 09:15:00+00:00,2863.6,2879.04,2863.33,2876.36,37.62769323
2026-01-15 09:30:00+00:00,2875.64,2896.72,2872.93,2896.22,237.9390314
2026-01-15 09:45:00+00:00,2896.72,2900.0,2889.99,2893.6,139.30684428
2026-01-15 10:00:00+00:00,2894.1,2895.12,2886.57,2891.24,79.82528993
2026-01-15 10:15:00+00:00,2890.9,2903.0,2890.0,2892.17,99.41856129
2026-01-15 10:30:00+00:00,2892.56,2896.58,2890.51,2893.59,21.13477768
2026-01-15 10:45:00+00:00,2893.36,2896.0,2889.64,2890.55,81.96048874
2026-01-15 11:00:00+00:00,2890.48,2892.02,2884.29,2885.75,57.49356529
2026-01-15 11:15:00+00:00,2885.57,2891.01,2884.44,2888.78,26.02097006
2026-01-15 11:30:00+00:00,2890.04,2890.9,2877.5,2879.7,81.93867954
2026-01-15 11:45:00+00:00,2881.09,2881.79,2877.92,2880.17,11.56627794
2026-01-15 12:00:00+00:00,2879.0,2884.4,2878.0,2884.26,25.00862715
2026-01-15 12:15:00+00:00,2884.1,2884.1,2874.7,2875.52,15.78540888
2026-01-15 12:30:00+00:00,2874.63,2886.76,2874.41,2885.9,23.56344706
2026-01-15 12:45:00+00:00,2887.2,2900.75,2886.13,2898.45,92.28124901
2026-01-15 13:00:00+00:00,2899.77,2899.95,2891.1,2891.1,43.56296675
2026-01-15 13:15:00+00:00,2893.27,2902.2,2892.88,2901.41,56.01962533
2026-01-15 13:30:00+00:00,2902.2,2907.09,2890.89,2902.38,124.61249679
2026-01-15 13:45:00+00:00,2903.7,2915.76,2902.69,2905.79,91.01536665
2026-01-15 14:00:00+00:00,2905.73,2914.27,2905.34,2913.03,90.34023916
2026-01-15 14:15:00+00:00,2913.1,2913.11,2899.0,2900.83,66.81039248
2026-01-15 14:30:00+00:00,2900.65,2904.25,2873.35,2873.35,168.71406772
2026-01-15 14:45:00+00:00,2873.47,2894.9,2863.8,2880.3,151.35992228
2026-01-15 15:00:00+00:00,2881.74,2892.1,2874.2,2886.12,53.39071384
2026-01-15 15:15:00+00:00,2887.4,2889.67,2867.9,2873.05,50.38742839
2026-01-15 15:30:00+00:00,2870.03,2879.9,2859.11,2865.07,76.92694316
2026-01-15 15:45:00+00:00,2866.04,2871.0,2830.62,2871.0,640.25751279
2026-01-15 16:00:00+00:00,2868.62,2873.34,2852.98,2857.74,136.61392925
2026-01-15 16:15:00+00:00,2856.14,2865.92,2853.45,2855.38,27.95830148
2026-01-15 16:30:00+00:00,2857.89,2867.23,2854.19,2865.65,33.8723664
2026-01-15 16:45:00+00:00,2863.72,2871.68,2863.46,2870.38,16.78327554
2026-01-15 17:00:00+00:00,2868.8,2874.92,2857.51,2858.46,60.34995483
2026-01-15 17:15:00+00:00,2859.19,2865.61,2854.2,2865.61,25.6924207
2026-01-15 17:30:00+00:00,2866.5,2870.37,2863.1,2869.19,75.1607595
2026-01-15 17:45:00+00:00,2868.71,2870.68,2840.0,2843.53,170.31041028
2026-01-15 18:00:00+00:00,2843.92,2845.74,2830.0,2837.41,157.8363548
2026-01-15 18:15:00+00:00,2837.07,2845.1,2831.76,2842.61,124.05657735
2026-01-15 18:30:00+00:00,2842.36,2848.7,2818.8,2834.34,193.46615262
2026-01-15 18:45:00+00:00,2835.06,2835.88,2824.63,2831.75,26.09135496
2026-01-15 19:00:00+00:00,2831.37,2837.0,2822.38,2833.23,60.66201679
2026-01-15 19:15:00+00:00,2832.49,2839.15,2827.92,2830.07,52.90778572
2026-01-15 19:30:00+00:00,2830.26,2840.12,2824.21,2829.94,71.63058666
2026-01-15 19:45:00+00:00,2830.08,2842.7,2830.08,2838.01,34.36379458
2026-01-15 20:00:00+00:00,2836.2,2847.5,2835.92,2840.88,49.71194791
2026-01-15 20:15:00+00:00,2840.65,2841.77,2829.5,2830.42,32.0918525
2026-01-15 20:30:00+00:00,2830.92,2837.6,2827.79,2828.09,103.7826781
2026-01-15 20:45:00+00:00,2828.34,2833.57,2822.83,2832.43,71.54044809
2026-01-15 21:00:00+00:00,2833.2,2840.1,2829.7,2836.35,48.07950953
2026-01-15 21:15:00+00:00,2836.47,2842.34,2836.47,2841.42,13.48176198
2026-01-15 21:30:00+00:00,2841.03,2843.6,2839.03,2842.05,14.1088334
2026-01-15 21:45:00+00:00,2843.59,2847.0,2840.34,2841.65,22.47315557
2026-01-15 22:00:00+00:00,2841.63,2847.71,2839.12,2842.14,67.40849214
2026-01-15 22:15:00+00:00,2841.7,2851.54,2839.5,2849.19,20.04007086
2026-01-15 22:30:00+00:00,2849.4,2858.86,2848.88,2850.6,72.94604002
2026-01-15 22:45:00+00:00,2850.72,2851.96,2846.32,2850.4,24.42772921
2026-01-15 23:00:00+00:00,2850.2,2852.2,2844.72,2852.2,13.6378129
2026-01-15 23:15:00+00:00,2852.23,2856.05,2851.26,2853.49,9.00457326
2026-01-15 23:30:00+00:00,2853.31,2854.46,2851.39,2854.39,10.54585422
2026-01-15 23:45:00+00:00,2854.0,2862.02,2854.0,2858.67,59.55495159
2026-01-16 00:00:00+00:00,2858.65,2862.81,2858.54,2859.33,20.31470953
2026-01-16 00:15:00+00:00,2858.5,2862.29,2858.5,2860.85,6.92468216
2026-01-16 00:30:00+00:00,2860.31,2865.91,2860.31,2863.83,12.8970898
2026-01-16 00:45:00+00:00,2862.3,2865.0,2856.94,2857.84,14.57861873
2026-01-16 01:00:00+00:00,2858.25,2858.6,2845.0,2847.46,36.30826138
2026-01-16 01:15:00+00:00,2848.28,2852.63,2848.28,2852.63,1.42678167
2026-01-16 01:30:00+00:00,2854.7,2861.3,2854.5,2855.0,1.75966686
2026-01-16 01:45:00+00:00,2854.26,2858.89,2854.26,2855.0,0.76323417
2026-01-16 02:00:00+00:00,2854.55,2854.59,2838.77,2843.43,55.25407688
2026-01-16 02:15:00+00:00,2842.42,2849.6,2835.25,2849.6,31.34903356
2026-01-16 02:30:00+00:00,2846.42,2847.3,2841.02,2841.42,2.60045301
2026-01-16 02:45:00+00:00,2842.07,2844.87,2841.97,2844.6,3.85828379
2026-01-16 03:00:00+00:00,2846.4,2848.76,2844.92,2848.06,3.34239499
2026-01-16 03:15:00+00:00,2847.47,2847.78,2843.88,2845.36,8.5544254
2026-01-16 03:30:00+00:00,2845.01,2845.01,2840.1,2841.4,4.25498769
2026-01-16 03:45:00+00:00,2840.92,2841.74,2837.11,2837.65,2.81671052
2026-01-16 04:00:00+00:00,2837.96,2840.67,2837.3,2840.67,2.0384368
2026-01-16 04:15:00+00:00,2842.0,2844.33,2840.0,2840.0,16.57345166
2026-01-16 04:30:00+00:00,2841.57,2841.57,2821.35,2827.02,164.93930657
2026-01-16 04:45:00+00:00,2827.69,2831.34,2825.22,2831.34,22.73340235
2026-01-16 05:00:00+00:00,2832.32,2837.66,2828.05,2836.38,43.43611138
2026-01-16 05:15:00+00:00,2836.36,2836.36,2832.0,2834.47,8.33642867
2026-01-16 05:30:00+00:00,2834.29,2853.63,2834.29,2851.93,74.9157799
2026-01-16 05:45:00+00:00,2850.99,2855.91,2850.45,2850.76,26.14831632
2026-01-16 06:00:00+00:00,2851.14,2852.43,2845.66,2846.38,4.66536722
2026-01-16 06:15:00+00:00,2847.3,2850.57,2845.12,2849.67,4.27649739
2026-01-16 06:30:00+00:00,2849.84,2856.66,2849.84,2856.43,18.09990594
2026-01-16 06:45:00+00:00,2857.44,2857.44,2853.62,2853.62,11.17829734
2026-01-16 07:00:00+00:00,2854.1,2855.88,2851.58,2854.96,8.98594728
2026-01-16 07:15:00+00:00,2854.15,2854.45,2848.21,2848.44,10.97177194
2026-01-16 07:30:00+00:00,2846.66,2846.93,2843.94,2844.47,34.43551251
2026-01-16 07:45:00+00:00,2844.93,2849.64,2844.93,2849.19,17.45563411
2026-01-16 08:00:00+00:00,2850.49,2858.53,2849.17,2857.83,48.59967211
2026-01-16 08:15:00+00:00,2857.7,2857.76,2854.22,2857.55,58.60482599
2026-01-16 08:30:00+00:00,2856.44,2858.3,2851.77,2856.96,43.29584281
2026-01-16 08:45:00+00:00,2854.93,2855.78,2852.71,2853.65,26.10564112
2026-01-16 09:00:00+00:00,2852.85,2855.9,2852.36,2853.0,11.55464812
2026-01-16 09:15:00+00:00,2853.18,2853.18,2847.89,2851.44,13.94439881
2026-01-16 09:30:00+00:00,2851.66,2851.89,2849.18,2850.87,8.03956255
2026-01-16 09:45:00+00:00,2850.6,2851.56,2848.45,2848.45,13.11151571
2026-01-16 10:00:00+00:00,2847.82,2849.66,2844.69,2846.99,11.73514375
2026-01-16 10:15:00+00:00,2847.12,2847.12,2844.09,2845.41,9.92042112
2026-01-16 10:30:00+00:00,2844.48,2844.49,2836.47,2840.2,25.4387477
2026-01-16 10:45:00+00:00,2839.96,2842.37,2836.2,2838.26,25.73615663
2026-01-16 11:00:00+00:00,2838.73,2841.97,2836.69,2837.32,20.15341909
2026-01-16 11:15:00+00:00,2838.44,2841.51,2834.64,2840.66,23.59638077
2026-01-16 11:30:00+00:00,2839.9,2844.29,2837.64,2839.37,9.93024238
2026-01-16 11:45:00+00:00,2839.12,2843.2,2838.4,2841.52,13.64858228
2026-01-16 12:00:00+00:00,2841.52,2845.6,2839.56,2845.6,8.45460147
2026-01-16 12:15:00+00:00,2845.86,2851.3,2844.98,2851.3,11.97799024
2026-01-16 12:30:00+00:00,2849.4,2852.88,2847.18,2851.25,3.84948346
2026-01-16 12:45:00+00:00,2851.92,2851.92,2844.35,2847.4,8.22117263
2026-01-16 13:00:00+00:00,2847.4,2849.41,2843.4,2849.41,8.95135891
2026-01-16 13:15:00+00:00,2849.97,2850.23,2844.51,2848.21,27.09751652
2026-01-16 13:30:00+00:00,2847.92,2849.4,2837.13,2844.34,14.8106857
2026-01-16 13:45:00+00:00,2843.67,2848.0,2843.67,2846.34,12.11980502
2026-01-16 14:00:00+00:00,2847.25,2852.3,2843.62,2844.01,19.62845389
2026-01-16 14:15:00+00:00,2843.65,2853.8,2842.75,2853.8,61.0557874
2026-01-16 14:30:00+00:00,2854.1,2857.15,2832.77,2837.86,95.30148034
2026-01-16 14:45:00+00:00,2836.96,2845.72,2832.9,2835.27,53.23008963
2026-01-16 15:00:00+00:00,2831.6,2848.56,2828.79,2845.54,124.85481076
2026-01-16 15:15:00+00:00,2846.49,2847.93,2826.8,2834.62,151.81677475
2026-01-16 15:30:00+00:00,2835.35,2838.2,2811.3,2820.68,338.7484212
2026-01-16 15:45:00+00:00,2820.63,2820.63,2806.17,2816.04,211.34039196
2026-01-16 16:00:00+00:00,2815.0,2821.78,2810.68,2819.4,69.33344855
2026-01-16 16:15:00+00:00,2819.8,2830.1,2810.0,2827.9,216.32904462
2026-01-16 16:30:00+00:00,2826.98,2831.04,2820.93,2828.77,77.65818492
2026-01-16 16:45:00+00:00,2828.62,2833.47,2824.59,2827.82,86.54613021
2026-01-16 17:00:00+00:00,2826.77,2826.77,2818.8,2823.6,24.16125717
2026-01-16 17:15:00+00:00,2824.5,2826.7,2815.1,2822.68,38.11129212
2026-01-16 17:30:00+00:00,2822.49,2831.89,2822.31,2831.86,24.45755241
2026-01-16 17:45:00+00:00,2830.74,2833.47,2825.11,2831.02,24.13811964
2026-01-16 18:00:00+00:00,2832.92,2835.56,2829.8,2829.8,33.49675302
2026-01-16 18:15:00+00:00,2829.25,2833.4,2827.6,2831.44,24.43808544
2026-01-16 18:30:00+00:00,2831.61,2833.7,2829.63,2830.89,18.02162893
2026-01-16 18:45:00+00:00,2831.44,2831.49,2825.81,2827.08,6.16614135
2026-01-16 19:00:00+00:00,2827.05,2827.79,2823.52,2824.43,22.84855956
2026-01-16 19:15:00+00:00,2825.02,2825.02,2819.38,2819.62,69.84362527
2026-01-16 19:30:00+00:00,2819.55,2826.59,2819.55,2823.24,16.70705238
2026-01-16 19:45:00+00:00,2822.21,2825.21,2818.78,2825.21,61.29066532
2026-01-16 20:00:00+00:00,2824.16,2825.21,2813.78,2820.9,12.73076382
2026-01-16 20:15:00+00:00,2821.2,2832.27,2819.83,2830.98,50.40547249
2026-01-16 20:30:00+00:00,2831.45,2834.27,2829.54,2834.27,63.31144402
2026-01-16 20:45:00+00:00,2834.27,2838.3,2830.8,2838.3,31.05167304
2026-01-16 21:00:00+00:00,2838.69,2844.15,2836.2,2836.2,86.3515548
2026-01-16 21:15:00+00:00,2836.43,2838.91,2834.78,2838.03,9.19820744
2026-01-16 21:30:00+00:00,2838.03,2842.78,2836.54,2840.74,5.55497633
2026-01-16 21:45:00+00:00,2840.73,2842.56,2838.92,2839.94,7.98824282
2026-01-16 22:00:00+00:00,2840.27,2840.27,2830.73,2834.82,20.75701012
2026-01-16 22:15:00+00:00,2833.54,2837.16,2833.54,2834.78,3.20642022
2026-01-16 22:30:00+00:00,2834.24,2835.65,2830.09,2832.2,37.88097852
2026-01-16 22:45:00+00:00,2834.3,2840.3,2831.8,2838.8,56.01784895
2026-01-16 23:00:00+00:00,2840.13,2841.5,2838.43,2841.45,17.34371681
2026-01-16 23:15:00+00:00,2841.52,2844.51,2840.42,2843.43,15.24686426
2026-01-16 23:30:00+00:00,2842.39,2844.13,2839.5,2840.13,8.12753532
2026-01-16 23:45:00+00:00,2840.56,2842.86,2840.56,2841.0,4.36656371
2026-01-17 00:00:00+00:00,2841.26,2841.26,2837.47,2839.31,8.7272561
2026-01-17 00:15:00+00:00,2838.86,2840.31,2837.8,2838.08,8.97734329
2026-01-17 00:30:00+00:00,2837.97,2838.32,2835.61,2838.0,3.63859894
2026-01-17 00:45:00+00:00,2837.87,2838.43,2836.6,2838.43,6.800968
2026-01-17 01:00:00+00:00,2837.73,2840.33,2836.9,2839.09,3.84988386
2026-01-17 01:15:00+00:00,2839.13,2840.76,2837.08,2837.77,4.02343983
2026-01-17 01:30:00+00:00,2838.68,2839.12,2833.47,2835.08,23.34557476
2026-01-17 01:45:00+00:00,2835.0,2836.45,2833.92,2836.36,0.26739511
2026-01-17 02:00:00+00:00,2835.98,2835.98,2832.99,2833.73,5.71388284
2026-01-17 02:15:00+00:00,2832.4,2834.09,2831.21,2832.14,4.55857905
2026-01-17 02:30:00+00:00,2831.22,2834.77,2831.22,2833.73,1.80701192
2026-01-17 02:45:00+00:00,2834.54,2838.4,2833.75,2838.4,1.06525687
2026-01-17 03:00:00+00:00,2838.57,2838.57,2836.39,2837.62,1.09414786
2026-01-17 03:15:00+00:00,2838.17,2838.26,2836.67,2836.67,0.06195848
2026-01-17 03:30:00+00:00,2835.05,2836.02,2834.87,2836.02,5.63573062
2026-01-17 03:45:00+00:00,2834.94,2838.05,2834.94,2836.02,6.34233086
2026-01-17 04:00:00+00:00,2835.1,2835.27,2833.83,2834.53,2.13464599
2026-01-17 04:15:00+00:00,2833.23,2834.66,2832.64,2834.66,26.94350648
2026-01-17 04:30:00+00:00,2833.33,2834.28,2833.33,2834.28,0.23007372
2026-01-17 04:45:00+00:00,2835.23,2838.35,2835.23,2838.26,64.50461833
2026-01-17 05:00:00+00:00,2839.34,2839.34,2836.5,2836.5,24.38603312
2026-01-17 05:15:00+00:00,2836.5,2837.69,2836.08,2837.69,0.99267998
2026-01-17 05:30:00+00:00,2837.35,2839.75,2836.66,2839.75,1.17256921
2026-01-17 05:45:00+00:00,2839.98,2839.98,2837.24,2837.4,0.84595298
2026-01-17 06:00:00+00:00,2837.21,2837.38,2834.81,2835.19,5.58158332
2026-01-17 06:15:00+00:00,2835.38,2835.49,2833.59,2835.08,5.96445513
2026-01-17 06:30:00+00:00,2835.05,2839.1,2835.05,2836.92,7.33904587
2026-01-17 06:45:00+00:00,2836.05,2837.73,2835.99,2837.53,1.02427413
2026-01-17 07:00:00+00:00,2836.48,2836.48,2834.0,2836.19,28.01575682
2026-01-17 07:15:00+00:00,2835.91,2838.86,2835.9,2838.28,5.31111832
2026-01-17 07:30:00+00:00,2838.64,2838.92,2837.14,2837.14,3.42640358
2026-01-17 07:45:00+00:00,2837.8,2837.97,2835.87,2837.86,16.59701944
2026-01-17 08:00:00+00:00,2836.88,2839.81,2835.47,2838.87,10.14925746
2026-01-17 08:15:00+00:00,2838.87,2840.7,2838.03,2839.79,13.32364839
2026-01-17 08:30:00+00:00,2840.92,2842.0,2840.18,2840.68,7.6496628
2026-01-17 08:45:00+00:00,2840.83,2841.87,2840.74,2841.37,6.75577196
2026-01-17 09:00:00+00:00,2841.33,2842.23,2839.88,2839.97,12.05407927
2026-01-17 09:15:00+00:00,2839.94,2842.19,2838.56,2841.8,9.68125557
2026-01-17 09:30:00+00:00,2841.8,2848.5,2840.71,2846.3,26.0107928
2026-01-17 09:45:00+00:00,2845.78,2847.15,2843.85,2843.85,14.13867208
2026-01-17 10:00:00+00:00,2844.43,2845.93,2843.03,2845.93,5.80992868
2026-01-17 10:15:00+00:00,2845.42,2846.08,2842.44,2843.65,4.2993209
2026-01-17 10:30:00+00:00,2843.68,2843.68,2841.6,2842.2,10.59461383
2026-01-17 10:45:00+00:00,2842.07,2842.79,2841.61,2842.16,4.52360522
2026-01-17 11:00:00+00:00,2842.2,2844.53,2838.94,2844.53,4.58439565
2026-01-17 11:15:00+00:00,2844.7,2846.7,2843.98,2846.7,13.72464391
2026-01-17 11:30:00+00:00,2845.99,2850.0,2845.99,2847.17,16.88712909
2026-01-17 11:45:00+00:00,2847.45,2848.45,2845.5,2848.25,12.0567671
2026-01-17 12:00:00+00:00,2848.25,2849.38,2846.41,2849.37,9.14350219
2026-01-17 12:15:00+00:00,2849.62,2850.8,2846.08,2847.27,15.80152937
2026-01-17 12:30:00+00:00,2846.84,2848.9,2846.16,2848.9,3.15542494
2026-01-17 12:45:00+00:00,2848.23,2848.66,2847.63,2847.74,3.32563932
2026-01-17 13:00:00+00:00,2848.0,2848.0,2845.11,2846.81,7.61050505
2026-01-17 13:15:00+00:00,2845.98,2848.56,2845.93,2848.04,4.8606689
2026-01-17 13:30:00+00:00,2848.36,2849.38,2845.88,2847.85,3.98977427
2026-01-17 13:45:00+00:00,2848.65,2849.8,2848.15,2848.58,9.87167969
2026-01-17 14:00:00+00:00,2848.0,2852.98,2846.85,2852.98,6.17128406
2026-01-17 14:15:00+00:00,2853.0,2855.0,2850.53,2852.68,103.92226388
2026-01-17 14:30:00+00:00,2852.99,2856.15,2851.27,2851.36,10.63619586
2026-01-17 14:45:00+00:00,2851.93,2855.16,2851.92,2855.16,61.83696222
2026-01-17 15:00:00+00:00,2854.0,2860.43,2853.0,2857.47,75.22931077
2026-01-17 15:15:00+00:00,2859.39,2865.73,2858.44,2862.43,20.61200399
2026-01-17 15:30:00+00:00,2861.86,2871.3,2860.28,2871.3,47.63183694
2026-01-17 15:45:00+00:00,2870.26,2871.8,2865.04,2871.38,49.40664057
2026-01-17 16:00:00+00:00,2871.56,2871.56,2865.57,2870.05,43.84710601
2026-01-17 16:15:00+00:00,2870.73,2871.5,2857.15,2863.31,80.6934272
2026-01-17 16:30:00+00:00,2863.61,2863.61,2856.55,2861.55,41.75088125
2026-01-17 16:45:00+00:00,2861.4,2863.56,2858.04,2863.06,40.23707696
2026-01-17 17:00:00+00:00,2862.12,2867.9,2861.4,2866.78,8.92712859
2026-01-17 17:15:00+00:00,2867.09,2870.59,2866.52,2868.42,47.74939368
2026-01-17 17:30:00+00:00,2868.42,2868.42,2865.22,2865.22,14.2920217
2026-01-17 17:45:00+00:00,2866.42,2866.81,2862.14,2863.8,9.34049625
2026-01-17 18:00:00+00:00,2863.17,2863.54,2859.8,2861.84,17.77259506
2026-01-17 18:15:00+00:00,2861.15,2864.77,2860.77,2863.81,2.44697863
2026-01-17 18:30:00+00:00,2864.15,2864.95,2862.8,2864.45,7.06476911
2026-01-17 18:45:00+00:00,2864.24,2864.24,2862.72,2863.32,6.29587174
2026-01-17 19:00:00+00:00,2862.93,2863.26,2862.07,2862.19,3.35163674
2026-01-17 19:15:00+00:00,2861.8,2862.2,2860.33,2862.01,32.20452539
2026-01-17 19:30:00+00:00,2861.49,2866.12,2861.49,2863.48,5.17590844
2026-01-17 19:45:00+00:00,2862.72,2863.07,2859.62,2861.8,8.4552258
2026-01-17 20:00:00+00:00,2861.87,2862.67,2860.14,2861.55,9.00379266
2026-01-17 20:15:00+00:00,2861.54,2864.81,2861.38,2863.51,11.74916162
2026-01-17 20:30:00+00:00,2863.18,2863.18,2861.49,2862.25,3.58859244
2026-01-17 20:45:00+00:00,2862.25,2863.67,2861.75,2861.8,46.71338505
2026-01-17 21:00:00+00:00,2862.77,2862.78,2861.26,2861.26,3.3982629
2026-01-17 21:15:00+00:00,2860.44,2861.3,2857.99,2859.44,28.80838511
2026-01-17 21:30:00+00:00,2858.99,2859.01,2854.2,2857.83,18.48247058
2026-01-17 21:45:00+00:00,2857.83,2859.06,2857.14,2859.06,5.50919889
2026-01-17 22:00:00+00:00,2859.06,2859.06,2854.64,2855.57,32.5382951
2026-01-17 22:15:00+00:00,2856.0,2857.85,2854.63,2855.33,20.14926245
2026-01-17 22:30:00+00:00,2855.07,2855.08,2844.8,2849.14,78.56850407
2026-01-17 22:45:00+00:00,2849.75,2852.72,2846.5,2848.51,33.04487691
2026-01-17 23:00:00+00:00,2848.11,2854.77,2848.11,2853.25,16.41870705
2026-01-17 23:15:00+00:00,2853.75,2854.99,2851.96,2852.75,4.48130158
2026-01-17 23:30:00+00:00,2852.31,2855.89,2852.31,2855.89,10.18030231
2026-01-17 23:45:00+00:00,2854.36,2856.87,2854.2,2856.82,1.96961589
2026-01-18 00:00:00+00:00,2855.14,2858.5,2853.92,2858.28,14.92505792
2026-01-18 00:15:00+00:00,2857.63,2859.52,2857.09,2857.14,3.73544613
2026-01-18 00:30:00+00:00,2858.07,2858.5,2853.37,2853.37,4.20552355
2026-01-18 00:45:00+00:00,2853.01,2853.01,2850.0,2851.37,27.77273979
2026-01-18 01:00:00+00:00,2850.72,2851.52,2846.22,2849.6,5.84896391
2026-01-18 01:15:00+00:00,2848.38,2852.98,2847.91,2852.39,1.22284544
2026-01-18 01:30:00+00:00,2852.16,2853.04,2847.6,2848.06,11.2620659
2026-01-18 01:45:00+00:00,2847.68,2848.94,2845.22,2848.22,33.26830441
2026-01-18 02:00:00+00:00,2850.46,2851.87,2849.6,2850.86,1.12285749
2026-01-18 02:15:00+00:00,2852.0,2852.0,2848.3,2849.15,1.28481781
2026-01-18 02:30:00+00:00,2848.81,2848.81,2844.55,2848.62,14.83248219
2026-01-18 02:45:00+00:00,2849.41,2850.86,2849.11,2850.38,1.45339765
2026-01-18 03:00:00+00:00,2850.4,2852.51,2850.4,2852.07,5.69224464
2026-01-18 03:15:00+00:00,2852.59,2857.3,2852.59,2857.3,1.2978828
2026-01-18 03:30:00+00:00,2858.35,2864.37,2858.35,2861.02,16.66206403
2026-01-18 03:45:00+00:00,2861.64,2863.37,2860.58,2861.19,1.86145088
2026-01-18 04:00:00+00:00,2860.94,2863.17,2859.02,2860.9,3.93963233
2026-01-18 04:15:00+00:00,2860.38,2861.12,2857.82,2858.57,9.30143331
2026-01-18 04:30:00+00:00,2859.05,2859.05,2856.13,2858.45,5.2499616
2026-01-18 04:45:00+00:00,2857.73,2860.07,2857.56,2857.56,4.28231071
2026-01-18 05:00:00+00:00,2857.93,2859.13,2856.7,2859.13,6.6419934
2026-01-18 05:15:00+00:00,2858.86,2860.24,2858.5,2859.88,4.2050421
2026-01-18 05:30:00+00:00,2859.63,2860.59,2857.52,2860.35,3.18598837
2026-01-18 05:45:00+00:00,2860.9,2862.35,2859.82,2861.13,8.68175715
2026-01-18 06:00:00+00:00,2860.6,2862.81,2859.54,2862.74,3.94051654
2026-01-18 06:15:00+00:00,2861.49,2861.76,2858.29,2858.87,16.62474704
2026-01-18 06:30:00+00:00,2858.32,2860.64,2857.94,2859.63,1.41054403
2026-01-18 06:45:00+00:00,2859.06,2860.5,2858.3,2860.5,1.34858726
2026-01-18 07:00:00+00:00,2859.98,2860.78,2852.59,2853.79,9.27553164
2026-01-18 07:15:00+00:00,2853.98,2856.75,2852.24,2856.08,7.65292826
2026-01-18 07:30:00+00:00,2856.26,2856.5,2853.08,2855.67,30.09462866
2026-01-18 07:45:00+00:00,2855.67,2856.0,2853.4,2853.68,4.79590994
2026-01-18 08:00:00+00:00,2853.1,2853.7,2850.0,2853.62,17.35456768
2026-01-18 08:15:00+00:00,2853.4,2856.67,2852.05,2856.15,8.76841447
2026-01-18 08:30:00+00:00,2856.18,2860.55,2855.48,2860.33,16.97276897
2026-01-18 08:45:00+00:00,2859.48,2861.69,2858.74,2860.39,5.62356935
2026-01-18 09:00:00+00:00,2861.06,2863.38,2859.97,2862.31,19.8160096
2026-01-18 09:15:00+00:00,2863.24,2868.1,2862.05,2866.11,81.11743384
2026-01-18 09:30:00+00:00,2867.59,2869.05,2865.3,2865.55,7.90355369
2026-01-18 09:45:00+00:00,2865.89,2869.59,2865.41,2867.82,7.18039005
2026-01-18 10:00:00+00:00,2867.58,2869.3,2863.51,2866.74,8.38709985
2026-01-18 10:15:00+00:00,2865.76,2866.25,2864.79,2865.0,20.04288154
2026-01-18 10:30:00+00:00,2865.0,2868.11,2864.71,2868.04,53.0976559
2026-01-18 10:45:00+00:00,2867.73,2870.0,2866.85,2869.77,10.0694014
2026-01-18 11:00:00+00:00,2869.48,2869.48,2865.16,2865.42,5.9723656
2026-01-18 11:15:00+00:00,2865.51,2865.74,2863.22,2863.22,13.79217133
2026-01-18 11:30:00+00:00,2863.47,2865.58,2863.2,2864.77,10.62848267
2026-01-18 11:45:00+00:00,2864.39,2866.8,2863.6,2866.39,5.92845004
2026-01-18 12:00:00+00:00,2866.8,2866.8,2863.37,2863.83,18.60789132
2026-01-18 12:15:00+00:00,2864.09,2869.39,2863.04,2868.25,19.86791281
2026-01-18 12:30:00+00:00,2867.5,2870.0,2866.84,2868.12,9.8679249
2026-01-18 12:45:00+00:00,2868.85,2869.51,2865.1,2866.33,7.20426309
2026-01-18 13:00:00+00:00,2866.17,2866.5,2861.3,2864.1,15.09754334
2026-01-18 13:15:00+00:00,2864.09,2864.2,2859.3,2862.79,24.33328182
2026-01-18 13:30:00+00:00,2863.06,2873.7,2861.2,2871.84,41.38309707
2026-01-18 13:45:00+00:00,2871.68,2872.0,2868.05,2869.2,15.93522467
2026-01-18 14:00:00+00:00,2868.79,2873.56,2867.89,2873.56,5.85897351
2026-01-18 14:15:00+00:00,2873.93,2887.32,2873.93,2879.25,62.30158714
2026-01-18 14:30:00+00:00,2881.01,2884.6,2872.05,2873.14,65.1129245
2026-01-18 14:45:00+00:00,2873.95,2873.95,2866.37,2868.17,21.82945709
2026-01-18 15:00:00+00:00,2868.17,2870.4,2863.05,2869.22,60.75901403
2026-01-18 15:15:00+00:00,2868.8,2875.0,2867.6,2873.55,73.40418991
2026-01-18 15:30:00+00:00,2873.24,2877.12,2871.4,2875.32,25.67151874
2026-01-18 15:45:00+00:00,2873.98,2876.1,2873.23,2875.99,19.05586553
2026-01-18 16:00:00+00:00,2875.64,2878.5,2872.41,2875.0,9.34157894
2026-01-18 16:15:00+00:00,2876.28,2879.06,2872.56,2874.54,21.32608758
2026-01-18 16:30:00+00:00,2873.82,2878.36,2873.26,2877.49,5.60352196
2026-01-18 16:45:00+00:00,2877.83,2879.41,2874.62,2874.8,8.2571762
2026-01-18 17:00:00+00:00,2875.79,2878.76,2874.61,2875.01,17.64000964
2026-01-18 17:15:00+00:00,2875.52,2879.08,2875.21,2879.08,18.78035972
2026-01-18 17:30:00+00:00,2878.1,2880.27,2875.73,2876.83,56.60948041
2026-01-18 17:45:00+00:00,2876.97,2886.48,2876.35,2885.51,73.69658022
2026-01-18 18:00:00+00:00,2884.97,2886.64,2878.87,2883.98,46.17500596
2026-01-18 18:15:00+00:00,2884.02,2902.81,2882.39,2899.27,256.68795894
2026-01-18 18:30:00+00:00,2900.32,2905.76,2894.87,2898.1,158.58604523
2026-01-18 18:45:00+00:00,2898.11,2905.3,2896.3,2899.28,75.94969709
2026-01-18 19:00:00+00:00,2899.28,2902.46,2893.1,2893.11,38.43870074
2026-01-18 19:15:00+00:00,2893.1,2893.54,2888.69,2890.88,86.24599672
2026-01-18 19:30:00+00:00,2890.88,2892.51,2889.47,2889.6,35.32498657
2026-01-18 19:45:00+00:00,2888.6,2888.6,2885.0,2886.52,100.4360978
2026-01-18 20:00:00+00:00,2886.01,2887.56,2882.3,2883.1,106.20677369
2026-01-18 20:15:00+00:00,2885.0,2892.1,2883.53,2890.48,49.43371413
2026-01-18 20:30:00+00:00,2889.99,2890.12,2877.9,2882.15,37.20776512
2026-01-18 20:45:00+00:00,2882.6,2883.97,2880.27,2881.3,9.78322171
2026-01-18 21:00:00+00:00,2881.23,2883.35,2878.2,2880.81,29.18329017
2026-01-18 21:15:00+00:00,2881.54,2881.54,2879.7,2880.84,7.21267853
2026-01-18 21:30:00+00:00,2881.37,2885.3,2880.17,2884.0,11.66375677
2026-01-18 21:45:00+00:00,2884.01,2885.49,2879.77,2883.39,68.59153849
2026-01-18 22:00:00+00:00,2882.24,2896.5,2881.94,2894.4,25.5234069
2026-01-18 22:15:00+00:00,2892.74,2893.24,2888.97,2888.97,15.21594401
2026-01-18 22:30:00+00:00,2888.45,2891.34,2887.4,2888.58,20.02650004
2026-01-18 22:45:00+00:00,2889.57,2892.09,2888.75,2891.5,7.95710302
2026-01-18 23:00:00+00:00,2890.9,2890.9,2863.77,2870.16,228.41650593
2026-01-18 23:15:00+00:00,2869.2,2874.91,2850.86,2851.03,110.75349483
2026-01-18 23:30:00+00:00,2850.0,2857.78,2847.5,2849.84,87.12350235
