timestamp,open,high,low,close,volume
2025-09-22 23:00:00+00:00,0.19236,0.19236,0.19236,0.19236,245.77324
2025-09-23 01:45:00+00:00,0.18956,0.18957,0.18956,0.18957,1588.47229
2025-09-23 03:00:00+00:00,0.1886,0.1886,0.18761,0.18767,6735.77414
2025-09-23 03:15:00+00:00,0.18791,0.18986,0.18791,0.18986,765.85319
2025-09-23 03:45:00+00:00,0.19472,0.19472,0.19439,0.19439,2242.70003
2025-09-23 04:00:00+00:00,0.19365,0.19496,0.19365,0.19466,2725.98303
2025-09-23 04:30:00+00:00,0.19802,0.19959,0.19802,0.19865,17266.88071
2025-09-23 04:45:00+00:00,0.19801,0.19801,0.19729,0.19749,1756.70314
2025-09-23 05:00:00+00:00,0.19762,0.20019,0.19708,0.1995,37068.27166
2025-09-23 05:15:00+00:00,0.1995,0.1995,0.1995,0.1995,8738.32415
2025-09-23 05:30:00+00:00,0.19806,0.19806,0.19067,0.19267,47549.18436
2025-09-23 06:15:00+00:00,0.19462,0.19462,0.1935,0.1935,20072.67081
2025-09-23 06:30:00+00:00,0.19435,0.19435,0.19435,0.19435,103.31
2025-09-23 06:45:00+00:00,0.19244,0.19359,0.19161,0.19322,6995.60565
2025-09-23 07:30:00+00:00,0.19036,0.19051,0.19019,0.19048,6688.6039
2025-09-23 07:45:00+00:00,0.1905,0.19068,0.18992,0.1902,6786.38014
2025-09-23 08:00:00+00:00,0.18926,0.19083,0.18926,0.19077,2008.55672
2025-09-23 08:15:00+00:00,0.19105,0.1925,0.19102,0.1925,5919.41268
2025-09-23 08:30:00+00:00,0.19267,0.19267,0.19056,0.19056,732.34124
2025-09-23 08:45:00+00:00,0.1907,0.19096,0.19013,0.19084,5189.48463
2025-09-23 09:00:00+00:00,0.191,0.191,0.18809,0.18895,1218.5257
2025-09-23 09:15:00+00:00,0.18902,0.18925,0.18818,0.18821,3166.92186
2025-09-23 09:30:00+00:00,0.18835,0.18875,0.18817,0.18858,6441.973
2025-09-23 09:45:00+00:00,0.18817,0.18819,0.18799,0.18819,1937.63917
2025-09-23 10:00:00+00:00,0.18832,0.18852,0.18815,0.18852,21533.98355
2025-09-23 10:15:00+00:00,0.1882,0.1888,0.18819,0.18864,1717.28776
2025-09-23 10:30:00+00:00,0.18876,0.18883,0.18876,0.18883,478.18821
2025-09-23 11:00:00+00:00,0.18898,0.18898,0.18857,0.18857,1747.31317
2025-09-23 11:45:00+00:00,0.19266,0.19266,0.19246,0.19246,266.10771
2025-09-23 12:00:00+00:00,0.19163,0.19223,0.19077,0.19223,1499.75533
2025-09-23 12:15:00+00:00,0.1918,0.1918,0.1918,0.1918,1034.12246
2025-09-23 12:30:00+00:00,0.19234,0.1966,0.19222,0.19646,54865.59583
2025-09-23 12:45:00+00:00,0.19696,0.19718,0.19667,0.19701,1351.45547
2025-09-23 13:00:00+00:00,0.19787,0.19787,0.19592,0.19691,1980.61512
2025-09-23 13:15:00+00:00,0.19727,0.19821,0.19727,0.19821,501.90763
2025-09-23 13:30:00+00:00,0.19725,0.19725,0.19552,0.19578,9805.11888
2025-09-23 13:45:00+00:00,0.19587,0.19587,0.19587,0.19587,50.2467
2025-09-23 14:00:00+00:00,0.1965,0.19844,0.1965,0.19844,140.47984
2025-09-23 14:15:00+00:00,0.20049,0.20133,0.19891,0.20036,18439.07237
2025-09-23 14:30:00+00:00,0.19973,0.19973,0.19882,0.19882,14300.80241
2025-09-23 14:45:00+00:00,0.1989,0.1989,0.1972,0.1972,3156.91135
2025-09-23 15:00:00+00:00,0.19729,0.19775,0.19729,0.19741,1728.10381
2025-09-23 15:15:00+00:00,0.1964,0.1964,0.19429,0.19467,9402.39995
2025-09-23 16:00:00+00:00,0.19275,0.19322,0.19259,0.19322,4860.62655
2025-09-23 16:15:00+00:00,0.19293,0.19294,0.19293,0.19294,2206.09762
2025-09-23 17:00:00+00:00,0.1912,0.1912,0.1912,0.1912,41.841
2025-09-23 17:15:00+00:00,0.19188,0.19188,0.19187,0.19187,895.04747
2025-09-23 17:30:00+00:00,0.18771,0.18807,0.18724,0.18724,6182.22497
2025-09-23 17:45:00+00:00,0.18778,0.18779,0.18657,0.18657,18040.63343
2025-09-23 18:30:00+00:00,0.1863,0.1863,0.18127,0.18127,26261.21852
2025-09-23 18:45:00+00:00,0.18099,0.18108,0.18049,0.18108,7102.07688
2025-09-23 19:00:00+00:00,0.18144,0.18144,0.18123,0.18125,4120.97663
2025-09-23 19:15:00+00:00,0.17876,0.18225,0.17731,0.18225,40492.8285
2025-09-23 21:30:00+00:00,0.17929,0.17929,0.17929,0.17929,111.27224
2025-09-23 22:00:00+00:00,0.17828,0.17828,0.17714,0.17741,11637.16167
2025-09-23 22:15:00+00:00,0.17855,0.17855,0.17791,0.17791,2906.9597
2025-09-23 22:30:00+00:00,0.1769,0.17787,0.1769,0.17787,2103.31
2025-09-23 22:45:00+00:00,0.17698,0.17717,0.1717,0.1717,13774.18017
2025-09-23 23:00:00+00:00,0.17199,0.17412,0.17199,0.17412,4756.41545
2025-09-23 23:30:00+00:00,0.17539,0.17539,0.17539,0.17539,28.39386
2025-09-24 00:30:00+00:00,0.17667,0.1767,0.17667,0.1767,28225.0
2025-09-24 00:45:00+00:00,0.17663,0.17663,0.17489,0.17489,4000.0
2025-09-24 01:00:00+00:00,0.17429,0.17429,0.17429,0.17429,2000.0
2025-09-24 01:15:00+00:00,0.175,0.175,0.175,0.175,2000.0
2025-09-24 01:30:00+00:00,0.17524,0.1753,0.17524,0.1753,4000.0
2025-09-24 01:45:00+00:00,0.1763,0.1763,0.1763,0.1763,2000.0
2025-09-24 02:30:00+00:00,0.17572,0.17572,0.17572,0.17572,170.27088
2025-09-24 02:45:00+00:00,0.17542,0.17542,0.17513,0.17513,3139.50996
2025-09-24 03:30:00+00:00,0.17432,0.17432,0.17432,0.17432,1144.44699
2025-09-24 04:00:00+00:00,0.17485,0.17485,0.17485,0.17485,300.0
2025-09-24 04:15:00+00:00,0.17343,0.17343,0.17307,0.17307,861.66928
2025-09-24 05:00:00+00:00,0.17373,0.17373,0.17353,0.17353,7291.1567
2025-09-24 05:15:00+00:00,0.17331,0.17334,0.17305,0.17305,5098.57182
2025-09-24 06:00:00+00:00,0.17417,0.17466,0.17417,0.17466,2861.15882
2025-09-24 06:15:00+00:00,0.17454,0.17454,0.17454,0.17454,57.17887
2025-09-24 06:30:00+00:00,0.17504,0.17604,0.1742,0.1742,9148.0232
2025-09-24 06:45:00+00:00,0.1747,0.175,0.1747,0.175,6246.74759
2025-09-24 07:15:00+00:00,0.17473,0.17527,0.17473,0.17527,5565.76375
2025-09-24 07:30:00+00:00,0.17435,0.17694,0.17416,0.17681,40557.90795
2025-09-24 07:45:00+00:00,0.17664,0.17664,0.17664,0.17664,2000.0
2025-09-24 08:00:00+00:00,0.17569,0.17957,0.17569,0.17957,32337.0
2025-09-24 08:15:00+00:00,0.18064,0.18064,0.18064,0.18064,2000.0
2025-09-24 08:45:00+00:00,0.18099,0.18099,0.17945,0.17945,39911.5942
2025-09-24 09:15:00+00:00,0.17886,0.17916,0.17886,0.17916,1217.30536
2025-09-24 09:30:00+00:00,0.17887,0.17887,0.17887,0.17887,51.6504
2025-09-24 09:45:00+00:00,0.17911,0.17911,0.17911,0.17911,57.17887
2025-09-24 10:15:00+00:00,0.1784,0.1784,0.1784,0.1784,249.62761
2025-09-24 10:30:00+00:00,0.17832,0.17925,0.17812,0.1785,26016.63257
2025-09-24 10:45:00+00:00,0.17872,0.17872,0.17872,0.17872,239.12069
2025-09-24 11:00:00+00:00,0.17873,0.17873,0.1781,0.17841,5600.36032
2025-09-24 11:15:00+00:00,0.17878,0.17885,0.17878,0.17885,483.05633
2025-09-24 11:30:00+00:00,0.17876,0.17876,0.1779,0.17842,1309.58618
2025-09-24 11:45:00+00:00,0.17824,0.17884,0.17809,0.17884,5948.01011
2025-09-24 12:00:00+00:00,0.17832,0.17875,0.17832,0.17859,3639.0225
2025-09-24 12:15:00+00:00,0.17872,0.17872,0.17771,0.17771,579.52692
2025-09-24 12:30:00+00:00,0.17883,0.17884,0.17805,0.17827,2382.1622
2025-09-24 12:45:00+00:00,0.17809,0.17836,0.178,0.17832,2113.1568
2025-09-24 13:00:00+00:00,0.17847,0.17926,0.17847,0.17926,1470.90437
2025-09-24 14:00:00+00:00,0.17872,0.17916,0.17872,0.17916,1277.13936
2025-09-24 14:30:00+00:00,0.17874,0.17897,0.178,0.17861,51837.91844
2025-09-24 14:45:00+00:00,0.17866,0.17925,0.17863,0.17877,10201.36176
2025-09-24 15:00:00+00:00,0.17909,0.1791,0.17909,0.1791,16867.00168
2025-09-24 15:15:00+00:00,0.17819,0.17871,0.17749,0.17848,6769.68148
2025-09-24 15:30:00+00:00,0.17822,0.17822,0.17822,0.17822,244.9428
2025-09-24 15:45:00+00:00,0.17852,0.18019,0.17852,0.17852,33656.89161
2025-09-24 16:00:00+00:00,0.17871,0.17871,0.17871,0.17871,27.86637
2025-09-24 16:30:00+00:00,0.17711,0.1774,0.17691,0.1774,2204.83585
2025-09-24 16:45:00+00:00,0.177,0.17745,0.17696,0.17745,451.00402
2025-09-24 17:00:00+00:00,0.17804,0.17875,0.17798,0.17875,9742.7835
2025-09-24 17:15:00+00:00,0.17845,0.17845,0.17743,0.17743,82.61849
2025-09-24 17:30:00+00:00,0.17841,0.17864,0.17841,0.17864,2243.14843
2025-09-24 18:15:00+00:00,0.17803,0.17818,0.17803,0.17818,1944.14572
2025-09-24 18:30:00+00:00,0.17737,0.17737,0.17712,0.1772,2573.65216
2025-09-24 19:30:00+00:00,0.17598,0.17598,0.1758,0.1758,5744.54613
2025-09-24 20:00:00+00:00,0.17604,0.17604,0.17601,0.17601,897.17
2025-09-24 20:15:00+00:00,0.175,0.175,0.175,0.175,3427.14286
2025-09-24 21:15:00+00:00,0.17466,0.1757,0.17466,0.1757,725.01681
2025-09-24 21:45:00+00:00,0.17493,0.17494,0.17493,0.17494,931.33265
2025-09-24 22:30:00+00:00,0.17428,0.17429,0.17428,0.17429,1389.85781
2025-09-24 22:45:00+00:00,0.17348,0.17348,0.17348,0.17348,1944.14572
2025-09-25 00:15:00+00:00,0.17415,0.17458,0.17414,0.17458,2968.51305
2025-09-25 02:00:00+00:00,0.17129,0.17129,0.17129,0.17129,116.46914
2025-09-25 02:30:00+00:00,0.17229,0.17229,0.17229,0.17229,246.2969
2025-09-25 03:15:00+00:00,0.1705,0.1705,0.16841,0.16841,9554.62569
2025-09-25 03:30:00+00:00,0.16934,0.16934,0.16838,0.16838,967.80597
2025-09-25 03:45:00+00:00,0.16769,0.16769,0.16769,0.16769,594.84763
2025-09-25 04:00:00+00:00,0.16746,0.16767,0.16687,0.16733,1911.78087
2025-09-25 04:30:00+00:00,0.16626,0.16626,0.16626,0.16626,247.96072
2025-09-25 04:45:00+00:00,0.16629,0.16629,0.16544,0.16573,1376.98692
2025-09-25 05:00:00+00:00,0.1669,0.1669,0.1669,0.1669,241.85756
2025-09-25 05:45:00+00:00,0.16762,0.16762,0.16731,0.16731,984.42368
2025-09-25 06:00:00+00:00,0.1672,0.1672,0.16603,0.16603,739.26982
2025-09-25 06:30:00+00:00,0.16645,0.16645,0.16645,0.16645,241.35003
2025-09-25 07:15:00+00:00,0.165,0.165,0.165,0.165,909.09091
2025-09-25 08:00:00+00:00,0.16366,0.16366,0.16366,0.16366,246.94226
2025-09-25 08:15:00+00:00,0.16393,0.16393,0.16311,0.16311,8355.98839
2025-09-25 08:30:00+00:00,0.16367,0.16367,0.16315,0.16315,1045.40724
2025-09-25 08:45:00+00:00,0.16261,0.16261,0.16261,0.16261,240.18457
2025-09-25 09:00:00+00:00,0.16266,0.16297,0.16266,0.16297,496.79594
2025-09-25 09:15:00+00:00,0.16265,0.16327,0.16265,0.16327,1964.06535
2025-09-25 09:45:00+00:00,0.16247,0.16247,0.16191,0.16191,499.86172
2025-09-25 10:00:00+00:00,0.16247,0.16301,0.16169,0.16206,3921.20702
2025-09-25 10:15:00+00:00,0.16227,0.16227,0.16227,0.16227,247.18761
2025-09-25 10:30:00+00:00,0.16175,0.16231,0.16142,0.16231,632.66125
2025-09-25 10:45:00+00:00,0.1621,0.16257,0.1621,0.16257,308.34732
2025-09-25 11:00:00+00:00,0.16337,0.16337,0.16337,0.16337,248.96837
2025-09-25 11:15:00+00:00,0.16244,0.16244,0.16244,0.16244,645.69249
2025-09-25 11:30:00+00:00,0.16284,0.16284,0.16284,0.16284,183.73863
2025-09-25 11:45:00+00:00,0.1626,0.1626,0.1626,0.1626,239.24333
2025-09-25 12:00:00+00:00,0.16222,0.16222,0.16222,0.16222,66.95428
2025-09-25 12:15:00+00:00,0.1632,0.16332,0.1632,0.16332,890.50853
2025-09-25 12:30:00+00:00,0.16508,0.1675,0.16508,0.1675,27251.41306
2025-09-25 12:45:00+00:00,0.16992,0.16992,0.16819,0.16828,1362.0119
2025-09-25 13:15:00+00:00,0.16754,0.16759,0.16677,0.16677,9704.61916
2025-09-25 13:30:00+00:00,0.16592,0.16592,0.16558,0.16558,3208.20616
2025-09-25 13:45:00+00:00,0.16688,0.16756,0.16688,0.16756,536.5706
2025-09-25 14:00:00+00:00,0.16797,0.16835,0.16766,0.16766,5467.19459
2025-09-25 14:45:00+00:00,0.1682,0.1682,0.1682,0.1682,299.61649
2025-09-25 15:30:00+00:00,0.1676,0.1676,0.1676,0.1676,209.97894
2025-09-25 16:45:00+00:00,0.16789,0.16789,0.16789,0.16789,632.34589
2025-09-25 17:00:00+00:00,0.16742,0.16757,0.16648,0.16648,3514.03761
2025-09-25 17:15:00+00:00,0.16555,0.16555,0.16555,0.16555,240.41377
2025-09-25 17:45:00+00:00,0.16694,0.16694,0.16694,0.16694,244.13054
2025-09-25 18:30:00+00:00,0.16709,0.16709,0.16659,0.16659,301.86852
2025-09-25 19:15:00+00:00,0.16858,0.16858,0.16858,0.16858,245.34174
2025-09-25 19:30:00+00:00,0.16889,0.16889,0.16889,0.16889,240.02166
2025-09-25 20:00:00+00:00,0.16881,0.16883,0.16881,0.16883,3696.86068
2025-09-25 20:15:00+00:00,0.16905,0.16905,0.16905,0.16905,917.96984
2025-09-25 21:00:00+00:00,0.16801,0.16801,0.16801,0.16801,241.97117
2025-09-25 21:30:00+00:00,0.1663,0.1663,0.1663,0.1663,241.48915
2025-09-25 22:30:00+00:00,0.16671,0.16671,0.16671,0.16671,10331.32825
2025-09-25 23:00:00+00:00,0.16671,0.16671,0.16671,0.16671,180.67175
2025-09-25 23:15:00+00:00,0.16651,0.16658,0.16651,0.16658,486.70336
2025-09-26 00:15:00+00:00,0.16736,0.16736,0.16736,0.16736,19.29659
2025-09-26 02:15:00+00:00,0.17301,0.17301,0.17142,0.17142,5470.09074
2025-09-26 03:30:00+00:00,0.16918,0.16918,0.16914,0.16914,5482.04324
2025-09-26 03:45:00+00:00,0.16907,0.16907,0.16907,0.16907,243.15626
2025-09-26 04:15:00+00:00,0.16945,0.16945,0.16945,0.16945,613.94758
2025-09-26 07:15:00+00:00,0.1694,0.1694,0.1694,0.1694,588.84297
2025-09-26 07:30:00+00:00,0.16846,0.16846,0.16844,0.16844,5661.33604
2025-09-26 10:00:00+00:00,0.16468,0.16468,0.16468,0.16468,481.17499
2025-09-26 10:15:00+00:00,0.16591,0.16647,0.16555,0.16555,3351.40295
2025-09-26 10:45:00+00:00,0.16681,0.16681,0.16681,0.16681,238.19064
2025-09-26 11:15:00+00:00,0.1659,0.1659,0.1659,0.1659,829.99536
2025-09-26 12:15:00+00:00,0.16846,0.17028,0.16823,0.17028,13367.07921
2025-09-26 12:30:00+00:00,0.172,0.172,0.172,0.172,13044.24419
2025-09-26 13:30:00+00:00,0.17,0.17,0.17,0.17,13044.24419
2025-09-26 14:00:00+00:00,0.16891,0.16891,0.16891,0.16891,310.44916
2025-09-26 14:15:00+00:00,0.1684,0.1684,0.16831,0.16831,1138.31063
2025-09-26 15:00:00+00:00,0.17079,0.17079,0.17079,0.17079,2000.0
2025-09-26 16:00:00+00:00,0.16956,0.16956,0.16956,0.16956,338.24322
2025-09-26 16:15:00+00:00,0.16872,0.16917,0.16872,0.16917,2626.18598
2025-09-26 16:30:00+00:00,0.16916,0.16916,0.16853,0.16854,4913.15819
2025-09-26 17:00:00+00:00,0.16821,0.16826,0.16821,0.16825,2781.30965
2025-09-26 17:15:00+00:00,0.16865,0.16865,0.16774,0.16774,4061.93067
2025-09-26 19:30:00+00:00,0.16924,0.16924,0.163,0.1636,21127.30811
2025-09-26 19:45:00+00:00,0.16363,0.16377,0.16306,0.16306,5569.6688
2025-09-26 20:00:00+00:00,0.16399,0.16411,0.16399,0.16411,609.76474
2025-09-26 20:15:00+00:00,0.16431,0.16441,0.16345,0.16345,2465.4374
2025-09-26 20:30:00+00:00,0.16402,0.16405,0.16215,0.16215,7948.41849
2025-09-26 20:45:00+00:00,0.1623,0.163,0.16169,0.16219,17676.73405
2025-09-26 21:00:00+00:00,0.16264,0.16264,0.16264,0.16264,30.61977
2025-09-26 21:15:00+00:00,0.1636,0.1636,0.1636,0.1636,2000.0
2025-09-26 21:30:00+00:00,0.16447,0.16531,0.1641,0.16531,7485.45025
2025-09-26 23:30:00+00:00,0.16669,0.16669,0.16669,0.16669,118.78337
2025-09-26 23:45:00+00:00,0.16677,0.16677,0.16677,0.16677,653.43999
2025-09-27 02:30:00+00:00,0.16682,0.1669,0.16682,0.1669,1837.97702
2025-09-27 07:45:00+00:00,0.16668,0.16668,0.16668,0.16668,306.75546
2025-09-27 08:00:00+00:00,0.16702,0.16702,0.16702,0.16702,54.00551
2025-09-27 08:30:00+00:00,0.16677,0.16677,0.16635,0.16635,7939.39394
2025-09-27 09:00:00+00:00,0.16532,0.16576,0.1653,0.16576,2487.6003
2025-09-27 09:15:00+00:00,0.16638,0.16638,0.16638,0.16638,677.94362
2025-09-27 09:30:00+00:00,0.16552,0.16659,0.16552,0.16659,732.49103
2025-09-27 09:45:00+00:00,0.1661,0.1661,0.1661,0.1661,2399.57857
2025-09-27 10:30:00+00:00,0.16615,0.16615,0.16615,0.16615,3011.6762
2025-09-27 10:45:00+00:00,0.16675,0.16675,0.16675,0.16675,149.50524
2025-09-27 11:00:00+00:00,0.16606,0.16606,0.16589,0.16589,463.92476
2025-09-27 11:15:00+00:00,0.1664,0.1664,0.1664,0.1664,215.42042
2025-09-27 12:15:00+00:00,0.16768,0.16768,0.16591,0.16591,4959.95833
2025-09-27 13:45:00+00:00,0.17007,0.17007,0.16584,0.16584,2932.11957
2025-09-27 14:00:00+00:00,0.16651,0.16651,0.16606,0.16606,6161.58873
2025-09-27 14:30:00+00:00,0.16329,0.16329,0.1629,0.1629,2912.01379
2025-09-27 14:45:00+00:00,0.16233,0.16255,0.16199,0.16199,3291.48836
2025-09-27 15:00:00+00:00,0.16125,0.16125,0.15948,0.16046,69149.67343
2025-09-27 15:15:00+00:00,0.16046,0.16048,0.15884,0.15928,28161.99083
2025-09-27 15:30:00+00:00,0.158,0.15809,0.1564,0.15679,9141.30103
2025-09-27 15:45:00+00:00,0.15619,0.15746,0.15444,0.15746,24404.93108
2025-09-27 16:00:00+00:00,0.15747,0.15756,0.15585,0.15681,38512.44356
2025-09-27 16:15:00+00:00,0.162,0.162,0.15569,0.15606,550.31835
2025-09-27 16:30:00+00:00,0.15761,0.16081,0.15573,0.16064,5224.7454
2025-09-27 16:45:00+00:00,0.16209,0.16209,0.15991,0.15992,1949.76588
2025-09-27 17:00:00+00:00,0.15788,0.15788,0.15788,0.15788,125.23906
2025-09-27 17:15:00+00:00,0.15879,0.15879,0.15878,0.15878,672.50005
2025-09-27 17:30:00+00:00,0.15773,0.15773,0.15772,0.15772,5587.09081
2025-09-27 17:45:00+00:00,0.15783,0.15783,0.15781,0.15781,10472.35168
2025-09-27 18:15:00+00:00,0.15625,0.15625,0.15566,0.15566,9237.39491
2025-09-27 18:30:00+00:00,0.15584,0.15693,0.15584,0.15641,28066.20413
2025-09-27 18:45:00+00:00,0.15209,0.15267,0.15194,0.15203,13631.72071
2025-09-27 19:00:00+00:00,0.15213,0.15375,0.15204,0.15375,6668.45276
2025-09-27 19:15:00+00:00,0.15699,0.15776,0.15646,0.15646,2598.05568
2025-09-27 19:30:00+00:00,0.15783,0.15844,0.15597,0.15598,5585.54472
2025-09-27 19:45:00+00:00,0.15796,0.15796,0.15796,0.15796,2000.0
2025-09-27 20:00:00+00:00,0.15838,0.16057,0.15785,0.16057,14276.89776
2025-09-27 20:15:00+00:00,0.1604,0.16432,0.1604,0.16432,9897.69459
2025-09-27 20:30:00+00:00,0.16435,0.16647,0.16435,0.16541,4487.69482
2025-09-27 20:45:00+00:00,0.16758,0.17113,0.16758,0.17113,25390.31433
2025-09-27 21:00:00+00:00,0.1724,0.17317,0.1692,0.16995,76940.22342
2025-09-27 21:15:00+00:00,0.17113,0.17729,0.17,0.17729,29947.30987
2025-09-27 21:30:00+00:00,0.17729,0.17729,0.17345,0.17582,60743.28212
2025-09-27 21:45:00+00:00,0.17664,0.17729,0.17396,0.17477,40702.85224
2025-09-27 22:00:00+00:00,0.17331,0.17331,0.1718,0.17316,6742.08732
2025-09-27 22:15:00+00:00,0.17421,0.17478,0.17421,0.17477,2606.97
2025-09-27 22:30:00+00:00,0.17587,0.17897,0.17582,0.1762,70775.42238
2025-09-27 22:45:00+00:00,0.17781,0.17782,0.16726,0.16727,19076.08987
2025-09-27 23:00:00+00:00,0.167,0.17362,0.167,0.17204,1530.12591
2025-09-27 23:15:00+00:00,0.17212,0.17489,0.17154,0.17379,7843.55587
2025-09-27 23:30:00+00:00,0.1709,0.17292,0.17088,0.17291,14522.67084
2025-09-27 23:45:00+00:00,0.1733,0.1733,0.17309,0.17309,1008.2467
2025-09-28 00:00:00+00:00,0.17519,0.17519,0.17448,0.17448,4707.65368
2025-09-28 05:45:00+00:00,0.17374,0.17374,0.17373,0.17373,2546.71942
2025-09-28 06:30:00+00:00,0.17511,0.17511,0.17495,0.17495,8000.0
2025-09-28 06:45:00+00:00,0.17403,0.17555,0.17291,0.17521,4860.68673
2025-09-28 07:00:00+00:00,0.17552,0.17681,0.17552,0.17656,3095.90396
2025-09-28 07:15:00+00:00,0.17703,0.17722,0.17703,0.17722,14075.47885
2025-09-28 07:30:00+00:00,0.17429,0.17466,0.17429,0.17466,571.60898
2025-09-28 07:45:00+00:00,0.17513,0.17808,0.17494,0.17808,2527.01443
2025-09-28 08:00:00+00:00,0.17729,0.17729,0.17729,0.17729,2000.0
2025-09-28 08:15:00+00:00,0.17842,0.17842,0.17695,0.17695,10198.34811
2025-09-28 08:30:00+00:00,0.17809,0.17923,0.17652,0.17923,10375.89731
2025-09-28 08:45:00+00:00,0.1787,0.18002,0.17829,0.17932,14854.08821
2025-09-28 09:00:00+00:00,0.18026,0.18268,0.17913,0.17913,105487.52098
2025-09-28 09:15:00+00:00,0.17686,0.17908,0.17544,0.17908,16279.50087
2025-09-28 09:30:00+00:00,0.1779,0.1779,0.17756,0.17756,30507.11167
2025-09-28 09:45:00+00:00,0.17523,0.17726,0.17499,0.17711,10378.78469
2025-09-28 10:00:00+00:00,0.17454,0.17454,0.17444,0.17444,49922.37316
2025-09-28 10:15:00+00:00,0.17475,0.17475,0.17441,0.17441,6034.81886
2025-09-28 10:30:00+00:00,0.17402,0.17402,0.17377,0.17379,13076.32633
2025-09-28 10:45:00+00:00,0.17333,0.17392,0.17311,0.17392,6433.31523
2025-09-28 11:15:00+00:00,0.17417,0.17435,0.17313,0.17313,175376.73401
2025-09-28 11:30:00+00:00,0.17358,0.17417,0.1721,0.1721,36918.04118
2025-09-28 11:45:00+00:00,0.17243,0.17243,0.17243,0.17243,2000.0
2025-09-28 12:00:00+00:00,0.1727,0.1727,0.1727,0.1727,286.94404
2025-09-28 12:15:00+00:00,0.17237,0.17387,0.17237,0.17387,33244.95094
2025-09-28 12:30:00+00:00,0.17695,0.17695,0.17621,0.17621,9057.53687
2025-09-28 12:45:00+00:00,0.17622,0.17622,0.17438,0.17438,9236.74793
2025-09-28 13:00:00+00:00,0.17387,0.17387,0.17281,0.17281,1093.10707
2025-09-28 13:15:00+00:00,0.17456,0.17456,0.17456,0.17456,286.73012
2025-09-28 13:30:00+00:00,0.17374,0.17374,0.17374,0.17374,247.42084
2025-09-28 13:45:00+00:00,0.17427,0.17461,0.174,0.17441,16396.64837
2025-09-28 14:00:00+00:00,0.17536,0.17536,0.17536,0.17536,287.35632
2025-09-28 14:15:00+00:00,0.17591,0.17818,0.17591,0.17721,6081.85905
2025-09-28 14:30:00+00:00,0.17775,0.17775,0.17685,0.17685,32554.43279
2025-09-28 14:45:00+00:00,0.17715,0.17731,0.17715,0.17731,18291.18551
2025-09-28 15:00:00+00:00,0.17618,0.17675,0.17546,0.17546,20594.90088
2025-09-28 15:15:00+00:00,0.17454,0.17541,0.17454,0.17541,1762.99378
2025-09-28 15:45:00+00:00,0.17623,0.17843,0.17623,0.17843,35074.82857
2025-09-28 16:00:00+00:00,0.17858,0.17876,0.17794,0.17794,25658.0167
2025-09-28 16:15:00+00:00,0.17765,0.17818,0.17765,0.17785,16650.57291
2025-09-28 16:30:00+00:00,0.17761,0.17761,0.17761,0.17761,56.13422
2025-09-28 16:45:00+00:00,0.177,0.17747,0.177,0.17747,336.49205
2025-09-28 17:00:00+00:00,0.17783,0.18222,0.17742,0.18144,34147.39285
2025-09-28 17:15:00+00:00,0.18197,0.18231,0.1797,0.18046,38563.11334
2025-09-28 17:30:00+00:00,0.18331,0.18438,0.18244,0.18404,8772.20394
2025-09-28 17:45:00+00:00,0.18315,0.18548,0.18315,0.18536,12821.32788
2025-09-28 18:00:00+00:00,0.1853,0.18668,0.18467,0.18631,28558.92978
2025-09-28 18:15:00+00:00,0.18497,0.19088,0.18489,0.19021,177735.15393
2025-09-28 18:30:00+00:00,0.18867,0.19781,0.18858,0.19781,439537.50032
2025-09-28 18:45:00+00:00,0.1973,0.202,0.18551,0.20019,578608.78962
2025-09-28 19:00:00+00:00,0.20076,0.2035,0.19645,0.20041,180429.41461
2025-09-28 19:15:00+00:00,0.19814,0.2006,0.17614,0.19291,503953.6531
2025-09-28 19:30:00+00:00,0.19208,0.19208,0.18929,0.18993,157560.42174
2025-09-28 19:45:00+00:00,0.18942,0.1906,0.18291,0.18683,72719.76522
2025-09-28 20:00:00+00:00,0.1865,0.18684,0.18509,0.18607,163837.58701
2025-09-28 20:15:00+00:00,0.18651,0.18676,0.18461,0.18533,110360.60668
2025-09-28 20:30:00+00:00,0.18583,0.18607,0.18256,0.18256,32865.51975
2025-09-28 20:45:00+00:00,0.18299,0.18299,0.1813,0.18184,49745.18155
2025-09-28 21:00:00+00:00,0.18168,0.18577,0.18136,0.18487,9259.92974
2025-09-28 21:15:00+00:00,0.18557,0.18566,0.18412,0.18412,13084.23322
2025-09-28 21:30:00+00:00,0.18391,0.18517,0.18215,0.18215,34429.57321
2025-09-28 21:45:00+00:00,0.18301,0.18301,0.18187,0.18187,4303.43025
2025-09-28 22:00:00+00:00,0.18431,0.18431,0.18431,0.18431,270.02214
2025-09-28 22:15:00+00:00,0.18534,0.1887,0.18457,0.1887,3941.78702
2025-09-28 22:30:00+00:00,0.18885,0.18996,0.18611,0.18996,9595.80021
2025-09-28 22:45:00+00:00,0.19069,0.19587,0.19053,0.19581,10870.25928
2025-09-28 23:00:00+00:00,0.196,0.199,0.19581,0.19796,198751.86662
2025-09-28 23:15:00+00:00,0.19711,0.19984,0.19552,0.19841,15079.05092
2025-09-28 23:30:00+00:00,0.19739,0.19739,0.1962,0.19694,46554.10146
2025-09-28 23:45:00+00:00,0.19768,0.19779,0.19698,0.19751,12763.40244
2025-09-29 00:00:00+00:00,0.19748,0.19856,0.1945,0.19593,2684.67778
2025-09-29 00:15:00+00:00,0.19786,0.19961,0.1977,0.1981,27843.49274
2025-09-29 00:30:00+00:00,0.19828,0.20199,0.19824,0.20145,57425.0239
2025-09-29 00:45:00+00:00,0.20216,0.203,0.19743,0.19884,81022.65438
2025-09-29 01:00:00+00:00,0.19676,0.19737,0.19616,0.19616,3778.0977
2025-09-29 01:15:00+00:00,0.20254,0.20336,0.20187,0.20187,21343.19784
2025-09-29 01:30:00+00:00,0.20043,0.20227,0.20043,0.20227,3028.65357
2025-09-29 01:45:00+00:00,0.20227,0.20227,0.19826,0.19855,5095.77783
2025-09-29 02:00:00+00:00,0.20013,0.20122,0.19929,0.20122,9080.16923
2025-09-29 02:15:00+00:00,0.20396,0.20396,0.20309,0.20309,8605.15236
2025-09-29 02:30:00+00:00,0.20574,0.20574,0.20475,0.20475,7339.21141
2025-09-29 02:45:00+00:00,0.20661,0.20786,0.20494,0.20705,31362.00324
2025-09-29 03:00:00+00:00,0.20631,0.2065,0.20129,0.20129,3341.46802
2025-09-29 03:15:00+00:00,0.20343,0.20682,0.20343,0.20675,23230.23646
2025-09-29 03:30:00+00:00,0.20721,0.20764,0.20477,0.20564,50075.84286
2025-09-29 03:45:00+00:00,0.2064,0.20739,0.20619,0.20619,35094.45412
2025-09-29 04:00:00+00:00,0.20577,0.20577,0.20444,0.20531,51364.85272
2025-09-29 04:15:00+00:00,0.20472,0.2068,0.20462,0.2068,8977.02826
2025-09-29 04:30:00+00:00,0.20662,0.20741,0.20519,0.20519,27010.99721
2025-09-29 04:45:00+00:00,0.20437,0.20574,0.20435,0.20548,6660.7114
2025-09-29 05:00:00+00:00,0.20395,0.20395,0.19745,0.20296,8868.92783
2025-09-29 05:15:00+00:00,0.20344,0.20497,0.2027,0.20497,52103.1699
2025-09-29 05:30:00+00:00,0.205,0.205,0.20499,0.20499,5010.25133
2025-09-29 05:45:00+00:00,0.20591,0.20591,0.20305,0.20305,22729.85406
2025-09-29 06:00:00+00:00,0.20121,0.20263,0.20084,0.20214,12507.90925
2025-09-29 06:15:00+00:00,0.20312,0.20468,0.20295,0.20467,3022.00526
2025-09-29 06:30:00+00:00,0.20481,0.21034,0.20481,0.20996,48937.39843
2025-09-29 06:45:00+00:00,0.2104,0.21176,0.20793,0.21029,50091.7481
2025-09-29 07:00:00+00:00,0.21124,0.2119,0.20612,0.20802,18566.81637
2025-09-29 07:15:00+00:00,0.20738,0.20813,0.20207,0.20227,40197.46614
2025-09-29 07:30:00+00:00,0.20253,0.20911,0.2012,0.20663,70085.756
2025-09-29 07:45:00+00:00,0.2067,0.21125,0.2067,0.21125,46238.59196
2025-09-29 08:00:00+00:00,0.21057,0.21151,0.20874,0.20964,80530.19723
2025-09-29 08:15:00+00:00,0.21,0.215,0.20998,0.21262,106072.45117
2025-09-29 08:30:00+00:00,0.21353,0.21483,0.21194,0.21194,61126.69268
2025-09-29 08:45:00+00:00,0.21361,0.21444,0.21023,0.21055,44232.25001
2025-09-29 09:00:00+00:00,0.21076,0.21121,0.20692,0.20692,51599.95748
2025-09-29 09:15:00+00:00,0.20691,0.2093,0.206,0.2093,81364.37636
2025-09-29 09:30:00+00:00,0.20881,0.20881,0.2066,0.20788,71204.93006
2025-09-29 09:45:00+00:00,0.20834,0.20834,0.20624,0.20714,41857.81458
2025-09-29 10:00:00+00:00,0.20646,0.20838,0.20572,0.20572,9264.13712
2025-09-29 10:15:00+00:00,0.20553,0.20588,0.20481,0.2055,28902.75499
2025-09-29 10:30:00+00:00,0.2056,0.20566,0.20409,0.20476,6090.10315
2025-09-29 10:45:00+00:00,0.20427,0.20484,0.20294,0.20294,34674.73233
2025-09-29 11:00:00+00:00,0.20385,0.20736,0.20385,0.20692,37562.3634
2025-09-29 11:15:00+00:00,0.20673,0.21,0.20616,0.20977,35842.4162
2025-09-29 11:30:00+00:00,0.20909,0.2097,0.20609,0.20806,52015.76837
2025-09-29 11:45:00+00:00,0.20776,0.2093,0.20293,0.20759,48921.16644
2025-09-29 12:00:00+00:00,0.2074,0.21075,0.20673,0.20704,29162.06312
2025-09-29 12:15:00+00:00,0.20912,0.21209,0.20845,0.21209,41013.13596
2025-09-29 12:30:00+00:00,0.21245,0.21397,0.21085,0.21085,88575.50833
2025-09-29 12:45:00+00:00,0.21109,0.21184,0.21038,0.21081,51812.09934
2025-09-29 13:00:00+00:00,0.212,0.2139,0.20685,0.20731,45803.35388
2025-09-29 13:15:00+00:00,0.20847,0.21019,0.20797,0.20828,39580.23194
2025-09-29 13:30:00+00:00,0.20828,0.20875,0.20734,0.20875,48297.99442
2025-09-29 13:45:00+00:00,0.20872,0.20872,0.20571,0.20713,38617.92581
2025-09-29 14:00:00+00:00,0.20759,0.20827,0.207,0.20827,29207.60363
2025-09-29 14:15:00+00:00,0.20902,0.20964,0.20758,0.20964,6485.99266
2025-09-29 14:30:00+00:00,0.20855,0.20921,0.20855,0.20921,22.85881
2025-09-29 14:45:00+00:00,0.20832,0.20843,0.20699,0.20699,14453.05455
2025-09-29 15:00:00+00:00,0.20651,0.2085,0.20525,0.2085,158676.36807
2025-09-29 15:15:00+00:00,0.21398,0.21897,0.21149,0.21705,143229.00942
2025-09-29 15:30:00+00:00,0.21706,0.21906,0.21515,0.219,81664.0705
2025-09-29 15:45:00+00:00,0.21903,0.22032,0.2138,0.21553,13643.55505
2025-09-29 16:00:00+00:00,0.21371,0.22012,0.21259,0.21887,11543.65371
2025-09-29 16:15:00+00:00,0.21724,0.21852,0.21618,0.21852,53255.1005
2025-09-29 16:30:00+00:00,0.21705,0.21961,0.213,0.21356,19669.81501
2025-09-29 16:45:00+00:00,0.21329,0.21453,0.2114,0.2114,16078.85761
2025-09-29 17:00:00+00:00,0.21077,0.2115,0.21076,0.2111,7664.81291
2025-09-29 17:15:00+00:00,0.21039,0.21039,0.20896,0.20918,20768.72086
2025-09-29 17:30:00+00:00,0.21131,0.2129,0.20947,0.2129,20393.31129
2025-09-29 17:45:00+00:00,0.21164,0.21164,0.20872,0.2093,15684.71693
2025-09-29 18:00:00+00:00,0.20878,0.20914,0.2064,0.2064,17986.46866
2025-09-29 18:15:00+00:00,0.20676,0.20706,0.20522,0.20522,35658.88263
2025-09-29 18:30:00+00:00,0.20545,0.20693,0.20545,0.20675,2295.87437
2025-09-29 19:00:00+00:00,0.20693,0.20781,0.20647,0.20781,3694.07801
2025-09-29 19:15:00+00:00,0.20685,0.20817,0.20676,0.20817,5490.95189
2025-09-29 19:30:00+00:00,0.20688,0.20688,0.20493,0.206,41672.98186
2025-09-29 19:45:00+00:00,0.20633,0.20728,0.20578,0.20728,3701.02568
2025-09-29 20:00:00+00:00,0.20748,0.2076,0.20722,0.2076,2488.60721
2025-09-29 20:15:00+00:00,0.21077,0.21077,0.21072,0.21072,944.76262
2025-09-29 20:30:00+00:00,0.21017,0.21017,0.20785,0.20785,18880.5381
2025-09-29 20:45:00+00:00,0.20919,0.20919,0.20902,0.20902,1737.30647
2025-09-29 21:00:00+00:00,0.20869,0.20869,0.20676,0.20733,16457.71621
2025-09-29 21:30:00+00:00,0.20708,0.20708,0.20708,0.20708,950.18882
2025-09-29 21:45:00+00:00,0.20643,0.20643,0.20643,0.20643,120.58041
2025-09-29 23:00:00+00:00,0.20784,0.20784,0.2055,0.20623,26252.72997
2025-09-29 23:30:00+00:00,0.20832,0.20832,0.20715,0.20715,6309.13615
2025-09-29 23:45:00+00:00,0.20694,0.20694,0.20692,0.20692,2292.82926
2025-09-30 00:00:00+00:00,0.20579,0.20736,0.20504,0.20725,26041.82252
2025-09-30 00:15:00+00:00,0.20626,0.2066,0.20607,0.20635,4979.67523
2025-09-30 00:30:00+00:00,0.20591,0.20591,0.20544,0.20544,2480.8108
2025-09-30 00:45:00+00:00,0.20611,0.20611,0.20379,0.20379,13413.14214
2025-09-30 01:00:00+00:00,0.20439,0.20606,0.20433,0.2044,6188.00785
2025-09-30 01:15:00+00:00,0.20541,0.20941,0.20541,0.20571,27106.61871
2025-09-30 01:30:00+00:00,0.20255,0.20328,0.20211,0.20302,3417.37493
2025-09-30 01:45:00+00:00,0.20131,0.20152,0.2013,0.20152,6606.68145
2025-09-30 02:00:00+00:00,0.20021,0.20021,0.2002,0.2002,366.30774
2025-09-30 02:15:00+00:00,0.19807,0.19886,0.19807,0.19886,5357.38976
2025-09-30 02:30:00+00:00,0.19878,0.19878,0.19878,0.19878,22.84878
2025-09-30 02:45:00+00:00,0.19789,0.19789,0.19789,0.19789,1401.48181
2025-09-30 03:00:00+00:00,0.20075,0.20075,0.20075,0.20075,200.22621
2025-09-30 03:15:00+00:00,0.19945,0.20035,0.19945,0.20035,521.9151
2025-09-30 03:45:00+00:00,0.19982,0.19982,0.1998,0.1998,621.37046
2025-09-30 04:00:00+00:00,0.20075,0.20075,0.20053,0.20069,641.20628
2025-09-30 04:15:00+00:00,0.20152,0.20152,0.19864,0.1988,3123.55969
2025-09-30 04:45:00+00:00,0.19856,0.19856,0.1979,0.1979,1436.70344
2025-09-30 05:15:00+00:00,0.1987,0.1987,0.19855,0.19855,322.52889
2025-09-30 05:30:00+00:00,0.19839,0.19839,0.19757,0.19757,22668.67392
2025-09-30 05:45:00+00:00,0.19734,0.19734,0.19666,0.19666,1207.41691
2025-09-30 06:00:00+00:00,0.19736,0.20062,0.19736,0.19891,3198.20345
2025-09-30 06:15:00+00:00,0.19997,0.19997,0.19997,0.19997,23.62092
2025-09-30 06:30:00+00:00,0.1998,0.20107,0.1998,0.20098,5914.3322
2025-09-30 07:00:00+00:00,0.20074,0.20074,0.20074,0.20074,54.6478
2025-09-30 07:30:00+00:00,0.1999,0.1999,0.1999,0.1999,24.91245
2025-09-30 07:45:00+00:00,0.19831,0.19831,0.19766,0.19766,3199.20905
2025-09-30 08:00:00+00:00,0.1982,0.1982,0.1982,0.1982,13626.97105
2025-09-30 08:15:00+00:00,0.1982,0.1982,0.1982,0.1982,6130.52483
2025-09-30 08:30:00+00:00,0.19691,0.19714,0.1956,0.1956,3153.52131
2025-09-30 08:45:00+00:00,0.19595,0.19595,0.19595,0.19595,91.48635
2025-09-30 09:15:00+00:00,0.19427,0.19427,0.19427,0.19427,371.54476
2025-09-30 09:30:00+00:00,0.19402,0.19402,0.19389,0.19389,4672.94732
2025-09-30 10:00:00+00:00,0.19568,0.19568,0.19568,0.19568,253.62686
2025-09-30 11:00:00+00:00,0.19348,0.19348,0.19348,0.19348,521.14988
2025-09-30 11:15:00+00:00,0.19384,0.19384,0.19286,0.19318,1738.0797
2025-09-30 11:30:00+00:00,0.19413,0.19413,0.19413,0.19413,259.25541
2025-09-30 11:45:00+00:00,0.19427,0.19427,0.19427,0.19427,25.78886
2025-09-30 12:00:00+00:00,0.195,0.195,0.19494,0.19494,977.83455
2025-09-30 12:15:00+00:00,0.19473,0.19474,0.19473,0.19474,2050.74791
2025-09-30 13:00:00+00:00,0.19479,0.19479,0.19479,0.19479,710.18558
2025-09-30 13:15:00+00:00,0.19537,0.19712,0.19537,0.19712,1118.19553
2025-09-30 14:15:00+00:00,0.19744,0.19744,0.19744,0.19744,243.74362
2025-09-30 14:30:00+00:00,0.19628,0.19715,0.19628,0.19704,2262.79921
2025-09-30 15:15:00+00:00,0.19688,0.19688,0.19665,0.19665,1936.87854
2025-09-30 15:30:00+00:00,0.19824,0.19824,0.19824,0.19824,75.51452
2025-09-30 16:00:00+00:00,0.19623,0.19623,0.19598,0.19598,910.76742
2025-09-30 16:30:00+00:00,0.19686,0.19686,0.19611,0.19611,70.90766
2025-09-30 17:15:00+00:00,0.19712,0.19777,0.19712,0.19777,5306.93967
2025-09-30 17:30:00+00:00,0.19942,0.20193,0.19942,0.20193,5146.60497
2025-09-30 17:45:00+00:00,0.20179,0.20179,0.20086,0.20086,459.98628
2025-09-30 18:30:00+00:00,0.20287,0.20287,0.20287,0.20287,124.4648
2025-09-30 19:15:00+00:00,0.20146,0.20148,0.20146,0.20148,129.02648
2025-09-30 19:30:00+00:00,0.20219,0.20321,0.20219,0.20321,695.0077
2025-09-30 19:45:00+00:00,0.20275,0.20275,0.20247,0.20268,765.34974
2025-09-30 20:00:00+00:00,0.20348,0.20348,0.20348,0.20348,239.29413
2025-09-30 20:15:00+00:00,0.20453,0.20602,0.20453,0.20602,1871.09985
2025-09-30 20:30:00+00:00,0.20489,0.20489,0.20489,0.20489,290.52174
2025-09-30 21:00:00+00:00,0.20539,0.20539,0.20539,0.20539,921.82493
2025-09-30 21:30:00+00:00,0.20782,0.20782,0.20782,0.20782,2000.0
2025-09-30 21:45:00+00:00,0.20908,0.20908,0.20709,0.20709,942.65972
2025-09-30 22:15:00+00:00,0.20638,0.20638,0.20638,0.20638,246.55934
2025-09-30 22:45:00+00:00,0.20703,0.20703,0.20702,0.20702,2966.38253
2025-09-30 23:00:00+00:00,0.20684,0.20684,0.20684,0.20684,246.3378
2025-09-30 23:15:00+00:00,0.20702,0.20748,0.20702,0.20748,816.79591
2025-09-30 23:45:00+00:00,0.20691,0.20691,0.20583,0.20583,2048.32786
2025-10-01 00:00:00+00:00,0.20872,0.20872,0.20872,0.20872,238.50807
2025-10-01 00:15:00+00:00,0.20699,0.20699,0.20699,0.20699,243.71608
2025-10-01 00:30:00+00:00,0.20793,0.20793,0.20622,0.20622,966.23
2025-10-01 00:45:00+00:00,0.20687,0.20687,0.20564,0.20642,738.75058
2025-10-01 01:15:00+00:00,0.20568,0.20568,0.20568,0.20568,23.5242
2025-10-01 01:30:00+00:00,0.21028,0.21173,0.21028,0.21173,4714.18371
2025-10-01 01:45:00+00:00,0.2111,0.21342,0.2111,0.21342,3961.3488
2025-10-01 02:00:00+00:00,0.21498,0.21616,0.21498,0.21616,8131.12291
2025-10-01 02:15:00+00:00,0.21569,0.21628,0.21465,0.21628,4978.46677
2025-10-01 02:30:00+00:00,0.21846,0.21846,0.21476,0.21476,330.03752
2025-10-01 02:45:00+00:00,0.21574,0.21636,0.21573,0.21579,2975.31901
2025-10-01 03:30:00+00:00,0.21583,0.21583,0.21583,0.21583,771.16248
2025-10-01 04:00:00+00:00,0.21391,0.21391,0.2139,0.2139,1861.03886
2025-10-01 04:15:00+00:00,0.21354,0.2159,0.21354,0.21502,3794.26732
2025-10-01 04:30:00+00:00,0.21521,0.21521,0.21521,0.21521,550.85614
2025-10-01 04:45:00+00:00,0.21657,0.21657,0.21571,0.21571,1280.17222
2025-10-01 05:00:00+00:00,0.21857,0.21866,0.2171,0.2171,7984.63853
2025-10-01 05:15:00+00:00,0.21537,0.21537,0.21537,0.21537,23.55077
2025-10-01 05:30:00+00:00,0.21725,0.21725,0.21495,0.21495,2736.68127
2025-10-01 05:45:00+00:00,0.21566,0.21625,0.21566,0.21592,5289.25279
2025-10-01 06:00:00+00:00,0.2192,0.2192,0.21865,0.21866,1602.7978
2025-10-01 06:15:00+00:00,0.22,0.22191,0.21901,0.21901,119131.04743
2025-10-01 06:30:00+00:00,0.21947,0.21947,0.21755,0.21755,54602.89648
2025-10-01 06:45:00+00:00,0.21742,0.21742,0.21265,0.21272,19354.86228
2025-10-01 07:15:00+00:00,0.2118,0.2119,0.2118,0.2119,4241.2683
2025-10-01 07:30:00+00:00,0.21021,0.21021,0.21012,0.21012,4142.45001
2025-10-01 07:45:00+00:00,0.21004,0.21004,0.20951,0.20951,324.50837
2025-10-01 08:15:00+00:00,0.20882,0.20882,0.20882,0.20882,1241.68878
2025-10-01 08:30:00+00:00,0.21133,0.21147,0.21133,0.21147,318.57673
2025-10-01 08:45:00+00:00,0.21522,0.21568,0.21406,0.21406,11229.29562
2025-10-01 09:15:00+00:00,0.21322,0.21324,0.21322,0.21324,3055.16945
2025-10-01 10:00:00+00:00,0.21509,0.21509,0.2132,0.2132,922.35468
2025-10-01 10:15:00+00:00,0.21353,0.21353,0.21332,0.21332,7966.45308
2025-10-01 10:30:00+00:00,0.21507,0.21658,0.21368,0.2153,1197.6305
2025-10-01 10:45:00+00:00,0.2161,0.2161,0.21433,0.21433,682.24305
2025-10-01 11:00:00+00:00,0.21609,0.2161,0.21484,0.21535,1681.66699
2025-10-01 11:15:00+00:00,0.21579,0.2159,0.21579,0.2159,464.36
2025-10-01 11:30:00+00:00,0.21492,0.21492,0.21492,0.21492,242.65121
2025-10-01 11:45:00+00:00,0.21656,0.21682,0.21656,0.21682,482.91381
2025-10-01 12:00:00+00:00,0.21762,0.22027,0.21762,0.22027,9079.67678
2025-10-01 12:15:00+00:00,0.22048,0.22048,0.22048,0.22048,1358.49056
2025-10-01 12:30:00+00:00,0.21987,0.21987,0.21866,0.21866,964.73832
2025-10-01 12:45:00+00:00,0.21789,0.21799,0.21789,0.2179,936.25754
2025-10-01 13:00:00+00:00,0.2178,0.2178,0.21686,0.21744,1069.71446
2025-10-01 13:15:00+00:00,0.21693,0.21865,0.21692,0.21865,919.71307
2025-10-01 13:30:00+00:00,0.2177,0.21903,0.21769,0.21874,1379.674
2025-10-01 13:45:00+00:00,0.21851,0.21852,0.21851,0.21852,457.143
2025-10-01 14:00:00+00:00,0.21778,0.21786,0.21778,0.21786,1069.9135
2025-10-01 14:15:00+00:00,0.22034,0.22104,0.22034,0.22104,1029.52842
2025-10-01 14:30:00+00:00,0.222,0.2262,0.22148,0.22337,39087.60294
2025-10-01 14:45:00+00:00,0.22608,0.22655,0.22284,0.22408,8505.53814
2025-10-01 15:00:00+00:00,0.22517,0.22866,0.22517,0.22755,15993.96414
2025-10-01 15:15:00+00:00,0.22631,0.22631,0.22415,0.22425,1390.32609
2025-10-01 15:30:00+00:00,0.2233,0.22462,0.2233,0.22462,1509.27481
2025-10-01 15:45:00+00:00,0.22292,0.22393,0.22292,0.22393,489.71916
2025-10-01 16:00:00+00:00,0.23,0.23397,0.23,0.23383,1423.7339
2025-10-01 16:15:00+00:00,0.23469,0.23663,0.23418,0.23626,6176.93911
2025-10-01 16:30:00+00:00,0.23743,0.23935,0.234,0.23808,10032.17485
2025-10-01 16:45:00+00:00,0.23858,0.23858,0.21834,0.22157,68926.90794
2025-10-01 17:00:00+00:00,0.22191,0.22191,0.21882,0.22085,15757.54036
2025-10-01 17:15:00+00:00,0.21999,0.21999,0.21291,0.21294,11513.56579
2025-10-01 17:30:00+00:00,0.2107,0.21111,0.20892,0.20922,16783.93603
2025-10-01 17:45:00+00:00,0.20922,0.20922,0.20699,0.20843,18446.67504
2025-10-01 18:00:00+00:00,0.20858,0.21014,0.20858,0.21014,71530.42254
2025-10-01 18:15:00+00:00,0.20983,0.20983,0.20845,0.20845,4269.34078
2025-10-01 18:30:00+00:00,0.20745,0.20823,0.20722,0.20755,9538.97037
2025-10-01 18:45:00+00:00,0.20823,0.20903,0.20794,0.20794,9795.40718
2025-10-01 19:00:00+00:00,0.20719,0.20719,0.20718,0.20718,262.74763
2025-10-01 19:15:00+00:00,0.20712,0.20806,0.20712,0.20806,2730.30966
2025-10-01 19:30:00+00:00,0.20737,0.20737,0.20644,0.20725,2627.17962
2025-10-01 19:45:00+00:00,0.20761,0.20761,0.20674,0.20674,2283.15821
2025-10-01 20:00:00+00:00,0.20648,0.20732,0.20534,0.20534,7113.33487
2025-10-01 20:15:00+00:00,0.20581,0.20581,0.20409,0.20409,3148.87898
2025-10-01 20:30:00+00:00,0.20493,0.21048,0.20493,0.20966,16079.47775
2025-10-01 21:00:00+00:00,0.20884,0.20884,0.20743,0.20743,1584.50251
2025-10-01 21:15:00+00:00,0.20748,0.20772,0.20732,0.20772,4246.81791
2025-10-01 22:00:00+00:00,0.20681,0.2073,0.20681,0.2073,1261.82115
2025-10-01 22:30:00+00:00,0.20628,0.2068,0.20628,0.2068,1123.07249
2025-10-01 23:00:00+00:00,0.20668,0.20705,0.20668,0.20705,2249.40152
2025-10-01 23:15:00+00:00,0.20724,0.21317,0.20724,0.21317,4319.43585
2025-10-01 23:30:00+00:00,0.21038,0.21151,0.21038,0.21151,2868.91995
2025-10-01 23:45:00+00:00,0.21064,0.21248,0.21064,0.21248,60200.02151
2025-10-02 00:00:00+00:00,0.21313,0.21744,0.21313,0.21684,12938.72792
2025-10-02 00:15:00+00:00,0.21941,0.21945,0.21941,0.21941,2248.37281
2025-10-02 00:45:00+00:00,0.22044,0.22044,0.22044,0.22044,2000.0
2025-10-02 01:00:00+00:00,0.22304,0.2256,0.21749,0.2256,36489.50246
2025-10-02 01:15:00+00:00,0.22943,0.23345,0.22943,0.23295,21538.17685
2025-10-02 01:30:00+00:00,0.23245,0.23245,0.22734,0.22734,14806.14474
2025-10-02 01:45:00+00:00,0.22878,0.22878,0.22878,0.22878,39.0
2025-10-02 02:00:00+00:00,0.23306,0.23307,0.22791,0.22791,10572.12413
2025-10-02 02:15:00+00:00,0.23243,0.23243,0.22365,0.22365,12733.11138
2025-10-02 02:30:00+00:00,0.22138,0.22138,0.22138,0.22138,237.58731
2025-10-02 02:45:00+00:00,0.22131,0.2221,0.22102,0.22102,4067.52498
2025-10-02 03:00:00+00:00,0.22025,0.22159,0.22025,0.22159,726.74304
2025-10-02 03:15:00+00:00,0.22102,0.22102,0.22102,0.22102,2701.66811
2025-10-02 03:45:00+00:00,0.22037,0.22037,0.21909,0.21909,479.87488
2025-10-02 04:00:00+00:00,0.21927,0.21927,0.21753,0.21796,5965.38625
2025-10-02 04:15:00+00:00,0.21516,0.21517,0.21516,0.21517,512.44171
2025-10-02 04:30:00+00:00,0.2133,0.2133,0.2133,0.2133,400.0
2025-10-02 04:45:00+00:00,0.21215,0.21215,0.21215,0.21215,505.39554
2025-10-02 05:00:00+00:00,0.21254,0.214,0.21254,0.214,1650.70797
2025-10-02 05:15:00+00:00,0.21413,0.21413,0.21372,0.21372,1168.69976
2025-10-02 05:30:00+00:00,0.21353,0.21353,0.21353,0.21353,64.94916
2025-10-02 06:00:00+00:00,0.21335,0.21335,0.21159,0.21159,3398.82429
2025-10-02 06:15:00+00:00,0.21054,0.21101,0.21054,0.21101,327.68394
2025-10-02 06:30:00+00:00,0.21101,0.21101,0.21064,0.21064,1455.56053
2025-10-02 06:45:00+00:00,0.21001,0.21001,0.20797,0.20853,5597.69299
2025-10-02 07:00:00+00:00,0.2073,0.2073,0.20627,0.20627,5628.40913
2025-10-02 07:15:00+00:00,0.20697,0.20757,0.20697,0.20757,553.90323
2025-10-02 07:45:00+00:00,0.20738,0.20738,0.20738,0.20738,24.01388
2025-10-02 08:15:00+00:00,0.20766,0.21275,0.20766,0.21275,11103.47427
2025-10-02 08:30:00+00:00,0.21246,0.21346,0.21246,0.2132,7362.27511
2025-10-02 08:45:00+00:00,0.21286,0.21286,0.21079,0.21079,3186.73762
2025-10-02 09:15:00+00:00,0.20928,0.20928,0.20928,0.20928,241.30619
2025-10-02 09:30:00+00:00,0.20937,0.21195,0.20937,0.21195,3058.58752
2025-10-02 09:45:00+00:00,0.21215,0.21215,0.21215,0.21215,244.88766
2025-10-02 10:00:00+00:00,0.21099,0.21099,0.20825,0.20825,1782.13055
2025-10-02 10:15:00+00:00,0.20815,0.21061,0.20815,0.21013,2697.67608
2025-10-02 10:30:00+00:00,0.21015,0.21015,0.21012,0.21012,831.99228
2025-10-02 10:45:00+00:00,0.20935,0.21042,0.20864,0.21042,4216.67663
2025-10-02 11:00:00+00:00,0.208,0.208,0.208,0.208,240.74046
2025-10-02 11:15:00+00:00,0.20707,0.20707,0.20707,0.20707,242.18579
2025-10-02 11:30:00+00:00,0.20682,0.20682,0.20682,0.20682,48.29284
2025-10-02 11:45:00+00:00,0.20689,0.20689,0.20689,0.20689,163.89076
2025-10-02 12:00:00+00:00,0.20767,0.20797,0.20767,0.20797,731.46413
2025-10-02 12:30:00+00:00,0.20672,0.20672,0.20672,0.20672,100.0
2025-10-02 12:45:00+00:00,0.20742,0.20742,0.20742,0.20742,269.40507
2025-10-02 13:00:00+00:00,0.20707,0.20707,0.20643,0.20643,1132.98498
2025-10-02 13:15:00+00:00,0.20614,0.21277,0.20614,0.21085,26517.34484
2025-10-02 13:30:00+00:00,0.21073,0.21649,0.21073,0.21649,49050.59597
2025-10-02 13:45:00+00:00,0.21742,0.21742,0.21522,0.21649,3263.63966
2025-10-02 14:00:00+00:00,0.21809,0.22087,0.21709,0.22087,4110.85962
2025-10-02 14:15:00+00:00,0.22591,0.22591,0.22457,0.22457,4110.85962
2025-10-02 14:30:00+00:00,0.22497,0.22658,0.22344,0.22658,10254.15926
2025-10-02 14:45:00+00:00,0.22824,0.22824,0.22823,0.22823,1960.5142
2025-10-02 15:00:00+00:00,0.22879,0.22879,0.22338,0.22552,13537.43695
2025-10-02 15:15:00+00:00,0.225,0.22657,0.225,0.22657,1299.20999
2025-10-02 15:30:00+00:00,0.22634,0.22634,0.22634,0.22634,26.59716
2025-10-02 15:45:00+00:00,0.22729,0.22729,0.22668,0.22668,1166.86223
2025-10-02 16:00:00+00:00,0.22762,0.22842,0.22726,0.22789,10674.44007
2025-10-02 16:15:00+00:00,0.2297,0.2297,0.22706,0.22757,368.73352
2025-10-02 16:30:00+00:00,0.22693,0.22693,0.22385,0.22565,15604.89305
2025-10-02 16:45:00+00:00,0.22541,0.22638,0.22541,0.22611,64967.45059
2025-10-02 17:00:00+00:00,0.22571,0.22571,0.22394,0.22484,2067.67094
2025-10-02 17:15:00+00:00,0.22191,0.22191,0.22099,0.22099,4000.0
2025-10-02 17:30:00+00:00,0.22108,0.22139,0.22108,0.22113,4048.96
2025-10-02 18:00:00+00:00,0.22863,0.22948,0.22541,0.22541,8069.98206
2025-10-02 18:30:00+00:00,0.22804,0.22804,0.22667,0.22667,6000.0
2025-10-02 18:45:00+00:00,0.22674,0.2275,0.22321,0.22321,16361.16024
2025-10-02 19:15:00+00:00,0.22392,0.2245,0.22218,0.2245,1117.90778
2025-10-02 19:30:00+00:00,0.23195,0.2347,0.22874,0.22874,10092.91157
2025-10-02 19:45:00+00:00,0.23001,0.23001,0.22787,0.22878,2090.78596
2025-10-02 20:00:00+00:00,0.22897,0.22897,0.22735,0.22735,2007.23108
2025-10-02 20:15:00+00:00,0.22806,0.23276,0.22806,0.23276,13356.71643
2025-10-02 20:30:00+00:00,0.23385,0.23938,0.23296,0.23301,65065.25849
2025-10-02 20:45:00+00:00,0.23314,0.23539,0.23216,0.23369,49888.51359
2025-10-02 21:00:00+00:00,0.23727,0.23727,0.23727,0.23727,514.0
2025-10-02 21:15:00+00:00,0.23433,0.23936,0.23433,0.23936,7209.29792
2025-10-02 21:30:00+00:00,0.22797,0.22974,0.22797,0.22974,167.36168
2025-10-02 21:45:00+00:00,0.22728,0.22728,0.22728,0.22728,2000.0
2025-10-02 22:00:00+00:00,0.22695,0.22933,0.22694,0.22759,14219.75043
2025-10-02 22:15:00+00:00,0.22688,0.22811,0.22637,0.22642,6040.0
2025-10-02 22:30:00+00:00,0.22615,0.22615,0.2249,0.2249,16543.57733
2025-10-02 22:45:00+00:00,0.22394,0.22424,0.22394,0.22424,4556.83025
2025-10-02 23:45:00+00:00,0.22111,0.22237,0.22111,0.22237,263.92603
2025-10-03 00:00:00+00:00,0.22174,0.22174,0.22174,0.22174,243.64828
2025-10-03 00:15:00+00:00,0.22161,0.2233,0.22161,0.2233,977.16921
2025-10-03 00:30:00+00:00,0.22364,0.22502,0.22364,0.22499,2983.35268
2025-10-03 00:45:00+00:00,0.22356,0.22356,0.21928,0.21928,4969.04087
2025-10-03 01:00:00+00:00,0.21915,0.2194,0.21791,0.21823,1710.71097
2025-10-03 01:15:00+00:00,0.21739,0.21781,0.21739,0.21781,964.16259
2025-10-03 01:45:00+00:00,0.21747,0.21755,0.21718,0.21737,2738.0055
2025-10-03 02:00:00+00:00,0.21721,0.21848,0.21721,0.21848,2177.14652
2025-10-03 02:15:00+00:00,0.21872,0.2188,0.21872,0.2188,476.59804
2025-10-03 02:30:00+00:00,0.21869,0.21869,0.21869,0.21869,495.05498
2025-10-03 02:45:00+00:00,0.21864,0.21959,0.21864,0.21959,4199.40193
2025-10-03 03:15:00+00:00,0.21802,0.21809,0.21802,0.21809,492.99732
2025-10-03 03:45:00+00:00,0.21566,0.21627,0.21566,0.21627,1236.18761
2025-10-03 04:00:00+00:00,0.21504,0.21504,0.21504,0.21504,239.94811
2025-10-03 04:15:00+00:00,0.21453,0.21541,0.21453,0.21541,1476.9873
2025-10-03 04:30:00+00:00,0.21545,0.21802,0.21545,0.21802,3395.27678
2025-10-03 04:45:00+00:00,0.2174,0.2174,0.2174,0.2174,590.41406
2025-10-03 05:00:00+00:00,0.21848,0.21848,0.21848,0.21848,242.49889
2025-10-03 05:30:00+00:00,0.21712,0.21712,0.21712,0.21712,242.36325
2025-10-03 05:45:00+00:00,0.21585,0.21585,0.21584,0.21584,6782.95372
2025-10-03 06:00:00+00:00,0.21647,0.21719,0.21647,0.21719,486.14282
2025-10-03 06:15:00+00:00,0.21628,0.2172,0.21628,0.2172,3310.12083
2025-10-03 06:30:00+00:00,0.21718,0.21732,0.21678,0.21717,3550.84307
2025-10-03 06:45:00+00:00,0.21766,0.21971,0.21766,0.21971,2995.76686
2025-10-03 07:00:00+00:00,0.21846,0.21846,0.21846,0.21846,307.47048
2025-10-03 07:15:00+00:00,0.21847,0.21958,0.21635,0.21635,10108.03966
2025-10-03 07:30:00+00:00,0.21486,0.21567,0.21478,0.21567,822.69408
2025-10-03 07:45:00+00:00,0.21509,0.21509,0.21348,0.21348,579.17596
2025-10-03 08:15:00+00:00,0.21329,0.21641,0.21329,0.21611,4639.14545
2025-10-03 08:30:00+00:00,0.2198,0.22276,0.2198,0.22042,6136.4453
2025-10-03 08:45:00+00:00,0.22107,0.22107,0.21628,0.21628,33054.06425
2025-10-03 09:00:00+00:00,0.21596,0.21596,0.21518,0.2152,4383.09873
2025-10-03 09:15:00+00:00,0.21538,0.2154,0.21473,0.2154,3875.18646
2025-10-03 09:30:00+00:00,0.21514,0.21616,0.21429,0.21429,2280.79548
2025-10-03 09:45:00+00:00,0.21382,0.21382,0.2135,0.2135,496.02127
2025-10-03 10:00:00+00:00,0.21388,0.21443,0.21388,0.21443,4490.56948
2025-10-03 10:15:00+00:00,0.21003,0.2104,0.20921,0.20921,3442.48692
2025-10-03 10:30:00+00:00,0.2091,0.20965,0.2091,0.20965,1953.00431
2025-10-03 10:45:00+00:00,0.20798,0.20798,0.20775,0.20777,1448.77015
2025-10-03 11:00:00+00:00,0.20771,0.20814,0.20732,0.20732,3267.92823
2025-10-03 11:15:00+00:00,0.20802,0.20903,0.20773,0.20903,2205.94527
2025-10-03 11:30:00+00:00,0.20887,0.20887,0.20778,0.20778,1320.15665
2025-10-03 11:45:00+00:00,0.20742,0.21014,0.20742,0.21014,22871.81017
2025-10-03 12:00:00+00:00,0.21039,0.21626,0.21039,0.2146,89010.27185
2025-10-03 12:15:00+00:00,0.21229,0.21273,0.21229,0.21273,1209.11436
2025-10-03 12:30:00+00:00,0.21138,0.21182,0.21061,0.21075,10523.47026
2025-10-03 12:45:00+00:00,0.20947,0.2113,0.20947,0.2113,1212.10585
2025-10-03 13:00:00+00:00,0.21041,0.21068,0.20897,0.20897,5920.58736
2025-10-03 13:15:00+00:00,0.20904,0.20904,0.20904,0.20904,242.29045
2025-10-03 13:30:00+00:00,0.20962,0.21064,0.20902,0.21041,8184.73603
2025-10-03 13:45:00+00:00,0.21096,0.21832,0.21096,0.21832,12620.93613
2025-10-03 14:00:00+00:00,0.22129,0.22704,0.22129,0.22495,46585.73891
2025-10-03 14:15:00+00:00,0.2254,0.22689,0.2202,0.22042,95834.916
2025-10-03 14:30:00+00:00,0.22005,0.22005,0.21536,0.21536,8749.53623
2025-10-03 14:45:00+00:00,0.21674,0.21803,0.21567,0.21803,1682.17294
2025-10-03 15:00:00+00:00,0.21811,0.21811,0.21478,0.21478,638.84856
2025-10-03 15:15:00+00:00,0.21563,0.21563,0.21563,0.21563,239.31186
2025-10-03 15:30:00+00:00,0.21537,0.21537,0.21537,0.21537,2389.23824
2025-10-03 16:00:00+00:00,0.2167,0.2167,0.2165,0.2165,2178.9388
2025-10-03 16:15:00+00:00,0.21649,0.21788,0.21614,0.21614,2909.75571
2025-10-03 16:30:00+00:00,0.21638,0.2173,0.21638,0.21652,3477.68529
2025-10-03 16:45:00+00:00,0.21399,0.21587,0.21399,0.21517,4813.35758
2025-10-03 17:00:00+00:00,0.21225,0.21379,0.21202,0.21379,1945.29265
2025-10-03 17:15:00+00:00,0.21401,0.21401,0.21232,0.21232,5195.08342
2025-10-03 17:30:00+00:00,0.21234,0.21234,0.21183,0.21206,2940.72217
2025-10-03 17:45:00+00:00,0.21215,0.21215,0.21156,0.21156,1226.70154
2025-10-03 18:00:00+00:00,0.21127,0.21127,0.21018,0.21084,6784.00706
2025-10-03 18:15:00+00:00,0.21064,0.21143,0.21039,0.21039,5994.46787
2025-10-03 18:30:00+00:00,0.2106,0.21191,0.2106,0.21191,11495.95988
2025-10-03 18:45:00+00:00,0.21226,0.21541,0.21226,0.21541,12218.90574
2025-10-03 19:45:00+00:00,0.21422,0.21422,0.21422,0.21422,233.1715
2025-10-03 20:15:00+00:00,0.21371,0.21395,0.21371,0.21395,633.15094
2025-10-03 20:30:00+00:00,0.21372,0.21372,0.21372,0.21372,245.7417
2025-10-03 20:45:00+00:00,0.21394,0.21644,0.21394,0.21644,1450.52801
2025-10-03 21:00:00+00:00,0.21422,0.21458,0.21373,0.21458,2571.40522
2025-10-03 21:30:00+00:00,0.21342,0.21342,0.21342,0.21342,462.70265
2025-10-03 21:45:00+00:00,0.21178,0.21551,0.21121,0.2149,51181.86055
2025-10-03 22:00:00+00:00,0.21477,0.22838,0.21477,0.22827,21995.63987
2025-10-03 22:15:00+00:00,0.2284,0.22893,0.22071,0.22244,30009.15671
2025-10-03 22:30:00+00:00,0.22532,0.22761,0.22532,0.22761,3571.14835
2025-10-03 22:45:00+00:00,0.22682,0.22717,0.21594,0.21599,29137.08085
2025-10-03 23:00:00+00:00,0.21489,0.21489,0.21474,0.21476,4237.73984
2025-10-03 23:15:00+00:00,0.21425,0.21559,0.21409,0.21517,10873.5021
2025-10-03 23:30:00+00:00,0.21522,0.21697,0.21522,0.21697,15648.27681
2025-10-03 23:45:00+00:00,0.2152,0.2156,0.2152,0.21554,1955.32527
2025-10-04 00:00:00+00:00,0.21622,0.21882,0.21516,0.21678,16228.11899
2025-10-04 00:15:00+00:00,0.21566,0.21588,0.21424,0.21424,740.39164
2025-10-04 00:30:00+00:00,0.21503,0.21512,0.21435,0.21459,5103.93815
2025-10-04 00:45:00+00:00,0.21421,0.21429,0.2139,0.21429,1468.52695
2025-10-04 01:30:00+00:00,0.21351,0.21351,0.21308,0.21308,479.9052
2025-10-04 01:45:00+00:00,0.21288,0.21288,0.21288,0.21288,239.2254
2025-10-04 02:00:00+00:00,0.21244,0.21244,0.21206,0.21206,479.94934
2025-10-04 02:15:00+00:00,0.2102,0.2102,0.2102,0.2102,243.7145
2025-10-04 02:30:00+00:00,0.21017,0.21034,0.20978,0.20978,2494.16283
2025-10-04 03:00:00+00:00,0.2082,0.2082,0.20676,0.20697,3596.76113
2025-10-04 03:15:00+00:00,0.20576,0.20576,0.20418,0.20525,1092.95135
2025-10-04 03:30:00+00:00,0.20539,0.20545,0.20195,0.20195,5573.07104
2025-10-04 03:45:00+00:00,0.20202,0.20266,0.20202,0.20266,9875.80808
2025-10-04 04:00:00+00:00,0.20046,0.20147,0.2,0.2,4189.22093
2025-10-04 04:15:00+00:00,0.2,0.2,0.19915,0.19999,3461.44629
2025-10-04 04:30:00+00:00,0.2,0.2,0.19745,0.19839,2802.14673
2025-10-04 04:45:00+00:00,0.199,0.199,0.19657,0.19657,1512.02
2025-10-04 05:00:00+00:00,0.19628,0.1989,0.19554,0.19566,39350.16192
2025-10-04 05:15:00+00:00,0.19545,0.19568,0.19431,0.19435,6916.25362
2025-10-04 05:30:00+00:00,0.19414,0.19435,0.19324,0.19414,6543.86228
2025-10-04 05:45:00+00:00,0.19395,0.20092,0.19232,0.19692,51777.3106
2025-10-04 06:00:00+00:00,0.19649,0.19661,0.196,0.19608,6872.38097
2025-10-04 06:15:00+00:00,0.19579,0.19712,0.1942,0.1942,3779.11737
2025-10-04 06:30:00+00:00,0.19463,0.19463,0.19433,0.19433,2487.93266
2025-10-04 06:45:00+00:00,0.19468,0.19672,0.19468,0.19672,3578.89485
2025-10-04 07:00:00+00:00,0.19712,0.20015,0.19712,0.20015,16266.40896
2025-10-04 07:15:00+00:00,0.1992,0.20595,0.1984,0.20551,31405.7764
2025-10-04 07:30:00+00:00,0.20468,0.20642,0.20197,0.20335,25435.29728
2025-10-04 07:45:00+00:00,0.20491,0.20546,0.20057,0.204,16580.15721
2025-10-04 08:00:00+00:00,0.204,0.20629,0.204,0.20514,12064.0024
2025-10-04 08:15:00+00:00,0.2045,0.2092,0.20084,0.20917,7221.15159
2025-10-04 08:30:00+00:00,0.20958,0.21481,0.20958,0.21088,6756.62468
2025-10-04 08:45:00+00:00,0.21052,0.215,0.2053,0.215,5217.63082
2025-10-04 09:00:00+00:00,0.21785,0.22112,0.21741,0.22086,7229.6202
2025-10-04 09:15:00+00:00,0.2196,0.22373,0.21922,0.22304,5212.69787
2025-10-04 09:30:00+00:00,0.22823,0.22901,0.22429,0.22572,25779.53982
2025-10-04 09:45:00+00:00,0.22602,0.22602,0.22221,0.22249,10066.99733
2025-10-04 10:00:00+00:00,0.22629,0.22681,0.22216,0.22496,8911.50171
2025-10-04 10:15:00+00:00,0.22702,0.22889,0.22629,0.2281,6205.78633
2025-10-04 10:30:00+00:00,0.22763,0.22985,0.2271,0.22825,42266.04609
2025-10-04 10:45:00+00:00,0.22797,0.23181,0.22797,0.23093,128831.6457
2025-10-04 11:00:00+00:00,0.2303,0.23551,0.22777,0.23532,173480.36914
2025-10-04 11:15:00+00:00,0.23492,0.23492,0.22748,0.23388,104128.77576
2025-10-04 11:30:00+00:00,0.23457,0.23554,0.22445,0.22743,45642.39894
2025-10-04 11:45:00+00:00,0.22717,0.231,0.22582,0.231,26548.99262
2025-10-04 12:00:00+00:00,0.23063,0.23242,0.22779,0.228,25666.46477
2025-10-04 12:15:00+00:00,0.22858,0.23157,0.22773,0.23157,5549.76688
2025-10-04 12:30:00+00:00,0.23296,0.23688,0.23275,0.23275,27209.75739
2025-10-04 12:45:00+00:00,0.23201,0.23555,0.23078,0.23476,5487.11887
2025-10-04 13:00:00+00:00,0.23295,0.23511,0.23162,0.23319,1190.098
2025-10-04 13:15:00+00:00,0.23245,0.23284,0.23025,0.23037,14653.83084
2025-10-04 13:30:00+00:00,0.22978,0.23033,0.22737,0.23033,5496.38514
2025-10-04 13:45:00+00:00,0.23009,0.23263,0.22865,0.2323,9746.64133
2025-10-04 14:00:00+00:00,0.23193,0.23372,0.23126,0.23132,2036.92838
2025-10-04 14:15:00+00:00,0.23286,0.23425,0.23286,0.23347,4627.01763
2025-10-04 14:30:00+00:00,0.2329,0.23297,0.23254,0.23254,465.66678
2025-10-04 14:45:00+00:00,0.23171,0.23329,0.23146,0.23198,2740.63662
2025-10-04 15:00:00+00:00,0.23077,0.23219,0.23077,0.23219,729.42545
2025-10-04 15:15:00+00:00,0.23106,0.23409,0.23106,0.23247,3739.88836
2025-10-04 15:30:00+00:00,0.23289,0.23505,0.23013,0.23505,4199.37252
2025-10-04 15:45:00+00:00,0.23677,0.24216,0.23632,0.24063,82582.12871
2025-10-04 16:00:00+00:00,0.24016,0.24424,0.23642,0.24133,124473.53892
2025-10-04 16:15:00+00:00,0.23981,0.24218,0.23506,0.2376,66382.91711
2025-10-04 16:30:00+00:00,0.2373,0.23902,0.23265,0.23265,27331.79582
2025-10-04 16:45:00+00:00,0.23272,0.23275,0.22423,0.2245,57862.09705
2025-10-04 17:00:00+00:00,0.22387,0.22438,0.21844,0.22406,18466.15299
2025-10-04 17:15:00+00:00,0.22378,0.22378,0.21953,0.21953,78663.4658
2025-10-04 17:30:00+00:00,0.21967,0.22012,0.217,0.21746,44017.60598
2025-10-04 17:45:00+00:00,0.21723,0.22653,0.21642,0.22558,21540.70395
2025-10-04 18:00:00+00:00,0.2252,0.22568,0.2231,0.2231,6965.5841
2025-10-04 18:15:00+00:00,0.22207,0.22485,0.22023,0.22409,9081.75167
2025-10-04 18:30:00+00:00,0.22373,0.22448,0.22283,0.22283,42696.16756
2025-10-04 18:45:00+00:00,0.22098,0.22098,0.21658,0.21658,3142.50309
2025-10-04 19:00:00+00:00,0.21741,0.21773,0.21538,0.21617,3356.44114
2025-10-04 19:15:00+00:00,0.21638,0.21934,0.21532,0.21933,77548.67492
2025-10-04 19:30:00+00:00,0.21959,0.22175,0.21956,0.22053,73994.82759
2025-10-04 19:45:00+00:00,0.21861,0.21886,0.21727,0.21826,16005.855
2025-10-04 20:00:00+00:00,0.2178,0.2189,0.21657,0.21657,14835.47695
2025-10-04 20:15:00+00:00,0.21551,0.21698,0.21551,0.21698,4446.29877
2025-10-04 20:30:00+00:00,0.21993,0.2212,0.21697,0.21697,56129.27155
2025-10-04 20:45:00+00:00,0.21736,0.21831,0.21694,0.21831,11072.45792
2025-10-04 21:00:00+00:00,0.21854,0.21972,0.21748,0.21748,4391.37483
2025-10-04 21:15:00+00:00,0.21679,0.2175,0.21679,0.21748,3610.13016
2025-10-04 21:30:00+00:00,0.21752,0.21783,0.21742,0.21783,3026.58545
2025-10-04 21:45:00+00:00,0.21787,0.21913,0.21787,0.21913,24144.83352
2025-10-04 22:00:00+00:00,0.21947,0.22196,0.21897,0.21961,52224.36893
2025-10-04 22:15:00+00:00,0.21792,0.21792,0.21531,0.21552,14984.60163
2025-10-04 22:30:00+00:00,0.2153,0.2153,0.21298,0.21379,25458.54398
2025-10-04 22:45:00+00:00,0.2112,0.21281,0.2094,0.21281,8793.23753
2025-10-04 23:00:00+00:00,0.21232,0.21378,0.21085,0.21101,43662.70844
2025-10-04 23:15:00+00:00,0.21083,0.21189,0.21083,0.21187,10511.53597
2025-10-04 23:30:00+00:00,0.21087,0.21193,0.21055,0.21193,5115.94887
2025-10-04 23:45:00+00:00,0.21131,0.21131,0.20963,0.20963,291.92745
2025-10-05 00:00:00+00:00,0.21063,0.21554,0.21063,0.21554,16990.82342
2025-10-05 00:15:00+00:00,0.21588,0.21588,0.2139,0.21509,1868.13054
2025-10-05 01:00:00+00:00,0.21233,0.21233,0.21087,0.21087,285.54775
2025-10-05 01:15:00+00:00,0.21051,0.21051,0.21034,0.21034,2947.74651
2025-10-05 01:30:00+00:00,0.21139,0.21181,0.21139,0.21181,4136.04802
2025-10-05 01:45:00+00:00,0.21224,0.21224,0.21117,0.21181,4144.10151
2025-10-05 02:15:00+00:00,0.21016,0.21434,0.21016,0.21434,2731.68161
2025-10-05 02:45:00+00:00,0.21385,0.21385,0.21272,0.21272,282.76874
2025-10-05 03:00:00+00:00,0.21321,0.21321,0.21321,0.21321,399.32461
2025-10-05 03:30:00+00:00,0.21409,0.21581,0.21409,0.21581,12681.3647
2025-10-05 03:45:00+00:00,0.21489,0.21512,0.21489,0.21495,3524.83813
2025-10-05 04:00:00+00:00,0.21494,0.21553,0.21494,0.21553,4971.04764
2025-10-05 04:15:00+00:00,0.21495,0.21495,0.21495,0.21495,148.52644
2025-10-05 04:30:00+00:00,0.21335,0.21335,0.21335,0.21335,17.39595
2025-10-05 04:45:00+00:00,0.21261,0.21838,0.21261,0.21838,19510.31283
2025-10-05 05:00:00+00:00,0.21911,0.22457,0.21911,0.22294,66860.61704
2025-10-05 05:15:00+00:00,0.22302,0.2287,0.22125,0.2287,57344.1089
2025-10-05 05:30:00+00:00,0.22875,0.23141,0.22675,0.23124,24295.47295
2025-10-05 05:45:00+00:00,0.23072,0.2312,0.22005,0.2257,80387.54792
2025-10-05 06:00:00+00:00,0.22573,0.22573,0.21533,0.21533,76189.58855
2025-10-05 06:15:00+00:00,0.21546,0.21557,0.21546,0.21557,2201.29433
2025-10-05 06:30:00+00:00,0.21462,0.21469,0.21213,0.21213,15377.42221
2025-10-05 06:45:00+00:00,0.21249,0.21256,0.21104,0.21104,2928.31197
2025-10-05 07:00:00+00:00,0.21135,0.21276,0.21135,0.21153,7880.56705
2025-10-05 07:15:00+00:00,0.2123,0.21384,0.2123,0.213,27967.01562
2025-10-05 07:30:00+00:00,0.21129,0.21235,0.21129,0.21235,2434.07401
2025-10-05 07:45:00+00:00,0.21275,0.21275,0.21258,0.21258,2055.00543
2025-10-05 08:00:00+00:00,0.21297,0.21297,0.21225,0.21244,4288.93827
2025-10-05 08:15:00+00:00,0.21363,0.21808,0.21363,0.21786,39272.95635
2025-10-05 08:30:00+00:00,0.21513,0.21513,0.21513,0.21513,39.4645
2025-10-05 08:45:00+00:00,0.21788,0.21788,0.21744,0.21744,77.8352
2025-10-05 09:00:00+00:00,0.21589,0.21589,0.21426,0.21426,1084.45251
2025-10-05 09:15:00+00:00,0.21397,0.21923,0.21397,0.21751,42602.01369
2025-10-05 09:30:00+00:00,0.21806,0.22152,0.21806,0.22152,25915.67685
2025-10-05 09:45:00+00:00,0.22145,0.22412,0.22075,0.22371,2160.29171
2025-10-05 10:00:00+00:00,0.22234,0.22234,0.21421,0.21421,14258.06386
2025-10-05 10:15:00+00:00,0.21509,0.21587,0.21509,0.21548,536.36957
2025-10-05 10:30:00+00:00,0.21451,0.21514,0.21247,0.21514,3999.55569
2025-10-05 10:45:00+00:00,0.21599,0.21643,0.21469,0.21469,3178.3386
2025-10-05 11:00:00+00:00,0.21463,0.2196,0.21463,0.21678,15759.96344
2025-10-05 11:15:00+00:00,0.21743,0.22019,0.21728,0.21972,11574.47272
2025-10-05 11:30:00+00:00,0.21865,0.21865,0.21311,0.21493,13990.60594
2025-10-05 11:45:00+00:00,0.21418,0.21496,0.21359,0.2136,9837.53651
2025-10-05 12:00:00+00:00,0.21254,0.21303,0.21254,0.21303,5816.07697
2025-10-05 12:15:00+00:00,0.213,0.21338,0.21271,0.21338,2486.26828
2025-10-05 12:30:00+00:00,0.21847,0.21947,0.21732,0.21732,32070.2627
2025-10-05 12:45:00+00:00,0.21686,0.2202,0.21686,0.21951,20520.84023
2025-10-05 13:00:00+00:00,0.22071,0.22071,0.21601,0.21713,45287.99059
2025-10-05 13:15:00+00:00,0.21925,0.21967,0.21543,0.21543,56868.38913
2025-10-05 13:30:00+00:00,0.21562,0.21562,0.20627,0.2073,24210.42097
2025-10-05 13:45:00+00:00,0.20756,0.20953,0.2074,0.20876,52542.13851
2025-10-05 14:00:00+00:00,0.20871,0.21024,0.20803,0.21024,8787.41815
2025-10-05 14:15:00+00:00,0.20862,0.20926,0.20862,0.20915,8166.59289
2025-10-05 14:30:00+00:00,0.20853,0.20853,0.20811,0.20825,4011.77434
2025-10-05 14:45:00+00:00,0.20809,0.20816,0.2079,0.2079,4734.36639
2025-10-05 15:00:00+00:00,0.20807,0.209,0.20807,0.20813,61259.18545
2025-10-05 15:15:00+00:00,0.208,0.20867,0.20752,0.20806,4362.1693
2025-10-05 15:30:00+00:00,0.208,0.20805,0.20389,0.20509,16069.73052
2025-10-05 15:45:00+00:00,0.20486,0.2058,0.20419,0.20479,14705.58137
2025-10-05 16:00:00+00:00,0.20531,0.2054,0.20307,0.2037,37792.3304
2025-10-05 16:15:00+00:00,0.20309,0.2054,0.20171,0.20211,29049.04209
2025-10-05 16:30:00+00:00,0.20204,0.20425,0.20204,0.20425,9221.26978
2025-10-05 16:45:00+00:00,0.20313,0.20497,0.20241,0.20497,194.97268
2025-10-05 17:00:00+00:00,0.20536,0.2071,0.20431,0.20431,3177.59238
2025-10-05 17:15:00+00:00,0.20503,0.20568,0.20414,0.20414,8755.3131
2025-10-05 17:30:00+00:00,0.20422,0.20434,0.20325,0.20355,9411.73462
2025-10-05 17:45:00+00:00,0.20344,0.20427,0.20344,0.20427,1294.59119
2025-10-05 18:00:00+00:00,0.2029,0.2031,0.20238,0.20238,1021.38729
2025-10-05 18:15:00+00:00,0.2025,0.2025,0.20175,0.20235,80405.65203
2025-10-05 18:30:00+00:00,0.20242,0.20326,0.20242,0.20326,5522.10474
2025-10-05 18:45:00+00:00,0.20241,0.20272,0.20186,0.20186,7445.00947
2025-10-05 19:00:00+00:00,0.20041,0.20087,0.20041,0.20042,5238.71077
2025-10-05 19:15:00+00:00,0.20206,0.20206,0.20206,0.20206,44.64021
2025-10-05 19:30:00+00:00,0.20217,0.20347,0.20217,0.20263,74821.09598
2025-10-05 19:45:00+00:00,0.2016,0.20202,0.2016,0.20202,4908.00469
2025-10-05 20:00:00+00:00,0.20104,0.20138,0.2005,0.2005,2050.60575
2025-10-05 20:15:00+00:00,0.20001,0.20049,0.19971,0.19971,61972.91475
2025-10-05 20:30:00+00:00,0.19968,0.20072,0.19968,0.20072,20263.6832
2025-10-05 20:45:00+00:00,0.20005,0.20121,0.20004,0.20121,4332.72536
2025-10-05 21:00:00+00:00,0.20003,0.20111,0.20003,0.20111,2297.5315
2025-10-05 21:15:00+00:00,0.20136,0.20156,0.20136,0.20156,10273.11281
2025-10-05 21:30:00+00:00,0.201,0.20112,0.20085,0.20104,2192.35326
2025-10-05 22:00:00+00:00,0.20009,0.2007,0.19967,0.2007,2754.02757
2025-10-05 22:15:00+00:00,0.19929,0.19929,0.19917,0.19917,170.45446
2025-10-05 22:30:00+00:00,0.19999,0.20119,0.19999,0.20067,3962.13132
2025-10-05 22:45:00+00:00,0.20073,0.20075,0.20073,0.20075,293.91062
2025-10-05 23:00:00+00:00,0.20087,0.20245,0.20087,0.20245,21344.04394
2025-10-05 23:15:00+00:00,0.20206,0.20256,0.20206,0.20256,5077.76991
2025-10-05 23:30:00+00:00,0.20237,0.20237,0.20237,0.20237,147.55894
2025-10-06 00:00:00+00:00,0.19955,0.19981,0.19955,0.19981,4105.16751
2025-10-06 00:15:00+00:00,0.20004,0.20166,0.20004,0.20139,9462.43648
2025-10-06 00:30:00+00:00,0.20081,0.20081,0.20081,0.20081,148.69428
2025-10-06 01:00:00+00:00,0.19914,0.19949,0.19913,0.19946,6841.1715
2025-10-06 01:15:00+00:00,0.20059,0.20348,0.20059,0.20348,16984.95332
2025-10-06 01:30:00+00:00,0.20299,0.20317,0.20243,0.20317,3028.82807
2025-10-06 02:00:00+00:00,0.20128,0.20128,0.20101,0.20101,1368.5
2025-10-06 02:15:00+00:00,0.19907,0.19907,0.19728,0.19728,4368.12989
2025-10-06 02:30:00+00:00,0.19805,0.19805,0.19805,0.19805,148.3994
2025-10-06 02:45:00+00:00,0.19972,0.19972,0.19972,0.19972,145.82135
2025-10-06 03:00:00+00:00,0.20022,0.20112,0.20022,0.20112,5459.61755
2025-10-06 03:45:00+00:00,0.19865,0.19934,0.19865,0.19934,3816.84921
2025-10-06 04:00:00+00:00,0.19797,0.19797,0.19797,0.19797,234.68669
2025-10-06 04:30:00+00:00,0.19892,0.19892,0.19872,0.19872,51357.93363
2025-10-06 04:45:00+00:00,0.19773,0.19803,0.19773,0.19798,2058.34075
2025-10-06 05:00:00+00:00,0.1975,0.1975,0.19711,0.19711,3356.16102
2025-10-06 05:15:00+00:00,0.19764,0.19821,0.19764,0.19821,294.85081
2025-10-06 05:30:00+00:00,0.19876,0.19901,0.19876,0.19901,8647.95736
2025-10-06 05:45:00+00:00,0.19831,0.19876,0.19831,0.19876,1977.59203
2025-10-06 06:00:00+00:00,0.19863,0.2004,0.19836,0.2004,37772.20573
2025-10-06 06:15:00+00:00,0.20073,0.20194,0.20037,0.20058,71902.00986
2025-10-06 06:30:00+00:00,0.20022,0.20368,0.20022,0.20167,76672.11409
2025-10-06 06:45:00+00:00,0.20087,0.21046,0.20055,0.21046,107068.9987
2025-10-06 07:00:00+00:00,0.21014,0.21765,0.20951,0.21057,94804.71649
2025-10-06 07:15:00+00:00,0.21237,0.21613,0.21237,0.213,172546.79765
2025-10-06 07:30:00+00:00,0.21391,0.21496,0.2116,0.21496,86276.3227
2025-10-06 07:45:00+00:00,0.21494,0.21494,0.205,0.20697,331315.75708
2025-10-06 08:00:00+00:00,0.2062,0.2062,0.20177,0.20177,57880.20193
2025-10-06 08:15:00+00:00,0.20281,0.20298,0.2017,0.20298,5441.63525
2025-10-06 08:30:00+00:00,0.20421,0.20421,0.20254,0.20254,789.8367
2025-10-06 08:45:00+00:00,0.20397,0.20397,0.2035,0.20367,5032.93434
2025-10-06 09:00:00+00:00,0.20492,0.20492,0.20426,0.20443,195.14016
2025-10-06 09:15:00+00:00,0.20478,0.20478,0.20302,0.20302,7525.85179
2025-10-06 09:30:00+00:00,0.20243,0.20243,0.20133,0.20133,2129.23762
2025-10-06 09:45:00+00:00,0.20185,0.20185,0.20185,0.20185,49.39311
2025-10-06 10:00:00+00:00,0.20093,0.20093,0.19999,0.19999,766.69282
2025-10-06 10:15:00+00:00,0.19976,0.20001,0.19976,0.20001,1003.06341
2025-10-06 10:30:00+00:00,0.20251,0.20251,0.20055,0.20068,22428.99213
2025-10-06 10:45:00+00:00,0.20033,0.20033,0.2,0.2,15306.8957
2025-10-06 11:00:00+00:00,0.2,0.2,0.19917,0.19917,246.69299
2025-10-06 11:15:00+00:00,0.19973,0.19983,0.19891,0.19983,6663.00023
2025-10-06 11:30:00+00:00,0.19995,0.20032,0.19915,0.1995,1260.16945
2025-10-06 11:45:00+00:00,0.20039,0.20039,0.20039,0.20039,147.82596
2025-10-06 12:00:00+00:00,0.19851,0.19907,0.19805,0.19907,6002.63907
2025-10-06 12:15:00+00:00,0.19953,0.19971,0.19953,0.19969,5027.44754
2025-10-06 12:30:00+00:00,0.19954,0.20065,0.19843,0.19858,53840.38773
2025-10-06 12:45:00+00:00,0.19867,0.19987,0.19867,0.19944,1781.96224
2025-10-06 13:00:00+00:00,0.19965,0.20136,0.19902,0.20136,36964.72833
2025-10-06 13:15:00+00:00,0.2003,0.20229,0.2003,0.20183,3074.23518
2025-10-06 13:30:00+00:00,0.2025,0.20264,0.20224,0.20264,3039.75697
2025-10-06 13:45:00+00:00,0.2022,0.2022,0.2014,0.2014,276.84883
2025-10-06 14:15:00+00:00,0.20327,0.20327,0.20207,0.20207,644.32497
2025-10-06 15:00:00+00:00,0.20004,0.20043,0.19908,0.19959,7351.16382
2025-10-06 15:15:00+00:00,0.20006,0.20025,0.20006,0.20025,151.62503
2025-10-06 15:30:00+00:00,0.19999,0.20039,0.19922,0.1998,25179.67279
2025-10-06 15:45:00+00:00,0.19951,0.19973,0.19951,0.19973,124.17668
2025-10-06 16:00:00+00:00,0.20009,0.20009,0.1983,0.19891,5936.92865
2025-10-06 16:15:00+00:00,0.1993,0.19955,0.19883,0.19955,3085.80317
2025-10-06 16:30:00+00:00,0.19903,0.20012,0.19903,0.20012,583.64944
2025-10-06 16:45:00+00:00,0.19938,0.19938,0.19772,0.19772,3729.55695
2025-10-06 17:00:00+00:00,0.19777,0.19985,0.19777,0.19782,3300.11614
2025-10-06 17:15:00+00:00,0.19836,0.20083,0.19836,0.19974,13944.85203
2025-10-06 17:45:00+00:00,0.19821,0.19952,0.19821,0.19952,4891.44296
2025-10-06 18:00:00+00:00,0.19907,0.19907,0.19727,0.19728,57368.02634
2025-10-06 18:15:00+00:00,0.19772,0.19999,0.19772,0.1984,8392.01154
2025-10-06 18:30:00+00:00,0.19781,0.198,0.19781,0.198,438.36976
2025-10-06 18:45:00+00:00,0.19805,0.19805,0.19805,0.19805,25.14516
2025-10-06 19:00:00+00:00,0.1978,0.19881,0.19754,0.19782,23746.02986
2025-10-06 19:15:00+00:00,0.19759,0.19925,0.19728,0.19925,12254.55309
2025-10-06 19:30:00+00:00,0.19876,0.19876,0.19707,0.19707,4402.03504
2025-10-06 19:45:00+00:00,0.19687,0.19789,0.1964,0.19778,5073.4932
2025-10-06 20:00:00+00:00,0.19832,0.19832,0.19642,0.19642,26362.96324
2025-10-06 20:15:00+00:00,0.1967,0.19727,0.196,0.19727,9974.54536
2025-10-06 20:30:00+00:00,0.19748,0.19748,0.19634,0.19634,304.64172
2025-10-06 20:45:00+00:00,0.19632,0.19658,0.19615,0.19655,1229.75117
2025-10-06 21:00:00+00:00,0.19611,0.19842,0.19611,0.19842,11471.14411
2025-10-06 21:15:00+00:00,0.19616,0.19764,0.19616,0.19748,5423.42038
2025-10-06 21:30:00+00:00,0.1972,0.1972,0.1972,0.1972,4063.0
2025-10-06 23:00:00+00:00,0.19763,0.19763,0.19763,0.19763,143.23108
2025-10-06 23:15:00+00:00,0.19723,0.19723,0.19691,0.19691,2411.81575
2025-10-06 23:30:00+00:00,0.1977,0.1977,0.1977,0.1977,1000.99584
2025-10-07 00:00:00+00:00,0.19779,0.19779,0.19779,0.19779,202.42914
2025-10-07 00:30:00+00:00,0.19734,0.19734,0.19734,0.19734,50.29914
2025-10-07 00:45:00+00:00,0.19735,0.19735,0.19735,0.19735,752.05319
2025-10-07 01:15:00+00:00,0.19624,0.19625,0.19624,0.19625,432.44605
2025-10-07 03:45:00+00:00,0.19881,0.19881,0.19881,0.19881,507.4003
2025-10-07 05:00:00+00:00,0.19931,0.20005,0.19916,0.20005,844.55539
2025-10-07 05:30:00+00:00,0.2002,0.2002,0.2002,0.2002,111.16465
2025-10-07 05:45:00+00:00,0.19983,0.20011,0.19948,0.20011,5518.75896
2025-10-07 06:00:00+00:00,0.20134,0.2015,0.20134,0.2015,18084.5
2025-10-07 06:15:00+00:00,0.20076,0.20076,0.20076,0.20076,202.42914
2025-10-07 06:30:00+00:00,0.20047,0.20047,0.19862,0.19863,492.5528
2025-10-07 06:45:00+00:00,0.197,0.1985,0.197,0.1985,361.7764
2025-10-07 07:15:00+00:00,0.20029,0.20047,0.20029,0.20047,19206.38063
2025-10-07 07:30:00+00:00,0.20073,0.20073,0.19884,0.19923,3969.75777
2025-10-07 07:45:00+00:00,0.19944,0.19957,0.19944,0.19957,49.93801
2025-10-07 08:15:00+00:00,0.19795,0.19795,0.19795,0.19795,25.40725
2025-10-07 08:30:00+00:00,0.19776,0.19776,0.19776,0.19776,653.2807
2025-10-07 08:45:00+00:00,0.19848,0.19848,0.19848,0.19848,1045.82095
2025-10-07 09:00:00+00:00,0.19861,0.19861,0.19861,0.19861,50.19888
2025-10-07 09:15:00+00:00,0.19839,0.19853,0.19839,0.19853,2506.2
2025-10-07 10:00:00+00:00,0.19853,0.19853,0.19853,0.19853,2000.0
2025-10-07 10:30:00+00:00,0.1991,0.1991,0.1991,0.1991,25.01255
2025-10-07 10:45:00+00:00,0.19904,0.19904,0.19904,0.19904,201.31069
2025-10-07 11:00:00+00:00,0.19942,0.19942,0.19765,0.19765,454.69969
2025-10-07 11:30:00+00:00,0.20109,0.20109,0.20109,0.20109,50.27707
2025-10-07 11:45:00+00:00,0.2025,0.20293,0.20084,0.20084,21542.51676
2025-10-07 12:30:00+00:00,0.19879,0.1995,0.19782,0.19936,9594.86389
2025-10-07 12:45:00+00:00,0.1988,0.19913,0.1988,0.19895,5607.05271
2025-10-07 13:00:00+00:00,0.19798,0.19798,0.19798,0.19798,26.22695
2025-10-07 13:30:00+00:00,0.19789,0.19789,0.19744,0.19744,708.81997
2025-10-07 13:45:00+00:00,0.19756,0.19756,0.19698,0.19698,1254.0306
2025-10-07 14:00:00+00:00,0.1969,0.1969,0.196,0.196,66360.30314
2025-10-07 14:30:00+00:00,0.198,0.198,0.19529,0.19529,25543.24755
2025-10-07 14:45:00+00:00,0.19538,0.19538,0.19482,0.19513,8099.08339
2025-10-07 15:00:00+00:00,0.19459,0.19462,0.19308,0.19308,2480.93295
2025-10-07 15:15:00+00:00,0.19319,0.19353,0.193,0.193,1416.62664
2025-10-07 15:30:00+00:00,0.191,0.191,0.18871,0.18871,11458.70551
2025-10-07 15:45:00+00:00,0.1888,0.19035,0.18789,0.19035,4810.05748
2025-10-07 16:00:00+00:00,0.1893,0.18962,0.1866,0.18683,5754.4862
2025-10-07 16:15:00+00:00,0.18679,0.18791,0.18632,0.18791,14697.68041
2025-10-07 16:30:00+00:00,0.18679,0.18881,0.18679,0.18881,4484.71164
2025-10-07 16:45:00+00:00,0.18797,0.18985,0.18777,0.18782,7509.20957
2025-10-07 17:00:00+00:00,0.18774,0.188,0.18752,0.18784,14000.0
2025-10-07 17:15:00+00:00,0.1879,0.1879,0.1879,0.1879,133.04949
2025-10-07 17:45:00+00:00,0.18801,0.18844,0.18801,0.18844,55857.75195
2025-10-07 18:00:00+00:00,0.18797,0.19118,0.18776,0.19118,13416.90768
2025-10-07 18:30:00+00:00,0.18898,0.18898,0.18898,0.18898,115.66153
2025-10-07 18:45:00+00:00,0.1905,0.1905,0.1905,0.1905,21762.77273
2025-10-07 19:00:00+00:00,0.19163,0.19163,0.19163,0.19163,2610.29135
2025-10-07 19:15:00+00:00,0.19177,0.19205,0.19177,0.19205,152.39849
2025-10-07 19:30:00+00:00,0.191,0.1913,0.191,0.1913,125.86238
2025-10-07 20:00:00+00:00,0.19156,0.19156,0.19156,0.19156,2000.0
2025-10-07 20:15:00+00:00,0.19099,0.19187,0.19099,0.19108,23259.55332
2025-10-07 20:30:00+00:00,0.19127,0.19127,0.19094,0.19094,6613.08151
2025-10-07 20:45:00+00:00,0.19069,0.19069,0.19069,0.19069,124.54329
2025-10-07 21:00:00+00:00,0.19108,0.19108,0.19068,0.1909,9295.89442
2025-10-07 21:45:00+00:00,0.19051,0.19106,0.19051,0.19106,326.2127
2025-10-07 23:00:00+00:00,0.19189,0.19189,0.19189,0.19189,2000.0
2025-10-07 23:45:00+00:00,0.191,0.19162,0.191,0.19162,2104.1123
2025-10-08 01:15:00+00:00,0.19334,0.194,0.19334,0.19383,290.47291
2025-10-08 01:30:00+00:00,0.19383,0.19383,0.19295,0.1933,4066.68319
2025-10-08 01:45:00+00:00,0.194,0.194,0.194,0.194,487.24425
2025-10-08 02:00:00+00:00,0.19534,0.19534,0.19534,0.19534,2000.0
2025-10-08 02:15:00+00:00,0.19492,0.19822,0.19492,0.19822,16254.10529
2025-10-08 02:30:00+00:00,0.1992,0.20148,0.19726,0.19726,13762.53644
2025-10-08 02:45:00+00:00,0.19737,0.19737,0.19639,0.19639,7800.79087
2025-10-08 03:15:00+00:00,0.19519,0.19519,0.19463,0.19463,102.66923
2025-10-08 03:30:00+00:00,0.19301,0.19301,0.19301,0.19301,24.76379
2025-10-08 04:00:00+00:00,0.19266,0.19266,0.19266,0.19266,2000.0
2025-10-08 04:15:00+00:00,0.19439,0.19439,0.19195,0.19195,4450.82599
2025-10-08 04:30:00+00:00,0.19189,0.19209,0.19189,0.19209,220.79586
2025-10-08 04:45:00+00:00,0.19271,0.19271,0.19271,0.19271,2000.0
2025-10-08 05:00:00+00:00,0.19262,0.1927,0.19262,0.1927,6000.0
2025-10-08 05:15:00+00:00,0.19394,0.19394,0.19394,0.19394,99.38992
2025-10-08 05:30:00+00:00,0.19595,0.19622,0.19417,0.19417,2301.55665
2025-10-08 05:45:00+00:00,0.19579,0.19579,0.19579,0.19579,4301.0
2025-10-08 06:15:00+00:00,0.19666,0.19666,0.19666,0.19666,7430.06537
2025-10-08 06:30:00+00:00,0.19704,0.19705,0.19704,0.19705,4000.0
2025-10-08 06:45:00+00:00,0.19662,0.19767,0.19662,0.19749,5824.59203
2025-10-08 07:00:00+00:00,0.19571,0.19599,0.19456,0.19456,4173.34034
2025-10-08 07:30:00+00:00,0.195,0.195,0.19459,0.19459,3074.10349
2025-10-08 08:15:00+00:00,0.19591,0.19666,0.19591,0.19666,4000.0
2025-10-08 08:30:00+00:00,0.19742,0.19742,0.19742,0.19742,126.63357
2025-10-08 08:45:00+00:00,0.19686,0.19746,0.19622,0.19746,1585.75345
2025-10-08 09:00:00+00:00,0.19764,0.19764,0.19764,0.19764,101.9264
2025-10-08 09:15:00+00:00,0.19736,0.19736,0.19736,0.19736,106.51121
2025-10-08 09:30:00+00:00,0.19714,0.19714,0.19714,0.19714,126.5743
2025-10-08 09:45:00+00:00,0.19701,0.19769,0.19701,0.19769,4188.33335
2025-10-08 10:00:00+00:00,0.19686,0.19686,0.19686,0.19686,1044.93034
2025-10-08 10:15:00+00:00,0.19619,0.19619,0.19619,0.19619,2575.78303
2025-10-08 10:30:00+00:00,0.19592,0.196,0.19592,0.196,49474.07685
2025-10-08 10:45:00+00:00,0.195,0.19557,0.195,0.19557,298.5488
2025-10-08 11:30:00+00:00,0.19453,0.19453,0.19453,0.19453,14987.19686
2025-10-08 11:45:00+00:00,0.19467,0.19467,0.19467,0.19467,2000.0
2025-10-08 12:15:00+00:00,0.19539,0.19631,0.19539,0.19623,11493.49622
2025-10-08 12:30:00+00:00,0.19639,0.19639,0.19639,0.19639,1968.49622
2025-10-08 13:00:00+00:00,0.19514,0.19514,0.1951,0.1951,7874.35025
2025-10-08 13:15:00+00:00,0.19439,0.19439,0.194,0.194,5718.9409
2025-10-08 13:30:00+00:00,0.19377,0.19377,0.19144,0.19214,5002.11944
2025-10-08 13:45:00+00:00,0.19097,0.19274,0.19097,0.19274,155320.41755
2025-10-08 14:00:00+00:00,0.1943,0.19454,0.19382,0.19389,27257.4996
2025-10-08 14:15:00+00:00,0.1941,0.1941,0.1941,0.1941,1692.57235
2025-10-08 15:30:00+00:00,0.19254,0.19264,0.19254,0.19264,7926.82222
2025-10-08 15:45:00+00:00,0.19283,0.19283,0.19283,0.19283,199.65201
2025-10-08 16:00:00+00:00,0.19269,0.19269,0.19254,0.19269,58775.16085
2025-10-08 16:30:00+00:00,0.19336,0.19336,0.19336,0.19336,55369.0
2025-10-08 16:45:00+00:00,0.19254,0.19269,0.1925,0.19269,35503.32667
2025-10-08 17:00:00+00:00,0.19365,0.19446,0.19365,0.19426,3553.94253
2025-10-08 17:15:00+00:00,0.19417,0.19447,0.19405,0.19447,41823.41362
2025-10-08 17:45:00+00:00,0.19498,0.19646,0.19498,0.19646,5428.0
2025-10-08 18:00:00+00:00,0.19608,0.1966,0.19581,0.19581,8166.5401
2025-10-08 18:15:00+00:00,0.19553,0.19553,0.19553,0.19553,2000.0
2025-10-08 18:30:00+00:00,0.19511,0.19511,0.19362,0.19397,14942.44172
2025-10-08 18:45:00+00:00,0.19345,0.19378,0.19345,0.19357,6000.0
2025-10-08 19:00:00+00:00,0.19417,0.19463,0.19416,0.19463,5445.0
2025-10-08 19:15:00+00:00,0.19425,0.19425,0.19425,0.19425,2000.0
2025-10-08 19:30:00+00:00,0.19421,0.19502,0.19421,0.1948,7385.60921
2025-10-08 19:45:00+00:00,0.19475,0.19507,0.19386,0.19429,7862.62684
2025-10-08 20:00:00+00:00,0.19432,0.19501,0.19432,0.19482,9259.60655
2025-10-08 20:15:00+00:00,0.19484,0.1955,0.19484,0.19525,11676.28186
2025-10-08 20:30:00+00:00,0.1949,0.1949,0.1949,0.1949,238.0
2025-10-08 20:45:00+00:00,0.19474,0.19474,0.1945,0.1945,63518.21863
2025-10-08 21:00:00+00:00,0.19383,0.19409,0.19366,0.19409,3340.0885
2025-10-08 21:15:00+00:00,0.19368,0.19368,0.19347,0.19359,1127.99972
2025-10-08 21:30:00+00:00,0.19374,0.19388,0.19374,0.19388,414.34683
2025-10-08 21:45:00+00:00,0.19407,0.19407,0.19407,0.19407,98.62889
2025-10-08 22:00:00+00:00,0.1938,0.19437,0.19354,0.1936,17604.82208
2025-10-08 23:15:00+00:00,0.1938,0.1938,0.1938,0.1938,95.56865
2025-10-08 23:45:00+00:00,0.19348,0.19418,0.19348,0.19418,1172.07551
2025-10-09 00:15:00+00:00,0.19315,0.19315,0.19315,0.19315,99.64414
2025-10-09 00:45:00+00:00,0.19292,0.19343,0.19292,0.19343,1165.04239
2025-10-09 01:00:00+00:00,0.19212,0.1922,0.19209,0.1922,2232.54356
2025-10-09 01:15:00+00:00,0.19221,0.19221,0.19206,0.19211,354.09046
2025-10-09 01:45:00+00:00,0.19057,0.19122,0.19057,0.19122,495.96057
2025-10-09 02:00:00+00:00,0.19,0.19,0.18958,0.1897,914.5662
2025-10-09 02:15:00+00:00,0.1893,0.18939,0.18868,0.18897,833.95308
2025-10-09 02:30:00+00:00,0.18913,0.18913,0.188,0.188,228.93621
2025-10-09 02:45:00+00:00,0.18689,0.18746,0.18689,0.18746,195.00937
2025-10-09 03:00:00+00:00,0.18761,0.18761,0.18761,0.18761,81.14
2025-10-09 03:45:00+00:00,0.19064,0.19064,0.19013,0.19013,53.80945
2025-10-09 04:00:00+00:00,0.18937,0.18937,0.18888,0.18928,1674.629
2025-10-09 04:30:00+00:00,0.18964,0.18964,0.18964,0.18964,958.9041
2025-10-09 05:00:00+00:00,0.19013,0.19013,0.19013,0.19013,2000.0
2025-10-09 05:15:00+00:00,0.19073,0.19082,0.19073,0.19082,784.09605
2025-10-09 06:15:00+00:00,0.18879,0.18931,0.18879,0.18931,355.04097
2025-10-09 06:30:00+00:00,0.18912,0.18912,0.18912,0.18912,158.6333
2025-10-09 06:45:00+00:00,0.18987,0.18987,0.18866,0.18866,193.2674
2025-10-09 07:00:00+00:00,0.18843,0.18863,0.18843,0.18863,901.98344
2025-10-09 07:15:00+00:00,0.18913,0.1893,0.18913,0.1893,342.0923
2025-10-09 08:00:00+00:00,0.18783,0.18783,0.18774,0.18774,253.77742
2025-10-09 08:15:00+00:00,0.18778,0.18778,0.18778,0.18778,159.76142
2025-10-09 09:15:00+00:00,0.18828,0.18872,0.18828,0.18872,121.76834
2025-10-09 09:45:00+00:00,0.18874,0.18976,0.18874,0.18976,629.951
2025-10-09 10:15:00+00:00,0.18873,0.18873,0.18873,0.18873,106.23643
2025-10-09 10:30:00+00:00,0.18953,0.18967,0.1895,0.1895,334.43571
2025-10-09 11:15:00+00:00,0.18942,0.18942,0.18941,0.18941,749.63601
2025-10-09 11:45:00+00:00,0.18975,0.18975,0.18975,0.18975,96.38378
2025-10-09 12:00:00+00:00,0.18967,0.18967,0.18861,0.18885,4272.35015
2025-10-09 12:30:00+00:00,0.18867,0.18867,0.18867,0.18867,97.40157
2025-10-09 12:45:00+00:00,0.18895,0.18907,0.18895,0.18907,527.60938
2025-10-09 13:15:00+00:00,0.18874,0.18874,0.18874,0.18874,58.44019
2025-10-09 14:00:00+00:00,0.18839,0.18839,0.18838,0.18838,45714.44102
2025-10-09 14:30:00+00:00,0.1871,0.19088,0.1865,0.18879,373199.02283
2025-10-09 14:45:00+00:00,0.1895,0.19038,0.1895,0.19038,19788.70086
2025-10-09 15:00:00+00:00,0.19237,0.19387,0.19208,0.19344,30993.14991
2025-10-09 15:15:00+00:00,0.19385,0.19387,0.1937,0.19387,25834.36731
2025-10-09 15:30:00+00:00,0.19444,0.19608,0.19441,0.19608,26018.22533
2025-10-09 15:45:00+00:00,0.19361,0.1937,0.19244,0.1937,34970.15808
2025-10-09 16:00:00+00:00,0.19309,0.19444,0.19309,0.19427,2395.4549
2025-10-09 16:15:00+00:00,0.19302,0.19302,0.19272,0.19282,4295.84984
2025-10-09 16:30:00+00:00,0.19357,0.19377,0.19317,0.19317,27540.71141
2025-10-09 16:45:00+00:00,0.19395,0.19395,0.19288,0.19288,615.75904
2025-10-09 17:00:00+00:00,0.1938,0.19397,0.1938,0.19397,366.46721
2025-10-09 17:15:00+00:00,0.19418,0.19432,0.19405,0.19405,4430.96155
2025-10-09 17:30:00+00:00,0.19565,0.19585,0.19565,0.19585,3373.1327
2025-10-09 17:45:00+00:00,0.19609,0.19609,0.19609,0.19609,76.58922
2025-10-09 18:00:00+00:00,0.19602,0.19791,0.19602,0.19791,53694.73911
2025-10-09 18:15:00+00:00,0.2,0.20116,0.19858,0.19915,13992.5272
2025-10-09 18:30:00+00:00,0.1978,0.19819,0.19752,0.19819,474.44622
2025-10-09 18:45:00+00:00,0.19884,0.19921,0.19882,0.19882,6256.80499
2025-10-09 19:00:00+00:00,0.19849,0.1999,0.1982,0.1999,4044.30871
2025-10-09 19:15:00+00:00,0.20042,0.20106,0.19803,0.19803,11497.99045
2025-10-09 19:30:00+00:00,0.1988,0.1988,0.19747,0.19747,35379.17236
2025-10-09 20:00:00+00:00,0.19814,0.19814,0.19814,0.19814,45.52337
2025-10-09 20:15:00+00:00,0.19833,0.19833,0.19707,0.19707,2157.99891
2025-10-09 20:30:00+00:00,0.19707,0.20306,0.19707,0.20234,60055.6936
2025-10-09 20:45:00+00:00,0.20285,0.20442,0.2024,0.20377,43443.83656
2025-10-09 21:00:00+00:00,0.20368,0.20442,0.20229,0.20229,15947.04011
2025-10-09 21:15:00+00:00,0.20445,0.20445,0.20391,0.20434,25946.08807
2025-10-09 21:30:00+00:00,0.20466,0.20466,0.20267,0.20302,36697.79336
2025-10-09 21:45:00+00:00,0.20337,0.20337,0.2031,0.2031,193.26188
2025-10-09 22:00:00+00:00,0.20319,0.20319,0.2022,0.20233,1324.13804
2025-10-09 22:15:00+00:00,0.20235,0.20357,0.20235,0.20346,1826.79672
2025-10-09 22:30:00+00:00,0.20359,0.20359,0.20294,0.20321,7295.88045
2025-10-09 22:45:00+00:00,0.20344,0.2036,0.20344,0.2036,3176.52583
2025-10-09 23:00:00+00:00,0.20391,0.20391,0.20352,0.20352,1116.06345
2025-10-09 23:15:00+00:00,0.20322,0.20375,0.20306,0.20334,17264.79764
2025-10-09 23:30:00+00:00,0.20421,0.20611,0.20421,0.20524,20326.01029
2025-10-09 23:45:00+00:00,0.20503,0.20692,0.20471,0.20548,10018.79056
2025-10-10 00:00:00+00:00,0.20459,0.2052,0.20459,0.2046,3107.86904
2025-10-10 00:15:00+00:00,0.20565,0.20591,0.20565,0.20582,677.53849
2025-10-10 00:30:00+00:00,0.20565,0.20664,0.2056,0.20588,3456.4739
2025-10-10 01:00:00+00:00,0.20699,0.21029,0.20699,0.21009,12157.09906
2025-10-10 01:15:00+00:00,0.20988,0.20988,0.20603,0.20613,17111.30843
2025-10-10 01:30:00+00:00,0.20559,0.20603,0.20319,0.20535,1038.03781
2025-10-10 01:45:00+00:00,0.2051,0.2054,0.20439,0.20439,779.02825
2025-10-10 02:00:00+00:00,0.20482,0.20482,0.20404,0.20404,288.8108
2025-10-10 02:15:00+00:00,0.20529,0.20529,0.20529,0.20529,95.0009
2025-10-10 02:30:00+00:00,0.20405,0.20405,0.2039,0.2039,4972.45797
2025-10-10 02:45:00+00:00,0.20399,0.20405,0.20399,0.20404,2293.64143
2025-10-10 03:00:00+00:00,0.20383,0.20383,0.20383,0.20383,96.45454
2025-10-10 03:15:00+00:00,0.2043,0.20595,0.2043,0.20569,392.29846
2025-10-10 03:30:00+00:00,0.20488,0.20492,0.20465,0.20492,2716.65094
2025-10-10 03:45:00+00:00,0.20504,0.20504,0.20499,0.20499,195.11492
2025-10-10 04:00:00+00:00,0.20644,0.20697,0.20635,0.20635,9404.92935
2025-10-10 04:15:00+00:00,0.20603,0.20603,0.20603,0.20603,5015.42843
2025-10-10 04:30:00+00:00,0.2058,0.2058,0.2045,0.2045,5216.60453
2025-10-10 05:00:00+00:00,0.20294,0.20358,0.20294,0.20335,349.64593
2025-10-10 05:15:00+00:00,0.20349,0.20514,0.20349,0.20496,292.69116
2025-10-10 05:30:00+00:00,0.20407,0.20407,0.20407,0.20407,25.72647
2025-10-10 05:45:00+00:00,0.2042,0.20552,0.204,0.20552,1026.48413
2025-10-10 06:15:00+00:00,0.20569,0.2057,0.20552,0.20553,828.57896
2025-10-10 06:30:00+00:00,0.20587,0.20797,0.2051,0.20786,30889.69784
2025-10-10 06:45:00+00:00,0.20815,0.20882,0.20727,0.2077,2335.6286
2025-10-10 07:00:00+00:00,0.2068,0.2068,0.20635,0.20635,4876.8617
2025-10-10 07:15:00+00:00,0.20753,0.20753,0.20721,0.20721,1286.50797
2025-10-10 07:30:00+00:00,0.20669,0.20766,0.20646,0.20744,2862.40045
2025-10-10 07:45:00+00:00,0.20647,0.20691,0.20633,0.20691,414.58492
2025-10-10 08:00:00+00:00,0.20674,0.20741,0.20674,0.20732,3559.19856
2025-10-10 08:15:00+00:00,0.20834,0.21019,0.20834,0.20989,26420.81366
2025-10-10 08:30:00+00:00,0.20986,0.2102,0.20889,0.21008,57651.14555
2025-10-10 08:45:00+00:00,0.21019,0.2102,0.21019,0.2102,1615.82767
2025-10-10 09:00:00+00:00,0.2102,0.21613,0.21019,0.21577,28352.79973
2025-10-10 09:15:00+00:00,0.21582,0.21582,0.21095,0.21344,20363.29157
2025-10-10 09:30:00+00:00,0.21274,0.21436,0.2124,0.2135,12515.61788
2025-10-10 09:45:00+00:00,0.21401,0.21533,0.21268,0.21389,13129.39676
2025-10-10 10:00:00+00:00,0.2131,0.2131,0.21268,0.21268,3410.57351
2025-10-10 10:15:00+00:00,0.21277,0.21277,0.21277,0.21277,2207.00853
2025-10-10 10:30:00+00:00,0.21209,0.21227,0.21195,0.21195,4328.68612
2025-10-10 10:45:00+00:00,0.21286,0.21286,0.21228,0.21228,1662.4562
2025-10-10 11:15:00+00:00,0.21249,0.21378,0.21222,0.21222,28614.06372
2025-10-10 11:30:00+00:00,0.21355,0.21355,0.21355,0.21355,46.68695
2025-10-10 11:45:00+00:00,0.21303,0.21303,0.21303,0.21303,250.0
2025-10-10 12:00:00+00:00,0.21249,0.21298,0.21178,0.21281,6083.91005
2025-10-10 12:15:00+00:00,0.21205,0.21205,0.21124,0.21124,11398.67536
2025-10-10 12:30:00+00:00,0.2112,0.2112,0.20924,0.20924,39606.86244
2025-10-10 12:45:00+00:00,0.20853,0.21101,0.2059,0.20949,78311.18407
2025-10-10 13:00:00+00:00,0.21082,0.21082,0.20797,0.20802,42368.50308
2025-10-10 13:15:00+00:00,0.21177,0.21177,0.21177,0.21177,98.48537
2025-10-10 13:30:00+00:00,0.21343,0.21451,0.2134,0.21394,13625.72466
2025-10-10 13:45:00+00:00,0.21384,0.21407,0.2137,0.2137,12978.59333
2025-10-10 14:15:00+00:00,0.21363,0.2137,0.21337,0.21337,5623.81622
2025-10-10 14:30:00+00:00,0.2114,0.2114,0.2105,0.2105,10529.78585
2025-10-10 14:45:00+00:00,0.21242,0.21242,0.2099,0.2099,3401.46802
2025-10-10 15:00:00+00:00,0.21018,0.21018,0.20554,0.2089,18089.67099
2025-10-10 15:15:00+00:00,0.20741,0.20741,0.20681,0.20739,1559.80797
2025-10-10 15:30:00+00:00,0.20353,0.20541,0.20353,0.205,10583.88574
2025-10-10 15:45:00+00:00,0.20555,0.20555,0.20549,0.20549,474.57062
2025-10-10 16:00:00+00:00,0.2055,0.20551,0.2055,0.20551,1360.0
2025-10-10 16:15:00+00:00,0.20853,0.20872,0.20827,0.20827,10793.99437
2025-10-10 16:30:00+00:00,0.21022,0.21022,0.21022,0.21022,1989.0
2025-10-10 17:00:00+00:00,0.20954,0.20954,0.20906,0.20906,133.61803
2025-10-10 17:15:00+00:00,0.20816,0.20856,0.20816,0.20856,3885.16562
2025-10-10 17:30:00+00:00,0.20888,0.20888,0.20888,0.20888,675.00616
2025-10-10 18:00:00+00:00,0.20624,0.20624,0.20588,0.20588,4666.81
2025-10-10 18:30:00+00:00,0.20543,0.20601,0.20543,0.20601,6068.44554
2025-10-10 18:45:00+00:00,0.20603,0.20603,0.2057,0.20575,5912.00115
2025-10-10 19:00:00+00:00,0.20538,0.20538,0.20463,0.20463,425.4455
2025-10-10 19:15:00+00:00,0.20494,0.20503,0.20351,0.20351,12041.66414
2025-10-10 19:30:00+00:00,0.20332,0.20411,0.20325,0.20411,18181.52663
2025-10-10 19:45:00+00:00,0.20564,0.20564,0.2055,0.2055,19393.55822
2025-10-10 20:00:00+00:00,0.20609,0.20609,0.20609,0.20609,99.47715
2025-10-10 20:30:00+00:00,0.20494,0.20494,0.20371,0.20486,6990.74891
2025-10-10 20:45:00+00:00,0.20326,0.20326,0.19809,0.19911,82200.7548
2025-10-10 21:00:00+00:00,0.1991,0.19924,0.19275,0.19276,151576.12532
2025-10-10 21:15:00+00:00,0.19231,0.19231,0.09273,0.126,190461.26835
2025-10-10 21:30:00+00:00,0.1,0.135,0.1,0.10001,69227.64442
2025-10-10 21:45:00+00:00,0.10001,0.15433,0.10001,0.13642,642366.25175
2025-10-10 22:00:00+00:00,0.14156,0.15,0.12362,0.14052,71870.20181
2025-10-10 22:15:00+00:00,0.14054,0.15358,0.14054,0.1474,185452.11529
2025-10-10 22:30:00+00:00,0.14743,0.15807,0.14056,0.15706,133789.86537
2025-10-10 22:45:00+00:00,0.15702,0.16409,0.156,0.16409,79452.94797
2025-10-10 23:00:00+00:00,0.16417,0.1647,0.15753,0.15844,21935.69944
2025-10-10 23:15:00+00:00,0.16007,0.16265,0.15924,0.16,21671.00808
2025-10-10 23:30:00+00:00,0.15931,0.16111,0.15911,0.16111,18653.74118
2025-10-10 23:45:00+00:00,0.16039,0.16039,0.15959,0.15989,9612.14961
2025-10-11 00:00:00+00:00,0.16295,0.1649,0.16295,0.16421,9200.0227
2025-10-11 00:15:00+00:00,0.16211,0.16211,0.16016,0.16097,9222.109
2025-10-11 00:30:00+00:00,0.16138,0.16138,0.16034,0.16104,7019.6735
2025-10-11 01:45:00+00:00,0.158,0.15917,0.158,0.158,52169.85521
2025-10-11 02:00:00+00:00,0.15916,0.16417,0.15916,0.16417,737.29743
2025-10-11 02:15:00+00:00,0.16386,0.1663,0.16386,0.16599,21675.86316
2025-10-11 02:30:00+00:00,0.16693,0.17072,0.16693,0.17072,36812.48794
2025-10-11 02:45:00+00:00,0.17079,0.17411,0.17079,0.17131,51982.5579
2025-10-11 03:00:00+00:00,0.1713,0.17266,0.1712,0.17156,19313.89416
2025-10-11 03:15:00+00:00,0.17254,0.17294,0.17207,0.17217,990.13155
2025-10-11 03:30:00+00:00,0.17298,0.17352,0.17169,0.1724,9966.14002
2025-10-11 03:45:00+00:00,0.17275,0.17335,0.17107,0.17107,17187.11993
2025-10-11 04:00:00+00:00,0.17052,0.17281,0.17052,0.1721,27205.39823
2025-10-11 04:15:00+00:00,0.1733,0.17333,0.17272,0.1732,866.7038
2025-10-11 04:30:00+00:00,0.17286,0.17286,0.17262,0.17262,5097.64714
2025-10-11 04:45:00+00:00,0.173,0.17548,0.173,0.17426,20408.04661
2025-10-11 05:00:00+00:00,0.17568,0.17568,0.17403,0.17438,4834.42602
2025-10-11 05:15:00+00:00,0.17486,0.17486,0.16818,0.16818,11943.46249
2025-10-11 05:30:00+00:00,0.16795,0.16876,0.16465,0.16586,39743.0394
2025-10-11 05:45:00+00:00,0.16676,0.16676,0.16541,0.16541,46352.36777
2025-10-11 06:00:00+00:00,0.16526,0.16536,0.16418,0.165,32003.60108
2025-10-11 06:15:00+00:00,0.16686,0.17037,0.16681,0.17037,9425.32351
2025-10-11 06:30:00+00:00,0.17043,0.17072,0.16838,0.16862,2680.46742
2025-10-11 06:45:00+00:00,0.16935,0.16935,0.16522,0.16522,44375.42292
2025-10-11 07:00:00+00:00,0.16463,0.16502,0.16327,0.16327,7894.78907
2025-10-11 07:15:00+00:00,0.16453,0.16558,0.16372,0.16497,41825.64997
2025-10-11 07:30:00+00:00,0.16487,0.16643,0.16443,0.16643,45098.57781
2025-10-11 07:45:00+00:00,0.16829,0.17004,0.16829,0.16906,11605.32535
2025-10-11 08:00:00+00:00,0.1672,0.1672,0.16554,0.16718,2022.17576
2025-10-11 08:15:00+00:00,0.17042,0.17042,0.17042,0.17042,95.71137
2025-10-11 08:30:00+00:00,0.17018,0.17045,0.16919,0.17036,34407.27385
2025-10-11 08:45:00+00:00,0.17104,0.17358,0.17019,0.1704,26765.12056
2025-10-11 09:00:00+00:00,0.16789,0.1712,0.16789,0.17098,3788.65784
2025-10-11 09:15:00+00:00,0.16895,0.17095,0.16895,0.17093,9263.95226
2025-10-11 09:30:00+00:00,0.17163,0.17211,0.17096,0.17211,16303.26438
2025-10-11 09:45:00+00:00,0.17074,0.1728,0.17056,0.17275,68247.17374
2025-10-11 10:00:00+00:00,0.17265,0.17437,0.17265,0.17328,42278.77993
2025-10-11 10:15:00+00:00,0.17432,0.17432,0.17432,0.17432,96.01783
2025-10-11 10:30:00+00:00,0.17548,0.17557,0.17439,0.17439,31452.64413
2025-10-11 10:45:00+00:00,0.17313,0.17313,0.17169,0.17169,9259.1717
2025-10-11 11:00:00+00:00,0.17129,0.17129,0.16971,0.16971,290.91419
2025-10-11 11:15:00+00:00,0.16938,0.17051,0.16833,0.17048,34372.38026
2025-10-11 11:30:00+00:00,0.17063,0.17063,0.16995,0.17038,1060.22825
2025-10-11 11:45:00+00:00,0.17108,0.17123,0.17,0.17,18758.67095
2025-10-11 12:00:00+00:00,0.16943,0.16994,0.16898,0.16974,780.15626
2025-10-11 12:15:00+00:00,0.17004,0.17007,0.16867,0.16915,875.53974
2025-10-11 12:30:00+00:00,0.16934,0.16934,0.16818,0.16872,1562.06307
2025-10-11 12:45:00+00:00,0.16898,0.16898,0.16392,0.1675,29725.41964
2025-10-11 13:00:00+00:00,0.16748,0.1675,0.16653,0.16653,12087.97302
2025-10-11 13:15:00+00:00,0.1666,0.16685,0.1666,0.16676,291.7049
2025-10-11 13:30:00+00:00,0.16684,0.16684,0.16598,0.16598,19205.3951
2025-10-11 14:00:00+00:00,0.1668,0.16688,0.16589,0.16589,29864.43701
2025-10-11 14:15:00+00:00,0.16487,0.16487,0.16487,0.16487,54.70978
2025-10-11 14:30:00+00:00,0.16709,0.16709,0.16709,0.16709,897.71979
2025-10-11 15:00:00+00:00,0.16812,0.16812,0.162,0.1644,142000.0
2025-10-11 15:45:00+00:00,0.16358,0.16358,0.16327,0.16327,130.0
2025-10-11 16:00:00+00:00,0.16377,0.16562,0.16377,0.16562,4838.11428
2025-10-11 16:15:00+00:00,0.16569,0.16569,0.16569,0.16569,36.33292
2025-10-11 16:30:00+00:00,0.16556,0.16556,0.16556,0.16556,30.26094
2025-10-11 17:00:00+00:00,0.16624,0.16724,0.16624,0.16681,3062.24949
2025-10-11 17:15:00+00:00,0.16712,0.16762,0.16712,0.16762,14678.13127
2025-10-11 17:30:00+00:00,0.16697,0.16894,0.16697,0.16894,870.00578
2025-10-11 17:45:00+00:00,0.16905,0.171,0.16871,0.171,493.67899
2025-10-11 18:00:00+00:00,0.16901,0.16985,0.16778,0.16985,15777.03656
2025-10-11 18:15:00+00:00,0.16877,0.16966,0.16877,0.16966,588.40769
2025-10-11 18:45:00+00:00,0.16931,0.1695,0.16869,0.1695,487.36123
2025-10-11 19:00:00+00:00,0.16857,0.16891,0.16857,0.16891,686.10863
2025-10-11 19:15:00+00:00,0.16778,0.16778,0.1665,0.16712,893.0153
2025-10-11 19:30:00+00:00,0.16716,0.16758,0.1667,0.1667,1566.23013
2025-10-11 19:45:00+00:00,0.16709,0.16709,0.16449,0.1668,27323.25745
2025-10-11 20:00:00+00:00,0.16692,0.16776,0.1666,0.16694,1760.73692
2025-10-11 20:15:00+00:00,0.16783,0.17044,0.16716,0.1683,144577.08431
2025-10-11 20:30:00+00:00,0.16832,0.17095,0.16766,0.1703,61768.9599
2025-10-11 20:45:00+00:00,0.17032,0.17073,0.16921,0.16994,24847.88287
2025-10-11 21:00:00+00:00,0.16878,0.16878,0.16867,0.16867,973.7794
2025-10-11 21:15:00+00:00,0.16934,0.171,0.16869,0.171,27057.18112
2025-10-11 21:30:00+00:00,0.17203,0.18,0.17164,0.17446,68372.88622
2025-10-11 21:45:00+00:00,0.1739,0.18292,0.17246,0.178,119619.992
2025-10-11 22:00:00+00:00,0.17748,0.17887,0.17249,0.17618,72936.15459
2025-10-11 22:15:00+00:00,0.17476,0.17476,0.17273,0.17286,7252.29224
2025-10-11 22:30:00+00:00,0.17215,0.17569,0.17083,0.17196,36519.90214
2025-10-11 22:45:00+00:00,0.1721,0.17434,0.1718,0.17236,47427.34995
2025-10-11 23:00:00+00:00,0.17184,0.17184,0.17062,0.17174,14260.4647
2025-10-11 23:15:00+00:00,0.17134,0.17134,0.17062,0.17062,4592.32594
2025-10-11 23:30:00+00:00,0.17012,0.17071,0.16912,0.1697,36829.62944
2025-10-11 23:45:00+00:00,0.17248,0.17248,0.1704,0.17211,19467.58723
2025-10-12 00:00:00+00:00,0.16932,0.16932,0.16736,0.16736,20120.25422
2025-10-12 00:15:00+00:00,0.16804,0.16931,0.16801,0.16868,1025.25066
2025-10-12 00:30:00+00:00,0.16998,0.17126,0.16788,0.16889,11586.03044
2025-10-12 00:45:00+00:00,0.1694,0.17019,0.16851,0.16851,776.46446
2025-10-12 01:00:00+00:00,0.16822,0.17056,0.16746,0.17056,800.8417
2025-10-12 01:15:00+00:00,0.17044,0.17085,0.16623,0.1676,20169.99546
2025-10-12 01:30:00+00:00,0.16768,0.16804,0.16742,0.16785,487.25911
2025-10-12 01:45:00+00:00,0.16762,0.16845,0.16717,0.16748,392.46029
2025-10-12 02:00:00+00:00,0.16689,0.16857,0.16689,0.16726,31486.89315
2025-10-12 02:30:00+00:00,0.16961,0.16961,0.16868,0.16868,194.68162
2025-10-12 02:45:00+00:00,0.16957,0.16957,0.16957,0.16957,95.74801
2025-10-12 03:00:00+00:00,0.17041,0.17075,0.16971,0.17053,638.88601
2025-10-12 03:15:00+00:00,0.17153,0.17185,0.16964,0.171,51015.92741
2025-10-12 03:30:00+00:00,0.17163,0.17574,0.17163,0.17513,4231.08581
2025-10-12 03:45:00+00:00,0.17409,0.17409,0.17313,0.1734,54484.69758
2025-10-12 04:00:00+00:00,0.17453,0.17467,0.17453,0.17467,292.91274
2025-10-12 04:15:00+00:00,0.17325,0.17423,0.17313,0.17401,22775.67505
2025-10-12 04:30:00+00:00,0.17529,0.17713,0.17529,0.17636,7758.22631
2025-10-12 04:45:00+00:00,0.17642,0.17756,0.17642,0.17756,26513.89269
2025-10-12 05:00:00+00:00,0.17719,0.178,0.17309,0.17329,29897.57236
2025-10-12 05:15:00+00:00,0.1739,0.17748,0.1739,0.17706,19781.30379
2025-10-12 05:30:00+00:00,0.17577,0.17589,0.17431,0.17466,21954.94507
2025-10-12 05:45:00+00:00,0.1745,0.17507,0.17413,0.1748,4263.7388
2025-10-12 06:00:00+00:00,0.1752,0.176,0.17378,0.17521,4789.03703
2025-10-12 06:15:00+00:00,0.17523,0.17598,0.17512,0.17598,7178.23071
2025-10-12 06:30:00+00:00,0.17549,0.17683,0.17549,0.17683,11389.75223
2025-10-12 06:45:00+00:00,0.17841,0.17933,0.17812,0.17836,10678.08013
2025-10-12 07:00:00+00:00,0.17684,0.18008,0.17684,0.17999,11826.33746
2025-10-12 07:15:00+00:00,0.17938,0.17938,0.177,0.177,30963.22654
2025-10-12 07:30:00+00:00,0.17747,0.17794,0.17614,0.1766,12904.66564
2025-10-12 07:45:00+00:00,0.17598,0.17633,0.17577,0.17577,1755.96175
2025-10-12 08:00:00+00:00,0.17571,0.17571,0.17571,0.17571,97.82254
2025-10-12 08:15:00+00:00,0.17712,0.17712,0.17643,0.17643,932.2606
2025-10-12 08:30:00+00:00,0.17716,0.17716,0.17716,0.17716,95.74837
2025-10-12 08:45:00+00:00,0.17552,0.17694,0.175,0.17625,8132.65417
2025-10-12 09:00:00+00:00,0.17442,0.17563,0.17442,0.17563,1311.56371
2025-10-12 09:15:00+00:00,0.1758,0.17643,0.1758,0.1764,3130.5338
2025-10-12 09:30:00+00:00,0.17494,0.1768,0.17494,0.1768,8899.1884
2025-10-12 09:45:00+00:00,0.17442,0.17481,0.17442,0.17481,3263.45742
2025-10-12 10:00:00+00:00,0.17362,0.17362,0.17362,0.17362,99.06497
2025-10-12 10:15:00+00:00,0.17288,0.17405,0.17288,0.17335,30097.30429
2025-10-12 10:30:00+00:00,0.17327,0.17327,0.17327,0.17327,96.64599
2025-10-12 10:45:00+00:00,0.17557,0.17557,0.17396,0.17453,591.24973
2025-10-12 11:00:00+00:00,0.17463,0.1751,0.17454,0.17486,9300.39354
2025-10-12 11:15:00+00:00,0.1756,0.17561,0.17557,0.17558,8965.5404
2025-10-12 11:30:00+00:00,0.17627,0.17684,0.17621,0.17651,5581.82985
2025-10-12 11:45:00+00:00,0.17593,0.17731,0.17593,0.17731,3685.00368
2025-10-12 12:00:00+00:00,0.17709,0.17813,0.17709,0.17813,6731.16969
2025-10-12 12:15:00+00:00,0.18087,0.1815,0.1795,0.18141,6689.68556
2025-10-12 12:30:00+00:00,0.18036,0.18125,0.18036,0.18085,297.72807
2025-10-12 12:45:00+00:00,0.18073,0.18073,0.18073,0.18073,157.02598
2025-10-12 13:00:00+00:00,0.18115,0.18204,0.181,0.18204,15884.75292
2025-10-12 13:15:00+00:00,0.18205,0.18242,0.17568,0.17734,49439.73493
2025-10-12 13:30:00+00:00,0.17758,0.17758,0.17576,0.17618,318.04562
2025-10-12 13:45:00+00:00,0.17509,0.17575,0.17459,0.17464,5002.82266
2025-10-12 14:00:00+00:00,0.17418,0.17469,0.17396,0.17463,1472.49626
2025-10-12 14:15:00+00:00,0.17347,0.17441,0.17347,0.17441,9837.79561
2025-10-12 14:30:00+00:00,0.1748,0.1748,0.17351,0.17368,2822.57036
2025-10-12 14:45:00+00:00,0.17412,0.17448,0.17358,0.17358,2850.55738
2025-10-12 15:00:00+00:00,0.17383,0.18118,0.17383,0.18118,3676.99137
2025-10-12 15:15:00+00:00,0.18163,0.18192,0.1705,0.17553,89118.57059
2025-10-12 15:30:00+00:00,0.17559,0.17625,0.17424,0.17625,3430.00586
2025-10-12 15:45:00+00:00,0.17539,0.17608,0.17496,0.17496,2293.27507
2025-10-12 16:15:00+00:00,0.17523,0.17636,0.17523,0.17541,14382.73138
2025-10-12 16:30:00+00:00,0.17531,0.17531,0.17531,0.17531,1429.63893
2025-10-12 16:45:00+00:00,0.1769,0.17769,0.17278,0.17282,5514.0474
2025-10-12 17:00:00+00:00,0.17522,0.17522,0.17522,0.17522,98.98522
2025-10-12 17:15:00+00:00,0.1743,0.17521,0.17207,0.17521,79962.55395
2025-10-12 17:30:00+00:00,0.17576,0.17603,0.17421,0.1746,2986.66203
2025-10-12 17:45:00+00:00,0.175,0.175,0.17397,0.17446,3547.74305
2025-10-12 18:00:00+00:00,0.1747,0.1747,0.1747,0.1747,99.90512
2025-10-12 18:15:00+00:00,0.17474,0.17583,0.17268,0.17268,3535.15886
2025-10-12 18:30:00+00:00,0.17253,0.17253,0.17171,0.17171,2954.05896
2025-10-12 19:00:00+00:00,0.17227,0.173,0.17227,0.173,5406.86888
2025-10-12 19:15:00+00:00,0.17168,0.17168,0.17168,0.17168,110.21104
2025-10-12 19:30:00+00:00,0.17309,0.17309,0.17309,0.17309,99.78021
2025-10-12 19:45:00+00:00,0.17291,0.17359,0.17291,0.17359,199.83625
2025-10-12 20:00:00+00:00,0.17224,0.17224,0.17224,0.17224,98.88038
2025-10-12 20:15:00+00:00,0.17218,0.1722,0.17184,0.1722,6044.67569
2025-10-12 20:30:00+00:00,0.17372,0.17372,0.17346,0.17346,748.27394
2025-10-12 20:45:00+00:00,0.17397,0.17429,0.17236,0.17236,9468.15374
2025-10-12 21:00:00+00:00,0.1723,0.1723,0.1723,0.1723,98.34507
2025-10-12 21:30:00+00:00,0.17066,0.17123,0.17066,0.17123,292.66736
2025-10-12 21:45:00+00:00,0.17207,0.17249,0.17134,0.17134,7636.95007
2025-10-12 22:00:00+00:00,0.17192,0.17192,0.17192,0.17192,98.69623
2025-10-12 22:15:00+00:00,0.17258,0.17258,0.17258,0.17258,99.31108
2025-10-12 22:30:00+00:00,0.17297,0.17297,0.17297,0.17297,95.59387
2025-10-12 22:45:00+00:00,0.17367,0.17367,0.17225,0.17225,292.92026
2025-10-12 23:00:00+00:00,0.17256,0.17256,0.17256,0.17256,11.56127
2025-10-12 23:15:00+00:00,0.17201,0.17201,0.17177,0.17177,195.79915
2025-10-12 23:30:00+00:00,0.17136,0.17136,0.16929,0.16929,15122.00326
2025-10-12 23:45:00+00:00,0.17048,0.17092,0.17048,0.17092,279.30088
2025-10-13 00:15:00+00:00,0.16832,0.16833,0.16832,0.16833,668.92983
2025-10-13 00:30:00+00:00,0.1675,0.1675,0.1675,0.1675,597.01493
2025-10-13 00:45:00+00:00,0.16877,0.16895,0.16877,0.16895,20282.11746
2025-10-13 01:45:00+00:00,0.16745,0.16745,0.16733,0.16733,242.42507
2025-10-13 02:00:00+00:00,0.16818,0.16818,0.16818,0.16818,0.68772
2025-10-13 02:15:00+00:00,0.17038,0.17038,0.17038,0.17038,176.07208
2025-10-13 03:30:00+00:00,0.16821,0.16821,0.16821,0.16821,28.20341
2025-10-13 04:15:00+00:00,0.16907,0.16907,0.1682,0.16836,10304.24287
2025-10-13 05:00:00+00:00,0.16969,0.17004,0.16969,0.17004,648.13328
2025-10-13 05:15:00+00:00,0.16909,0.16909,0.16909,0.16909,94.80158
2025-10-13 05:30:00+00:00,0.16745,0.16774,0.16745,0.16774,594.80565
2025-10-13 05:45:00+00:00,0.16735,0.16749,0.16688,0.16688,1191.24156
2025-10-13 06:00:00+00:00,0.16646,0.16753,0.16553,0.16724,2805.60477
2025-10-13 06:30:00+00:00,0.16819,0.16883,0.16643,0.16643,10219.23182
2025-10-13 06:45:00+00:00,0.16741,0.16791,0.16741,0.16774,591.92614
2025-10-13 07:00:00+00:00,0.16776,0.1707,0.16765,0.17026,2776.82129
2025-10-13 07:15:00+00:00,0.17025,0.17134,0.17025,0.17056,3016.2002
2025-10-13 07:30:00+00:00,0.17123,0.17123,0.17123,0.17123,58.22577
2025-10-13 07:45:00+00:00,0.16915,0.16915,0.16905,0.16905,156.7549
2025-10-13 08:00:00+00:00,0.16974,0.17024,0.16974,0.17014,783.36519
2025-10-13 08:15:00+00:00,0.17028,0.17174,0.17028,0.17053,4212.52735
2025-10-13 08:30:00+00:00,0.17181,0.17297,0.17181,0.17262,3687.7153
2025-10-13 08:45:00+00:00,0.17261,0.17346,0.17218,0.17346,13308.47951
2025-10-13 09:00:00+00:00,0.17213,0.17223,0.16996,0.16996,19110.988
2025-10-13 09:15:00+00:00,0.17029,0.17029,0.17019,0.17019,197.54835
2025-10-13 09:30:00+00:00,0.16997,0.16997,0.16966,0.16966,160.99914
2025-10-13 09:45:00+00:00,0.17088,0.17103,0.16978,0.17022,3305.42744
2025-10-13 10:00:00+00:00,0.16952,0.16965,0.16952,0.16965,418.19127
2025-10-13 10:15:00+00:00,0.16897,0.16949,0.16897,0.16949,2026.1614
2025-10-13 10:30:00+00:00,0.16786,0.16786,0.16735,0.16761,34304.23267
2025-10-13 10:45:00+00:00,0.16792,0.16792,0.16763,0.16763,197.70881
2025-10-13 11:00:00+00:00,0.16599,0.16729,0.16588,0.16638,23168.97689
2025-10-13 11:15:00+00:00,0.16619,0.16682,0.16072,0.1611,36788.26878
2025-10-13 11:30:00+00:00,0.16042,0.16361,0.16042,0.16249,7750.92488
2025-10-13 11:45:00+00:00,0.16246,0.16255,0.16246,0.16248,549.52596
2025-10-13 12:00:00+00:00,0.16118,0.16487,0.16094,0.16487,12792.05792
2025-10-13 12:15:00+00:00,0.16341,0.16341,0.16341,0.16341,98.5282
2025-10-13 12:30:00+00:00,0.16495,0.16586,0.16495,0.16514,4516.45472
2025-10-13 12:45:00+00:00,0.16503,0.16503,0.16503,0.16503,1199.01168
2025-10-13 13:00:00+00:00,0.16591,0.16615,0.16412,0.16423,21465.65167
2025-10-13 13:15:00+00:00,0.16379,0.16379,0.16379,0.16379,98.64407
2025-10-13 13:30:00+00:00,0.16445,0.16681,0.16301,0.16365,36681.19464
2025-10-13 13:45:00+00:00,0.16369,0.16584,0.1631,0.16551,4924.97646
2025-10-13 14:00:00+00:00,0.16464,0.16464,0.16334,0.16334,223.67358
2025-10-13 14:15:00+00:00,0.16317,0.16317,0.15865,0.159,7668.93418
2025-10-13 14:30:00+00:00,0.15886,0.16294,0.15751,0.16027,153135.13521
2025-10-13 14:45:00+00:00,0.16083,0.16161,0.16054,0.16161,22317.46381
2025-10-13 15:00:00+00:00,0.16156,0.16182,0.1594,0.16182,4510.1998
2025-10-13 15:15:00+00:00,0.16179,0.16179,0.16133,0.16133,6770.44527
2025-10-13 15:30:00+00:00,0.16016,0.16016,0.16,0.16,37788.54185
2025-10-13 15:45:00+00:00,0.16166,0.16283,0.16166,0.16283,195.51214
2025-10-13 16:00:00+00:00,0.16048,0.16161,0.16048,0.16161,370.49276
2025-10-13 16:30:00+00:00,0.16336,0.16336,0.16336,0.16336,183.64542
2025-10-13 16:45:00+00:00,0.16331,0.16331,0.16255,0.16292,2006.4229
2025-10-13 17:00:00+00:00,0.16313,0.16313,0.1612,0.1612,3603.57535
2025-10-13 17:15:00+00:00,0.16255,0.16438,0.16247,0.16247,3378.68228
2025-10-13 17:30:00+00:00,0.16226,0.16245,0.16169,0.16179,777.88762
2025-10-13 17:45:00+00:00,0.16144,0.16144,0.16144,0.16144,30.84737
2025-10-13 18:00:00+00:00,0.16414,0.16488,0.16321,0.16321,262.34299
2025-10-13 18:15:00+00:00,0.16309,0.16309,0.16256,0.16256,155.20995
2025-10-13 18:30:00+00:00,0.16433,0.16477,0.16346,0.16448,31252.96368
2025-10-13 18:45:00+00:00,0.16432,0.16432,0.16432,0.16432,96.00525
2025-10-13 19:00:00+00:00,0.16349,0.16453,0.16349,0.16453,7671.41643
2025-10-13 19:30:00+00:00,0.16487,0.16509,0.16487,0.16509,10400.05205
2025-10-13 19:45:00+00:00,0.16417,0.16537,0.16413,0.16413,8025.90056
2025-10-13 20:00:00+00:00,0.16379,0.1659,0.16379,0.16456,12367.41412
2025-10-13 20:15:00+00:00,0.16394,0.16395,0.16365,0.16395,1632.76853
2025-10-13 20:30:00+00:00,0.16497,0.16497,0.16423,0.16423,3140.50845
2025-10-13 20:45:00+00:00,0.16426,0.16429,0.16381,0.16429,5626.66378
2025-10-13 21:00:00+00:00,0.16582,0.1682,0.16458,0.1682,23861.48072
2025-10-13 21:30:00+00:00,0.16573,0.16573,0.16558,0.16558,1854.47754
2025-10-13 21:45:00+00:00,0.16556,0.16556,0.16556,0.16556,8843.98205
2025-10-13 22:00:00+00:00,0.16568,0.16568,0.16545,0.16545,111.21431
2025-10-13 22:15:00+00:00,0.165,0.1651,0.16488,0.16503,8370.88992
2025-10-13 22:30:00+00:00,0.16513,0.16513,0.16513,0.16513,3787.0
2025-10-13 22:45:00+00:00,0.16395,0.1647,0.16395,0.1647,10280.59228
2025-10-13 23:00:00+00:00,0.16488,0.16489,0.16488,0.16489,2896.3749
2025-10-14 00:00:00+00:00,0.16602,0.16732,0.16602,0.16604,5847.93668
2025-10-14 00:15:00+00:00,0.16629,0.1663,0.16553,0.16553,18663.74319
2025-10-14 01:00:00+00:00,0.16432,0.16432,0.16292,0.16292,14766.94853
2025-10-14 01:15:00+00:00,0.16298,0.16456,0.16298,0.16456,10547.19095
2025-10-14 01:30:00+00:00,0.16508,0.16508,0.16503,0.16503,113.21925
2025-10-14 01:45:00+00:00,0.16485,0.16496,0.16485,0.16489,1296.08139
2025-10-14 02:00:00+00:00,0.16604,0.16604,0.16456,0.16456,4768.65915
2025-10-14 02:15:00+00:00,0.16499,0.16585,0.16399,0.16569,1494.18445
2025-10-14 02:30:00+00:00,0.16572,0.16572,0.16471,0.16471,1186.14502
2025-10-14 03:00:00+00:00,0.1658,0.1658,0.16559,0.16559,195.70537
2025-10-14 03:15:00+00:00,0.1658,0.1658,0.16479,0.16516,394.25
2025-10-14 04:00:00+00:00,0.16387,0.16387,0.16177,0.16177,689.11634
2025-10-14 04:15:00+00:00,0.16095,0.16095,0.16062,0.16062,38739.87758
2025-10-14 04:45:00+00:00,0.16,0.16038,0.16,0.16,21827.92886
2025-10-14 05:00:00+00:00,0.16107,0.16107,0.16107,0.16107,917.3717
2025-10-14 05:15:00+00:00,0.15893,0.15893,0.15847,0.15847,30000.0
2025-10-14 05:30:00+00:00,0.15882,0.15895,0.15751,0.15766,33972.57717
2025-10-14 06:15:00+00:00,0.15906,0.15906,0.15792,0.15795,9460.79907
2025-10-14 06:30:00+00:00,0.15695,0.15695,0.15057,0.15131,35197.47591
2025-10-14 06:45:00+00:00,0.15,0.15442,0.1494,0.15442,4871.2772
2025-10-14 07:00:00+00:00,0.1534,0.15354,0.1518,0.15321,5421.03761
2025-10-14 07:15:00+00:00,0.15453,0.1553,0.15421,0.15449,11837.25576
2025-10-14 07:30:00+00:00,0.15332,0.15369,0.15309,0.15309,391.92532
2025-10-14 07:45:00+00:00,0.15389,0.15389,0.15351,0.15351,190.83181
2025-10-14 08:00:00+00:00,0.15346,0.15346,0.15312,0.15312,194.07052
2025-10-14 08:15:00+00:00,0.15329,0.15329,0.1525,0.15274,5599.27591
2025-10-14 08:30:00+00:00,0.15326,0.15443,0.15321,0.15443,389.27274
2025-10-14 08:45:00+00:00,0.15376,0.15376,0.15376,0.15376,3246.6181
2025-10-14 09:15:00+00:00,0.15441,0.15441,0.1544,0.1544,2285.01408
2025-10-14 09:30:00+00:00,0.155,0.155,0.155,0.155,35033.92612
2025-10-14 09:45:00+00:00,0.15443,0.155,0.15443,0.155,23529.22316
2025-10-14 10:00:00+00:00,0.155,0.155,0.155,0.155,2469.51388
2025-10-14 10:30:00+00:00,0.15511,0.15565,0.15475,0.15565,30276.85798
2025-10-14 10:45:00+00:00,0.15601,0.15646,0.15601,0.15646,605.70013
2025-10-14 11:00:00+00:00,0.15627,0.15739,0.15586,0.15739,30851.4409
2025-10-14 11:15:00+00:00,0.15842,0.15842,0.15754,0.15754,1259.31068
2025-10-14 11:30:00+00:00,0.15888,0.16052,0.15887,0.16052,13571.21962
2025-10-14 11:45:00+00:00,0.16166,0.16198,0.16071,0.16074,11073.33493
2025-10-14 12:00:00+00:00,0.16099,0.16201,0.16099,0.16201,1471.90083
2025-10-14 12:15:00+00:00,0.16276,0.1656,0.16276,0.16554,387.01476
2025-10-14 12:30:00+00:00,0.16553,0.16553,0.16197,0.16388,4031.89019
2025-10-14 12:45:00+00:00,0.16382,0.16556,0.16295,0.16473,540.81987
2025-10-14 13:00:00+00:00,0.1628,0.1628,0.16169,0.16171,16360.69078
2025-10-14 13:15:00+00:00,0.15988,0.1623,0.15988,0.1623,9101.09393
2025-10-14 13:30:00+00:00,0.16163,0.16163,0.15956,0.15991,1585.51449
2025-10-14 13:45:00+00:00,0.16095,0.16144,0.16093,0.16093,721.38185
2025-10-14 14:00:00+00:00,0.16102,0.16166,0.16102,0.16166,199.14403
2025-10-14 14:15:00+00:00,0.16157,0.16157,0.16157,0.16157,98.4956
2025-10-14 14:30:00+00:00,0.16174,0.16396,0.16114,0.16396,30177.68673
2025-10-14 14:45:00+00:00,0.16531,0.16531,0.16413,0.16413,225.62351
2025-10-14 15:00:00+00:00,0.16539,0.16539,0.16539,0.16539,99.0129
2025-10-14 15:15:00+00:00,0.16602,0.16611,0.16533,0.16533,3531.43241
2025-10-14 15:30:00+00:00,0.16558,0.16558,0.16501,0.16535,489.71373
2025-10-14 15:45:00+00:00,0.16592,0.16592,0.16538,0.16538,194.12875
2025-10-14 16:00:00+00:00,0.16528,0.16702,0.16477,0.16559,6450.32551
2025-10-14 16:15:00+00:00,0.16551,0.1657,0.16551,0.1657,292.29036
2025-10-14 16:30:00+00:00,0.16426,0.16426,0.16362,0.16362,23038.40389
2025-10-14 16:45:00+00:00,0.1636,0.16395,0.16204,0.16204,5707.49274
2025-10-14 17:00:00+00:00,0.16237,0.1627,0.16237,0.1627,195.24578
2025-10-14 17:15:00+00:00,0.16276,0.16288,0.16276,0.16288,194.95811
2025-10-14 17:30:00+00:00,0.16257,0.16257,0.16257,0.16257,90.50319
2025-10-14 17:45:00+00:00,0.16212,0.16212,0.16212,0.16212,30.61742
2025-10-14 18:00:00+00:00,0.16283,0.1633,0.16283,0.1633,6101.67282
2025-10-14 18:45:00+00:00,0.16301,0.16301,0.16127,0.16179,382.34472
2025-10-14 19:00:00+00:00,0.16127,0.16159,0.16117,0.16159,388.9634
2025-10-14 19:15:00+00:00,0.16237,0.16237,0.16237,0.16237,97.92551
2025-10-14 19:30:00+00:00,0.16162,0.1622,0.16074,0.16181,21328.55149
2025-10-14 19:45:00+00:00,0.1594,0.16006,0.1594,0.16006,4661.87182
2025-10-14 20:00:00+00:00,0.16097,0.16097,0.16069,0.1607,295.72255
2025-10-14 20:15:00+00:00,0.16105,0.16105,0.16105,0.16105,234.40073
2025-10-14 20:30:00+00:00,0.16058,0.16067,0.16058,0.16067,192.97157
2025-10-14 20:45:00+00:00,0.16104,0.16104,0.16104,0.16104,98.28799
2025-10-14 21:00:00+00:00,0.16224,0.16224,0.16224,0.16224,99.7826
2025-10-14 21:15:00+00:00,0.16165,0.16165,0.16165,0.16165,2095.23858
2025-10-14 21:45:00+00:00,0.16225,0.16266,0.16214,0.16214,1026.59711
2025-10-14 22:00:00+00:00,0.16351,0.16508,0.16351,0.16449,792.77338
2025-10-14 23:00:00+00:00,0.16525,0.16525,0.16371,0.16403,480.38462
2025-10-15 00:15:00+00:00,0.16366,0.16639,0.16366,0.16501,967.08248
2025-10-15 00:30:00+00:00,0.16578,0.16651,0.16264,0.16468,32377.41935
2025-10-15 01:00:00+00:00,0.16703,0.16757,0.16673,0.16673,9687.09914
2025-10-15 01:15:00+00:00,0.16636,0.16636,0.16636,0.16636,98.3506
2025-10-15 01:30:00+00:00,0.16611,0.16704,0.16611,0.16653,9865.12626
2025-10-15 01:45:00+00:00,0.16667,0.16708,0.16642,0.16708,391.31737
2025-10-15 02:00:00+00:00,0.16787,0.1696,0.16777,0.16867,760.26641
2025-10-15 02:15:00+00:00,0.1703,0.17314,0.1703,0.17118,1184.36735
2025-10-15 02:30:00+00:00,0.17131,0.17149,0.17013,0.17013,291.08824
2025-10-15 02:45:00+00:00,0.16867,0.16874,0.16811,0.16811,486.79555
2025-10-15 03:00:00+00:00,0.16643,0.16643,0.16643,0.16643,98.56326
2025-10-15 03:15:00+00:00,0.16406,0.16466,0.16406,0.16466,297.74157
2025-10-15 03:30:00+00:00,0.16604,0.16604,0.16137,0.16137,766.68165
2025-10-15 03:45:00+00:00,0.1615,0.1615,0.1615,0.1615,96.19085
2025-10-15 04:00:00+00:00,0.16326,0.16326,0.16298,0.16298,198.77593
2025-10-15 04:30:00+00:00,0.16284,0.16284,0.16284,0.16284,99.48381
2025-10-15 04:45:00+00:00,0.16211,0.16211,0.16211,0.16211,97.63906
2025-10-15 05:15:00+00:00,0.16294,0.16317,0.16294,0.16317,264.47093
2025-10-15 05:30:00+00:00,0.1622,0.1622,0.16139,0.16192,1399.01727
2025-10-15 05:45:00+00:00,0.16171,0.16171,0.16171,0.16171,98.88409
2025-10-15 06:00:00+00:00,0.16124,0.16124,0.16124,0.16124,99.00752
2025-10-15 06:30:00+00:00,0.16248,0.16248,0.16248,0.16248,1075.59371
2025-10-15 06:45:00+00:00,0.16336,0.16336,0.16336,0.16336,281.03574
2025-10-15 08:30:00+00:00,0.16323,0.16512,0.16323,0.16424,480.86084
2025-10-15 09:00:00+00:00,0.16329,0.16336,0.16329,0.16336,158.57897
2025-10-15 09:15:00+00:00,0.16476,0.16476,0.16145,0.16145,970.30415
2025-10-15 10:45:00+00:00,0.16214,0.16214,0.16196,0.16196,192.76684
2025-10-15 11:00:00+00:00,0.16156,0.16156,0.16156,0.16156,1531.08799
2025-10-15 11:15:00+00:00,0.16122,0.16122,0.16122,0.16122,97.45127
2025-10-15 12:45:00+00:00,0.1607,0.1607,0.1607,0.1607,95.87554
2025-10-15 13:00:00+00:00,0.16065,0.16065,0.15974,0.15974,1278.97293
2025-10-15 13:15:00+00:00,0.15957,0.16066,0.15957,0.15997,490.25958
2025-10-15 13:30:00+00:00,0.16132,0.16132,0.16132,0.16132,99.91655
2025-10-15 13:45:00+00:00,0.16044,0.16044,0.15661,0.1599,31193.17703
2025-10-15 14:00:00+00:00,0.1606,0.16271,0.1606,0.16228,1017.85845
2025-10-15 14:15:00+00:00,0.15919,0.15985,0.15861,0.15976,3281.48783
2025-10-15 14:45:00+00:00,0.15925,0.15925,0.15901,0.15901,197.56601
2025-10-15 15:00:00+00:00,0.15992,0.15992,0.15992,0.15992,98.19435
2025-10-15 15:15:00+00:00,0.15871,0.15871,0.15856,0.15856,197.77614
2025-10-15 15:45:00+00:00,0.15836,0.15898,0.15793,0.15898,294.83335
2025-10-15 16:00:00+00:00,0.1586,0.15883,0.15647,0.15647,10698.45038
2025-10-15 16:15:00+00:00,0.15711,0.15712,0.1571,0.1571,17799.34562
2025-10-15 16:30:00+00:00,0.15694,0.1577,0.156,0.156,488.29842
2025-10-15 16:45:00+00:00,0.15672,0.15782,0.15649,0.15706,9962.37692
2025-10-15 17:00:00+00:00,0.15678,0.15678,0.15603,0.15603,1665.7432
2025-10-15 17:30:00+00:00,0.15711,0.15813,0.15711,0.15813,192.14454
2025-10-15 17:45:00+00:00,0.15929,0.15948,0.1592,0.15929,386.95186
2025-10-15 18:15:00+00:00,0.15775,0.1585,0.15775,0.1585,294.60344
2025-10-15 18:30:00+00:00,0.15812,0.15812,0.15812,0.15812,97.99171
2025-10-15 19:00:00+00:00,0.1584,0.1584,0.1584,0.1584,95.15068
2025-10-15 19:30:00+00:00,0.15827,0.1587,0.15827,0.1587,195.11488
2025-10-15 19:45:00+00:00,0.15669,0.15669,0.15669,0.15669,97.2157
2025-10-15 20:00:00+00:00,0.15598,0.15719,0.15598,0.15719,487.87782
2025-10-15 20:15:00+00:00,0.15731,0.15731,0.1569,0.1569,193.79277
2025-10-15 20:30:00+00:00,0.15658,0.15658,0.15567,0.15567,194.76753
2025-10-15 20:45:00+00:00,0.15643,0.15643,0.15603,0.15603,194.07264
2025-10-15 21:00:00+00:00,0.15525,0.15546,0.15402,0.15453,10485.65464
2025-10-15 21:15:00+00:00,0.15449,0.15449,0.15449,0.15449,96.18851
2025-10-15 21:30:00+00:00,0.15558,0.15558,0.15558,0.15558,4798.7
2025-10-15 22:30:00+00:00,0.15529,0.15529,0.15529,0.15529,95.00508
2025-10-15 23:00:00+00:00,0.15713,0.15713,0.15713,0.15713,95.056
2025-10-15 23:15:00+00:00,0.15958,0.15958,0.15918,0.15918,799.77466
2025-10-15 23:30:00+00:00,0.15754,0.15754,0.15745,0.15745,191.96974
2025-10-16 00:15:00+00:00,0.15517,0.15519,0.15517,0.15519,409.76793
2025-10-16 00:30:00+00:00,0.15472,0.15488,0.15466,0.15466,294.72291
2025-10-16 01:00:00+00:00,0.15513,0.15573,0.15513,0.15573,293.07794
2025-10-16 01:15:00+00:00,0.15586,0.15586,0.15586,0.15586,100.15398
2025-10-16 01:30:00+00:00,0.15625,0.15705,0.15521,0.1553,784.15049
2025-10-16 01:45:00+00:00,0.15512,0.15664,0.15512,0.15599,23486.91961
2025-10-16 02:00:00+00:00,0.15646,0.15715,0.15646,0.15715,291.78785
2025-10-16 02:15:00+00:00,0.15724,0.15724,0.15609,0.15609,192.52996
2025-10-16 02:30:00+00:00,0.15613,0.15645,0.1555,0.15631,11898.77706
2025-10-16 02:45:00+00:00,0.1564,0.15687,0.1564,0.15665,23011.73327
2025-10-16 03:00:00+00:00,0.15671,0.1569,0.15668,0.15686,4638.44347
2025-10-16 03:15:00+00:00,0.15669,0.15703,0.15669,0.15703,215.09423
2025-10-16 03:30:00+00:00,0.15707,0.15846,0.15707,0.15829,1161.69699
2025-10-16 04:00:00+00:00,0.15751,0.1589,0.15751,0.1589,1463.95943
2025-10-16 04:15:00+00:00,0.15975,0.15975,0.15975,0.15975,99.31661
2025-10-16 04:30:00+00:00,0.15966,0.15995,0.15966,0.15994,783.27123
2025-10-16 04:45:00+00:00,0.1592,0.16014,0.1592,0.16014,680.99809
2025-10-16 05:00:00+00:00,0.16006,0.16006,0.1591,0.15981,5259.50881
2025-10-16 05:15:00+00:00,0.16033,0.16039,0.15959,0.16022,685.24824
2025-10-16 05:30:00+00:00,0.16056,0.16412,0.16056,0.16335,28092.42544
2025-10-16 05:45:00+00:00,0.16318,0.1642,0.16214,0.16272,9589.21962
2025-10-16 06:00:00+00:00,0.16361,0.16387,0.16361,0.16387,8006.1869
2025-10-16 06:15:00+00:00,0.1614,0.16271,0.1614,0.16209,1520.69468
2025-10-16 06:30:00+00:00,0.16359,0.16381,0.16359,0.16381,198.64702
2025-10-16 06:45:00+00:00,0.16128,0.16128,0.16128,0.16128,166.29159
2025-10-16 07:00:00+00:00,0.162,0.16232,0.162,0.16232,194.21698
2025-10-16 07:30:00+00:00,0.16113,0.16119,0.16113,0.16119,195.25713
2025-10-16 07:45:00+00:00,0.1614,0.1614,0.1614,0.1614,97.25583
2025-10-16 08:45:00+00:00,0.16153,0.16279,0.16153,0.16217,92312.2519
2025-10-16 09:30:00+00:00,0.16178,0.16178,0.15791,0.15988,3626.26213
2025-10-16 09:45:00+00:00,0.16205,0.16723,0.16205,0.16572,11299.40057
2025-10-16 10:00:00+00:00,0.16837,0.16868,0.16487,0.16694,9330.07008
2025-10-16 10:15:00+00:00,0.16782,0.16782,0.16703,0.16754,208.2653
2025-10-16 10:30:00+00:00,0.16787,0.16787,0.16787,0.16787,882.30839
2025-10-16 10:45:00+00:00,0.16843,0.16843,0.16797,0.16797,181.4687
2025-10-16 11:00:00+00:00,0.16519,0.16519,0.16518,0.16518,5210.67422
2025-10-16 12:15:00+00:00,0.16539,0.16596,0.16539,0.16596,2282.35298
2025-10-16 13:15:00+00:00,0.16599,0.16599,0.16599,0.16599,1802.81944
2025-10-16 13:30:00+00:00,0.16524,0.16524,0.16503,0.16503,192.91484
2025-10-16 13:45:00+00:00,0.16423,0.16423,0.16423,0.16423,31.35846
2025-10-16 14:00:00+00:00,0.16334,0.16334,0.16262,0.16262,8103.18668
2025-10-16 14:15:00+00:00,0.16196,0.16196,0.16083,0.16083,11417.33449
2025-10-16 15:15:00+00:00,0.16219,0.16384,0.16219,0.16384,341.76356
2025-10-16 15:30:00+00:00,0.1651,0.16858,0.1651,0.16533,4309.81233
2025-10-16 15:45:00+00:00,0.16405,0.16566,0.16405,0.16495,527.4084
2025-10-16 16:00:00+00:00,0.16442,0.16905,0.16414,0.16707,1331.91234
2025-10-16 16:15:00+00:00,0.16705,0.16849,0.15768,0.16488,59872.1733
2025-10-16 16:30:00+00:00,0.1639,0.16693,0.1639,0.16461,28330.4662
2025-10-16 16:45:00+00:00,0.16452,0.16867,0.16425,0.16867,38438.05283
2025-10-16 17:00:00+00:00,0.16933,0.1728,0.16933,0.1701,57357.00334
2025-10-16 17:15:00+00:00,0.172,0.17335,0.17129,0.17268,52969.12807
2025-10-16 17:30:00+00:00,0.17243,0.17519,0.17243,0.17519,25878.5363
2025-10-16 17:45:00+00:00,0.17609,0.178,0.17457,0.17735,70148.67759
2025-10-16 18:00:00+00:00,0.17697,0.17727,0.16841,0.17206,172127.78852
2025-10-16 18:15:00+00:00,0.17179,0.17495,0.17179,0.17217,76474.52638
2025-10-16 18:30:00+00:00,0.17166,0.17399,0.16867,0.17399,67086.79317
2025-10-16 18:45:00+00:00,0.17199,0.17199,0.16887,0.17056,13467.57802
2025-10-16 19:00:00+00:00,0.16891,0.16891,0.16756,0.16846,6200.59682
2025-10-16 19:15:00+00:00,0.16845,0.16918,0.16671,0.16671,13987.51584
2025-10-16 19:30:00+00:00,0.16587,0.17245,0.16499,0.17189,12435.30808
2025-10-16 19:45:00+00:00,0.17136,0.17198,0.16907,0.1709,67983.84997
2025-10-16 20:00:00+00:00,0.17195,0.17388,0.17042,0.17176,79985.48124
2025-10-16 20:15:00+00:00,0.17146,0.17265,0.17088,0.17265,28770.89311
2025-10-16 20:30:00+00:00,0.17166,0.17339,0.17166,0.17272,5184.32108
2025-10-16 20:45:00+00:00,0.17381,0.17653,0.17381,0.17653,39398.37003
2025-10-16 21:00:00+00:00,0.17571,0.177,0.17426,0.17696,13894.50812
2025-10-16 21:15:00+00:00,0.17748,0.17883,0.17729,0.17737,26269.95103
2025-10-16 21:30:00+00:00,0.17787,0.1788,0.17441,0.17527,14056.31458
2025-10-16 21:45:00+00:00,0.17571,0.1797,0.17571,0.17859,24834.82326
2025-10-16 22:00:00+00:00,0.17832,0.17869,0.17742,0.17742,2830.28761
2025-10-16 22:15:00+00:00,0.17916,0.18033,0.17866,0.17866,21164.45418
2025-10-16 22:30:00+00:00,0.18033,0.18256,0.18018,0.18163,41137.45225
2025-10-16 22:45:00+00:00,0.18071,0.18419,0.18008,0.18222,6137.10597
2025-10-16 23:00:00+00:00,0.18336,0.18369,0.17785,0.18104,68306.76539
2025-10-16 23:15:00+00:00,0.17872,0.17983,0.17872,0.17918,2119.83102
2025-10-16 23:30:00+00:00,0.17954,0.17955,0.17688,0.17744,15664.99672
2025-10-16 23:45:00+00:00,0.17735,0.17854,0.17735,0.1776,2272.19717
2025-10-17 00:00:00+00:00,0.17705,0.17825,0.17632,0.17825,5926.47442
2025-10-17 00:15:00+00:00,0.17725,0.17747,0.17664,0.17747,3066.89946
2025-10-17 00:30:00+00:00,0.17655,0.17693,0.17655,0.17693,1733.67467
2025-10-17 00:45:00+00:00,0.17619,0.17724,0.17588,0.17698,469.83237
2025-10-17 01:00:00+00:00,0.17671,0.17671,0.17671,0.17671,95.52851
2025-10-17 01:15:00+00:00,0.17727,0.17727,0.17727,0.17727,98.89492
2025-10-17 01:30:00+00:00,0.17538,0.17629,0.17512,0.17562,4161.3195
2025-10-17 01:45:00+00:00,0.17591,0.17604,0.17477,0.17604,7854.8394
2025-10-17 02:00:00+00:00,0.17547,0.17616,0.17528,0.17563,4053.89651
2025-10-17 02:15:00+00:00,0.17841,0.17957,0.17841,0.1789,718.53741
2025-10-17 02:30:00+00:00,0.17811,0.17818,0.1759,0.17738,14708.65655
2025-10-17 02:45:00+00:00,0.17743,0.17786,0.17743,0.17786,7380.92047
2025-10-17 03:00:00+00:00,0.17841,0.18066,0.17841,0.17973,649.89328
2025-10-17 03:15:00+00:00,0.18092,0.18304,0.1805,0.18304,10330.21888
2025-10-17 03:30:00+00:00,0.18314,0.18569,0.18216,0.18395,57175.70537
2025-10-17 03:45:00+00:00,0.18432,0.18845,0.18432,0.18845,7230.03161
2025-10-17 04:00:00+00:00,0.18846,0.19214,0.18193,0.18667,125612.45072
2025-10-17 04:15:00+00:00,0.18688,0.19233,0.18688,0.18845,4867.15496
2025-10-17 04:30:00+00:00,0.19096,0.19488,0.19,0.19401,25399.28837
2025-10-17 04:45:00+00:00,0.19438,0.19797,0.19438,0.19797,50596.30545
2025-10-17 05:00:00+00:00,0.1983,0.2015,0.19096,0.1986,76293.12666
2025-10-17 05:15:00+00:00,0.20076,0.20777,0.199,0.20708,178384.5864
2025-10-17 05:30:00+00:00,0.20629,0.21512,0.19668,0.19869,221867.96072
2025-10-17 05:45:00+00:00,0.20067,0.211,0.19954,0.20486,149127.56195
2025-10-17 06:00:00+00:00,0.20406,0.20432,0.19639,0.19917,123638.51775
2025-10-17 06:15:00+00:00,0.19962,0.19962,0.18966,0.19272,101094.02091
2025-10-17 06:30:00+00:00,0.19253,0.19365,0.19044,0.19329,83206.87086
2025-10-17 06:45:00+00:00,0.19233,0.19365,0.18022,0.18322,82094.51004
2025-10-17 07:00:00+00:00,0.1837,0.18806,0.18332,0.18538,10574.42244
2025-10-17 07:15:00+00:00,0.1854,0.19264,0.184,0.19038,64752.61943
2025-10-17 07:30:00+00:00,0.19155,0.19425,0.18894,0.19122,27798.47562
2025-10-17 07:45:00+00:00,0.192,0.1954,0.19174,0.19511,96099.63369
2025-10-17 08:00:00+00:00,0.1952,0.1975,0.18524,0.18556,87025.88957
2025-10-17 08:15:00+00:00,0.18451,0.1934,0.18451,0.18806,160702.54111
2025-10-17 08:30:00+00:00,0.18584,0.19038,0.18097,0.18509,21088.61583
2025-10-17 08:45:00+00:00,0.18519,0.18623,0.18061,0.18262,100657.88335
2025-10-17 09:00:00+00:00,0.18316,0.1999,0.18316,0.19872,190983.57329
2025-10-17 09:15:00+00:00,0.19771,0.2029,0.19204,0.19632,408030.30731
2025-10-17 09:30:00+00:00,0.19601,0.20142,0.19355,0.19971,164955.62643
2025-10-17 09:45:00+00:00,0.19941,0.20596,0.19287,0.19666,162493.83416
2025-10-17 10:00:00+00:00,0.19641,0.20151,0.18986,0.19125,40681.88936
2025-10-17 10:15:00+00:00,0.19153,0.19428,0.18476,0.1848,354159.90134
2025-10-17 10:30:00+00:00,0.18569,0.19001,0.18457,0.18498,51630.31876
2025-10-17 10:45:00+00:00,0.1874,0.1874,0.18459,0.1861,3626.36961
2025-10-17 11:00:00+00:00,0.1844,0.18616,0.18246,0.18516,58517.75871
2025-10-17 11:15:00+00:00,0.18517,0.19069,0.18517,0.18781,94939.87522
2025-10-17 11:30:00+00:00,0.1875,0.19067,0.18589,0.18589,21784.35702
2025-10-17 11:45:00+00:00,0.1858,0.18711,0.18406,0.18592,38363.84151
2025-10-17 12:00:00+00:00,0.18453,0.18899,0.18362,0.18807,14203.15002
2025-10-17 12:15:00+00:00,0.18823,0.18963,0.18779,0.18779,23393.68926
2025-10-17 12:30:00+00:00,0.18657,0.18782,0.18452,0.18765,65809.48091
2025-10-17 12:45:00+00:00,0.18631,0.18698,0.18539,0.18539,13101.63854
2025-10-17 13:00:00+00:00,0.18753,0.18882,0.18446,0.18625,9000.05607
2025-10-17 13:15:00+00:00,0.18352,0.18663,0.18232,0.18663,11472.21608
2025-10-17 13:30:00+00:00,0.18692,0.19229,0.18675,0.1916,34430.75464
2025-10-17 13:45:00+00:00,0.18957,0.19395,0.18799,0.19395,32288.66009
2025-10-17 14:00:00+00:00,0.19312,0.19351,0.18637,0.18785,21067.69968
2025-10-17 14:15:00+00:00,0.1862,0.19106,0.18467,0.18742,43550.4772
2025-10-17 14:30:00+00:00,0.18653,0.18916,0.18387,0.18913,33004.93361
2025-10-17 14:45:00+00:00,0.1914,0.1934,0.19077,0.19269,7980.31227
2025-10-17 15:00:00+00:00,0.19162,0.1995,0.1885,0.19157,28128.3362
2025-10-17 15:15:00+00:00,0.19151,0.19343,0.18905,0.19106,17814.36456
2025-10-17 15:30:00+00:00,0.19015,0.19018,0.186,0.186,4902.84325
2025-10-17 15:45:00+00:00,0.18687,0.19043,0.18663,0.19027,30235.66853
2025-10-17 16:00:00+00:00,0.19199,0.19199,0.18726,0.18726,36474.7039
2025-10-17 16:15:00+00:00,0.18718,0.19,0.18718,0.18868,8223.26042
2025-10-17 16:30:00+00:00,0.18927,0.18927,0.18546,0.18643,41021.49937
2025-10-17 16:45:00+00:00,0.18665,0.18832,0.18523,0.18832,4774.95466
2025-10-17 17:00:00+00:00,0.18936,0.19327,0.18873,0.18943,85763.00218
2025-10-17 17:15:00+00:00,0.19156,0.19156,0.18977,0.1911,2278.97507
2025-10-17 17:30:00+00:00,0.19142,0.19201,0.18893,0.19,102656.48847
2025-10-17 17:45:00+00:00,0.18905,0.18905,0.18658,0.18826,6316.19035
2025-10-17 18:00:00+00:00,0.18771,0.188,0.18599,0.18766,23098.3964
2025-10-17 18:15:00+00:00,0.18816,0.18904,0.18816,0.18904,273.09823
2025-10-17 18:30:00+00:00,0.18841,0.18958,0.18805,0.18958,1386.12504
2025-10-17 18:45:00+00:00,0.18952,0.18954,0.18786,0.1888,1460.23902
2025-10-17 19:00:00+00:00,0.18767,0.18767,0.18726,0.18726,15647.74515
2025-10-17 19:15:00+00:00,0.18766,0.18867,0.18766,0.18867,583.38802
2025-10-17 19:30:00+00:00,0.18838,0.18838,0.18499,0.18596,78669.36681
2025-10-17 19:45:00+00:00,0.1865,0.18693,0.1865,0.18693,642.05437
2025-10-17 20:15:00+00:00,0.18969,0.19169,0.18969,0.19052,19454.10877
2025-10-17 20:30:00+00:00,0.19105,0.19105,0.18901,0.18901,6137.87544
2025-10-17 20:45:00+00:00,0.1892,0.1892,0.18897,0.18897,3334.47913
2025-10-17 21:00:00+00:00,0.18776,0.18959,0.18776,0.18959,930.76828
2025-10-17 21:30:00+00:00,0.19037,0.1929,0.19037,0.19053,47291.71724
2025-10-17 21:45:00+00:00,0.19091,0.19091,0.18868,0.18927,779.83553
2025-10-17 22:00:00+00:00,0.18921,0.19033,0.18921,0.19033,385.83484
2025-10-17 22:15:00+00:00,0.19142,0.19433,0.19142,0.19374,8555.34505
2025-10-17 22:30:00+00:00,0.19404,0.19593,0.1932,0.19593,2340.50344
2025-10-17 22:45:00+00:00,0.19214,0.19272,0.19185,0.19272,932.53288
2025-10-17 23:00:00+00:00,0.19115,0.19115,0.1899,0.1899,1989.39981
2025-10-17 23:15:00+00:00,0.18833,0.18833,0.18832,0.18832,1016.12554
2025-10-17 23:30:00+00:00,0.18776,0.18917,0.18753,0.18889,1215.787
2025-10-17 23:45:00+00:00,0.1899,0.1899,0.18813,0.18841,388.76944
2025-10-18 00:00:00+00:00,0.18644,0.18725,0.18625,0.18725,518.69817
2025-10-18 00:15:00+00:00,0.18823,0.18873,0.18672,0.18873,988.59095
2025-10-18 00:30:00+00:00,0.18898,0.18898,0.18678,0.18777,2391.51501
2025-10-18 00:45:00+00:00,0.18718,0.1896,0.18718,0.1896,8354.24251
2025-10-18 01:00:00+00:00,0.18869,0.18869,0.18869,0.18869,48.0
2025-10-18 01:15:00+00:00,0.1869,0.1869,0.1869,0.1869,97.28316
2025-10-18 01:30:00+00:00,0.18816,0.18816,0.18792,0.18792,364.54023
2025-10-18 01:45:00+00:00,0.18624,0.18774,0.18624,0.18774,407.82804
2025-10-18 02:00:00+00:00,0.18758,0.18758,0.18605,0.18605,339.40028
2025-10-18 02:15:00+00:00,0.18651,0.1879,0.18637,0.1879,11464.80305
2025-10-18 02:30:00+00:00,0.189,0.189,0.18762,0.18762,27417.12162
2025-10-18 02:45:00+00:00,0.1872,0.1872,0.18569,0.18569,17079.09593
2025-10-18 03:00:00+00:00,0.18537,0.1857,0.18505,0.18547,15553.25657
2025-10-18 03:15:00+00:00,0.18547,0.18547,0.18517,0.18517,39928.21813
2025-10-18 03:30:00+00:00,0.18591,0.1867,0.18591,0.18619,150.00209
2025-10-18 03:45:00+00:00,0.18634,0.18634,0.18608,0.18608,193.21538
2025-10-18 04:00:00+00:00,0.18561,0.18561,0.18533,0.18533,316.40851
2025-10-18 04:15:00+00:00,0.18532,0.18532,0.18532,0.18532,95.61862
2025-10-18 04:45:00+00:00,0.18568,0.18671,0.18519,0.18519,6149.69441
2025-10-18 05:00:00+00:00,0.18485,0.18485,0.18283,0.18424,34011.71885
2025-10-18 05:15:00+00:00,0.18301,0.18365,0.17973,0.17982,31257.6648
2025-10-18 05:30:00+00:00,0.17977,0.17977,0.17907,0.17915,6989.3174
2025-10-18 05:45:00+00:00,0.18045,0.18102,0.18019,0.18102,1321.10725
2025-10-18 06:15:00+00:00,0.1819,0.1819,0.17982,0.17982,35019.99515
2025-10-18 06:30:00+00:00,0.17984,0.17984,0.178,0.178,2222.73895
2025-10-18 06:45:00+00:00,0.17769,0.18131,0.17736,0.18115,6093.66225
2025-10-18 07:00:00+00:00,0.18213,0.1853,0.18123,0.18221,9359.70467
2025-10-18 07:15:00+00:00,0.182,0.182,0.18163,0.18163,8019.22187
2025-10-18 07:30:00+00:00,0.18298,0.18298,0.18164,0.18241,25230.16641
2025-10-18 07:45:00+00:00,0.1827,0.18361,0.18082,0.18162,8929.79847
2025-10-18 08:00:00+00:00,0.18441,0.18466,0.18437,0.18466,715.54963
2025-10-18 08:15:00+00:00,0.18489,0.18489,0.18489,0.18489,95.17706
2025-10-18 08:30:00+00:00,0.18579,0.18579,0.18517,0.18517,244.5086
2025-10-18 08:45:00+00:00,0.18542,0.18572,0.18542,0.18572,124.58795
2025-10-18 09:00:00+00:00,0.18532,0.18648,0.18442,0.18507,7814.07525
2025-10-18 09:15:00+00:00,0.18584,0.18584,0.18584,0.18584,359.84212
2025-10-18 09:30:00+00:00,0.18675,0.18713,0.18526,0.18526,22813.12547
2025-10-18 09:45:00+00:00,0.18775,0.18775,0.18775,0.18775,53.15579
2025-10-18 10:00:00+00:00,0.18734,0.18734,0.18528,0.18528,7265.71217
2025-10-18 10:45:00+00:00,0.18565,0.18565,0.18524,0.18524,331.96486
2025-10-18 11:00:00+00:00,0.18648,0.18737,0.18608,0.1867,2661.52273
2025-10-18 11:15:00+00:00,0.18642,0.18642,0.18642,0.18642,95.35067
2025-10-18 11:30:00+00:00,0.18705,0.18705,0.18663,0.18663,2949.91728
2025-10-18 11:45:00+00:00,0.18677,0.18712,0.18617,0.18712,220.85987
2025-10-18 12:00:00+00:00,0.18589,0.18589,0.18396,0.18396,193.08336
2025-10-18 12:15:00+00:00,0.18457,0.18457,0.18457,0.18457,434.30677
2025-10-18 12:45:00+00:00,0.18432,0.18432,0.18432,0.18432,574.62175
2025-10-18 13:15:00+00:00,0.18398,0.18403,0.18398,0.18403,98.89282
2025-10-18 13:30:00+00:00,0.18349,0.18349,0.18251,0.18253,1238.46164
2025-10-18 13:45:00+00:00,0.1835,0.1835,0.18334,0.18334,196.7624
2025-10-18 14:00:00+00:00,0.18265,0.18265,0.18002,0.18039,1971.37103
2025-10-18 14:30:00+00:00,0.18127,0.18127,0.18005,0.18005,776.80326
2025-10-18 15:00:00+00:00,0.18074,0.18074,0.17846,0.17846,15584.93059
2025-10-18 15:15:00+00:00,0.17881,0.18061,0.1788,0.18061,3570.01596
2025-10-18 15:30:00+00:00,0.17892,0.18532,0.1786,0.18532,4912.71337
2025-10-18 15:45:00+00:00,0.18805,0.18924,0.1871,0.18821,774.76727
2025-10-18 16:00:00+00:00,0.19181,0.19213,0.19132,0.19213,1054.08526
2025-10-18 16:15:00+00:00,0.19106,0.19229,0.19023,0.19229,1187.78057
2025-10-18 16:30:00+00:00,0.19239,0.19304,0.19174,0.19174,2776.14157
2025-10-18 16:45:00+00:00,0.19217,0.19282,0.19217,0.1926,133.14758
2025-10-18 17:00:00+00:00,0.19259,0.19259,0.19259,0.19259,53.80464
2025-10-18 17:15:00+00:00,0.19127,0.19313,0.19114,0.19267,1655.88038
2025-10-18 17:30:00+00:00,0.19295,0.19495,0.19295,0.19468,3169.44437
2025-10-18 17:45:00+00:00,0.19482,0.19528,0.19482,0.19507,582.62341
2025-10-18 18:00:00+00:00,0.19525,0.1956,0.19133,0.19196,18193.81725
2025-10-18 18:15:00+00:00,0.1923,0.19304,0.191,0.19304,2056.07003
2025-10-18 18:30:00+00:00,0.19582,0.19632,0.19442,0.19554,21965.60697
2025-10-18 18:45:00+00:00,0.19547,0.19547,0.19459,0.19459,24347.00374
2025-10-18 19:00:00+00:00,0.19322,0.19415,0.19322,0.19415,1242.04496
2025-10-18 19:15:00+00:00,0.19475,0.19475,0.19419,0.19419,195.77763
2025-10-18 19:45:00+00:00,0.19248,0.19248,0.19248,0.19248,97.78335
2025-10-18 20:00:00+00:00,0.19274,0.19288,0.19215,0.19215,749.24295
2025-10-18 20:15:00+00:00,0.19224,0.19592,0.1921,0.19581,1524.9133
2025-10-18 20:30:00+00:00,0.19729,0.19777,0.19667,0.19777,304.00738
2025-10-18 20:45:00+00:00,0.19783,0.19791,0.19643,0.19643,464.79726
2025-10-18 21:00:00+00:00,0.19528,0.19528,0.19323,0.19333,388.81651
2025-10-18 21:15:00+00:00,0.19417,0.19418,0.19417,0.19418,6273.46481
2025-10-18 21:30:00+00:00,0.19389,0.19389,0.19389,0.19389,154.46902
2025-10-18 21:45:00+00:00,0.19567,0.19617,0.19548,0.19617,272.02768
2025-10-18 22:00:00+00:00,0.19567,0.19567,0.19567,0.19567,471.86205
2025-10-18 22:15:00+00:00,0.19404,0.19404,0.19311,0.19328,12836.2065
2025-10-18 22:45:00+00:00,0.19322,0.19322,0.19309,0.19309,125.25484
2025-10-18 23:00:00+00:00,0.19378,0.19378,0.19197,0.19197,540.99124
2025-10-18 23:15:00+00:00,0.19143,0.19143,0.1913,0.1914,205.05525
2025-10-18 23:45:00+00:00,0.19239,0.19239,0.19221,0.19221,197.78429
2025-10-19 00:00:00+00:00,0.19369,0.1957,0.19351,0.19469,579.84684
2025-10-19 00:15:00+00:00,0.19319,0.19319,0.19319,0.19319,99.78778
2025-10-19 00:30:00+00:00,0.1968,0.1968,0.1948,0.1948,4754.32456
2025-10-19 00:45:00+00:00,0.19548,0.19548,0.19548,0.19548,96.91992
2025-10-19 01:00:00+00:00,0.19533,0.19581,0.19533,0.19581,193.44416
2025-10-19 01:15:00+00:00,0.19512,0.19805,0.19512,0.19668,683.55047
2025-10-19 01:30:00+00:00,0.19758,0.19758,0.19684,0.19684,856.75945
2025-10-19 02:00:00+00:00,0.19804,0.19864,0.19622,0.19864,978.46209
2025-10-19 02:15:00+00:00,0.19873,0.19873,0.19748,0.19748,469.63673
2025-10-19 02:30:00+00:00,0.19738,0.19791,0.19537,0.19537,12808.0088
2025-10-19 02:45:00+00:00,0.1952,0.1957,0.19494,0.19494,392.90593
2025-10-19 03:00:00+00:00,0.1954,0.1954,0.19454,0.19454,676.84106
2025-10-19 03:15:00+00:00,0.1946,0.1946,0.1946,0.1946,97.73153
2025-10-19 03:30:00+00:00,0.19647,0.19647,0.19559,0.19559,492.49277
2025-10-19 03:45:00+00:00,0.19646,0.19646,0.19612,0.19612,194.39856
2025-10-19 04:00:00+00:00,0.19558,0.19558,0.19486,0.19486,391.07248
2025-10-19 04:15:00+00:00,0.19481,0.19481,0.19458,0.19458,197.64724
2025-10-19 04:30:00+00:00,0.19343,0.19343,0.19214,0.19214,10901.4376
2025-10-19 05:30:00+00:00,0.19052,0.19155,0.1903,0.19155,346.02898
2025-10-19 06:00:00+00:00,0.19058,0.19151,0.19058,0.19151,121.73744
2025-10-19 06:15:00+00:00,0.19151,0.19151,0.18114,0.18428,62472.47941
2025-10-19 06:30:00+00:00,0.18408,0.18408,0.18321,0.18321,1700.55397
2025-10-19 07:15:00+00:00,0.18665,0.18665,0.18665,0.18665,99.05474
2025-10-19 07:30:00+00:00,0.18532,0.18532,0.18532,0.18532,96.87728
2025-10-19 07:45:00+00:00,0.186,0.186,0.18353,0.18383,5715.93218
2025-10-19 08:00:00+00:00,0.18267,0.18654,0.18231,0.18621,1359.503
2025-10-19 08:15:00+00:00,0.1866,0.18725,0.18646,0.18669,976.44648
2025-10-19 08:30:00+00:00,0.18767,0.18767,0.18706,0.18713,1909.80064
2025-10-19 08:45:00+00:00,0.18729,0.18773,0.18683,0.18719,3553.43042
2025-10-19 09:00:00+00:00,0.18691,0.18706,0.18561,0.18681,1721.44781
2025-10-19 09:15:00+00:00,0.18666,0.18686,0.18464,0.18464,9620.56657
2025-10-19 09:30:00+00:00,0.18498,0.18498,0.18429,0.18429,1292.0532
2025-10-19 09:45:00+00:00,0.18751,0.19252,0.18744,0.19135,7856.01835
2025-10-19 10:00:00+00:00,0.1913,0.19171,0.18925,0.18984,12505.09182
2025-10-19 10:15:00+00:00,0.1912,0.19391,0.19026,0.19384,2914.77664
2025-10-19 10:30:00+00:00,0.19403,0.19437,0.19377,0.19421,681.02055
2025-10-19 10:45:00+00:00,0.19391,0.19391,0.19328,0.19378,2079.63765
2025-10-19 11:00:00+00:00,0.19367,0.19375,0.19226,0.19361,5645.28143
2025-10-19 11:15:00+00:00,0.19391,0.19501,0.19371,0.19371,6777.42402
2025-10-19 11:30:00+00:00,0.19407,0.19445,0.19362,0.19417,4819.39837
2025-10-19 11:45:00+00:00,0.19427,0.19427,0.1936,0.19403,10775.07727
2025-10-19 12:00:00+00:00,0.19441,0.19488,0.19257,0.19257,7949.41353
2025-10-19 12:15:00+00:00,0.1934,0.19386,0.19288,0.19368,5136.97982
2025-10-19 12:30:00+00:00,0.19353,0.19456,0.19319,0.19414,4148.82286
2025-10-19 12:45:00+00:00,0.19408,0.19408,0.19367,0.19367,964.88871
2025-10-19 13:00:00+00:00,0.19357,0.19437,0.19207,0.1924,20289.89555
2025-10-19 13:15:00+00:00,0.19328,0.19393,0.19328,0.19378,680.41358
2025-10-19 13:45:00+00:00,0.19418,0.19418,0.19418,0.19418,95.47442
2025-10-19 14:30:00+00:00,0.19575,0.19654,0.19575,0.19578,550.47218
2025-10-19 14:45:00+00:00,0.19489,0.19489,0.19489,0.19489,95.99383
2025-10-19 15:00:00+00:00,0.1951,0.1951,0.1951,0.1951,97.84291
2025-10-19 15:15:00+00:00,0.19585,0.19658,0.19585,0.19655,312.84705
2025-10-19 15:30:00+00:00,0.19587,0.19587,0.19323,0.19326,342.4538
2025-10-19 16:00:00+00:00,0.19448,0.19448,0.19439,0.19439,196.10271
2025-10-19 16:15:00+00:00,0.19425,0.19425,0.19425,0.19425,96.78682
2025-10-19 16:30:00+00:00,0.19452,0.19452,0.1943,0.1943,289.76971
2025-10-19 16:45:00+00:00,0.19564,0.19645,0.19564,0.19566,1576.14868
2025-10-19 17:00:00+00:00,0.19552,0.19657,0.19498,0.19625,877.45655
2025-10-19 17:30:00+00:00,0.19501,0.19501,0.19501,0.19501,95.6702
2025-10-19 17:45:00+00:00,0.19433,0.19434,0.19399,0.19399,19787.68913
2025-10-19 18:15:00+00:00,0.19428,0.19428,0.19405,0.19405,193.82832
2025-10-19 18:30:00+00:00,0.19604,0.19647,0.19604,0.19628,288.53131
2025-10-19 18:45:00+00:00,0.19649,0.1989,0.19649,0.19826,2132.40148
2025-10-19 19:00:00+00:00,0.19924,0.1996,0.19802,0.19802,1362.62925
2025-10-19 19:15:00+00:00,0.19903,0.19903,0.1976,0.1976,225.26472
2025-10-19 19:45:00+00:00,0.19698,0.19698,0.19651,0.19651,1542.95315
2025-10-19 20:00:00+00:00,0.19655,0.19655,0.19574,0.19574,10447.30406
2025-10-19 20:15:00+00:00,0.1963,0.1963,0.19595,0.19595,189.28725
2025-10-19 20:30:00+00:00,0.19757,0.19757,0.19757,0.19757,99.61977
2025-10-19 21:15:00+00:00,0.19472,0.19472,0.19472,0.19472,96.40781
2025-10-19 21:30:00+00:00,0.19478,0.19478,0.19458,0.1946,2580.1548
2025-10-19 21:45:00+00:00,0.19479,0.19479,0.19451,0.19451,2194.71139
2025-10-19 22:15:00+00:00,0.19567,0.19567,0.19567,0.19567,96.12376
2025-10-19 22:30:00+00:00,0.1956,0.19586,0.1956,0.19586,10207.45987
2025-10-19 22:45:00+00:00,0.19599,0.19599,0.19599,0.19599,99.95271
2025-10-19 23:00:00+00:00,0.19533,0.19533,0.1931,0.1931,23506.4868
2025-10-19 23:15:00+00:00,0.19359,0.19359,0.19359,0.19359,154.96668
2025-10-19 23:45:00+00:00,0.19227,0.19227,0.19217,0.19217,2095.42094
2025-10-20 00:00:00+00:00,0.19503,0.19588,0.19503,0.19588,178.88185
2025-10-20 00:15:00+00:00,0.19748,0.19781,0.19513,0.19513,30011.88991
2025-10-20 00:30:00+00:00,0.19518,0.19518,0.1949,0.1949,194.98405
2025-10-20 01:00:00+00:00,0.1945,0.19483,0.1945,0.19483,252.80519
2025-10-20 01:30:00+00:00,0.19552,0.1957,0.19545,0.19545,297.0166
2025-10-20 02:00:00+00:00,0.19645,0.19681,0.19479,0.19525,701.8992
2025-10-20 02:15:00+00:00,0.19695,0.19695,0.19674,0.19674,153.97838
2025-10-20 02:30:00+00:00,0.19705,0.19824,0.19681,0.19824,3644.92357
2025-10-20 02:45:00+00:00,0.19763,0.19763,0.1971,0.1971,272.33422
2025-10-20 03:00:00+00:00,0.19721,0.19744,0.19679,0.19681,4714.33436
2025-10-20 03:15:00+00:00,0.19698,0.19698,0.19605,0.19605,295.90932
2025-10-20 03:45:00+00:00,0.20177,0.20219,0.20177,0.20219,252.62179
2025-10-20 04:30:00+00:00,0.19945,0.19945,0.19794,0.19794,196.53694
2025-10-20 04:45:00+00:00,0.19961,0.19961,0.19961,0.19961,100.38144
2025-10-20 05:15:00+00:00,0.20002,0.20234,0.20002,0.20234,11868.94918
2025-10-20 05:30:00+00:00,0.19839,0.19924,0.19838,0.19924,1264.96066
2025-10-20 07:00:00+00:00,0.1983,0.20105,0.1983,0.20105,49956.55775
2025-10-20 07:15:00+00:00,0.19854,0.19854,0.19854,0.19854,230.7652
2025-10-20 07:30:00+00:00,0.19894,0.19894,0.19874,0.19874,230.7652
2025-10-20 07:45:00+00:00,0.19881,0.19881,0.19881,0.19881,25.19994
2025-10-20 08:00:00+00:00,0.20051,0.20314,0.20051,0.20178,24756.46115
2025-10-20 08:15:00+00:00,0.20359,0.20444,0.20096,0.20096,4119.97585
2025-10-20 08:30:00+00:00,0.20314,0.20568,0.20314,0.20356,24794.6431
2025-10-20 08:45:00+00:00,0.20491,0.20664,0.20438,0.20664,6628.23888
2025-10-20 09:00:00+00:00,0.20741,0.21129,0.20612,0.20834,95883.03814
2025-10-20 09:15:00+00:00,0.20753,0.20763,0.2066,0.2066,195.41102
2025-10-20 09:30:00+00:00,0.20483,0.20483,0.19981,0.20446,99065.72748
2025-10-20 09:45:00+00:00,0.20385,0.20385,0.20164,0.20164,3494.38919
2025-10-20 10:00:00+00:00,0.20321,0.20321,0.20223,0.20223,346.26187
2025-10-20 10:30:00+00:00,0.20291,0.20321,0.20266,0.20266,666.12532
2025-10-20 10:45:00+00:00,0.20237,0.20418,0.20188,0.20244,29865.92623
2025-10-20 11:00:00+00:00,0.20319,0.20319,0.20108,0.20164,26240.93454
2025-10-20 11:15:00+00:00,0.2008,0.2008,0.19975,0.19975,25316.47458
2025-10-20 11:30:00+00:00,0.19971,0.19993,0.19971,0.19993,2516.37829
2025-10-20 12:45:00+00:00,0.19883,0.19883,0.19869,0.19869,251.82946
2025-10-20 13:00:00+00:00,0.19887,0.19887,0.19887,0.19887,97.19403
2025-10-20 13:30:00+00:00,0.19904,0.19904,0.19807,0.19807,290.20106
2025-10-20 13:45:00+00:00,0.19734,0.19734,0.19663,0.19663,449.66417
2025-10-20 14:00:00+00:00,0.19729,0.19736,0.19659,0.19736,2445.93217
2025-10-20 14:15:00+00:00,0.19622,0.19622,0.19622,0.19622,97.29753
2025-10-20 14:30:00+00:00,0.19693,0.19706,0.19693,0.19696,562.97441
2025-10-20 14:45:00+00:00,0.19769,0.19769,0.19769,0.19769,1212.04916
2025-10-20 15:00:00+00:00,0.19917,0.19952,0.19832,0.19832,387.99908
2025-10-20 15:15:00+00:00,0.19751,0.19751,0.19678,0.19678,1230.22607
2025-10-20 15:30:00+00:00,0.19651,0.19651,0.19632,0.19632,2195.25393
2025-10-20 16:00:00+00:00,0.19492,0.19886,0.19412,0.19826,5833.15293
2025-10-20 16:45:00+00:00,0.19617,0.19617,0.19586,0.19586,242.70657
2025-10-20 17:00:00+00:00,0.19754,0.19754,0.19754,0.19754,97.93288
2025-10-20 18:00:00+00:00,0.19531,0.19531,0.19531,0.19531,51.04705
2025-10-20 18:30:00+00:00,0.19666,0.19666,0.1964,0.1964,1327.00909
2025-10-20 19:00:00+00:00,0.19687,0.19724,0.19658,0.19658,237.16454
2025-10-20 19:30:00+00:00,0.19682,0.19682,0.19682,0.19682,96.03898
2025-10-20 19:45:00+00:00,0.19708,0.19708,0.19708,0.19708,555.9646
2025-10-20 20:00:00+00:00,0.19652,0.19855,0.19652,0.19855,139.34989
2025-10-20 22:00:00+00:00,0.20161,0.20161,0.20019,0.20019,322.23853
2025-10-20 22:15:00+00:00,0.2003,0.2003,0.19863,0.19863,173.86492
2025-10-20 22:30:00+00:00,0.20078,0.20078,0.19984,0.19984,1912.33137
2025-10-21 00:30:00+00:00,0.20046,0.20046,0.20046,0.20046,24.84286
2025-10-21 01:00:00+00:00,0.19899,0.19899,0.19881,0.19881,151.08521
2025-10-21 01:15:00+00:00,0.1991,0.1991,0.1991,0.1991,2512.55651
2025-10-21 02:00:00+00:00,0.19805,0.19805,0.1973,0.1973,297.77275
2025-10-21 02:30:00+00:00,0.19638,0.19638,0.19638,0.19638,99.72781
2025-10-21 03:30:00+00:00,0.19636,0.19636,0.19558,0.19558,2533.10438
2025-10-21 04:00:00+00:00,0.19764,0.19773,0.19764,0.19773,1326.9863
2025-10-21 05:15:00+00:00,0.19701,0.19701,0.19701,0.19701,5.19468
2025-10-21 05:45:00+00:00,0.20016,0.20018,0.20016,0.20018,3294.11362
2025-10-21 06:15:00+00:00,0.20234,0.20328,0.20234,0.20328,344.61092
2025-10-21 06:30:00+00:00,0.20412,0.20498,0.20297,0.20297,6619.29009
2025-10-21 06:45:00+00:00,0.20246,0.20246,0.19771,0.19771,1038.06649
2025-10-21 07:00:00+00:00,0.19789,0.19789,0.19578,0.19669,783.41303
2025-10-21 07:15:00+00:00,0.19895,0.19895,0.19849,0.19849,172.83953
2025-10-21 07:30:00+00:00,0.19702,0.19702,0.19631,0.19631,217.78847
2025-10-21 07:45:00+00:00,0.19724,0.1977,0.19724,0.1977,122.88715
2025-10-21 08:00:00+00:00,0.19772,0.19772,0.1962,0.1962,449.15457
2025-10-21 08:15:00+00:00,0.19675,0.19958,0.19675,0.19868,417.50124
2025-10-21 08:30:00+00:00,0.19875,0.20121,0.19867,0.20068,1990.21904
2025-10-21 08:45:00+00:00,0.2004,0.2039,0.20025,0.20335,1174.10225
2025-10-21 09:00:00+00:00,0.20354,0.2041,0.20281,0.2041,389.30685
2025-10-21 09:15:00+00:00,0.20372,0.20372,0.20317,0.20317,196.16929
2025-10-21 09:30:00+00:00,0.20675,0.20735,0.20661,0.20735,1744.28506
2025-10-21 09:45:00+00:00,0.20757,0.20847,0.20696,0.20696,3611.33616
2025-10-21 10:00:00+00:00,0.20748,0.20817,0.20612,0.20612,8779.47462
2025-10-21 10:15:00+00:00,0.20491,0.20507,0.20384,0.20507,7315.46169
2025-10-21 10:30:00+00:00,0.20519,0.20519,0.20098,0.20114,1946.66801
2025-10-21 10:45:00+00:00,0.20201,0.20335,0.20201,0.20223,1874.67871
2025-10-21 11:00:00+00:00,0.2025,0.2025,0.2025,0.2025,1484.0
2025-10-21 11:15:00+00:00,0.20354,0.20354,0.20354,0.20354,98.9281
2025-10-21 11:30:00+00:00,0.20502,0.20553,0.20348,0.20348,748.42253
2025-10-21 12:00:00+00:00,0.20284,0.20284,0.20284,0.20284,99.09957
2025-10-21 12:15:00+00:00,0.20675,0.20733,0.20596,0.20596,294.05276
2025-10-21 12:45:00+00:00,0.20497,0.20497,0.20478,0.20478,115.64986
2025-10-21 13:00:00+00:00,0.20481,0.20481,0.20481,0.20481,488.21647
2025-10-21 14:45:00+00:00,0.20211,0.20211,0.20211,0.20211,76.52145
2025-10-21 15:00:00+00:00,0.20452,0.2061,0.20452,0.2061,196.12258
2025-10-21 15:15:00+00:00,0.2075,0.2075,0.20381,0.2045,9292.49667
2025-10-21 15:30:00+00:00,0.20371,0.20371,0.20207,0.20207,546.26021
2025-10-21 15:45:00+00:00,0.20377,0.20377,0.2036,0.2036,245.21824
2025-10-21 16:15:00+00:00,0.2031,0.2031,0.20304,0.20304,198.8186
2025-10-21 16:30:00+00:00,0.20339,0.20339,0.20283,0.20283,391.90525
2025-10-21 16:45:00+00:00,0.20038,0.20038,0.19784,0.19784,3547.93691
2025-10-21 17:00:00+00:00,0.19758,0.19815,0.19758,0.19815,222.55535
2025-10-21 17:15:00+00:00,0.19901,0.19901,0.1974,0.1974,4311.45645
2025-10-21 17:30:00+00:00,0.19745,0.19745,0.19745,0.19745,95.86548
2025-10-21 17:45:00+00:00,0.19835,0.19835,0.19819,0.19819,1902.21796
2025-10-21 18:00:00+00:00,0.1973,0.1973,0.197,0.197,140.31438
2025-10-21 18:30:00+00:00,0.19527,0.19545,0.19527,0.19545,177.57756
2025-10-21 20:45:00+00:00,0.19563,0.19563,0.1948,0.1948,321.62756
2025-10-21 22:00:00+00:00,0.19904,0.19914,0.1932,0.195,56757.84936
2025-10-21 22:15:00+00:00,0.195,0.195,0.195,0.195,2610.59
2025-10-21 22:30:00+00:00,0.195,0.195,0.195,0.195,3218.11185
2025-10-21 23:00:00+00:00,0.195,0.195,0.195,0.195,2064.27205
2025-10-21 23:15:00+00:00,0.195,0.195,0.195,0.195,318.7
2025-10-21 23:30:00+00:00,0.195,0.195,0.195,0.195,64.24291
2025-10-22 00:15:00+00:00,0.195,0.195,0.19063,0.19063,11672.02793
2025-10-22 00:30:00+00:00,0.18994,0.18994,0.189,0.189,62486.77249
2025-10-22 01:45:00+00:00,0.1888,0.19201,0.1888,0.19186,1160.92809
2025-10-22 02:00:00+00:00,0.19096,0.19096,0.19096,0.19096,96.93982
2025-10-22 02:15:00+00:00,0.19128,0.19128,0.19128,0.19128,94.33563
2025-10-22 04:15:00+00:00,0.19476,0.19476,0.19476,0.19476,99.41454
2025-10-22 04:45:00+00:00,0.19702,0.19702,0.19702,0.19702,97.22321
2025-10-22 06:00:00+00:00,0.19453,0.19453,0.19453,0.19453,97.61938
2025-10-22 06:30:00+00:00,0.19484,0.19484,0.19484,0.19484,25.71341
2025-10-22 06:45:00+00:00,0.19529,0.19531,0.19529,0.19531,2283.12919
2025-10-22 08:30:00+00:00,0.19853,0.19853,0.19853,0.19853,97.64404
2025-10-22 08:45:00+00:00,0.198,0.198,0.198,0.198,99.45509
2025-10-22 09:15:00+00:00,0.19719,0.19871,0.19532,0.19669,33332.59683
2025-10-22 09:30:00+00:00,0.19713,0.19713,0.19713,0.19713,45.75661
2025-10-22 09:45:00+00:00,0.19731,0.19771,0.19731,0.19771,197.81015
2025-10-22 10:00:00+00:00,0.19974,0.20122,0.1994,0.20122,1319.58134
2025-10-22 10:15:00+00:00,0.20118,0.20118,0.20062,0.20089,1126.63606
2025-10-22 10:30:00+00:00,0.20347,0.20396,0.20276,0.20396,1364.46501
2025-10-22 10:45:00+00:00,0.20394,0.20394,0.20227,0.20227,389.80313
2025-10-22 11:00:00+00:00,0.20279,0.20358,0.20244,0.20349,4652.75224
2025-10-22 11:15:00+00:00,0.20394,0.20426,0.20361,0.20412,2581.11459
2025-10-22 11:30:00+00:00,0.20454,0.20507,0.20311,0.20325,7411.08228
2025-10-22 11:45:00+00:00,0.20316,0.20316,0.20261,0.20313,1900.59632
2025-10-22 12:00:00+00:00,0.20437,0.205,0.20392,0.20407,1804.91545
2025-10-22 12:15:00+00:00,0.20395,0.20395,0.2006,0.2006,1456.02389
2025-10-22 12:45:00+00:00,0.20162,0.20162,0.19986,0.19986,386.81731
2025-10-22 13:15:00+00:00,0.19981,0.19991,0.19981,0.19991,195.71762
2025-10-22 14:00:00+00:00,0.20136,0.20295,0.20096,0.20295,624.00005
2025-10-22 14:15:00+00:00,0.20473,0.2053,0.2018,0.2018,884.17978
2025-10-22 14:30:00+00:00,0.20521,0.20521,0.20463,0.20463,196.58056
2025-10-22 14:45:00+00:00,0.205,0.205,0.20274,0.20324,4177.3228
2025-10-22 15:00:00+00:00,0.20289,0.20289,0.20289,0.20289,95.27021
2025-10-22 15:15:00+00:00,0.20379,0.20379,0.20379,0.20379,95.25285
2025-10-22 16:15:00+00:00,0.2021,0.2045,0.2021,0.2045,146.93625
2025-10-22 16:30:00+00:00,0.20632,0.20632,0.20528,0.20528,1511.53665
2025-10-22 16:45:00+00:00,0.20618,0.20618,0.20528,0.20528,1716.27476
2025-10-22 17:00:00+00:00,0.20419,0.20498,0.20419,0.20498,3940.34235
2025-10-22 17:15:00+00:00,0.20477,0.20662,0.20418,0.20655,22867.6119
2025-10-22 17:30:00+00:00,0.20599,0.20707,0.20599,0.20617,3012.16148
2025-10-22 17:45:00+00:00,0.20712,0.20712,0.20158,0.20328,22848.19433
2025-10-22 18:00:00+00:00,0.2029,0.20558,0.2029,0.20558,4723.72196
2025-10-22 18:15:00+00:00,0.20296,0.20449,0.20275,0.20338,731.4645
2025-10-22 18:30:00+00:00,0.2033,0.20345,0.20299,0.20302,3615.00545
2025-10-22 18:45:00+00:00,0.20205,0.20237,0.20089,0.20206,1710.64028
2025-10-22 19:15:00+00:00,0.20159,0.20159,0.2002,0.20035,17690.62414
2025-10-22 19:45:00+00:00,0.20114,0.20114,0.20038,0.20061,836.32763
2025-10-22 20:00:00+00:00,0.201,0.20123,0.201,0.20123,198.50869
2025-10-22 20:15:00+00:00,0.1995,0.20006,0.1995,0.20006,273.19481
2025-10-22 20:30:00+00:00,0.19912,0.20069,0.19889,0.20069,1691.60153
2025-10-22 21:15:00+00:00,0.2,0.2,0.2,0.2,3500.0
2025-10-22 21:30:00+00:00,0.19903,0.19925,0.19895,0.19925,1677.04582
2025-10-22 21:45:00+00:00,0.19797,0.19797,0.19762,0.19762,2943.28633
2025-10-22 22:15:00+00:00,0.19954,0.19954,0.19879,0.19879,2128.38324
2025-10-22 22:30:00+00:00,0.1994,0.19975,0.1994,0.19975,4063.8775
2025-10-22 22:45:00+00:00,0.20059,0.20059,0.20025,0.20025,2495.68593
2025-10-22 23:00:00+00:00,0.20421,0.20521,0.20421,0.20465,8622.3204
2025-10-22 23:15:00+00:00,0.20282,0.20282,0.2025,0.2025,8622.3204
2025-10-22 23:45:00+00:00,0.20661,0.20721,0.20661,0.20721,894.06984
2025-10-23 00:00:00+00:00,0.20596,0.20653,0.20553,0.20553,487.70377
2025-10-23 00:30:00+00:00,0.203,0.203,0.20276,0.20276,1145.80498
2025-10-23 01:45:00+00:00,0.20321,0.20321,0.20321,0.20321,49.35781
2025-10-23 02:30:00+00:00,0.20271,0.20271,0.20231,0.20231,1020.70714
2025-10-23 04:00:00+00:00,0.20568,0.20569,0.20416,0.20504,1928.66862
2025-10-23 04:30:00+00:00,0.2081,0.20856,0.2081,0.20856,4202.43077
2025-10-23 04:45:00+00:00,0.20818,0.20926,0.20818,0.20926,4370.92118
2025-10-23 05:00:00+00:00,0.2073,0.2073,0.20666,0.20666,2765.94457
2025-10-23 05:15:00+00:00,0.20687,0.2071,0.20641,0.2071,1986.73184
2025-10-23 05:30:00+00:00,0.20682,0.20682,0.20682,0.20682,193.43991
2025-10-23 05:45:00+00:00,0.20718,0.20719,0.20718,0.20719,1194.75157
2025-10-23 06:00:00+00:00,0.2033,0.20479,0.20328,0.20479,945.15646
2025-10-23 06:30:00+00:00,0.20504,0.2052,0.20468,0.2052,3286.6666
2025-10-23 06:45:00+00:00,0.20515,0.20712,0.20502,0.20712,3550.0209
2025-10-23 07:00:00+00:00,0.2059,0.20636,0.2059,0.20636,361.46417
2025-10-23 07:15:00+00:00,0.20511,0.20511,0.20446,0.20446,2666.73238
2025-10-23 07:30:00+00:00,0.20575,0.20814,0.20575,0.20814,1088.87997
2025-10-23 08:15:00+00:00,0.20694,0.20694,0.20669,0.20669,4254.72578
2025-10-23 08:30:00+00:00,0.20529,0.20529,0.20444,0.20444,680.43191
2025-10-23 08:45:00+00:00,0.20482,0.20482,0.20414,0.20414,1740.57083
2025-10-23 10:00:00+00:00,0.20411,0.20417,0.20385,0.20417,2048.0272
2025-10-23 10:30:00+00:00,0.2039,0.2039,0.2039,0.2039,95.02826
2025-10-23 10:45:00+00:00,0.20375,0.20375,0.20375,0.20375,293.74233
2025-10-23 11:00:00+00:00,0.20134,0.20134,0.20134,0.20134,99.33392
2025-10-23 11:45:00+00:00,0.19935,0.19935,0.19935,0.19935,25.13168
2025-10-23 12:15:00+00:00,0.20056,0.20281,0.20056,0.20281,630.92694
2025-10-23 13:00:00+00:00,0.20245,0.20245,0.20204,0.20204,1530.72718
2025-10-23 13:15:00+00:00,0.20153,0.20153,0.20153,0.20153,24.5874
2025-10-23 13:30:00+00:00,0.20131,0.20131,0.20131,0.20131,99.66331
2025-10-23 13:45:00+00:00,0.20243,0.20243,0.20205,0.20205,99.44668
2025-10-23 14:00:00+00:00,0.1999,0.20055,0.1999,0.20055,1096.95953
2025-10-23 16:30:00+00:00,0.19906,0.19906,0.19863,0.19863,2732.03746
2025-10-23 18:00:00+00:00,0.20225,0.20225,0.20225,0.20225,535.77255
2025-10-23 18:15:00+00:00,0.20217,0.20217,0.20124,0.20124,585.23586
2025-10-23 18:30:00+00:00,0.20214,0.20214,0.20214,0.20214,49.32225
2025-10-23 18:45:00+00:00,0.20094,0.20094,0.20094,0.20094,97.25212
2025-10-23 20:00:00+00:00,0.20153,0.20214,0.20153,0.20214,4402.19583
2025-10-23 22:30:00+00:00,0.1995,0.19981,0.1995,0.19981,8295.24298
2025-10-24 01:15:00+00:00,0.20073,0.20073,0.20073,0.20073,24.80944
2025-10-24 04:30:00+00:00,0.20003,0.20003,0.19968,0.19968,7896.19741
2025-10-24 05:15:00+00:00,0.20024,0.20096,0.20007,0.20096,655.35514
2025-10-24 05:30:00+00:00,0.19942,0.19991,0.19937,0.19991,2146.07301
2025-10-24 05:45:00+00:00,0.19965,0.19965,0.19938,0.19938,506.93973
2025-10-24 06:15:00+00:00,0.20034,0.20034,0.20034,0.20034,49.76539
2025-10-24 06:45:00+00:00,0.19966,0.19966,0.19966,0.19966,29.95091
2025-10-24 07:15:00+00:00,0.19875,0.19962,0.1985,0.19962,5474.08696
2025-10-24 08:00:00+00:00,0.20171,0.20202,0.2,0.2,3702.9765
2025-10-24 08:15:00+00:00,0.20081,0.20106,0.20081,0.20102,151.62138
2025-10-24 08:45:00+00:00,0.19992,0.19992,0.19991,0.19991,3760.99245
2025-10-24 09:15:00+00:00,0.20177,0.20177,0.2014,0.2014,4097.15054
2025-10-24 09:30:00+00:00,0.20162,0.20162,0.20162,0.20162,49.44945
2025-10-24 10:00:00+00:00,0.20087,0.20087,0.20087,0.20087,97.89086
2025-10-24 10:30:00+00:00,0.20269,0.20317,0.20202,0.20298,1368.84459
2025-10-24 10:45:00+00:00,0.20236,0.20236,0.20193,0.20193,291.69214
2025-10-24 11:00:00+00:00,0.20158,0.20158,0.20124,0.20124,879.28101
2025-10-24 11:15:00+00:00,0.20148,0.20148,0.19926,0.19926,1159.6791
2025-10-24 11:30:00+00:00,0.19899,0.19899,0.198,0.19805,2124.41035
2025-10-24 11:45:00+00:00,0.19828,0.19899,0.19827,0.19882,4373.37175
2025-10-24 12:00:00+00:00,0.19856,0.19856,0.19842,0.19842,504.75958
2025-10-24 12:30:00+00:00,0.20053,0.2038,0.20053,0.2038,2153.4999
2025-10-24 12:45:00+00:00,0.2051,0.20581,0.2051,0.20581,171.52167
2025-10-24 13:00:00+00:00,0.20363,0.20385,0.19922,0.20385,298.71328
2025-10-24 13:15:00+00:00,0.20356,0.2037,0.20167,0.20167,749.08443
2025-10-24 14:00:00+00:00,0.20107,0.20107,0.20075,0.20075,163.48848
2025-10-24 15:15:00+00:00,0.19861,0.19861,0.19838,0.19838,489.81094
2025-10-24 16:15:00+00:00,0.19972,0.19982,0.19972,0.19982,119.6033
2025-10-24 17:45:00+00:00,0.19931,0.19931,0.19931,0.19931,96.39172
2025-10-24 20:45:00+00:00,0.19867,0.19867,0.19845,0.19845,4056.27064
2025-10-24 21:45:00+00:00,0.19765,0.19765,0.19765,0.19765,24.50502
2025-10-25 02:15:00+00:00,0.20019,0.20019,0.20019,0.20019,49.77958
2025-10-25 03:15:00+00:00,0.2026,0.20261,0.2026,0.20261,197.4236
2025-10-25 06:00:00+00:00,0.20138,0.20138,0.20138,0.20138,49.87244
2025-10-25 06:15:00+00:00,0.20137,0.20137,0.20002,0.20002,11452.62824
2025-10-25 06:45:00+00:00,0.20108,0.20108,0.20108,0.20108,248.28682
2025-10-25 07:00:00+00:00,0.2017,0.20258,0.2017,0.20258,1488.68042
2025-10-25 07:15:00+00:00,0.20369,0.20422,0.20324,0.20324,1202.52312
2025-10-25 08:15:00+00:00,0.20324,0.20324,0.20324,0.20324,33.8019
2025-10-25 08:30:00+00:00,0.20281,0.20281,0.20281,0.20281,24.80944
2025-10-25 08:45:00+00:00,0.20446,0.20446,0.20446,0.20446,24.80944
2025-10-25 09:00:00+00:00,0.206,0.206,0.206,0.206,1000.0
2025-10-25 09:15:00+00:00,0.20685,0.20685,0.20685,0.20685,73.68472
2025-10-25 09:30:00+00:00,0.20622,0.20622,0.20605,0.20605,9714.63656
2025-10-25 09:45:00+00:00,0.20524,0.20536,0.203,0.203,673.11053
2025-10-25 10:00:00+00:00,0.20433,0.20433,0.20385,0.20385,4909.19503
2025-10-25 10:45:00+00:00,0.20471,0.20471,0.20447,0.20447,4891.05268
2025-10-25 11:30:00+00:00,0.20497,0.20497,0.20497,0.20497,48.934
2025-10-25 11:45:00+00:00,0.20623,0.20672,0.20582,0.20672,269.70426
2025-10-25 12:00:00+00:00,0.20772,0.20772,0.20729,0.20729,337.90384
2025-10-25 12:15:00+00:00,0.20739,0.20739,0.20739,0.20739,241.87306
2025-10-25 12:30:00+00:00,0.20775,0.20836,0.2069,0.2069,16872.82449
2025-10-25 13:30:00+00:00,0.20667,0.20667,0.20667,0.20667,97.92679
2025-10-25 14:15:00+00:00,0.20805,0.20805,0.20805,0.20805,99.21896
2025-10-25 14:30:00+00:00,0.20733,0.20733,0.20733,0.20733,97.543
2025-10-25 15:00:00+00:00,0.2076,0.2076,0.2076,0.2076,98.6868
2025-10-25 15:30:00+00:00,0.20572,0.20572,0.18627,0.19144,59897.01286
2025-10-25 15:45:00+00:00,0.19144,0.19248,0.19144,0.19169,4131.95544
2025-10-25 16:00:00+00:00,0.19169,0.19169,0.18705,0.18825,2465.97208
2025-10-25 16:15:00+00:00,0.18789,0.19,0.18782,0.18864,78306.7014
2025-10-25 16:30:00+00:00,0.18965,0.19179,0.1892,0.18961,9559.67784
2025-10-25 16:45:00+00:00,0.1902,0.19038,0.1902,0.19038,262.0282
2025-10-25 17:15:00+00:00,0.19065,0.19065,0.1906,0.1906,201.82172
2025-10-25 17:45:00+00:00,0.19062,0.19062,0.19033,0.19033,466.63263
2025-10-25 18:00:00+00:00,0.19128,0.19139,0.19081,0.19122,10390.94267
2025-10-25 18:15:00+00:00,0.19235,0.1926,0.19235,0.1926,706.01448
2025-10-25 18:30:00+00:00,0.19301,0.19312,0.19301,0.19312,516.54036
2025-10-25 18:45:00+00:00,0.19242,0.19242,0.19242,0.19242,51.81374
2025-10-25 19:15:00+00:00,0.19076,0.19125,0.19076,0.19086,1601.06788
2025-10-25 20:00:00+00:00,0.19111,0.19111,0.19068,0.19068,4877.21688
2025-10-25 20:45:00+00:00,0.19028,0.19045,0.19003,0.19045,1613.68841
2025-10-25 21:00:00+00:00,0.1902,0.1902,0.19003,0.19003,2468.81442
2025-10-25 21:15:00+00:00,0.18988,0.18988,0.18988,0.18988,31.98603
2025-10-25 21:30:00+00:00,0.19011,0.19031,0.18999,0.19024,248.72814
2025-10-25 21:45:00+00:00,0.19122,0.19129,0.19107,0.19107,96.83009
2025-10-25 22:00:00+00:00,0.19023,0.19023,0.19023,0.19023,40.16193
2025-10-25 23:15:00+00:00,0.1911,0.1911,0.1911,0.1911,261.64312
2025-10-26 00:15:00+00:00,0.193,0.193,0.19285,0.19285,9415.41037
2025-10-26 02:00:00+00:00,0.19139,0.19139,0.18978,0.18978,62418.17603
2025-10-26 02:15:00+00:00,0.18868,0.19026,0.18868,0.19026,196.44615
2025-10-26 02:30:00+00:00,0.19095,0.19095,0.19072,0.19072,196.27306
2025-10-26 02:45:00+00:00,0.19036,0.19214,0.19036,0.19145,1230.25279
2025-10-26 03:00:00+00:00,0.19073,0.19141,0.19052,0.19058,684.82991
2025-10-26 03:15:00+00:00,0.19047,0.19047,0.18978,0.19005,390.87167
2025-10-26 04:00:00+00:00,0.18772,0.18772,0.18733,0.18733,4088.06121
2025-10-26 04:30:00+00:00,0.18705,0.18705,0.187,0.187,634.35255
2025-10-26 06:00:00+00:00,0.18693,0.18693,0.18693,0.18693,567.54129
2025-10-26 06:15:00+00:00,0.18792,0.18895,0.18792,0.18895,95.45
2025-10-26 07:15:00+00:00,0.18871,0.18871,0.18871,0.18871,105.71776
2025-10-26 07:30:00+00:00,0.18839,0.18853,0.18783,0.18853,11526.84078
2025-10-26 07:45:00+00:00,0.18872,0.18872,0.18721,0.18721,126.2186
2025-10-26 08:00:00+00:00,0.18816,0.18816,0.18728,0.18728,8593.68696
2025-10-26 08:15:00+00:00,0.18882,0.18882,0.18882,0.18882,1043.40568
2025-10-26 08:30:00+00:00,0.1901,0.1901,0.1901,0.1901,3918.84609
2025-10-26 09:00:00+00:00,0.18967,0.18967,0.18967,0.18967,97.30376
2025-10-26 09:15:00+00:00,0.19178,0.19178,0.1907,0.1907,13497.05222
2025-10-26 09:30:00+00:00,0.1905,0.1905,0.1899,0.1899,444.43279
2025-10-26 09:45:00+00:00,0.19078,0.19078,0.19078,0.19078,52.31156
2025-10-26 10:15:00+00:00,0.1899,0.1903,0.1899,0.1903,5256.18238
2025-10-26 10:30:00+00:00,0.18978,0.18978,0.18971,0.18971,506.46356
2025-10-26 10:45:00+00:00,0.18972,0.18972,0.1887,0.1887,182.02841
2025-10-26 11:00:00+00:00,0.1884,0.1884,0.18756,0.18837,2023.75982
2025-10-26 11:15:00+00:00,0.1885,0.18957,0.18785,0.18785,11524.90517
2025-10-26 11:30:00+00:00,0.1886,0.1886,0.18779,0.18779,150.57139
2025-10-26 11:45:00+00:00,0.18868,0.18887,0.18856,0.18856,10353.5827
2025-10-26 12:00:00+00:00,0.18866,0.19004,0.18866,0.19004,11256.58117
2025-10-26 12:15:00+00:00,0.19066,0.19066,0.18968,0.18968,1182.83007
2025-10-26 12:30:00+00:00,0.19058,0.19091,0.19,0.19,1116.13932
2025-10-26 12:45:00+00:00,0.1903,0.1903,0.19016,0.19016,179.82454
2025-10-26 13:00:00+00:00,0.19055,0.19055,0.19055,0.19055,79.72656
2025-10-26 13:15:00+00:00,0.18783,0.19006,0.18762,0.1893,660.69534
2025-10-26 13:30:00+00:00,0.19106,0.19106,0.19023,0.19068,173.15041
2025-10-26 14:00:00+00:00,0.18959,0.18981,0.18959,0.18981,604.37217
2025-10-26 14:15:00+00:00,0.18902,0.18939,0.18851,0.18856,3785.44068
2025-10-26 14:30:00+00:00,0.18886,0.18886,0.1885,0.1885,6430.88489
2025-10-26 14:45:00+00:00,0.18864,0.18996,0.18864,0.18996,131.09261
2025-10-26 15:00:00+00:00,0.1895,0.18988,0.18944,0.18988,5812.87579
2025-10-26 15:15:00+00:00,0.1885,0.1885,0.1885,0.1885,1263.95938
2025-10-26 15:30:00+00:00,0.1897,0.19003,0.18851,0.18851,3728.52833
2025-10-26 15:45:00+00:00,0.18873,0.18873,0.1885,0.1885,832.08677
2025-10-26 16:15:00+00:00,0.187,0.187,0.187,0.187,579.67914
2025-10-26 16:30:00+00:00,0.18619,0.18745,0.18618,0.18745,3779.97084
2025-10-26 16:45:00+00:00,0.18649,0.18817,0.18649,0.18813,1187.06238
2025-10-26 17:00:00+00:00,0.18402,0.18766,0.18384,0.18766,1604.99368
2025-10-26 17:45:00+00:00,0.18661,0.18772,0.18661,0.187,10215.90847
2025-10-26 18:00:00+00:00,0.18741,0.18741,0.18693,0.18693,5792.41076
2025-10-26 18:15:00+00:00,0.18741,0.18741,0.18741,0.18741,2.90351
2025-10-26 18:30:00+00:00,0.18931,0.18931,0.18915,0.18915,2705.77045
2025-10-26 20:30:00+00:00,0.18625,0.18625,0.18608,0.18608,4890.84459
2025-10-26 20:45:00+00:00,0.18653,0.18653,0.18641,0.18641,1000.0
2025-10-26 21:15:00+00:00,0.1897,0.18971,0.1897,0.18971,184.29098
2025-10-26 22:15:00+00:00,0.18876,0.18876,0.18852,0.18853,1099.40118
2025-10-26 22:45:00+00:00,0.19043,0.1909,0.19043,0.1909,10463.23711
2025-10-26 23:30:00+00:00,0.18767,0.18767,0.18767,0.18767,96.59159
2025-10-26 23:45:00+00:00,0.18824,0.18824,0.18758,0.18758,333.05028
2025-10-27 00:45:00+00:00,0.18721,0.18721,0.18699,0.18699,128.37352
2025-10-27 01:00:00+00:00,0.18752,0.18752,0.18752,0.18752,56.91537
2025-10-27 01:15:00+00:00,0.18809,0.18809,0.18778,0.18778,101.09552
2025-10-27 01:30:00+00:00,0.18826,0.18879,0.18826,0.18879,255.11871
2025-10-27 02:15:00+00:00,0.18996,0.18997,0.18996,0.18997,262.46883
2025-10-27 02:30:00+00:00,0.18908,0.18908,0.18783,0.1883,745.40574
2025-10-27 04:45:00+00:00,0.18903,0.1892,0.18901,0.18901,2578.69699
2025-10-27 05:45:00+00:00,0.1881,0.18849,0.18795,0.18831,704.21954
2025-10-27 06:00:00+00:00,0.18729,0.18729,0.18724,0.18724,2376.40682
2025-10-27 06:15:00+00:00,0.18791,0.18791,0.18746,0.18746,10516.34764
2025-10-27 06:30:00+00:00,0.18718,0.18718,0.18681,0.18681,1848.63536
2025-10-27 06:45:00+00:00,0.18833,0.18833,0.18833,0.18833,74.13308
2025-10-27 07:15:00+00:00,0.18817,0.18817,0.18749,0.18749,2174.07054
2025-10-27 07:30:00+00:00,0.18657,0.18657,0.18618,0.18618,5127.88754
2025-10-27 07:45:00+00:00,0.18712,0.188,0.18706,0.18765,981.19265
2025-10-27 08:00:00+00:00,0.18789,0.18838,0.18789,0.18836,421.10393
2025-10-27 08:15:00+00:00,0.18796,0.18798,0.18663,0.18663,625.11261
2025-10-27 08:45:00+00:00,0.18758,0.18758,0.1873,0.1873,190.76976
2025-10-27 09:30:00+00:00,0.18638,0.18638,0.18588,0.18588,11880.88113
2025-10-27 09:45:00+00:00,0.18643,0.1865,0.1864,0.1865,204.84557
2025-10-27 10:45:00+00:00,0.18656,0.18656,0.18604,0.18604,9869.7028
2025-10-27 13:15:00+00:00,0.18566,0.18566,0.18566,0.18566,53.70031
2025-10-27 14:00:00+00:00,0.18493,0.18494,0.18493,0.18494,161.73306
2025-10-27 14:30:00+00:00,0.18392,0.18392,0.18378,0.18378,525.31692
2025-10-27 16:15:00+00:00,0.18508,0.18508,0.18508,0.18508,79.86939
2025-10-27 17:45:00+00:00,0.18551,0.18551,0.18551,0.18551,0.00081
2025-10-27 18:00:00+00:00,0.18676,0.18681,0.18676,0.18681,210.37209
2025-10-27 18:15:00+00:00,0.18639,0.18639,0.18579,0.18579,3104.16431
2025-10-27 19:45:00+00:00,0.18552,0.18552,0.18545,0.18545,108.44159
2025-10-27 21:00:00+00:00,0.18522,0.18522,0.18522,0.18522,4522.32526
2025-10-27 21:45:00+00:00,0.18652,0.18652,0.18626,0.18626,2110.9
2025-10-27 22:00:00+00:00,0.18735,0.18735,0.18735,0.18735,98.29327
2025-10-27 22:15:00+00:00,0.1862,0.1862,0.1862,0.1862,99.22405
2025-10-27 22:30:00+00:00,0.1859,0.1859,0.18572,0.18572,3875.19855
2025-10-27 22:45:00+00:00,0.18446,0.18446,0.18423,0.18423,641.44615
2025-10-27 23:15:00+00:00,0.182,0.182,0.182,0.182,274.72527
2025-10-27 23:45:00+00:00,0.18497,0.18515,0.18497,0.18515,213.21394
2025-10-28 00:15:00+00:00,0.1889,0.1889,0.18792,0.18792,903.5361
2025-10-28 01:00:00+00:00,0.18794,0.18794,0.18794,0.18794,96.00085
2025-10-28 01:15:00+00:00,0.18448,0.18448,0.18413,0.18413,16545.90287
2025-10-28 01:30:00+00:00,0.18422,0.18422,0.18419,0.18419,270.0513
2025-10-28 06:00:00+00:00,0.18661,0.18661,0.18624,0.18624,7197.32941
2025-10-28 06:45:00+00:00,0.18645,0.18649,0.18644,0.18649,271.44408
2025-10-28 07:00:00+00:00,0.18722,0.18722,0.18722,0.18722,99.1904
2025-10-28 07:30:00+00:00,0.1855,0.1855,0.1855,0.1855,2150.9434
2025-10-28 07:45:00+00:00,0.18443,0.18443,0.18443,0.18443,96.63877
2025-10-28 09:00:00+00:00,0.1863,0.18638,0.1863,0.18638,160.5817
2025-10-28 09:30:00+00:00,0.18442,0.18442,0.18442,0.18442,99.94646
2025-10-28 11:30:00+00:00,0.18495,0.18513,0.18495,0.18513,801.54771
2025-10-28 13:45:00+00:00,0.18708,0.18708,0.18683,0.18683,1806.66092
2025-10-28 15:00:00+00:00,0.18568,0.18568,0.18528,0.18528,5416.76408
2025-10-28 15:30:00+00:00,0.18386,0.18386,0.18212,0.18338,10516.32236
2025-10-28 15:45:00+00:00,0.18506,0.18506,0.18425,0.18425,1561.45282
2025-10-28 16:00:00+00:00,0.18477,0.18477,0.1847,0.1847,151.67858
2025-10-28 16:15:00+00:00,0.18461,0.18469,0.18461,0.18469,144.23799
2025-10-28 16:30:00+00:00,0.18474,0.18474,0.18474,0.18474,205.01009
2025-10-28 19:00:00+00:00,0.18052,0.18052,0.17975,0.1802,2710.10847
2025-10-28 20:45:00+00:00,0.17629,0.17683,0.17629,0.17677,1026.03109
2025-10-28 21:00:00+00:00,0.17675,0.17684,0.17519,0.17581,4639.97838
2025-10-28 21:15:00+00:00,0.17578,0.17581,0.17543,0.17543,492.88583
2025-10-28 21:30:00+00:00,0.17499,0.17499,0.1742,0.1742,880.51112
2025-10-28 21:45:00+00:00,0.17467,0.17467,0.17462,0.17462,196.67408
2025-10-28 22:15:00+00:00,0.177,0.17763,0.17631,0.17631,2980.38496
2025-10-28 22:30:00+00:00,0.17615,0.17716,0.17615,0.17708,229.70157
2025-10-28 22:45:00+00:00,0.17686,0.17769,0.17611,0.17769,402.7837
2025-10-28 23:00:00+00:00,0.17693,0.17693,0.17653,0.17653,365.99418
2025-10-29 00:00:00+00:00,0.17802,0.17802,0.17802,0.17802,99.34119
2025-10-29 01:00:00+00:00,0.17496,0.17795,0.17496,0.17762,438.72594
2025-10-29 01:15:00+00:00,0.17549,0.18031,0.17549,0.17777,17587.68599
2025-10-29 01:30:00+00:00,0.17651,0.17677,0.17539,0.17637,3905.13421
2025-10-29 01:45:00+00:00,0.17528,0.17543,0.17528,0.17543,192.88569
2025-10-29 02:00:00+00:00,0.17509,0.17542,0.17443,0.17489,8541.2367
2025-10-29 02:45:00+00:00,0.17286,0.17286,0.17286,0.17286,95.40644
2025-10-29 03:00:00+00:00,0.17149,0.17188,0.17149,0.17188,293.85925
2025-10-29 03:15:00+00:00,0.17199,0.17199,0.17199,0.17199,96.72864
2025-10-29 03:30:00+00:00,0.1712,0.1712,0.1712,0.1712,58.23598
2025-10-29 03:45:00+00:00,0.17121,0.17152,0.17121,0.17152,474.02662
2025-10-29 04:00:00+00:00,0.17127,0.17132,0.17127,0.17132,192.79782
2025-10-29 04:15:00+00:00,0.17102,0.17102,0.1707,0.1707,150.8444
2025-10-29 04:30:00+00:00,0.17065,0.17162,0.17,0.17,1880.65415
2025-10-29 05:15:00+00:00,0.16936,0.16997,0.16901,0.16928,7623.61247
2025-10-29 05:30:00+00:00,0.16943,0.16991,0.16943,0.16981,4222.64264
2025-10-29 05:45:00+00:00,0.16924,0.16962,0.16924,0.16944,4282.8778
2025-10-29 06:00:00+00:00,0.16944,0.16962,0.16838,0.16838,1809.29851
2025-10-29 06:15:00+00:00,0.1688,0.1688,0.16812,0.16827,389.7718
2025-10-29 06:30:00+00:00,0.16811,0.16811,0.16811,0.16811,98.31817
2025-10-29 06:45:00+00:00,0.16806,0.16896,0.16806,0.16819,822.48887
2025-10-29 07:00:00+00:00,0.16698,0.16789,0.16687,0.16746,1362.98822
2025-10-29 07:15:00+00:00,0.16752,0.16862,0.16752,0.16862,3462.45542
2025-10-29 07:30:00+00:00,0.16884,0.16884,0.1677,0.16797,982.12099
2025-10-29 07:45:00+00:00,0.16745,0.16798,0.1666,0.16798,10766.1156
2025-10-29 08:00:00+00:00,0.1678,0.17173,0.1678,0.17173,14284.16366
2025-10-29 08:15:00+00:00,0.17125,0.17125,0.17125,0.17125,62757.54793
2025-10-29 08:30:00+00:00,0.17125,0.17125,0.17125,0.17125,11759.18108
2025-10-29 08:45:00+00:00,0.17125,0.17125,0.17125,0.17125,7812.288
2025-10-29 09:00:00+00:00,0.17125,0.17125,0.17125,0.17125,5182.22
2025-10-29 09:15:00+00:00,0.17125,0.17125,0.16972,0.16972,2162.06312
2025-10-29 09:45:00+00:00,0.16981,0.16981,0.16981,0.16981,95.79969
2025-10-29 10:00:00+00:00,0.16962,0.17,0.16962,0.17,100.80449
2025-10-29 10:15:00+00:00,0.1696,0.17003,0.1696,0.17003,3172.77478
2025-10-29 10:30:00+00:00,0.17078,0.17078,0.17078,0.17078,99.7532
2025-10-29 10:45:00+00:00,0.17138,0.17138,0.17138,0.17138,87.29139
2025-10-29 12:00:00+00:00,0.17042,0.17067,0.17042,0.17067,292.29291
2025-10-29 13:00:00+00:00,0.16935,0.16976,0.16935,0.16969,3062.56417
2025-10-29 13:45:00+00:00,0.16743,0.16785,0.16743,0.16785,197.19691
2025-10-29 14:00:00+00:00,0.16855,0.1686,0.1683,0.1683,2968.77081
2025-10-29 15:00:00+00:00,0.16796,0.16796,0.16796,0.16796,95.10851
2025-10-29 15:15:00+00:00,0.1677,0.16774,0.16769,0.16774,2998.45961
2025-10-29 15:30:00+00:00,0.16537,0.16537,0.16527,0.16527,163.26447
2025-10-29 15:45:00+00:00,0.16441,0.165,0.16441,0.16479,485.83471
2025-10-29 16:00:00+00:00,0.1653,0.1653,0.16452,0.16452,3242.95503
2025-10-29 16:15:00+00:00,0.16542,0.1667,0.16542,0.1667,223.05737
2025-10-29 16:30:00+00:00,0.16613,0.16651,0.16613,0.16651,720.21239
2025-10-29 16:45:00+00:00,0.16473,0.16473,0.16473,0.16473,47.71444
2025-10-29 17:00:00+00:00,0.16532,0.16545,0.16532,0.16545,120.62736
2025-10-29 17:15:00+00:00,0.16503,0.16549,0.16503,0.16549,194.94983
2025-10-29 17:30:00+00:00,0.16708,0.16708,0.16708,0.16708,96.86131
2025-10-29 17:45:00+00:00,0.1677,0.16811,0.1677,0.16811,2807.76212
2025-10-29 18:15:00+00:00,0.16668,0.16709,0.16645,0.16645,570.82521
2025-10-29 18:30:00+00:00,0.16688,0.16688,0.16381,0.16423,581.52279
2025-10-29 18:45:00+00:00,0.16358,0.16626,0.16358,0.1661,11797.55319
2025-10-29 19:00:00+00:00,0.16607,0.16622,0.16607,0.16622,99.1875
2025-10-29 19:15:00+00:00,0.166,0.166,0.166,0.166,3500.76604
2025-10-29 19:30:00+00:00,0.166,0.166,0.166,0.166,2508.23396
2025-10-29 20:00:00+00:00,0.16458,0.16493,0.16458,0.16493,60.55221
2025-10-29 20:15:00+00:00,0.16461,0.16501,0.16406,0.1642,271.84203
2025-10-29 20:30:00+00:00,0.16415,0.16415,0.16415,0.16415,49.76012
2025-10-29 21:00:00+00:00,0.16473,0.16499,0.16473,0.16499,604.59995
2025-10-29 21:15:00+00:00,0.16451,0.16467,0.16451,0.16467,60.57211
2025-10-29 22:00:00+00:00,0.16451,0.16594,0.16451,0.16594,3318.9468
2025-10-29 22:15:00+00:00,0.1652,0.16632,0.1652,0.16632,319.98523
2025-10-29 22:45:00+00:00,0.16613,0.16647,0.16613,0.16647,363.5151
2025-10-29 23:15:00+00:00,0.16541,0.16541,0.16541,0.16541,53.11101
2025-10-29 23:30:00+00:00,0.16401,0.16439,0.16401,0.16439,8366.05249
2025-10-30 00:30:00+00:00,0.1629,0.1629,0.1629,0.1629,3778.49792
2025-10-30 04:00:00+00:00,0.16276,0.16276,0.16276,0.16276,307.20079
2025-10-30 04:15:00+00:00,0.16147,0.16147,0.16147,0.16147,60.96443
2025-10-30 04:30:00+00:00,0.15977,0.15977,0.15867,0.15897,4846.49608
2025-10-30 04:45:00+00:00,0.15911,0.15943,0.15911,0.15943,156.44474
2025-10-30 05:30:00+00:00,0.15796,0.15849,0.15796,0.15846,1843.56825
2025-10-30 07:00:00+00:00,0.16105,0.16105,0.15935,0.15935,74.07871
2025-10-30 07:30:00+00:00,0.16423,0.16423,0.16417,0.16417,98.01788
2025-10-30 08:00:00+00:00,0.163,0.163,0.16213,0.16213,1577.62594
2025-10-30 08:45:00+00:00,0.16023,0.16051,0.16023,0.16051,124.31411
2025-10-30 09:00:00+00:00,0.1598,0.16,0.1598,0.16,608.84108
2025-10-30 09:15:00+00:00,0.16,0.16,0.16,0.16,2508.34642
2025-10-30 09:30:00+00:00,0.16038,0.16038,0.16038,0.16038,37.28644
2025-10-30 11:45:00+00:00,0.15777,0.158,0.15777,0.158,947.01295
2025-10-30 12:15:00+00:00,0.15575,0.15575,0.15501,0.15501,2470.74463
2025-10-30 12:30:00+00:00,0.15554,0.15601,0.1545,0.1545,7000.23821
2025-10-30 12:45:00+00:00,0.153,0.153,0.153,0.153,4503.74719
2025-10-30 13:00:00+00:00,0.15406,0.15406,0.15406,0.15406,7538.9
2025-10-30 13:15:00+00:00,0.15381,0.15381,0.15381,0.15381,47.88225
2025-10-30 13:30:00+00:00,0.15525,0.15525,0.15525,0.15525,1235.77333
2025-10-30 13:45:00+00:00,0.15476,0.15512,0.15476,0.15512,906.59895
2025-10-30 14:15:00+00:00,0.15414,0.15414,0.15414,0.15414,58.58311
2025-10-30 14:30:00+00:00,0.15352,0.15352,0.15352,0.15352,23.84028
2025-10-30 14:45:00+00:00,0.15428,0.15428,0.15428,0.15428,3274.64277
2025-10-30 15:00:00+00:00,0.15578,0.15578,0.15578,0.15578,64.00051
2025-10-30 15:15:00+00:00,0.15423,0.15767,0.154,0.15436,16473.05147
2025-10-30 15:30:00+00:00,0.15502,0.15594,0.15502,0.15594,12913.50016
2025-10-30 16:15:00+00:00,0.15545,0.15545,0.15545,0.15545,14000.0
2025-10-30 17:15:00+00:00,0.15688,0.15688,0.15688,0.15688,98.88655
2025-10-30 17:45:00+00:00,0.16058,0.16497,0.16058,0.16436,4632.18043
2025-10-30 18:00:00+00:00,0.16382,0.16581,0.16067,0.16432,7957.11698
2025-10-30 18:15:00+00:00,0.1655,0.16583,0.16503,0.16503,641.52767
2025-10-30 18:30:00+00:00,0.16645,0.17077,0.16645,0.16869,11579.87624
2025-10-30 18:45:00+00:00,0.16909,0.17465,0.16904,0.172,59282.12699
2025-10-30 19:00:00+00:00,0.1707,0.17595,0.17038,0.17464,37869.8586
2025-10-30 19:15:00+00:00,0.17611,0.18,0.176,0.18,33456.11225
2025-10-30 19:30:00+00:00,0.178,0.18386,0.17286,0.18204,47784.13021
2025-10-30 19:45:00+00:00,0.18229,0.19317,0.17969,0.19036,165671.64614
2025-10-30 20:00:00+00:00,0.18804,0.18975,0.17994,0.18674,83084.63454
2025-10-30 20:15:00+00:00,0.18723,0.19317,0.18019,0.18332,277170.89667
2025-10-30 20:30:00+00:00,0.18412,0.18904,0.18267,0.18751,24537.65115
2025-10-30 20:45:00+00:00,0.18685,0.19448,0.18662,0.19448,218185.02115
2025-10-30 21:00:00+00:00,0.19432,0.2,0.1909,0.1933,56156.19397
2025-10-30 21:15:00+00:00,0.1934,0.19876,0.19,0.19309,31114.17084
2025-10-30 21:30:00+00:00,0.19144,0.19499,0.18895,0.19183,18553.40175
2025-10-30 21:45:00+00:00,0.19294,0.20341,0.19287,0.1936,72042.1644
2025-10-30 22:00:00+00:00,0.19344,0.204,0.18646,0.20333,75552.03857
2025-10-30 22:15:00+00:00,0.20345,0.20475,0.19879,0.20079,47124.53645
2025-10-30 22:30:00+00:00,0.20226,0.21066,0.20108,0.20755,65813.23509
2025-10-30 22:45:00+00:00,0.20704,0.21479,0.20506,0.21399,53153.30448
2025-10-30 23:00:00+00:00,0.21324,0.22499,0.21288,0.22038,97853.28209
2025-10-30 23:15:00+00:00,0.22009,0.2348,0.21888,0.22901,230517.30994
2025-10-30 23:30:00+00:00,0.22918,0.23479,0.206,0.20935,229125.92212
2025-10-30 23:45:00+00:00,0.20935,0.20935,0.19522,0.1974,208389.52089
2025-10-31 00:00:00+00:00,0.19519,0.21303,0.19519,0.2082,92357.71464
2025-10-31 00:15:00+00:00,0.20736,0.21304,0.19874,0.20506,24156.02138
2025-10-31 00:30:00+00:00,0.20717,0.21365,0.20654,0.21019,18988.81665
2025-10-31 00:45:00+00:00,0.21113,0.21828,0.21,0.2138,80807.73899
2025-10-31 01:00:00+00:00,0.21527,0.21914,0.21215,0.21215,24924.72396
2025-10-31 01:15:00+00:00,0.21089,0.2138,0.20801,0.2138,8861.61822
2025-10-31 01:30:00+00:00,0.21693,0.21697,0.20892,0.20892,8166.38984
2025-10-31 01:45:00+00:00,0.20969,0.20997,0.20296,0.20452,13721.99079
2025-10-31 02:00:00+00:00,0.20425,0.20425,0.19914,0.20075,9196.39154
2025-10-31 02:15:00+00:00,0.1979,0.20348,0.19732,0.20257,17327.70884
2025-10-31 02:30:00+00:00,0.20392,0.20613,0.20278,0.20278,7129.00829
2025-10-31 02:45:00+00:00,0.20435,0.20962,0.20332,0.20684,22072.93533
2025-10-31 03:00:00+00:00,0.21096,0.219,0.21064,0.21463,12790.31986
2025-10-31 03:15:00+00:00,0.21872,0.22704,0.21728,0.22137,9621.38909
2025-10-31 03:30:00+00:00,0.21981,0.21981,0.20877,0.20877,15699.63995
2025-10-31 03:45:00+00:00,0.21157,0.21216,0.20514,0.2088,8583.39587
2025-10-31 04:00:00+00:00,0.20533,0.20563,0.20033,0.20406,3638.74752
2025-10-31 04:15:00+00:00,0.20458,0.20561,0.20435,0.20435,1035.4933
2025-10-31 04:30:00+00:00,0.20473,0.20733,0.20473,0.20615,14737.64647
2025-10-31 04:45:00+00:00,0.203,0.20525,0.20039,0.20228,39887.29495
2025-10-31 05:00:00+00:00,0.19928,0.20421,0.19928,0.20058,6049.31093
2025-10-31 05:15:00+00:00,0.19782,0.20337,0.19423,0.19426,18351.11634
2025-10-31 05:30:00+00:00,0.19618,0.20182,0.1957,0.20039,6663.31512
2025-10-31 05:45:00+00:00,0.19891,0.19977,0.18849,0.19138,35547.13222
2025-10-31 06:00:00+00:00,0.19132,0.19927,0.19073,0.19868,54554.46666
2025-10-31 06:15:00+00:00,0.19904,0.20383,0.19829,0.20272,24687.0864
2025-10-31 06:30:00+00:00,0.20399,0.22245,0.20397,0.2205,43905.82957
2025-10-31 06:45:00+00:00,0.22051,0.22595,0.21601,0.22594,82818.76477
2025-10-31 07:00:00+00:00,0.22328,0.23,0.21874,0.22852,108167.27542
2025-10-31 07:15:00+00:00,0.22994,0.25276,0.22724,0.24429,151573.86
2025-10-31 07:30:00+00:00,0.25448,0.293,0.23691,0.269,209648.73384
2025-10-31 07:45:00+00:00,0.25267,0.2632,0.247,0.25852,144449.7612
2025-10-31 08:00:00+00:00,0.25779,0.2616,0.2383,0.24673,199522.21116
2025-10-31 08:15:00+00:00,0.246,0.25577,0.24146,0.252,125927.95034
2025-10-31 08:30:00+00:00,0.252,0.25849,0.24718,0.2485,101980.37602
2025-10-31 08:45:00+00:00,0.24914,0.25849,0.24501,0.25844,47935.19771
2025-10-31 09:00:00+00:00,0.25848,0.26188,0.248,0.25449,87286.65743
2025-10-31 09:15:00+00:00,0.25699,0.26506,0.25442,0.25558,116642.40341
2025-10-31 09:30:00+00:00,0.26139,0.26506,0.254,0.25743,71499.66836
2025-10-31 09:45:00+00:00,0.2573,0.25955,0.23837,0.239,74380.62578
2025-10-31 10:00:00+00:00,0.24364,0.2458,0.23173,0.24287,88785.46088
2025-10-31 10:15:00+00:00,0.24299,0.24785,0.23614,0.24339,75376.17749
2025-10-31 10:30:00+00:00,0.24282,0.24429,0.23351,0.24376,45651.67243
2025-10-31 10:45:00+00:00,0.24431,0.24516,0.22631,0.23395,33082.78108
2025-10-31 11:00:00+00:00,0.23507,0.24,0.222,0.24,85219.8373
2025-10-31 11:15:00+00:00,0.23981,0.24319,0.21923,0.22766,57152.40535
2025-10-31 11:30:00+00:00,0.22784,0.24,0.22784,0.23553,52696.78712
2025-10-31 11:45:00+00:00,0.23552,0.23584,0.22244,0.2298,66771.79783
2025-10-31 12:00:00+00:00,0.22837,0.23769,0.22521,0.22869,60805.57539
2025-10-31 12:15:00+00:00,0.23079,0.24615,0.23079,0.24527,39353.30928
2025-10-31 12:30:00+00:00,0.243,0.2465,0.23584,0.24452,51044.14845
2025-10-31 12:45:00+00:00,0.24598,0.25998,0.24375,0.25998,70751.89427
2025-10-31 13:00:00+00:00,0.26,0.275,0.24408,0.25508,121112.99386
2025-10-31 13:15:00+00:00,0.24802,0.25545,0.23932,0.25005,48826.81084
2025-10-31 13:30:00+00:00,0.2478,0.25908,0.2478,0.25122,25708.02018
2025-10-31 13:45:00+00:00,0.255,0.275,0.24901,0.27499,157373.45432
2025-10-31 14:00:00+00:00,0.2775,0.292,0.27506,0.2834,259544.58943
2025-10-31 14:15:00+00:00,0.28044,0.28555,0.2603,0.27018,164520.4757
2025-10-31 14:30:00+00:00,0.27175,0.27833,0.26759,0.26912,62992.67639
2025-10-31 14:45:00+00:00,0.269,0.27038,0.25711,0.26323,160196.4313
2025-10-31 15:00:00+00:00,0.26312,0.29099,0.26312,0.28102,120560.9598
2025-10-31 15:15:00+00:00,0.28255,0.28761,0.27659,0.27737,38930.40024
2025-10-31 15:30:00+00:00,0.28096,0.28785,0.27734,0.2789,101828.38221
2025-10-31 15:45:00+00:00,0.278,0.27976,0.27401,0.27502,33079.68829
2025-10-31 16:00:00+00:00,0.274,0.2819,0.265,0.265,63863.94587
2025-10-31 16:15:00+00:00,0.265,0.27375,0.26283,0.2734,10688.60275
2025-10-31 16:30:00+00:00,0.27154,0.27391,0.26739,0.27175,39228.60192
2025-10-31 16:45:00+00:00,0.26919,0.26968,0.2632,0.26633,9410.6657
2025-10-31 17:00:00+00:00,0.26858,0.27153,0.26294,0.26294,33547.71476
2025-10-31 17:15:00+00:00,0.26312,0.27307,0.26224,0.26753,24185.8606
2025-10-31 17:30:00+00:00,0.26735,0.26735,0.25803,0.26185,20808.85515
2025-10-31 17:45:00+00:00,0.26442,0.26945,0.26009,0.2646,64306.11649
2025-10-31 18:00:00+00:00,0.26486,0.27118,0.2511,0.25614,97955.0227
2025-10-31 18:15:00+00:00,0.2531,0.26013,0.25285,0.25342,34618.29071
2025-10-31 18:30:00+00:00,0.25378,0.26502,0.25378,0.26308,56831.60217
2025-10-31 18:45:00+00:00,0.259,0.259,0.2547,0.25608,10284.31317
2025-10-31 19:00:00+00:00,0.25565,0.25846,0.25224,0.2545,22016.27491
2025-10-31 19:15:00+00:00,0.2544,0.25976,0.2544,0.25477,35818.79898
2025-10-31 19:30:00+00:00,0.25354,0.26999,0.25354,0.26575,34550.3842
2025-10-31 19:45:00+00:00,0.26437,0.26678,0.25407,0.25793,39088.25672
2025-10-31 20:00:00+00:00,0.25712,0.26506,0.25158,0.26506,19022.34205
2025-10-31 20:15:00+00:00,0.26542,0.26542,0.25404,0.25404,9304.71657
2025-10-31 20:30:00+00:00,0.25401,0.258,0.25,0.25782,14596.16671
2025-10-31 20:45:00+00:00,0.25582,0.25582,0.25092,0.2551,5386.99002
2025-10-31 21:00:00+00:00,0.255,0.255,0.25,0.25066,15961.7505
2025-10-31 21:15:00+00:00,0.25,0.25166,0.24651,0.25,53077.97386
2025-10-31 21:30:00+00:00,0.25,0.25305,0.24529,0.24859,31829.6959
2025-10-31 21:45:00+00:00,0.25155,0.25472,0.2494,0.25,36903.58948
2025-10-31 22:00:00+00:00,0.25,0.25442,0.24628,0.24965,27218.85242
2025-10-31 22:15:00+00:00,0.25373,0.25747,0.25108,0.25747,29431.276
2025-10-31 22:30:00+00:00,0.251,0.25189,0.25056,0.25056,3513.16381
2025-10-31 22:45:00+00:00,0.2509,0.25437,0.2509,0.25349,15248.31836
2025-10-31 23:00:00+00:00,0.25692,0.27555,0.25692,0.26648,82785.71989
2025-10-31 23:15:00+00:00,0.26482,0.26523,0.25335,0.2612,61571.12878
2025-10-31 23:30:00+00:00,0.26253,0.26555,0.25005,0.25412,36069.65854
2025-10-31 23:45:00+00:00,0.25067,0.25288,0.24851,0.251,27675.03305
2025-11-01 00:00:00+00:00,0.24867,0.24889,0.24533,0.24889,3944.32141
2025-11-01 00:15:00+00:00,0.24636,0.24807,0.24079,0.24345,24460.80695
2025-11-01 00:30:00+00:00,0.24193,0.24239,0.23895,0.23955,6416.27128
2025-11-01 00:45:00+00:00,0.23936,0.24006,0.23804,0.23804,14210.98853
2025-11-01 01:00:00+00:00,0.24011,0.24011,0.23708,0.2386,5193.75755
2025-11-01 01:15:00+00:00,0.23722,0.24527,0.23721,0.24322,4688.861
2025-11-01 01:30:00+00:00,0.24062,0.24182,0.23992,0.24182,1698.08068
2025-11-01 01:45:00+00:00,0.244,0.244,0.244,0.244,1638.44262
2025-11-01 02:00:00+00:00,0.24045,0.24045,0.23594,0.23594,6699.48678
2025-11-01 02:15:00+00:00,0.23698,0.23744,0.23698,0.23744,869.2191
2025-11-01 02:30:00+00:00,0.23651,0.23651,0.23598,0.23598,2664.84745
2025-11-01 02:45:00+00:00,0.23736,0.23736,0.23625,0.23625,834.5604
2025-11-01 03:00:00+00:00,0.23612,0.2364,0.23612,0.2364,1010.24158
2025-11-01 03:15:00+00:00,0.23829,0.23829,0.23749,0.23749,648.22225
2025-11-01 03:30:00+00:00,0.2401,0.2401,0.23789,0.23929,6395.3502
2025-11-01 03:45:00+00:00,0.23882,0.24336,0.23882,0.24262,8213.78867
2025-11-01 04:00:00+00:00,0.23843,0.2444,0.23843,0.2391,3984.73816
2025-11-01 04:15:00+00:00,0.23769,0.23769,0.23664,0.23664,2161.68567
2025-11-01 04:30:00+00:00,0.23645,0.23897,0.23645,0.23897,373.37301
2025-11-01 04:45:00+00:00,0.2388,0.2388,0.2388,0.2388,208.83584
2025-11-01 05:00:00+00:00,0.2364,0.23683,0.23233,0.23574,9532.5623
2025-11-01 05:15:00+00:00,0.24033,0.24484,0.24033,0.24477,9088.00335
2025-11-01 05:30:00+00:00,0.24656,0.24678,0.23469,0.23615,42616.37883
2025-11-01 05:45:00+00:00,0.23527,0.23648,0.23283,0.23333,17992.41183
2025-11-01 06:00:00+00:00,0.23168,0.23365,0.23044,0.23044,15090.35906
2025-11-01 06:15:00+00:00,0.23155,0.23287,0.23,0.23139,16356.08312
2025-11-01 06:30:00+00:00,0.2329,0.2376,0.2329,0.235,10436.77443
2025-11-01 06:45:00+00:00,0.23382,0.23478,0.23382,0.23396,1591.70683
2025-11-01 07:00:00+00:00,0.23396,0.23714,0.23093,0.23617,76705.50272
2025-11-01 07:15:00+00:00,0.23401,0.23401,0.23061,0.23135,46051.92549
2025-11-01 07:30:00+00:00,0.2321,0.2325,0.22993,0.23211,45360.04664
2025-11-01 07:45:00+00:00,0.23137,0.23364,0.23137,0.23227,50253.44411
2025-11-01 08:00:00+00:00,0.23152,0.2317,0.22957,0.22957,29859.69641
2025-11-01 08:15:00+00:00,0.22996,0.23404,0.229,0.23185,7828.24337
2025-11-01 08:30:00+00:00,0.23183,0.23365,0.23087,0.23087,4225.32197
2025-11-01 08:45:00+00:00,0.23145,0.23179,0.22925,0.22958,15140.45756
2025-11-01 09:00:00+00:00,0.22978,0.23116,0.22743,0.23116,30680.53978
2025-11-01 09:15:00+00:00,0.22953,0.23024,0.22912,0.22925,3243.61168
2025-11-01 09:30:00+00:00,0.23011,0.23328,0.22729,0.22939,23734.51869
2025-11-01 09:45:00+00:00,0.22839,0.23084,0.22813,0.22976,26622.25134
2025-11-01 10:00:00+00:00,0.23074,0.23241,0.2306,0.2306,26729.37973
2025-11-01 10:15:00+00:00,0.23109,0.23491,0.23109,0.23336,12733.11797
2025-11-01 10:30:00+00:00,0.23392,0.23392,0.2322,0.23286,1125.08915
2025-11-01 10:45:00+00:00,0.23324,0.23334,0.23166,0.23244,4801.94347
2025-11-01 11:00:00+00:00,0.2323,0.2323,0.232,0.232,4390.7369
2025-11-01 11:15:00+00:00,0.232,0.23565,0.23148,0.23565,10992.722
2025-11-01 11:30:00+00:00,0.23549,0.23562,0.23439,0.23562,2092.24232
2025-11-01 11:45:00+00:00,0.23483,0.23683,0.23483,0.23683,14993.398
2025-11-01 12:00:00+00:00,0.23533,0.23901,0.23533,0.23901,3459.45096
2025-11-01 12:15:00+00:00,0.23777,0.23895,0.23262,0.23262,60167.54168
2025-11-01 12:30:00+00:00,0.23353,0.23435,0.23055,0.23222,20988.67816
2025-11-01 12:45:00+00:00,0.2327,0.23332,0.23259,0.23332,1268.0835
2025-11-01 13:00:00+00:00,0.23463,0.2386,0.23316,0.23705,5125.663
2025-11-01 13:15:00+00:00,0.23716,0.23716,0.23426,0.23426,1571.15207
2025-11-01 13:30:00+00:00,0.23255,0.23255,0.22842,0.22842,3602.91267
2025-11-01 13:45:00+00:00,0.23004,0.23221,0.23004,0.23221,3374.89087
2025-11-01 14:00:00+00:00,0.23226,0.2326,0.22985,0.22985,5103.99216
2025-11-01 14:15:00+00:00,0.228,0.22966,0.2268,0.22877,37389.89226
2025-11-01 14:30:00+00:00,0.22925,0.2308,0.22925,0.2308,6968.92311
2025-11-01 14:45:00+00:00,0.23086,0.23086,0.22867,0.22976,16944.47092
2025-11-01 15:00:00+00:00,0.22806,0.23444,0.22806,0.23261,32956.45714
2025-11-01 15:15:00+00:00,0.23286,0.23286,0.22883,0.22898,6059.85777
2025-11-01 15:30:00+00:00,0.22776,0.23188,0.22614,0.22857,29300.77482
2025-11-01 15:45:00+00:00,0.22991,0.23112,0.22921,0.23031,31424.8553
2025-11-01 16:00:00+00:00,0.23133,0.23587,0.23008,0.23008,31132.9327
2025-11-01 16:15:00+00:00,0.22903,0.23285,0.22903,0.23285,3201.65311
2025-11-01 16:30:00+00:00,0.23227,0.2334,0.23227,0.2334,2977.01673
2025-11-01 16:45:00+00:00,0.23399,0.23481,0.23377,0.23377,2700.91482
2025-11-01 17:00:00+00:00,0.23495,0.23629,0.23424,0.23561,11431.3419
2025-11-01 17:15:00+00:00,0.2359,0.2359,0.23415,0.23415,1853.26148
2025-11-01 17:30:00+00:00,0.23386,0.23386,0.23233,0.23233,7352.4603
2025-11-01 17:45:00+00:00,0.232,0.23348,0.23171,0.23171,8457.6532
2025-11-01 18:00:00+00:00,0.23054,0.23267,0.23054,0.23267,1568.46943
2025-11-01 18:15:00+00:00,0.23275,0.23345,0.23095,0.23345,13064.894
2025-11-01 18:30:00+00:00,0.235,0.242,0.235,0.238,162102.33629
2025-11-01 18:45:00+00:00,0.23615,0.23808,0.23515,0.23808,5408.59343
2025-11-01 19:00:00+00:00,0.237,0.23722,0.23536,0.23722,350.82078
2025-11-01 19:15:00+00:00,0.2354,0.23569,0.23425,0.23569,3481.2228
2025-11-01 19:30:00+00:00,0.23563,0.23691,0.23448,0.23691,10466.07761
2025-11-01 19:45:00+00:00,0.2369,0.23775,0.23559,0.23653,3564.21783
2025-11-01 20:00:00+00:00,0.23627,0.2365,0.23586,0.23613,1034.32692
2025-11-01 20:15:00+00:00,0.23709,0.23906,0.23691,0.23707,24218.24333
2025-11-01 20:30:00+00:00,0.23562,0.23697,0.23441,0.23441,27267.91523
2025-11-01 20:45:00+00:00,0.23654,0.23904,0.23654,0.23904,1574.69624
2025-11-01 21:00:00+00:00,0.239,0.239,0.23719,0.23719,1544.12063
2025-11-01 21:15:00+00:00,0.23721,0.23721,0.23621,0.23691,3923.25621
2025-11-01 21:30:00+00:00,0.23894,0.2396,0.23894,0.2396,1651.01696
2025-11-01 21:45:00+00:00,0.23962,0.24422,0.23962,0.24273,10431.6955
2025-11-01 22:00:00+00:00,0.24047,0.24047,0.23787,0.23787,2186.72691
2025-11-01 22:30:00+00:00,0.23624,0.23677,0.23624,0.23677,3266.72809
2025-11-01 22:45:00+00:00,0.241,0.24154,0.241,0.24154,1988.64875
2025-11-01 23:00:00+00:00,0.23903,0.245,0.23883,0.245,7321.82391
2025-11-01 23:15:00+00:00,0.245,0.24664,0.245,0.24664,2541.67042
2025-11-01 23:30:00+00:00,0.24474,0.246,0.2443,0.2443,2911.09553
2025-11-01 23:45:00+00:00,0.24588,0.24589,0.24233,0.24233,2822.94061
2025-11-02 00:00:00+00:00,0.24488,0.24488,0.2286,0.23908,20427.34659
2025-11-02 00:15:00+00:00,0.23752,0.23848,0.23529,0.23529,6613.04772
2025-11-02 00:30:00+00:00,0.23537,0.23552,0.23528,0.23548,1992.61726
2025-11-02 00:45:00+00:00,0.23656,0.23692,0.23621,0.23692,1100.37459
2025-11-02 01:00:00+00:00,0.23518,0.23518,0.23518,0.23518,2000.0
2025-11-02 02:00:00+00:00,0.24412,0.2477,0.24412,0.2477,9258.74574
2025-11-02 02:15:00+00:00,0.24602,0.25,0.24602,0.25,3327.53968
2025-11-02 02:30:00+00:00,0.24948,0.25266,0.24928,0.2524,4770.66328
2025-11-02 02:45:00+00:00,0.25406,0.25406,0.25406,0.25406,1077.7566
2025-11-02 03:00:00+00:00,0.251,0.251,0.24775,0.24775,4201.5
2025-11-02 03:15:00+00:00,0.24902,0.24902,0.24121,0.24676,167873.52403
2025-11-02 03:30:00+00:00,0.24417,0.24417,0.24341,0.24341,330.34993
2025-11-02 03:45:00+00:00,0.24064,0.24064,0.24016,0.24016,1572.5
2025-11-02 04:00:00+00:00,0.24093,0.24093,0.2398,0.24086,6000.0
2025-11-02 04:15:00+00:00,0.24122,0.24122,0.24122,0.24122,211.17933
2025-11-02 04:30:00+00:00,0.24014,0.24014,0.24014,0.24014,1003.0
2025-11-02 04:45:00+00:00,0.23796,0.2385,0.23796,0.2385,8000.0
2025-11-02 05:00:00+00:00,0.23734,0.23734,0.2356,0.2356,4585.94692
2025-11-02 05:15:00+00:00,0.23725,0.23773,0.23518,0.23518,10164.10521
2025-11-02 05:30:00+00:00,0.23491,0.23509,0.23258,0.23258,10808.93824
2025-11-02 05:45:00+00:00,0.23204,0.23204,0.23194,0.23194,561.38529
2025-11-02 06:00:00+00:00,0.23291,0.23291,0.23122,0.23122,1695.96365
2025-11-02 06:30:00+00:00,0.23161,0.23161,0.23,0.23121,9170.88223
2025-11-02 06:45:00+00:00,0.23229,0.23229,0.23229,0.23229,2000.0
2025-11-02 07:00:00+00:00,0.23,0.23,0.22975,0.22975,1282.38046
2025-11-02 07:15:00+00:00,0.23272,0.23461,0.23272,0.23371,3718.12627
2025-11-02 07:30:00+00:00,0.23487,0.24084,0.23487,0.24071,10730.73668
2025-11-02 07:45:00+00:00,0.24024,0.24211,0.23987,0.23987,3640.73838
2025-11-02 08:00:00+00:00,0.24169,0.24701,0.24169,0.24701,1897.7813
2025-11-02 08:15:00+00:00,0.24521,0.25575,0.24521,0.25287,6795.94524
2025-11-02 08:30:00+00:00,0.25658,0.26599,0.25575,0.2623,15917.6346
2025-11-02 08:45:00+00:00,0.26139,0.26731,0.2597,0.2601,64350.7718
2025-11-02 09:00:00+00:00,0.26253,0.26378,0.26012,0.26256,38786.37372
2025-11-02 09:15:00+00:00,0.26256,0.27137,0.26256,0.27004,103703.27203
2025-11-02 09:30:00+00:00,0.26915,0.27535,0.26508,0.27535,37618.28534
2025-11-02 09:45:00+00:00,0.27391,0.27929,0.27236,0.27929,82564.13563
2025-11-02 10:00:00+00:00,0.27929,0.28434,0.27732,0.28419,85324.13227
2025-11-02 10:15:00+00:00,0.2842,0.28755,0.27632,0.27969,81964.07988
2025-11-02 10:30:00+00:00,0.27844,0.2828,0.26759,0.26778,91043.72475
2025-11-02 10:45:00+00:00,0.26802,0.26802,0.26429,0.26492,56241.89107
2025-11-02 11:00:00+00:00,0.26315,0.266,0.25752,0.25816,39447.85879
2025-11-02 11:15:00+00:00,0.25999,0.26439,0.2585,0.26374,18445.13841
2025-11-02 11:30:00+00:00,0.26522,0.27495,0.26522,0.27479,31136.07565
2025-11-02 11:45:00+00:00,0.2727,0.28195,0.27112,0.28195,53262.1993
2025-11-02 12:00:00+00:00,0.2817,0.28549,0.27979,0.2829,143723.84408
2025-11-02 12:15:00+00:00,0.28379,0.29272,0.28022,0.29272,61355.47109
2025-11-02 12:30:00+00:00,0.29388,0.29763,0.28315,0.2907,122705.18923
2025-11-02 12:45:00+00:00,0.2847,0.28795,0.28385,0.28468,7887.39742
2025-11-02 13:00:00+00:00,0.28489,0.28492,0.27931,0.28049,47546.07894
2025-11-02 13:15:00+00:00,0.28172,0.28335,0.27872,0.2815,12865.11897
2025-11-02 13:30:00+00:00,0.28486,0.28999,0.27852,0.28864,19517.82275
2025-11-02 13:45:00+00:00,0.28805,0.28999,0.27671,0.282,26488.11208
2025-11-02 14:00:00+00:00,0.28285,0.29,0.28185,0.28536,33684.58849
2025-11-02 14:15:00+00:00,0.28524,0.29079,0.28523,0.2853,6672.28926
2025-11-02 14:30:00+00:00,0.28613,0.29,0.28196,0.28196,12889.81112
2025-11-02 14:45:00+00:00,0.27817,0.28179,0.27712,0.28036,9819.48541
2025-11-02 15:00:00+00:00,0.28414,0.28472,0.27975,0.28472,23156.0207
2025-11-02 15:15:00+00:00,0.28499,0.29325,0.27914,0.29102,40012.11399
2025-11-02 15:30:00+00:00,0.2908,0.296,0.2831,0.2832,14952.29079
2025-11-02 15:45:00+00:00,0.28648,0.28784,0.28016,0.28784,11583.54008
2025-11-02 16:00:00+00:00,0.283,0.29321,0.283,0.2862,43428.05069
2025-11-02 16:15:00+00:00,0.28469,0.2867,0.28274,0.2836,48207.30565
2025-11-02 16:30:00+00:00,0.28264,0.28516,0.28,0.28193,37453.27236
2025-11-02 16:45:00+00:00,0.28279,0.28694,0.28216,0.28335,13559.32789
2025-11-02 17:00:00+00:00,0.28276,0.28287,0.28194,0.28194,4039.13995
2025-11-02 17:15:00+00:00,0.28206,0.28224,0.2798,0.2798,7730.21174
2025-11-02 17:30:00+00:00,0.27822,0.28297,0.27822,0.28192,5410.00032
2025-11-02 17:45:00+00:00,0.28412,0.2842,0.27771,0.27897,32513.70556
2025-11-02 18:00:00+00:00,0.27897,0.28301,0.27717,0.28096,11553.56302
2025-11-02 18:15:00+00:00,0.28106,0.28106,0.27777,0.2803,1835.49248
2025-11-02 18:30:00+00:00,0.28201,0.28736,0.28201,0.28641,27678.45189
2025-11-02 18:45:00+00:00,0.28553,0.287,0.28361,0.28361,16737.52409
2025-11-02 19:00:00+00:00,0.28677,0.28944,0.28642,0.28642,9037.07422
2025-11-02 19:15:00+00:00,0.28622,0.28871,0.28509,0.28871,2930.60103
2025-11-02 19:30:00+00:00,0.28616,0.28661,0.2831,0.28649,5911.82043
2025-11-02 19:45:00+00:00,0.2865,0.2865,0.28271,0.28271,11670.31606
2025-11-02 20:00:00+00:00,0.28223,0.28578,0.28,0.28,4144.00696
2025-11-02 20:15:00+00:00,0.2784,0.27852,0.27309,0.27852,41270.05311
2025-11-02 20:30:00+00:00,0.2752,0.28101,0.27355,0.28012,11266.82101
2025-11-02 20:45:00+00:00,0.28068,0.28467,0.27991,0.28467,2257.28619
2025-11-02 21:00:00+00:00,0.285,0.285,0.28074,0.28074,1346.26419
2025-11-02 21:15:00+00:00,0.28224,0.28268,0.28044,0.28268,19252.98098
2025-11-02 21:30:00+00:00,0.28272,0.28272,0.28231,0.2825,804.66629
2025-11-02 21:45:00+00:00,0.281,0.281,0.28036,0.28036,1917.42217
2025-11-02 22:00:00+00:00,0.28,0.285,0.27947,0.28442,7406.07544
2025-11-02 22:15:00+00:00,0.27889,0.27889,0.2752,0.27653,31419.81403
2025-11-02 22:30:00+00:00,0.27524,0.27948,0.27449,0.27685,18245.65567
2025-11-02 22:45:00+00:00,0.278,0.27834,0.278,0.27834,6258.01159
2025-11-02 23:00:00+00:00,0.27588,0.27623,0.27237,0.27237,4430.29429
2025-11-02 23:15:00+00:00,0.2737,0.2737,0.2737,0.2737,246.5
2025-11-02 23:30:00+00:00,0.27469,0.27772,0.27469,0.27772,1540.05224
2025-11-02 23:45:00+00:00,0.27544,0.27544,0.27343,0.27343,593.543
2025-11-03 00:00:00+00:00,0.27314,0.27314,0.27314,0.27314,566.98089
2025-11-03 00:15:00+00:00,0.27307,0.27307,0.27307,0.27307,198.05815
2025-11-03 00:30:00+00:00,0.27061,0.27061,0.26923,0.26923,1786.1623
2025-11-03 00:45:00+00:00,0.27061,0.27116,0.2682,0.2682,16558.41162
2025-11-03 01:15:00+00:00,0.26857,0.26857,0.26745,0.26745,510.0
2025-11-03 02:30:00+00:00,0.26481,0.27071,0.26481,0.27071,812.7811
2025-11-03 02:45:00+00:00,0.27281,0.2766,0.27281,0.27327,25771.73621
2025-11-03 03:30:00+00:00,0.27277,0.27277,0.2703,0.2703,951.89454
2025-11-03 03:45:00+00:00,0.27092,0.27092,0.27,0.27,1606.38239
2025-11-03 04:00:00+00:00,0.26992,0.27253,0.26992,0.27253,611.55266
2025-11-03 04:15:00+00:00,0.26751,0.26751,0.2675,0.2675,255.0
2025-11-03 04:30:00+00:00,0.26834,0.26834,0.26834,0.26834,18.69263
2025-11-03 04:45:00+00:00,0.26529,0.26529,0.26433,0.26433,6621.22156
2025-11-03 05:00:00+00:00,0.26688,0.26688,0.26515,0.2657,2846.59091
2025-11-03 05:15:00+00:00,0.26693,0.26693,0.26693,0.26693,255.0
2025-11-03 05:30:00+00:00,0.26949,0.27093,0.26949,0.27093,2138.7577
2025-11-03 05:45:00+00:00,0.26773,0.27031,0.26773,0.27031,5997.65048
2025-11-03 06:00:00+00:00,0.26602,0.26602,0.26491,0.26491,1041.29328
2025-11-03 06:15:00+00:00,0.26433,0.26767,0.26406,0.26767,7915.97968
2025-11-03 06:30:00+00:00,0.26671,0.26885,0.26671,0.2687,6287.61069
2025-11-03 06:45:00+00:00,0.27223,0.27499,0.27074,0.27257,22719.35392
2025-11-03 07:00:00+00:00,0.27,0.27982,0.26681,0.27649,60345.82505
2025-11-03 07:15:00+00:00,0.2761,0.27915,0.27344,0.27786,48762.49906
2025-11-03 07:30:00+00:00,0.27345,0.28169,0.27345,0.27557,38361.75596
2025-11-03 07:45:00+00:00,0.2797,0.28415,0.27617,0.28197,73028.17727
2025-11-03 08:00:00+00:00,0.2816,0.2816,0.27726,0.27726,16644.19109
2025-11-03 08:15:00+00:00,0.28148,0.28783,0.28148,0.28551,13407.93067
2025-11-03 08:30:00+00:00,0.28427,0.29268,0.28312,0.28413,44422.39749
2025-11-03 08:45:00+00:00,0.28543,0.29088,0.28543,0.28844,2047.38698
2025-11-03 09:00:00+00:00,0.28733,0.29066,0.28733,0.28886,3169.75055
2025-11-03 09:15:00+00:00,0.28767,0.2902,0.28625,0.2902,7879.51574
2025-11-03 09:30:00+00:00,0.28883,0.29196,0.28809,0.29174,22748.64602
2025-11-03 09:45:00+00:00,0.29235,0.29985,0.2916,0.29739,77733.00811
2025-11-03 10:00:00+00:00,0.2974,0.29741,0.27628,0.2906,58983.68839
2025-11-03 10:15:00+00:00,0.29065,0.29065,0.28506,0.28526,10618.09357
2025-11-03 10:30:00+00:00,0.28887,0.29668,0.28887,0.29264,13017.75272
2025-11-03 10:45:00+00:00,0.29601,0.30054,0.2925,0.2925,50397.98161
2025-11-03 11:00:00+00:00,0.29363,0.29363,0.28659,0.289,10333.02269
2025-11-03 11:15:00+00:00,0.28802,0.28964,0.28315,0.28635,28383.57705
2025-11-03 11:30:00+00:00,0.28941,0.29495,0.28941,0.29057,8829.9811
2025-11-03 11:45:00+00:00,0.293,0.29755,0.29064,0.29309,25437.16956
2025-11-03 12:00:00+00:00,0.29011,0.29019,0.27945,0.27945,10170.85552
2025-11-03 12:15:00+00:00,0.28235,0.28429,0.27939,0.28128,13749.70425
2025-11-03 12:30:00+00:00,0.28186,0.28521,0.28177,0.28383,13517.59821
2025-11-03 12:45:00+00:00,0.28307,0.28307,0.27544,0.27803,47809.10878
2025-11-03 13:00:00+00:00,0.27632,0.28204,0.27621,0.28204,25126.78857
2025-11-03 13:15:00+00:00,0.28129,0.28265,0.27334,0.27335,6721.70388
2025-11-03 13:30:00+00:00,0.274,0.2776,0.274,0.27594,10889.94822
2025-11-03 13:45:00+00:00,0.276,0.276,0.276,0.276,246.5
2025-11-03 14:00:00+00:00,0.27374,0.27374,0.27034,0.27034,5111.50032
2025-11-03 14:15:00+00:00,0.27162,0.27162,0.26987,0.26987,17.81584
2025-11-03 14:30:00+00:00,0.27326,0.27625,0.27326,0.27625,9649.2989
2025-11-03 14:45:00+00:00,0.27429,0.27429,0.27428,0.27428,1552.89876
2025-11-03 15:00:00+00:00,0.2775,0.2775,0.27063,0.27368,6704.43178
2025-11-03 15:15:00+00:00,0.27114,0.27114,0.27114,0.27114,255.0
2025-11-03 15:30:00+00:00,0.26726,0.27218,0.26409,0.26789,8846.97356
2025-11-03 15:45:00+00:00,0.26231,0.26231,0.25463,0.25653,8325.5792
2025-11-03 16:00:00+00:00,0.25407,0.25876,0.25393,0.25482,5219.63837
2025-11-03 16:15:00+00:00,0.25571,0.25708,0.25522,0.25548,2707.22335
2025-11-03 16:30:00+00:00,0.26287,0.26287,0.26287,0.26287,499.68648
2025-11-03 16:45:00+00:00,0.2608,0.26188,0.2608,0.26171,17277.87737
2025-11-03 17:00:00+00:00,0.26184,0.26184,0.25937,0.26142,7330.76744
2025-11-03 17:15:00+00:00,0.26411,0.26783,0.26309,0.26309,21639.51806
2025-11-03 17:30:00+00:00,0.26492,0.26492,0.26371,0.26371,374.78448
2025-11-03 17:45:00+00:00,0.26442,0.26442,0.26442,0.26442,187.39224
2025-11-03 18:00:00+00:00,0.26111,0.26212,0.25901,0.25901,7761.92656
2025-11-03 18:30:00+00:00,0.25957,0.25957,0.25901,0.25901,101.34459
2025-11-03 18:45:00+00:00,0.25968,0.25968,0.25968,0.25968,129.80599
2025-11-03 19:00:00+00:00,0.25888,0.25888,0.25888,0.25888,1394.57094
2025-11-03 19:15:00+00:00,0.25888,0.25888,0.25759,0.25759,8904.55604
2025-11-03 19:30:00+00:00,0.25401,0.25401,0.25401,0.25401,1613.1179
2025-11-03 20:00:00+00:00,0.25561,0.25812,0.25505,0.25505,3194.98271
2025-11-03 20:15:00+00:00,0.25352,0.25352,0.25325,0.25325,2011.58688
2025-11-03 20:30:00+00:00,0.25394,0.25394,0.25304,0.25304,22491.2455
2025-11-03 20:45:00+00:00,0.2513,0.2513,0.25,0.25,26987.91256
2025-11-03 21:00:00+00:00,0.2542,0.25706,0.25322,0.25322,9467.54467
2025-11-03 21:15:00+00:00,0.25315,0.25315,0.25179,0.25179,6044.73365
2025-11-03 21:30:00+00:00,0.2512,0.2514,0.2512,0.2514,2329.0
2025-11-03 21:45:00+00:00,0.2542,0.2542,0.25326,0.25326,1887.0
2025-11-03 22:00:00+00:00,0.25295,0.25386,0.2511,0.25158,6281.33912
2025-11-03 22:30:00+00:00,0.25483,0.25587,0.25483,0.25576,16413.17169
2025-11-03 22:45:00+00:00,0.25615,0.25635,0.25483,0.25483,3023.38156
2025-11-03 23:00:00+00:00,0.2565,0.25912,0.25506,0.25912,3614.88889
2025-11-03 23:15:00+00:00,0.25848,0.25848,0.25573,0.25573,9693.71976
2025-11-03 23:30:00+00:00,0.25508,0.25508,0.25508,0.25508,97.88941
2025-11-03 23:45:00+00:00,0.25534,0.25534,0.25534,0.25534,263.5
2025-11-04 00:00:00+00:00,0.25515,0.25674,0.25515,0.25674,361.38941
2025-11-04 00:30:00+00:00,0.25903,0.25974,0.25899,0.25974,4774.31749
2025-11-04 00:45:00+00:00,0.25435,0.25435,0.25435,0.25435,263.5
2025-11-04 01:00:00+00:00,0.25355,0.25543,0.25355,0.25543,655.9408
2025-11-04 01:30:00+00:00,0.26202,0.26266,0.25798,0.25798,17964.5879
2025-11-04 02:00:00+00:00,0.25627,0.25629,0.25211,0.25211,4346.23432
2025-11-04 02:15:00+00:00,0.25601,0.25648,0.25601,0.25638,11072.90125
2025-11-04 02:30:00+00:00,0.25623,0.25628,0.25551,0.25551,8282.22466
2025-11-04 03:00:00+00:00,0.25854,0.25854,0.25854,0.25854,2000.0
2025-11-04 03:15:00+00:00,0.25946,0.26159,0.25946,0.26159,3853.0
2025-11-04 04:15:00+00:00,0.2619,0.2619,0.2619,0.2619,423.02026
2025-11-04 04:30:00+00:00,0.2591,0.2591,0.25718,0.25718,9571.56983
2025-11-04 04:45:00+00:00,0.25515,0.25515,0.25515,0.25515,2000.0
2025-11-04 05:00:00+00:00,0.2505,0.25753,0.25048,0.25601,10982.91205
2025-11-04 05:15:00+00:00,0.25707,0.25707,0.25229,0.25229,24401.0304
2025-11-04 05:30:00+00:00,0.25093,0.25093,0.24886,0.24962,29092.43645
2025-11-04 05:45:00+00:00,0.25362,0.25448,0.25281,0.25281,1696.44362
2025-11-04 06:00:00+00:00,0.25329,0.25835,0.25279,0.25835,2080.36822
2025-11-04 06:15:00+00:00,0.26098,0.26098,0.26098,0.26098,191.58557
2025-11-04 07:00:00+00:00,0.25867,0.25867,0.25867,0.25867,312.70701
2025-11-04 07:15:00+00:00,0.25783,0.25783,0.25599,0.25737,4843.49185
2025-11-04 07:30:00+00:00,0.2559,0.2559,0.2559,0.2559,262.68
2025-11-04 07:45:00+00:00,0.25339,0.25441,0.25268,0.25305,6303.76677
2025-11-04 08:00:00+00:00,0.25263,0.25272,0.25089,0.25272,11752.13261
2025-11-04 08:15:00+00:00,0.25432,0.2545,0.25432,0.2545,10000.0
2025-11-04 08:30:00+00:00,0.26098,0.26375,0.25651,0.25651,3446.67016
2025-11-04 08:45:00+00:00,0.25517,0.25517,0.25517,0.25517,619.03785
2025-11-04 09:15:00+00:00,0.2565,0.2565,0.2565,0.2565,19.53217
2025-11-04 09:45:00+00:00,0.25629,0.25629,0.25629,0.25629,748.0
2025-11-04 10:00:00+00:00,0.255,0.25623,0.25475,0.25623,5682.90559
2025-11-04 10:15:00+00:00,0.25614,0.25615,0.2553,0.2553,2962.10156
2025-11-04 10:30:00+00:00,0.2552,0.2552,0.25433,0.25433,20566.35381
2025-11-04 10:45:00+00:00,0.25578,0.25578,0.2556,0.25569,21207.0
2025-11-04 11:00:00+00:00,0.25742,0.25742,0.25742,0.25742,81.34566
2025-11-04 11:15:00+00:00,0.25549,0.25759,0.25549,0.25759,2263.5
2025-11-04 11:30:00+00:00,0.25556,0.25556,0.25507,0.25551,8845.38818
2025-11-04 11:45:00+00:00,0.25588,0.25588,0.25242,0.25242,4456.77042
2025-11-04 12:00:00+00:00,0.25254,0.25351,0.252,0.25326,9716.92736
2025-11-04 12:15:00+00:00,0.25475,0.25527,0.25396,0.25527,4944.54057
2025-11-04 12:30:00+00:00,0.2548,0.25692,0.2548,0.25692,10447.50537
2025-11-04 12:45:00+00:00,0.25663,0.25663,0.25663,0.25663,2000.0
2025-11-04 13:00:00+00:00,0.25861,0.25877,0.25474,0.25474,3531.99447
2025-11-04 13:15:00+00:00,0.2547,0.2547,0.2547,0.2547,263.5
2025-11-04 13:30:00+00:00,0.25477,0.25477,0.25477,0.25477,615.28271
2025-11-04 14:00:00+00:00,0.25396,0.25556,0.2531,0.25467,6355.27744
2025-11-04 14:15:00+00:00,0.25848,0.25848,0.25803,0.25803,2780.8229
2025-11-04 14:30:00+00:00,0.25672,0.25787,0.2562,0.25787,46425.32512
2025-11-04 14:45:00+00:00,0.2596,0.26177,0.2596,0.26177,13104.36363
2025-11-04 15:00:00+00:00,0.25936,0.25936,0.2556,0.2556,10459.13452
2025-11-04 15:15:00+00:00,0.25744,0.26022,0.25676,0.26022,5589.57976
2025-11-04 15:30:00+00:00,0.25902,0.25928,0.25889,0.25889,3259.33799
2025-11-04 15:45:00+00:00,0.25863,0.25869,0.2566,0.25811,20321.0
2025-11-04 16:00:00+00:00,0.25741,0.26008,0.2574,0.25759,5476.4061
2025-11-04 16:15:00+00:00,0.25843,0.25845,0.25843,0.25845,282.76871
2025-11-04 16:45:00+00:00,0.25556,0.25585,0.25355,0.25585,15494.79974
2025-11-04 17:00:00+00:00,0.26147,0.26147,0.26147,0.26147,100.0
2025-11-04 17:15:00+00:00,0.26389,0.26389,0.25991,0.25991,10265.08933
2025-11-04 17:30:00+00:00,0.26028,0.26252,0.25773,0.25773,1043.5
2025-11-04 17:45:00+00:00,0.25728,0.25728,0.25618,0.25618,788.97418
2025-11-04 18:00:00+00:00,0.25742,0.27173,0.25742,0.26659,20037.33811
2025-11-04 18:15:00+00:00,0.26337,0.26337,0.2613,0.2613,233.06544
2025-11-04 18:30:00+00:00,0.26148,0.26195,0.26,0.26195,654.52986
2025-11-04 18:45:00+00:00,0.26139,0.26335,0.26139,0.26335,3504.85096
2025-11-04 19:00:00+00:00,0.26373,0.26373,0.25096,0.25347,5510.96888
2025-11-04 19:15:00+00:00,0.25203,0.25212,0.24947,0.25041,3013.7665
2025-11-04 19:30:00+00:00,0.25103,0.25314,0.25103,0.25306,4665.23864
2025-11-04 19:45:00+00:00,0.25535,0.25535,0.25507,0.25507,78.44454
2025-11-04 20:00:00+00:00,0.25453,0.25453,0.25292,0.25322,756.5
2025-11-04 20:15:00+00:00,0.25634,0.25634,0.24905,0.25272,11740.3556
2025-11-04 20:30:00+00:00,0.25273,0.25699,0.25273,0.25699,4261.44454
2025-11-04 20:45:00+00:00,0.25944,0.26891,0.2536,0.25508,100912.05416
2025-11-04 21:00:00+00:00,0.25351,0.25391,0.2501,0.25094,7035.45697
2025-11-04 21:15:00+00:00,0.24932,0.25718,0.24932,0.25633,8189.74911
2025-11-04 21:30:00+00:00,0.25521,0.25521,0.24939,0.25218,15772.85368
2025-11-04 21:45:00+00:00,0.25881,0.26022,0.25881,0.26022,71.26871
2025-11-04 22:00:00+00:00,0.26039,0.26669,0.26039,0.26323,12982.38642
2025-11-04 22:15:00+00:00,0.26222,0.26397,0.2622,0.26268,7462.64124
2025-11-04 22:30:00+00:00,0.26491,0.26683,0.26283,0.26283,16424.00385
2025-11-04 23:00:00+00:00,0.26129,0.26129,0.25978,0.25978,357.0
2025-11-04 23:15:00+00:00,0.2579,0.25921,0.25662,0.25921,20541.73225
2025-11-04 23:30:00+00:00,0.258,0.258,0.258,0.258,374.0
2025-11-04 23:45:00+00:00,0.25805,0.26041,0.25805,0.26041,2154.0795
2025-11-05 00:00:00+00:00,0.26714,0.26714,0.26622,0.26622,229.93423
2025-11-05 00:15:00+00:00,0.26165,0.26165,0.26165,0.26165,1385.758
2025-11-05 00:30:00+00:00,0.26188,0.26418,0.26188,0.26418,189.1309
2025-11-05 00:45:00+00:00,0.26506,0.26506,0.26506,0.26506,2000.0
2025-11-05 01:00:00+00:00,0.26609,0.26624,0.26374,0.26514,13201.2378
2025-11-05 01:15:00+00:00,0.26673,0.26673,0.26646,0.26646,4964.06008
2025-11-05 01:30:00+00:00,0.26415,0.26415,0.26415,0.26415,923.09805
2025-11-05 01:45:00+00:00,0.26557,0.26558,0.26557,0.26558,1069.67468
2025-11-05 02:00:00+00:00,0.26549,0.26608,0.26372,0.26554,11751.2378
2025-11-05 02:15:00+00:00,0.26243,0.26243,0.26,0.26,2327.40498
2025-11-05 02:30:00+00:00,0.26129,0.26129,0.26129,0.26129,408.0
2025-11-05 02:45:00+00:00,0.25897,0.25913,0.25897,0.25913,629.0
2025-11-05 03:00:00+00:00,0.25922,0.25922,0.25546,0.25546,1077.11518
2025-11-05 03:15:00+00:00,0.25529,0.25529,0.25529,0.25529,459.0
2025-11-05 03:30:00+00:00,0.25207,0.25207,0.25207,0.25207,442.0
2025-11-05 03:45:00+00:00,0.2531,0.25337,0.25179,0.2518,2281.57505
2025-11-05 04:00:00+00:00,0.24672,0.24672,0.24448,0.24448,1585.928
2025-11-05 04:30:00+00:00,0.24382,0.24406,0.24187,0.24187,3317.008
2025-11-05 05:00:00+00:00,0.24197,0.24209,0.24176,0.24209,1929.5
2025-11-05 05:15:00+00:00,0.24351,0.24351,0.24322,0.24322,1142.71718
2025-11-05 05:30:00+00:00,0.24337,0.24492,0.24294,0.24294,1546.34915
2025-11-05 06:00:00+00:00,0.24042,0.24078,0.24017,0.24078,4844.42216
2025-11-05 06:15:00+00:00,0.24263,0.24446,0.2426,0.24389,5609.5844
2025-11-05 06:30:00+00:00,0.24661,0.247,0.24596,0.24596,20384.10268
2025-11-05 06:45:00+00:00,0.24806,0.25534,0.24806,0.25534,42220.46064
2025-11-05 07:00:00+00:00,0.25803,0.25841,0.2574,0.25841,969.49907
2025-11-05 07:15:00+00:00,0.25374,0.25374,0.25374,0.25374,204.0
2025-11-05 07:30:00+00:00,0.25454,0.25484,0.25454,0.25484,1870.0
2025-11-05 07:45:00+00:00,0.2557,0.2557,0.2557,0.2557,450.5
2025-11-05 08:00:00+00:00,0.25915,0.26269,0.25915,0.26024,876.13476
2025-11-05 08:15:00+00:00,0.26155,0.26546,0.26129,0.26546,3595.5
2025-11-05 08:30:00+00:00,0.2674,0.26871,0.2674,0.2687,12164.38411
2025-11-05 08:45:00+00:00,0.27022,0.27074,0.26579,0.26579,8770.66571
2025-11-05 09:00:00+00:00,0.26811,0.27355,0.26596,0.2663,47675.33092
2025-11-05 09:15:00+00:00,0.26337,0.26502,0.26252,0.26502,22681.28059
2025-11-05 09:30:00+00:00,0.26579,0.26579,0.25815,0.25815,5265.81812
2025-11-05 09:45:00+00:00,0.2596,0.2596,0.25144,0.25144,5720.42521
2025-11-05 10:00:00+00:00,0.25506,0.25708,0.25506,0.2556,11213.66173
2025-11-05 10:15:00+00:00,0.26206,0.26206,0.26024,0.26024,1581.0
2025-11-05 10:30:00+00:00,0.26109,0.26109,0.25649,0.25649,7115.04325
2025-11-05 10:45:00+00:00,0.25829,0.25829,0.25512,0.25628,807.5
2025-11-05 11:00:00+00:00,0.25681,0.26148,0.25681,0.26148,1412.1165
2025-11-05 11:15:00+00:00,0.26518,0.26671,0.26295,0.26671,5380.48712
2025-11-05 11:30:00+00:00,0.26895,0.27017,0.26778,0.27013,6626.49832
2025-11-05 11:45:00+00:00,0.26602,0.27072,0.26602,0.26917,1058.89046
2025-11-05 12:00:00+00:00,0.27027,0.2709,0.26873,0.26873,6202.26651
2025-11-05 12:15:00+00:00,0.27112,0.2718,0.26731,0.27015,13469.01678
2025-11-05 12:30:00+00:00,0.272,0.27919,0.272,0.27919,13906.4088
2025-11-05 12:45:00+00:00,0.27933,0.28093,0.27749,0.2802,45987.99796
2025-11-05 13:00:00+00:00,0.27407,0.28534,0.27278,0.28534,32560.16807
2025-11-05 13:15:00+00:00,0.2853,0.28767,0.27957,0.28348,14378.33506
2025-11-05 13:30:00+00:00,0.2842,0.28493,0.283,0.28427,2207.49669
2025-11-05 13:45:00+00:00,0.2834,0.2848,0.28164,0.28382,6912.60045
2025-11-05 14:00:00+00:00,0.28604,0.29027,0.28585,0.2875,3925.32375
2025-11-05 14:15:00+00:00,0.2851,0.28783,0.2851,0.28608,14944.03558
2025-11-05 14:30:00+00:00,0.28818,0.29613,0.28727,0.29613,22072.91951
2025-11-05 14:45:00+00:00,0.29478,0.29478,0.26271,0.26271,38592.10141
2025-11-05 15:00:00+00:00,0.26341,0.272,0.26341,0.272,104188.17054
2025-11-05 15:15:00+00:00,0.27364,0.27364,0.27121,0.27208,1102.08785
2025-11-05 15:30:00+00:00,0.27159,0.27159,0.26801,0.26802,543.73195
2025-11-05 15:45:00+00:00,0.27056,0.27453,0.26971,0.26971,2884.32428
2025-11-05 16:00:00+00:00,0.27026,0.27026,0.26766,0.26785,19526.17017
2025-11-05 16:15:00+00:00,0.26789,0.26887,0.26521,0.26521,3553.56761
2025-11-05 16:30:00+00:00,0.26353,0.26603,0.26353,0.26403,1685.76766
2025-11-05 16:45:00+00:00,0.2646,0.26546,0.2646,0.26487,950.40467
2025-11-05 17:15:00+00:00,0.26325,0.2634,0.26325,0.2634,275.09634
2025-11-05 17:45:00+00:00,0.26674,0.26674,0.25474,0.25849,13429.51389
2025-11-05 18:00:00+00:00,0.26078,0.26876,0.25569,0.26808,103524.73344
2025-11-05 18:15:00+00:00,0.26947,0.27745,0.26647,0.27494,26893.41343
2025-11-05 18:30:00+00:00,0.27987,0.2811,0.27892,0.28101,8511.12556
2025-11-05 18:45:00+00:00,0.28114,0.28115,0.27851,0.27851,53416.50106
2025-11-05 19:00:00+00:00,0.27895,0.27895,0.27408,0.27408,11533.26198
2025-11-05 19:15:00+00:00,0.27673,0.27673,0.27441,0.27441,15000.41346
2025-11-05 19:30:00+00:00,0.27304,0.27304,0.27304,0.27304,183.59948
2025-11-05 19:45:00+00:00,0.27415,0.27428,0.27415,0.27428,534.77437
2025-11-05 20:00:00+00:00,0.27199,0.27394,0.27171,0.27394,653.73397
2025-11-05 20:15:00+00:00,0.27722,0.27722,0.27722,0.27722,54.71456
2025-11-05 20:30:00+00:00,0.27947,0.27947,0.27361,0.27735,13090.80442
2025-11-05 20:45:00+00:00,0.27997,0.27997,0.2773,0.27835,596.03051
2025-11-05 21:00:00+00:00,0.27736,0.27736,0.27067,0.27067,10620.7316
2025-11-05 21:15:00+00:00,0.26853,0.26892,0.25331,0.26013,32524.40132
2025-11-05 21:30:00+00:00,0.26209,0.26316,0.25857,0.26316,5055.17635
2025-11-05 21:45:00+00:00,0.26328,0.26328,0.26328,0.26328,195.5
2025-11-05 22:00:00+00:00,0.2658,0.2665,0.26351,0.26476,6393.82652
2025-11-05 22:15:00+00:00,0.26408,0.26451,0.26233,0.26233,3159.19149
2025-11-05 22:30:00+00:00,0.26115,0.26115,0.25941,0.25941,391.0
2025-11-05 22:45:00+00:00,0.25774,0.26085,0.25774,0.26069,306.72774
2025-11-05 23:00:00+00:00,0.25995,0.2616,0.25995,0.2616,4789.52636
2025-11-05 23:15:00+00:00,0.263,0.263,0.263,0.263,14214.0
2025-11-05 23:30:00+00:00,0.26324,0.26324,0.26307,0.26307,253.00209
2025-11-05 23:45:00+00:00,0.26219,0.26219,0.26219,0.26219,239.02275
2025-11-06 00:30:00+00:00,0.26521,0.26563,0.26521,0.26563,252.05895
2025-11-06 00:45:00+00:00,0.26439,0.26439,0.26439,0.26439,161.67125
2025-11-06 01:30:00+00:00,0.26608,0.26757,0.26608,0.26757,6093.70765
2025-11-06 02:00:00+00:00,0.26513,0.26513,0.26513,0.26513,195.5
2025-11-06 03:00:00+00:00,0.26872,0.2698,0.26872,0.2698,116.10047
2025-11-06 03:15:00+00:00,0.27359,0.27359,0.26344,0.26711,17917.18393
2025-11-06 04:00:00+00:00,0.26988,0.26988,0.26988,0.26988,187.0
2025-11-06 04:15:00+00:00,0.26956,0.26957,0.26932,0.26932,1863.29275
2025-11-06 05:00:00+00:00,0.26627,0.26627,0.26627,0.26627,56.26405
2025-11-06 05:15:00+00:00,0.26769,0.26827,0.26751,0.26751,5400.64888
2025-11-06 05:30:00+00:00,0.26994,0.27263,0.26994,0.27263,4066.67812
2025-11-06 05:45:00+00:00,0.26995,0.26995,0.26801,0.26801,1529.047
2025-11-06 06:00:00+00:00,0.26918,0.26995,0.2673,0.2673,2235.5
2025-11-06 06:30:00+00:00,0.26472,0.26472,0.26214,0.26377,1097.22488
2025-11-06 06:45:00+00:00,0.26256,0.2626,0.26247,0.26247,2391.0
2025-11-06 07:00:00+00:00,0.26458,0.2654,0.2467,0.25058,9565.9437
2025-11-06 07:15:00+00:00,0.24651,0.2477,0.24312,0.24523,7139.74276
2025-11-06 07:30:00+00:00,0.24742,0.24742,0.24312,0.2455,7427.0716
2025-11-06 07:45:00+00:00,0.24539,0.24654,0.24528,0.24619,3627.65469
2025-11-06 08:00:00+00:00,0.24268,0.24268,0.24268,0.24268,212.5
2025-11-06 08:15:00+00:00,0.24273,0.24288,0.24141,0.24221,3953.202
2025-11-06 08:30:00+00:00,0.24164,0.24164,0.238,0.238,11828.92921
2025-11-06 08:45:00+00:00,0.23439,0.23494,0.23226,0.23494,8323.10042
2025-11-06 09:00:00+00:00,0.23087,0.23087,0.23062,0.23062,1057.73193
2025-11-06 09:15:00+00:00,0.23266,0.23449,0.23266,0.23449,241.81684
2025-11-06 09:30:00+00:00,0.23126,0.23126,0.2265,0.2265,567.0121
2025-11-06 09:45:00+00:00,0.22542,0.22542,0.2233,0.2233,4324.88224
2025-11-06 10:00:00+00:00,0.22176,0.22484,0.2216,0.22313,6837.90666
2025-11-06 10:15:00+00:00,0.22471,0.22585,0.22217,0.22367,6594.22946
2025-11-06 10:30:00+00:00,0.22303,0.22303,0.22303,0.22303,229.5
2025-11-06 10:45:00+00:00,0.22331,0.22331,0.22259,0.22259,229.5
2025-11-06 11:00:00+00:00,0.22133,0.23406,0.22133,0.2332,15045.50118
2025-11-06 11:15:00+00:00,0.22893,0.23416,0.22893,0.23111,13788.34156
2025-11-06 11:30:00+00:00,0.23099,0.23099,0.22401,0.22401,2082.67097
2025-11-06 11:45:00+00:00,0.22265,0.2237,0.22265,0.2237,10642.74474
2025-11-06 12:00:00+00:00,0.22349,0.22433,0.22336,0.22433,13527.30369
2025-11-06 12:15:00+00:00,0.22415,0.22415,0.221,0.22133,1613.71013
2025-11-06 12:30:00+00:00,0.22243,0.22243,0.22243,0.22243,448.50065
2025-11-06 12:45:00+00:00,0.22158,0.22573,0.22158,0.22411,907.55644
2025-11-06 13:15:00+00:00,0.22468,0.22831,0.22468,0.22831,4221.17167
2025-11-06 13:30:00+00:00,0.22674,0.22674,0.22552,0.22552,638.2624
2025-11-06 13:45:00+00:00,0.2228,0.22375,0.22054,0.22054,6771.90378
2025-11-06 14:00:00+00:00,0.2201,0.22159,0.21924,0.21924,1371.01602
2025-11-06 14:15:00+00:00,0.2177,0.21782,0.2177,0.2178,2338.35875
2025-11-06 14:30:00+00:00,0.22092,0.2243,0.22092,0.22339,391.91545
2025-11-06 14:45:00+00:00,0.221,0.22118,0.22068,0.22118,909.29278
2025-11-06 15:00:00+00:00,0.22173,0.22386,0.22173,0.22363,725.85793
2025-11-06 15:15:00+00:00,0.22427,0.22493,0.22295,0.22295,318.94323
2025-11-06 15:30:00+00:00,0.22502,0.22507,0.22185,0.2238,5167.06826
2025-11-06 15:45:00+00:00,0.22192,0.22192,0.21992,0.21992,5660.80007
2025-11-06 16:15:00+00:00,0.22365,0.22443,0.22363,0.22443,1179.50109
2025-11-06 16:30:00+00:00,0.22412,0.22412,0.22296,0.22347,3818.98145
2025-11-06 16:45:00+00:00,0.22349,0.22761,0.22349,0.22761,546.69386
2025-11-06 17:00:00+00:00,0.22553,0.22553,0.22553,0.22553,543.22123
2025-11-06 17:15:00+00:00,0.22515,0.22515,0.22515,0.22515,27.11902
2025-11-06 17:30:00+00:00,0.22541,0.2312,0.22339,0.22339,29225.86895
2025-11-06 17:45:00+00:00,0.22483,0.22559,0.22483,0.22559,2658.38906
2025-11-06 18:00:00+00:00,0.2222,0.2222,0.2138,0.22011,10904.15695
2025-11-06 18:15:00+00:00,0.21729,0.21729,0.21439,0.21439,2610.63936
2025-11-06 18:30:00+00:00,0.21407,0.21795,0.21407,0.21795,1005.33871
2025-11-06 18:45:00+00:00,0.21843,0.21843,0.21679,0.21679,330.07066
2025-11-06 19:00:00+00:00,0.21946,0.22041,0.21943,0.21943,5046.40605
2025-11-06 19:15:00+00:00,0.22013,0.22013,0.22012,0.22012,1888.19157
2025-11-06 19:30:00+00:00,0.2192,0.22,0.2192,0.21958,2621.83288
2025-11-06 19:45:00+00:00,0.21876,0.21876,0.21798,0.21798,745.44709
2025-11-06 20:00:00+00:00,0.22072,0.22073,0.22072,0.22073,1062.5
2025-11-06 20:15:00+00:00,0.21918,0.21918,0.21918,0.21918,453.40909
2025-11-06 20:45:00+00:00,0.2196,0.2196,0.2196,0.2196,1000.0
2025-11-06 21:00:00+00:00,0.21145,0.21418,0.21077,0.21418,11092.03223
2025-11-06 21:30:00+00:00,0.21634,0.21648,0.21451,0.21458,4270.63547
2025-11-06 21:45:00+00:00,0.21398,0.21398,0.2135,0.2138,3773.93521
2025-11-06 22:00:00+00:00,0.21278,0.21278,0.21278,0.21278,238.0
2025-11-06 22:15:00+00:00,0.21749,0.21814,0.21698,0.21698,4530.38526
2025-11-06 22:30:00+00:00,0.21591,0.21591,0.21561,0.21561,3477.21469
2025-11-06 22:45:00+00:00,0.21532,0.21532,0.21476,0.21476,3794.63547
2025-11-06 23:00:00+00:00,0.21738,0.21759,0.21557,0.2156,1947.86378
2025-11-06 23:15:00+00:00,0.21422,0.21422,0.21422,0.21422,1.78227
2025-11-06 23:30:00+00:00,0.21636,0.21636,0.21636,0.21636,405.15806
2025-11-06 23:45:00+00:00,0.2169,0.2169,0.21689,0.21689,1844.42705
2025-11-07 00:15:00+00:00,0.21579,0.21579,0.21572,0.21579,2566.89047
2025-11-07 00:30:00+00:00,0.21691,0.21691,0.21691,0.21691,238.0
2025-11-07 00:45:00+00:00,0.21572,0.21572,0.21572,0.21572,2750.37085
2025-11-07 01:00:00+00:00,0.21793,0.21793,0.21793,0.21793,1163.62343
2025-11-07 01:30:00+00:00,0.21809,0.21817,0.21809,0.21817,4583.58161
2025-11-07 01:45:00+00:00,0.2166,0.2166,0.2166,0.2166,4583.58161
2025-11-07 02:00:00+00:00,0.22135,0.2215,0.22027,0.22027,2104.63739
2025-11-07 02:30:00+00:00,0.22042,0.22042,0.22042,0.22042,229.5
2025-11-07 03:00:00+00:00,0.22057,0.2208,0.22051,0.22051,3109.59709
2025-11-07 03:45:00+00:00,0.2205,0.2205,0.21973,0.21973,904.7619
2025-11-07 04:30:00+00:00,0.21985,0.21985,0.21934,0.21934,459.0
2025-11-07 05:00:00+00:00,0.22104,0.22104,0.22104,0.22104,22.52985
2025-11-07 05:15:00+00:00,0.21821,0.21924,0.21821,0.21924,3057.11534
2025-11-07 05:30:00+00:00,0.21848,0.21894,0.21841,0.21841,675.03263
2025-11-07 05:45:00+00:00,0.21718,0.21801,0.21687,0.21699,105748.71006
2025-11-07 06:00:00+00:00,0.21694,0.21716,0.21557,0.21557,16095.01594
2025-11-07 06:15:00+00:00,0.21322,0.21419,0.21286,0.21303,8807.88527
2025-11-07 06:30:00+00:00,0.21169,0.212,0.20941,0.212,14597.52741
2025-11-07 06:45:00+00:00,0.21222,0.21222,0.20844,0.20858,9200.52067
2025-11-07 07:00:00+00:00,0.2091,0.21006,0.2091,0.21006,4537.42424
2025-11-07 07:15:00+00:00,0.213,0.213,0.21163,0.21163,794.23392
2025-11-07 07:30:00+00:00,0.21261,0.21621,0.21182,0.21188,25327.537
2025-11-07 07:45:00+00:00,0.21444,0.21445,0.21258,0.21273,15029.05225
2025-11-07 08:00:00+00:00,0.21399,0.21538,0.21399,0.21538,1846.73257
2025-11-07 08:15:00+00:00,0.21498,0.21498,0.21351,0.21351,25615.79087
2025-11-07 08:30:00+00:00,0.2135,0.2135,0.21048,0.21061,36354.8786
2025-11-07 08:45:00+00:00,0.21123,0.21404,0.21123,0.21404,901.25396
2025-11-07 09:15:00+00:00,0.21493,0.21493,0.21493,0.21493,22.13748
2025-11-07 09:30:00+00:00,0.21322,0.21322,0.21322,0.21322,266.11012
2025-11-07 09:45:00+00:00,0.21099,0.21099,0.21099,0.21099,118.25204
2025-11-07 10:00:00+00:00,0.21121,0.21121,0.21121,0.21121,654.5
2025-11-07 10:15:00+00:00,0.2105,0.2105,0.2105,0.2105,473.68171
2025-11-07 10:30:00+00:00,0.20901,0.20901,0.20847,0.20847,1189.90063
2025-11-07 10:45:00+00:00,0.2093,0.20951,0.20728,0.20947,3791.32511
2025-11-07 11:00:00+00:00,0.20982,0.20982,0.20753,0.20753,4675.64043
2025-11-07 11:45:00+00:00,0.20871,0.20904,0.20763,0.2078,5584.86678
2025-11-07 12:00:00+00:00,0.20912,0.20913,0.20896,0.20913,1980.5
2025-11-07 12:15:00+00:00,0.20771,0.20771,0.20771,0.20771,144.72101
2025-11-07 12:45:00+00:00,0.20658,0.20774,0.2064,0.20725,5977.52832
2025-11-07 13:00:00+00:00,0.20637,0.20637,0.20637,0.20637,34.01658
2025-11-07 13:15:00+00:00,0.20647,0.20734,0.20626,0.20645,14532.93663
2025-11-07 14:15:00+00:00,0.20793,0.20793,0.20743,0.20743,5395.54124
2025-11-07 14:30:00+00:00,0.20438,0.20438,0.20148,0.2016,11372.81125
2025-11-07 14:45:00+00:00,0.20072,0.20472,0.20072,0.20472,20726.89482
2025-11-07 15:00:00+00:00,0.20591,0.20918,0.20591,0.20918,7636.85617
2025-11-07 15:15:00+00:00,0.20869,0.20869,0.20834,0.20834,974.5
2025-11-07 15:30:00+00:00,0.20856,0.21004,0.2085,0.21004,33399.84042
2025-11-07 15:45:00+00:00,0.21217,0.21217,0.212,0.21206,12420.40381
2025-11-07 16:15:00+00:00,0.21169,0.21225,0.21169,0.21225,1128.22443
2025-11-07 16:45:00+00:00,0.21436,0.21436,0.21364,0.21364,2139.57827
2025-11-07 17:00:00+00:00,0.2135,0.21535,0.2135,0.21535,2115.64735
2025-11-07 17:15:00+00:00,0.21585,0.217,0.2152,0.217,29785.86901
2025-11-07 17:30:00+00:00,0.21631,0.21631,0.21555,0.21555,865.9335
2025-11-07 17:45:00+00:00,0.21529,0.21694,0.21504,0.21694,12644.63437
2025-11-07 18:00:00+00:00,0.21734,0.21734,0.21734,0.21734,183.58332
2025-11-07 18:30:00+00:00,0.21498,0.21756,0.21484,0.21571,7144.5037
2025-11-07 19:00:00+00:00,0.21338,0.21338,0.21338,0.21338,704.75209
2025-11-07 19:15:00+00:00,0.21521,0.21573,0.21381,0.21381,3253.37424
2025-11-07 19:30:00+00:00,0.21435,0.2165,0.21435,0.2165,25354.55569
2025-11-07 20:00:00+00:00,0.21433,0.21433,0.21198,0.21229,15067.81068
2025-11-07 20:15:00+00:00,0.2105,0.21184,0.2105,0.21184,3088.87786
2025-11-07 20:45:00+00:00,0.21314,0.21559,0.21314,0.21486,13421.68276
2025-11-07 21:00:00+00:00,0.21273,0.21273,0.2118,0.2118,3833.06044
2025-11-07 21:15:00+00:00,0.21343,0.21412,0.21343,0.21412,2241.1259
2025-11-07 21:30:00+00:00,0.2125,0.2125,0.2125,0.2125,137.34776
2025-11-07 21:45:00+00:00,0.21274,0.21274,0.21274,0.21274,312.58814
2025-11-07 22:00:00+00:00,0.21265,0.21265,0.21265,0.21265,2812.0
2025-11-07 22:15:00+00:00,0.21547,0.21547,0.21406,0.21419,3041.53673
2025-11-07 22:30:00+00:00,0.21252,0.21252,0.21252,0.21252,2317.0
2025-11-07 22:45:00+00:00,0.21352,0.21639,0.21352,0.21639,6863.98409
2025-11-07 23:00:00+00:00,0.21584,0.21584,0.21451,0.21451,2919.5
2025-11-07 23:15:00+00:00,0.21436,0.21436,0.21286,0.21286,8648.5
2025-11-07 23:30:00+00:00,0.21198,0.21198,0.21198,0.21198,2321.0
2025-11-07 23:45:00+00:00,0.2124,0.2124,0.21186,0.21186,1147.39405
2025-11-08 00:30:00+00:00,0.2108,0.21318,0.2108,0.21318,4180.07038
2025-11-08 01:00:00+00:00,0.21042,0.21042,0.21042,0.21042,1470.5
2025-11-08 01:45:00+00:00,0.21613,0.21613,0.21613,0.21613,231.94374
2025-11-08 03:30:00+00:00,0.2136,0.2136,0.2136,0.2136,199.85
2025-11-08 04:00:00+00:00,0.2119,0.21377,0.2119,0.21377,40.41434
2025-11-08 04:15:00+00:00,0.21606,0.21606,0.21606,0.21606,500.0
2025-11-08 05:00:00+00:00,0.21343,0.21343,0.21174,0.21174,2266.68098
2025-11-08 05:30:00+00:00,0.21,0.21,0.21,0.21,952.38095
2025-11-08 06:00:00+00:00,0.205,0.205,0.20393,0.20393,15951.54397
2025-11-08 06:15:00+00:00,0.20524,0.20528,0.20524,0.20528,3615.74948
2025-11-08 06:45:00+00:00,0.209,0.209,0.209,0.209,6209.23445
2025-11-08 08:15:00+00:00,0.21059,0.21059,0.21058,0.21058,4458.64901
2025-11-08 08:30:00+00:00,0.21223,0.21223,0.21223,0.21223,2569.47863
2025-11-08 09:30:00+00:00,0.21029,0.21029,0.2102,0.21023,10747.03773
2025-11-08 09:45:00+00:00,0.20992,0.20992,0.20992,0.20992,239.23444
2025-11-08 10:00:00+00:00,0.21031,0.21032,0.21031,0.21032,551.54291
2025-11-08 10:15:00+00:00,0.20894,0.20894,0.20894,0.20894,1025.73508
2025-11-08 11:00:00+00:00,0.21187,0.21187,0.21187,0.21187,32.94473
2025-11-08 11:15:00+00:00,0.21323,0.21323,0.21323,0.21323,93.56094
2025-11-08 13:15:00+00:00,0.212,0.212,0.212,0.212,1000.0
2025-11-08 14:15:00+00:00,0.21075,0.21131,0.21075,0.21131,1273.74264
2025-11-08 15:00:00+00:00,0.21646,0.21992,0.21646,0.21992,8395.38712
2025-11-08 15:15:00+00:00,0.21199,0.21364,0.21082,0.21364,1544.11661
2025-11-08 15:30:00+00:00,0.21047,0.21047,0.21047,0.21047,2360.0
2025-11-08 16:00:00+00:00,0.20618,0.23616,0.20008,0.23616,25213.80217
2025-11-08 16:15:00+00:00,0.21678,0.21678,0.21678,0.21678,1779.98955
2025-11-08 17:45:00+00:00,0.2178,0.2178,0.2178,0.2178,1410.0
2025-11-08 18:00:00+00:00,0.23446,0.23574,0.231,0.231,80908.06961
2025-11-08 18:15:00+00:00,0.23099,0.23134,0.23099,0.23133,342.63917
2025-11-08 18:30:00+00:00,0.23446,0.23446,0.23138,0.23183,284.76661
2025-11-08 18:45:00+00:00,0.23203,0.23357,0.23203,0.23357,44.70688
2025-11-08 19:00:00+00:00,0.23302,0.23302,0.23268,0.23268,5296.51627
2025-11-08 19:15:00+00:00,0.22999,0.22999,0.22999,0.22999,2358.08195
2025-11-08 19:30:00+00:00,0.23334,0.24103,0.23334,0.24078,21230.76248
2025-11-08 19:45:00+00:00,0.24068,0.24717,0.24068,0.24223,13570.11384
2025-11-08 20:00:00+00:00,0.23999,0.23999,0.23576,0.23982,11202.11739
2025-11-08 20:15:00+00:00,0.23798,0.23852,0.23703,0.23852,3739.76664
2025-11-08 20:30:00+00:00,0.24322,0.24322,0.24322,0.24322,217.38
2025-11-08 20:45:00+00:00,0.24885,0.24931,0.24613,0.24931,3135.75161
2025-11-08 21:00:00+00:00,0.2503,0.26434,0.24359,0.26434,35033.86611
2025-11-08 21:15:00+00:00,0.25928,0.25928,0.24531,0.25745,43948.03959
2025-11-08 21:30:00+00:00,0.25,0.25325,0.23189,0.23196,114612.44074
2025-11-08 21:45:00+00:00,0.245,0.245,0.23118,0.24386,33789.19024
2025-11-08 22:00:00+00:00,0.24289,0.2434,0.24046,0.24047,32216.9831
2025-11-08 22:15:00+00:00,0.23887,0.23921,0.23754,0.23778,9897.4268
2025-11-08 22:30:00+00:00,0.2343,0.23643,0.23314,0.23643,1961.23219
2025-11-08 22:45:00+00:00,0.23428,0.23428,0.2321,0.2332,9486.58855
2025-11-08 23:00:00+00:00,0.23112,0.23112,0.23112,0.23112,19.26632
2025-11-08 23:15:00+00:00,0.2332,0.2332,0.23128,0.23129,3406.38228
2025-11-08 23:30:00+00:00,0.2331,0.23399,0.2331,0.23399,691.0
2025-11-08 23:45:00+00:00,0.233,0.233,0.233,0.233,4338.07943
2025-11-09 00:00:00+00:00,0.23465,0.23465,0.23464,0.23464,4307.22834
2025-11-09 00:15:00+00:00,0.237,0.237,0.237,0.237,316.4557
2025-11-09 00:30:00+00:00,0.235,0.235,0.235,0.235,110.0
2025-11-09 00:45:00+00:00,0.23183,0.23276,0.23183,0.23276,3423.72075
2025-11-09 01:00:00+00:00,0.23173,0.23173,0.23134,0.23134,52.0
2025-11-09 01:15:00+00:00,0.23221,0.23221,0.23221,0.23221,42.93527
2025-11-09 02:30:00+00:00,0.234,0.23685,0.234,0.23685,3471.3974
2025-11-09 02:45:00+00:00,0.23889,0.23891,0.23889,0.23891,2575.53412
2025-11-09 03:00:00+00:00,0.23373,0.23373,0.23373,0.23373,26.0
2025-11-09 03:15:00+00:00,0.2312,0.2312,0.23049,0.23049,4122.02116
2025-11-09 03:30:00+00:00,0.2294,0.2294,0.22761,0.22761,81.95844
2025-11-09 03:45:00+00:00,0.22851,0.22851,0.227,0.227,2185.84549
2025-11-09 04:15:00+00:00,0.22988,0.22988,0.22988,0.22988,1385.79483
2025-11-09 04:30:00+00:00,0.22332,0.22332,0.22332,0.22332,1186.96352
2025-11-09 04:45:00+00:00,0.22301,0.22301,0.22052,0.22052,3906.32445
2025-11-09 05:00:00+00:00,0.22085,0.22168,0.22085,0.2212,1633.13266
2025-11-09 05:30:00+00:00,0.22318,0.22318,0.22318,0.22318,1953.7459
2025-11-09 05:45:00+00:00,0.22271,0.22271,0.22259,0.22259,11183.8522
2025-11-09 06:00:00+00:00,0.22363,0.22363,0.2225,0.2225,312.52324
2025-11-09 06:45:00+00:00,0.22075,0.22075,0.22075,0.22075,3208.0
2025-11-09 07:00:00+00:00,0.22092,0.22092,0.22092,0.22092,27.24969
2025-11-09 07:15:00+00:00,0.22197,0.22197,0.22197,0.22197,3192.0
2025-11-09 07:30:00+00:00,0.22207,0.2221,0.2206,0.2206,2744.63963
2025-11-09 07:45:00+00:00,0.22037,0.22037,0.22037,0.22037,257.28888
2025-11-09 08:00:00+00:00,0.21968,0.22053,0.21968,0.22053,975.80505
2025-11-09 08:15:00+00:00,0.22303,0.22303,0.22029,0.22029,2111.91318
2025-11-09 08:30:00+00:00,0.21903,0.21903,0.21902,0.21902,1482.77988
2025-11-09 09:00:00+00:00,0.21848,0.21998,0.21838,0.21998,8628.21884
2025-11-09 09:30:00+00:00,0.21815,0.21846,0.21813,0.21846,3370.92049
2025-11-09 09:45:00+00:00,0.21639,0.21639,0.21427,0.21427,33.71221
2025-11-09 10:00:00+00:00,0.21635,0.21966,0.21635,0.21966,944.40702
2025-11-09 10:15:00+00:00,0.2178,0.21904,0.2178,0.21904,1250.8158
2025-11-09 10:30:00+00:00,0.21739,0.21739,0.21738,0.21738,1154.84859
2025-11-09 11:00:00+00:00,0.21832,0.21832,0.21832,0.21832,29.0
2025-11-09 11:15:00+00:00,0.22,0.22,0.22,0.22,588.18182
2025-11-09 11:30:00+00:00,0.21994,0.22303,0.21994,0.22303,3476.37083
2025-11-09 11:45:00+00:00,0.22897,0.22966,0.22606,0.22606,5270.45864
2025-11-09 12:00:00+00:00,0.2279,0.22979,0.22753,0.22857,7092.14625
2025-11-09 12:15:00+00:00,0.23048,0.23049,0.22391,0.22396,7181.1907
2025-11-09 13:00:00+00:00,0.22174,0.22515,0.22174,0.22515,434.71314
2025-11-09 13:15:00+00:00,0.22535,0.22535,0.22535,0.22535,177.94542
2025-11-09 13:30:00+00:00,0.2252,0.2252,0.2252,0.2252,1023.14049
2025-11-09 14:00:00+00:00,0.22475,0.22662,0.22475,0.22662,1970.61716
2025-11-09 14:15:00+00:00,0.2305,0.2305,0.2305,0.2305,9978.30803
2025-11-09 14:30:00+00:00,0.229,0.229,0.229,0.229,10012.66376
2025-11-09 14:45:00+00:00,0.22885,0.22885,0.22885,0.22885,3604.03091
2025-11-09 15:00:00+00:00,0.2288,0.2288,0.2288,0.2288,347.5942
2025-11-09 15:15:00+00:00,0.2288,0.2288,0.2288,0.2288,42.93527
2025-11-09 15:30:00+00:00,0.22935,0.23138,0.22935,0.23138,1612.27368
2025-11-09 15:45:00+00:00,0.23,0.23,0.23,0.23,10000.0
2025-11-09 16:00:00+00:00,0.23271,0.23271,0.2285,0.2288,9827.69877
2025-11-09 16:15:00+00:00,0.23012,0.23012,0.23012,0.23012,490.0
2025-11-09 16:30:00+00:00,0.22898,0.22898,0.22898,0.22898,1074.64118
2025-11-09 16:45:00+00:00,0.2286,0.2286,0.2286,0.2286,2974.62817
2025-11-09 17:00:00+00:00,0.22702,0.22702,0.22702,0.22702,224.63963
2025-11-09 17:30:00+00:00,0.2245,0.2245,0.2245,0.2245,57.59543
2025-11-09 18:00:00+00:00,0.22652,0.22652,0.22603,0.22603,569.06386
2025-11-09 18:15:00+00:00,0.22655,0.22655,0.22655,0.22655,1830.42135
2025-11-09 18:30:00+00:00,0.22705,0.2285,0.22705,0.2285,1904.39726
2025-11-09 18:45:00+00:00,0.22888,0.23493,0.22888,0.23493,3902.9145
2025-11-09 19:00:00+00:00,0.23504,0.23504,0.235,0.235,1535.88699
2025-11-09 19:15:00+00:00,0.23104,0.23699,0.227,0.23699,4989.62395
2025-11-09 19:45:00+00:00,0.23746,0.24286,0.23746,0.23905,3350.19552
2025-11-09 20:00:00+00:00,0.23853,0.2424,0.2385,0.2424,608.6911
2025-11-09 20:15:00+00:00,0.24116,0.24193,0.23713,0.2419,1951.883
2025-11-09 20:30:00+00:00,0.24159,0.24159,0.24159,0.24159,822.42584
2025-11-09 20:45:00+00:00,0.24147,0.2432,0.24147,0.24209,2562.2
2025-11-09 21:15:00+00:00,0.23366,0.23366,0.23196,0.23196,1985.33729
2025-11-09 21:45:00+00:00,0.23205,0.23205,0.23205,0.23205,1794.14794
2025-11-09 22:00:00+00:00,0.23181,0.23181,0.23181,0.23181,253.89501
2025-11-09 22:15:00+00:00,0.23092,0.23092,0.2298,0.2298,212.78512
2025-11-09 22:30:00+00:00,0.22777,0.22777,0.22777,0.22777,395.92572
2025-11-10 00:30:00+00:00,0.2227,0.2227,0.2227,0.2227,43.17512
2025-11-10 02:45:00+00:00,0.23037,0.23238,0.23037,0.23238,2525.86203
2025-11-10 03:00:00+00:00,0.24314,0.24816,0.24291,0.24384,46155.97379
2025-11-10 03:15:00+00:00,0.24209,0.24239,0.24209,0.24239,3532.34252
2025-11-10 03:45:00+00:00,0.23721,0.24512,0.23721,0.24512,1088.28283
2025-11-10 04:00:00+00:00,0.24072,0.24072,0.24071,0.24071,427.90742
2025-11-10 04:15:00+00:00,0.24834,0.25199,0.24688,0.24688,787.45008
2025-11-10 04:30:00+00:00,0.24576,0.24576,0.24576,0.24576,614.57778
2025-11-10 04:45:00+00:00,0.24587,0.24587,0.24587,0.24587,134.76691
2025-11-10 05:00:00+00:00,0.24449,0.2448,0.24449,0.2448,1428.94065
2025-11-10 05:15:00+00:00,0.24344,0.24439,0.24172,0.24439,106.08625
2025-11-10 05:30:00+00:00,0.24195,0.24266,0.24195,0.24266,46.5338
2025-11-10 05:45:00+00:00,0.24412,0.24479,0.24409,0.24479,8131.9983
2025-11-10 06:00:00+00:00,0.24564,0.25333,0.2456,0.2515,3191.38354
2025-11-10 06:15:00+00:00,0.25016,0.25026,0.24759,0.24759,2218.09461
2025-11-10 06:45:00+00:00,0.24929,0.25028,0.24929,0.25028,2050.88959
2025-11-10 07:00:00+00:00,0.25899,0.26398,0.25899,0.26398,65392.3024
2025-11-10 07:15:00+00:00,0.25935,0.26311,0.25689,0.26199,4998.16991
2025-11-10 07:30:00+00:00,0.26154,0.26201,0.25759,0.25935,2236.98242
2025-11-10 07:45:00+00:00,0.25799,0.26903,0.25799,0.26231,5161.53462
2025-11-10 08:00:00+00:00,0.26317,0.26317,0.258,0.258,24781.36044
2025-11-10 08:15:00+00:00,0.25269,0.25269,0.25269,0.25269,59.51957
2025-11-10 08:30:00+00:00,0.25393,0.25393,0.25126,0.25126,2203.02504
2025-11-10 08:45:00+00:00,0.24812,0.24812,0.24812,0.24812,318.18577
2025-11-10 09:00:00+00:00,0.24886,0.24886,0.24886,0.24886,18.42921
2025-11-10 09:15:00+00:00,0.239,0.239,0.239,0.239,0.0008
2025-11-10 09:30:00+00:00,0.24062,0.24205,0.23857,0.23857,904.92949
2025-11-10 10:30:00+00:00,0.23957,0.24466,0.23957,0.24466,72.68551
2025-11-10 11:15:00+00:00,0.24831,0.24831,0.24831,0.24831,36.0
2025-11-10 11:30:00+00:00,0.25123,0.25123,0.25123,0.25123,77.2
2025-11-10 11:45:00+00:00,0.262,0.2691,0.25694,0.25755,21708.73008
2025-11-10 12:00:00+00:00,0.27197,0.27197,0.24759,0.24759,11638.23111
2025-11-10 12:15:00+00:00,0.25138,0.25138,0.24765,0.24765,1498.44856
2025-11-10 13:45:00+00:00,0.25368,0.25368,0.25368,0.25368,36.0
2025-11-10 14:00:00+00:00,0.25442,0.2601,0.25441,0.2601,1544.37244
2025-11-10 14:15:00+00:00,0.26009,0.26246,0.26009,0.26025,4938.56695
2025-11-10 14:30:00+00:00,0.25798,0.25865,0.25798,0.25865,1100.0
2025-11-10 14:45:00+00:00,0.265,0.26563,0.26189,0.26189,18269.27442
2025-11-10 15:00:00+00:00,0.26415,0.26998,0.26415,0.26998,1021.70273
2025-11-10 15:30:00+00:00,0.26529,0.2653,0.2598,0.2598,11133.17871
2025-11-10 16:00:00+00:00,0.26217,0.27266,0.26217,0.26832,22903.5819
2025-11-10 16:15:00+00:00,0.26917,0.26917,0.26399,0.26624,19484.52751
2025-11-10 16:30:00+00:00,0.26449,0.26654,0.2623,0.2633,8233.08582
2025-11-10 16:45:00+00:00,0.26203,0.26203,0.2589,0.2589,5352.44033
2025-11-10 17:00:00+00:00,0.25983,0.26253,0.25805,0.25997,7482.39931
2025-11-10 17:15:00+00:00,0.2579,0.2579,0.25758,0.25758,4896.33125
2025-11-10 17:30:00+00:00,0.25789,0.25913,0.25789,0.25913,693.93916
2025-11-10 18:15:00+00:00,0.26461,0.26854,0.26269,0.26854,803.17879
2025-11-10 18:30:00+00:00,0.27099,0.27814,0.26704,0.27181,70022.15001
2025-11-10 18:45:00+00:00,0.27415,0.2764,0.26649,0.26865,18719.70125
2025-11-10 19:00:00+00:00,0.26767,0.27374,0.26653,0.27374,834.46468
2025-11-10 19:15:00+00:00,0.2705,0.27365,0.2705,0.27132,7238.68751
2025-11-10 19:30:00+00:00,0.27065,0.27455,0.26927,0.27455,2025.01025
2025-11-10 19:45:00+00:00,0.27776,0.27865,0.27424,0.27865,7535.97881
2025-11-10 20:00:00+00:00,0.27397,0.2753,0.26432,0.26832,11900.35446
2025-11-10 20:15:00+00:00,0.26352,0.26754,0.26352,0.26508,1334.92798
2025-11-10 20:30:00+00:00,0.26508,0.26603,0.2648,0.266,5489.65829
2025-11-10 20:45:00+00:00,0.2621,0.26253,0.26121,0.26253,1289.81112
2025-11-10 21:00:00+00:00,0.26242,0.26253,0.26227,0.26227,1268.68219
2025-11-10 21:15:00+00:00,0.26138,0.26138,0.25667,0.25667,6541.51053
2025-11-10 21:30:00+00:00,0.25618,0.25733,0.25618,0.25733,486.14952
2025-11-10 21:45:00+00:00,0.25421,0.25421,0.25348,0.25348,3918.45069
2025-11-10 22:00:00+00:00,0.25595,0.25877,0.25595,0.25877,5464.6347
2025-11-10 22:15:00+00:00,0.26276,0.26575,0.26025,0.26575,1168.14305
2025-11-10 22:30:00+00:00,0.26773,0.27147,0.26626,0.26857,24570.59883
2025-11-10 22:45:00+00:00,0.2639,0.26996,0.2639,0.26787,38059.44962
2025-11-10 23:00:00+00:00,0.25947,0.26239,0.25879,0.26235,5108.48211
2025-11-10 23:15:00+00:00,0.26299,0.2637,0.26298,0.2637,3663.70371
2025-11-10 23:45:00+00:00,0.26037,0.26037,0.26037,0.26037,36.67745
2025-11-11 00:00:00+00:00,0.25847,0.25847,0.25847,0.25847,0.0013
2025-11-11 00:45:00+00:00,0.25389,0.25389,0.25389,0.25389,70.70018
2025-11-11 01:00:00+00:00,0.25318,0.25318,0.25318,0.25318,37.51646
2025-11-11 02:15:00+00:00,0.24895,0.24895,0.24895,0.24895,600.0
2025-11-11 02:30:00+00:00,0.2528,0.25303,0.2522,0.2522,2222.41524
2025-11-11 03:00:00+00:00,0.25165,0.25165,0.25165,0.25165,197.78481
2025-11-11 04:00:00+00:00,0.24592,0.24592,0.24534,0.24534,855.721
2025-11-11 05:00:00+00:00,0.24074,0.24111,0.24074,0.24105,562.19842
2025-11-11 05:30:00+00:00,0.24103,0.24103,0.24103,0.24103,20.70281
2025-11-11 06:00:00+00:00,0.24009,0.24009,0.239,0.239,2214.35567
2025-11-11 07:15:00+00:00,0.2389,0.2389,0.2389,0.2389,521.93192
2025-11-11 07:30:00+00:00,0.2387,0.2387,0.2387,0.2387,113.40595
2025-11-11 07:45:00+00:00,0.238,0.23869,0.238,0.23869,439.34907
2025-11-11 08:00:00+00:00,0.24063,0.24063,0.24063,0.24063,250.0
2025-11-11 08:30:00+00:00,0.24032,0.24353,0.24032,0.24353,69.0
2025-11-11 08:45:00+00:00,0.245,0.25256,0.24485,0.25256,6834.19239
2025-11-11 09:00:00+00:00,0.25632,0.25632,0.24901,0.24901,7234.84599
2025-11-11 09:15:00+00:00,0.24778,0.25726,0.24778,0.25451,22887.47014
2025-11-11 09:30:00+00:00,0.25442,0.25443,0.25442,0.25443,1402.58763
2025-11-11 09:45:00+00:00,0.2532,0.2532,0.2532,0.2532,196.95892
2025-11-11 10:00:00+00:00,0.25223,0.258,0.25223,0.258,16085.52948
2025-11-11 10:15:00+00:00,0.25823,0.26487,0.25731,0.26487,10594.9257
2025-11-11 10:30:00+00:00,0.26512,0.26512,0.25852,0.25852,6015.32842
2025-11-11 10:45:00+00:00,0.25518,0.25518,0.25518,0.25518,1332.11344
2025-11-11 11:00:00+00:00,0.2627,0.27169,0.2627,0.26852,2194.84617
2025-11-11 11:15:00+00:00,0.26844,0.26966,0.26844,0.26966,2816.34061
2025-11-11 11:45:00+00:00,0.26758,0.26758,0.26758,0.26758,837.09545
2025-11-11 12:00:00+00:00,0.2718,0.2735,0.26677,0.26677,5569.04056
2025-11-11 12:15:00+00:00,0.26666,0.26666,0.26326,0.26326,1668.04417
2025-11-11 12:45:00+00:00,0.26346,0.26346,0.26346,0.26346,38.0
2025-11-11 13:00:00+00:00,0.26361,0.26451,0.26175,0.26175,3874.37552
2025-11-11 13:15:00+00:00,0.25984,0.2652,0.25853,0.26164,8893.20829
2025-11-11 13:45:00+00:00,0.26033,0.26033,0.25912,0.25912,44.09753
2025-11-11 14:15:00+00:00,0.25968,0.25968,0.25968,0.25968,38.55
2025-11-11 14:30:00+00:00,0.26075,0.26075,0.26008,0.26008,2732.78198
2025-11-11 15:00:00+00:00,0.26383,0.27044,0.26383,0.27044,470.23472
2025-11-11 15:15:00+00:00,0.26892,0.26892,0.26892,0.26892,74.20814
2025-11-11 15:30:00+00:00,0.27646,0.27822,0.27492,0.27492,14167.47525
2025-11-11 15:45:00+00:00,0.27759,0.2815,0.27742,0.27988,8361.78745
2025-11-11 16:00:00+00:00,0.27347,0.27347,0.27002,0.27109,3788.22925
2025-11-11 16:15:00+00:00,0.26332,0.26348,0.26235,0.26324,12421.57577
2025-11-11 16:30:00+00:00,0.26657,0.26894,0.26657,0.26894,2790.87439
2025-11-11 16:45:00+00:00,0.27,0.27,0.27,0.27,740.74074
2025-11-11 17:00:00+00:00,0.26623,0.26661,0.26623,0.26661,421.7513
2025-11-11 17:30:00+00:00,0.26891,0.26891,0.26704,0.26704,2346.00854
2025-11-11 17:45:00+00:00,0.27056,0.27184,0.27056,0.27184,64.17346
2025-11-11 18:00:00+00:00,0.275,0.28309,0.275,0.27779,6237.32817
2025-11-11 18:30:00+00:00,0.27091,0.27091,0.26725,0.26918,4873.3551
2025-11-11 18:45:00+00:00,0.27121,0.27673,0.26339,0.26339,1883.4326
2025-11-11 19:00:00+00:00,0.26587,0.26703,0.26587,0.26703,772.69355
2025-11-11 19:15:00+00:00,0.26788,0.26788,0.26439,0.26439,4557.63293
2025-11-11 19:30:00+00:00,0.26558,0.26599,0.26484,0.26524,10065.59283
2025-11-11 19:45:00+00:00,0.26614,0.26614,0.26614,0.26614,103.13749
2025-11-11 20:00:00+00:00,0.26439,0.26439,0.26298,0.26298,1308.47607
2025-11-11 20:15:00+00:00,0.26268,0.26268,0.25912,0.25912,3143.727
2025-11-11 20:30:00+00:00,0.25904,0.26,0.259,0.26,9954.68887
2025-11-11 20:45:00+00:00,0.26008,0.26067,0.26008,0.26067,1229.37774
2025-11-11 21:00:00+00:00,0.25981,0.25981,0.25981,0.25981,240.02156
2025-11-11 21:30:00+00:00,0.26044,0.26044,0.26044,0.26044,244.58608
2025-11-11 22:00:00+00:00,0.25367,0.25367,0.25367,0.25367,98.27729
2025-11-11 23:45:00+00:00,0.25243,0.25243,0.25243,0.25243,24.0
2025-11-12 00:00:00+00:00,0.24905,0.24908,0.24905,0.24908,629.21033
2025-11-12 00:45:00+00:00,0.25077,0.25077,0.25077,0.25077,24.0
2025-11-12 01:15:00+00:00,0.25154,0.25159,0.25108,0.25108,5666.73309
2025-11-12 01:45:00+00:00,0.25109,0.25109,0.25109,0.25109,516.81641
2025-11-12 02:30:00+00:00,0.25062,0.25062,0.25062,0.25062,112.50707
2025-11-12 04:30:00+00:00,0.24412,0.24412,0.24412,0.24412,32.48403
2025-11-12 05:45:00+00:00,0.2462,0.24891,0.2462,0.24781,8553.31536
2025-11-12 06:00:00+00:00,0.24608,0.25354,0.24608,0.25354,20573.94935
2025-11-12 06:15:00+00:00,0.25601,0.265,0.25601,0.265,41655.10276
2025-11-12 06:30:00+00:00,0.26319,0.26547,0.26319,0.26547,4277.71925
2025-11-12 06:45:00+00:00,0.26042,0.26403,0.26042,0.26403,7184.46823
2025-11-12 07:00:00+00:00,0.26085,0.26261,0.26042,0.26042,5605.76975
2025-11-12 07:15:00+00:00,0.25978,0.26065,0.25978,0.26065,2677.80543
2025-11-12 07:30:00+00:00,0.25629,0.25629,0.25573,0.25573,6568.97952
2025-11-12 08:00:00+00:00,0.25225,0.25358,0.25175,0.25358,3486.65315
2025-11-12 08:15:00+00:00,0.25539,0.25539,0.25539,0.25539,195.26997
2025-11-12 09:00:00+00:00,0.25867,0.2605,0.25866,0.2605,1552.93142
2025-11-12 09:15:00+00:00,0.26476,0.265,0.26476,0.265,610.35849
2025-11-12 09:45:00+00:00,0.27393,0.27393,0.26801,0.27166,3960.93935
2025-11-12 10:30:00+00:00,0.27097,0.27899,0.2674,0.27602,2799.65056
2025-11-12 10:45:00+00:00,0.27735,0.27939,0.27735,0.27939,1063.49465
2025-11-12 11:45:00+00:00,0.27311,0.27311,0.27309,0.27309,380.15128
2025-11-12 12:00:00+00:00,0.27176,0.27176,0.27176,0.27176,220.0
2025-11-12 12:15:00+00:00,0.28187,0.28362,0.28187,0.28311,504.00704
2025-11-12 12:30:00+00:00,0.28396,0.28571,0.28011,0.28088,8926.29642
2025-11-12 12:45:00+00:00,0.28524,0.28814,0.28376,0.28498,5349.2887
2025-11-12 13:00:00+00:00,0.27834,0.28412,0.27833,0.28412,5648.46964
2025-11-12 13:15:00+00:00,0.28196,0.28196,0.2812,0.28125,2284.20885
2025-11-12 13:30:00+00:00,0.28101,0.288,0.28101,0.288,4086.91146
2025-11-12 13:45:00+00:00,0.29,0.29,0.28501,0.28501,3530.67506
2025-11-12 14:00:00+00:00,0.28567,0.28663,0.28472,0.28472,1983.96799
2025-11-12 14:15:00+00:00,0.28476,0.28477,0.28135,0.28135,45235.49417
2025-11-12 14:30:00+00:00,0.28347,0.28348,0.28347,0.28348,1590.01612
2025-11-12 14:45:00+00:00,0.28196,0.28196,0.28196,0.28196,53.19714
2025-11-12 15:00:00+00:00,0.28438,0.2864,0.28268,0.28269,1691.68727
2025-11-12 15:15:00+00:00,0.28222,0.28222,0.28222,0.28222,17.78755
2025-11-12 15:30:00+00:00,0.28701,0.28765,0.28512,0.28512,2140.22117
2025-11-12 15:45:00+00:00,0.27915,0.27915,0.27915,0.27915,23.0
2025-11-12 16:00:00+00:00,0.28177,0.28318,0.28177,0.28318,115.22507
2025-11-12 16:30:00+00:00,0.27795,0.27795,0.2721,0.2721,241.36005
2025-11-12 16:45:00+00:00,0.27571,0.27572,0.27571,0.27572,5178.79935
2025-11-12 17:00:00+00:00,0.27238,0.27298,0.2693,0.2693,7225.67721
2025-11-12 17:15:00+00:00,0.27088,0.27088,0.26669,0.26669,10777.8395
2025-11-12 17:30:00+00:00,0.26201,0.26384,0.26193,0.26384,3236.26995
2025-11-12 17:45:00+00:00,0.26052,0.2612,0.26052,0.2612,410.35262
2025-11-12 18:00:00+00:00,0.26053,0.26053,0.26053,0.26053,185.66654
2025-11-12 18:45:00+00:00,0.26333,0.26335,0.26333,0.26335,1797.02998
2025-11-12 19:30:00+00:00,0.26346,0.2639,0.26346,0.2639,3155.19825
2025-11-12 20:30:00+00:00,0.27192,0.27335,0.27151,0.27151,10416.18226
2025-11-12 20:45:00+00:00,0.26938,0.26938,0.26938,0.26938,18.63539
2025-11-12 21:00:00+00:00,0.26954,0.26954,0.26171,0.26172,17850.38124
2025-11-12 21:30:00+00:00,0.25759,0.25759,0.25759,0.25759,557.0
2025-11-12 21:45:00+00:00,0.26021,0.26094,0.26014,0.26052,21397.15033
2025-11-12 22:00:00+00:00,0.25961,0.25961,0.25881,0.25884,6449.67865
2025-11-12 22:15:00+00:00,0.25857,0.25867,0.25506,0.25506,6535.91576
2025-11-12 22:45:00+00:00,0.25291,0.25291,0.25291,0.25291,1042.67479
2025-11-12 23:00:00+00:00,0.25303,0.25303,0.25302,0.25302,4551.60064
2025-11-13 00:30:00+00:00,0.25432,0.25432,0.25432,0.25432,13.0
2025-11-13 00:45:00+00:00,0.25513,0.25513,0.25268,0.25269,2085.2066
2025-11-13 01:30:00+00:00,0.25402,0.25402,0.25402,0.25402,98.14187
2025-11-13 01:45:00+00:00,0.25168,0.25168,0.25076,0.25076,170.20002
2025-11-13 02:00:00+00:00,0.2475,0.24929,0.2468,0.2468,1135.15712
2025-11-13 03:30:00+00:00,0.24983,0.24983,0.24983,0.24983,38.22599
2025-11-13 03:45:00+00:00,0.24468,0.24468,0.24134,0.24255,940.86982
2025-11-13 04:00:00+00:00,0.24034,0.24034,0.2402,0.2402,1195.92273
2025-11-13 04:15:00+00:00,0.24013,0.24013,0.24013,0.24013,98.14187
2025-11-13 04:45:00+00:00,0.239,0.239,0.239,0.239,23050.12552
2025-11-13 05:00:00+00:00,0.238,0.239,0.23691,0.239,16654.77627
2025-11-13 05:15:00+00:00,0.2382,0.2382,0.23671,0.23671,2331.26932
2025-11-13 05:30:00+00:00,0.23344,0.23345,0.23344,0.23345,1068.37607
2025-11-13 06:15:00+00:00,0.23345,0.23491,0.23345,0.234,18604.49065
2025-11-13 06:45:00+00:00,0.22827,0.22827,0.2275,0.22751,35207.55391
2025-11-13 07:00:00+00:00,0.22871,0.23122,0.22871,0.23122,12976.0
2025-11-13 07:15:00+00:00,0.23586,0.23856,0.23221,0.2385,34637.13277
2025-11-13 07:30:00+00:00,0.24304,0.24547,0.23655,0.23655,7450.94717
2025-11-13 07:45:00+00:00,0.23777,0.23777,0.23777,0.23777,1222.23682
2025-11-13 08:00:00+00:00,0.23538,0.23896,0.23538,0.23896,9421.58783
2025-11-13 08:15:00+00:00,0.23196,0.23196,0.23196,0.23196,26.0
2025-11-13 09:15:00+00:00,0.23056,0.23056,0.23034,0.23034,639.69681
2025-11-13 09:45:00+00:00,0.22631,0.22879,0.2254,0.22879,3223.44208
2025-11-13 10:15:00+00:00,0.23137,0.23137,0.2307,0.2307,2880.69619
2025-11-13 11:30:00+00:00,0.22544,0.22544,0.22544,0.22544,44.22462
2025-11-13 11:45:00+00:00,0.2252,0.2252,0.2233,0.2233,1798.54916
2025-11-13 12:30:00+00:00,0.22406,0.22406,0.22406,0.22406,66.76783
2025-11-13 12:45:00+00:00,0.22343,0.22343,0.22343,0.22343,892.8971
2025-11-13 13:15:00+00:00,0.22459,0.22459,0.22459,0.22459,22.21826
2025-11-13 13:30:00+00:00,0.22001,0.22078,0.22,0.22078,10230.77665
2025-11-13 13:45:00+00:00,0.2288,0.2288,0.22723,0.22794,10443.91374
2025-11-13 14:00:00+00:00,0.22687,0.22854,0.2251,0.22692,25621.76157
2025-11-13 14:30:00+00:00,0.22478,0.22577,0.22478,0.22577,161.84121
2025-11-13 14:45:00+00:00,0.22778,0.22778,0.22632,0.22632,13920.27862
2025-11-13 15:00:00+00:00,0.22541,0.22571,0.22462,0.22534,19254.53612
2025-11-13 15:15:00+00:00,0.225,0.225,0.22278,0.22278,2163.32912
2025-11-13 15:30:00+00:00,0.22413,0.22643,0.21734,0.21734,25051.59463
2025-11-13 15:45:00+00:00,0.22856,0.22941,0.22717,0.22717,910.00349
2025-11-13 16:00:00+00:00,0.22689,0.2276,0.22572,0.22606,5877.18374
2025-11-13 16:15:00+00:00,0.22714,0.22714,0.22714,0.22714,334.15514
2025-11-13 16:30:00+00:00,0.2271,0.2271,0.2271,0.2271,3963.01189
2025-11-13 17:00:00+00:00,0.22986,0.23131,0.22637,0.22776,24291.14162
2025-11-13 17:15:00+00:00,0.22748,0.22748,0.22748,0.22748,50.0
2025-11-13 17:30:00+00:00,0.22808,0.22808,0.2246,0.2246,360.37401
2025-11-13 17:45:00+00:00,0.22545,0.22545,0.22545,0.22545,26.52472
2025-11-13 18:00:00+00:00,0.22748,0.22827,0.22748,0.22827,8770.92714
2025-11-13 18:30:00+00:00,0.22896,0.22982,0.22766,0.22766,8657.88997
2025-11-13 18:45:00+00:00,0.23,0.23,0.23,0.23,1899.78094
2025-11-13 19:00:00+00:00,0.23694,0.23694,0.23688,0.23694,1308.8688
2025-11-13 19:15:00+00:00,0.235,0.23556,0.23282,0.23556,31226.03956
2025-11-13 19:30:00+00:00,0.23396,0.234,0.2335,0.234,70038.0
2025-11-13 19:45:00+00:00,0.236,0.23944,0.23479,0.23928,27056.9904
2025-11-13 20:00:00+00:00,0.22961,0.22961,0.22178,0.22179,12830.3625
2025-11-13 20:15:00+00:00,0.22793,0.22793,0.22327,0.22327,4845.02898
2025-11-13 21:00:00+00:00,0.22633,0.22633,0.22633,0.22633,457.38523
2025-11-13 21:15:00+00:00,0.22464,0.22464,0.21351,0.2154,169077.34287
2025-11-13 21:30:00+00:00,0.216,0.216,0.21309,0.21325,12648.57678
2025-11-13 21:45:00+00:00,0.21472,0.21506,0.21472,0.21506,5341.25438
2025-11-13 22:15:00+00:00,0.21811,0.21992,0.21776,0.21988,13098.67623
2025-11-13 22:30:00+00:00,0.2195,0.2208,0.2195,0.2208,3299.16755
2025-11-13 22:45:00+00:00,0.21851,0.21851,0.2185,0.2185,2857.38093
2025-11-13 23:00:00+00:00,0.22045,0.22045,0.22045,0.22045,45.22567
2025-11-13 23:30:00+00:00,0.21902,0.21934,0.21902,0.21934,84.99977
2025-11-13 23:45:00+00:00,0.2179,0.2179,0.2179,0.2179,243.36851
2025-11-14 01:15:00+00:00,0.22008,0.22008,0.22008,0.22008,243.36851
2025-11-14 02:30:00+00:00,0.21826,0.21826,0.21825,0.21825,3963.01189
2025-11-14 04:30:00+00:00,0.21273,0.21273,0.21273,0.21273,42.30715
2025-11-14 05:00:00+00:00,0.20567,0.20567,0.20557,0.20557,8183.68268
2025-11-14 05:30:00+00:00,0.2087,0.21854,0.2087,0.21321,5611.35416
2025-11-14 05:45:00+00:00,0.21277,0.22108,0.21127,0.22108,26935.23148
2025-11-14 06:00:00+00:00,0.22013,0.22013,0.21937,0.21937,2222.96058
2025-11-14 06:15:00+00:00,0.22385,0.22385,0.22332,0.22332,2501.06179
2025-11-14 06:30:00+00:00,0.22596,0.22596,0.22551,0.22583,5602.58944
2025-11-14 07:30:00+00:00,0.22132,0.22132,0.22132,0.22132,539.95904
2025-11-14 07:45:00+00:00,0.22211,0.22211,0.22211,0.22211,13.0
2025-11-14 08:30:00+00:00,0.21837,0.21837,0.21837,0.21837,623.47097
2025-11-14 09:00:00+00:00,0.21727,0.21727,0.21727,0.21727,13.0
2025-11-14 09:15:00+00:00,0.21779,0.21779,0.21779,0.21779,45.6
2025-11-14 09:30:00+00:00,0.218,0.218,0.218,0.218,42.30715
2025-11-14 10:00:00+00:00,0.21919,0.21919,0.21919,0.21919,1153.80957
2025-11-14 10:30:00+00:00,0.22424,0.22431,0.22379,0.22379,626.90076
2025-11-14 10:45:00+00:00,0.22449,0.22449,0.22449,0.22449,724.83978
2025-11-14 11:45:00+00:00,0.22192,0.22192,0.22044,0.22044,6287.74617
2025-11-14 12:45:00+00:00,0.22153,0.22153,0.22153,0.22153,222.9058
2025-11-14 13:00:00+00:00,0.21818,0.21818,0.21818,0.21818,45.5
2025-11-14 13:30:00+00:00,0.21978,0.21978,0.21978,0.21978,710.00977
2025-11-14 14:45:00+00:00,0.22167,0.22167,0.2201,0.2201,6897.77666
2025-11-14 15:45:00+00:00,0.22987,0.23132,0.22987,0.23132,1522.62941
2025-11-14 16:00:00+00:00,0.23244,0.23417,0.23085,0.23085,5915.62543
2025-11-14 16:15:00+00:00,0.22878,0.23134,0.22878,0.22978,4643.41441
2025-11-14 16:45:00+00:00,0.2285,0.23059,0.2285,0.23059,2579.83626
2025-11-14 17:15:00+00:00,0.231,0.231,0.231,0.231,50000.0
2025-11-14 17:45:00+00:00,0.22645,0.22645,0.22584,0.22584,39.3198
2025-11-14 19:00:00+00:00,0.22772,0.22772,0.22542,0.22587,8787.44348
2025-11-14 19:15:00+00:00,0.21455,0.217,0.21369,0.217,43122.18011
2025-11-14 19:30:00+00:00,0.21696,0.21696,0.214,0.214,1290.8924
2025-11-14 19:45:00+00:00,0.214,0.21414,0.214,0.214,16586.84111
2025-11-14 20:00:00+00:00,0.212,0.212,0.20988,0.21088,1056.6
2025-11-14 20:15:00+00:00,0.20915,0.20915,0.20915,0.20915,1487.54707
2025-11-14 20:30:00+00:00,0.20796,0.20909,0.20796,0.20909,2133.41549
2025-11-14 20:45:00+00:00,0.20239,0.20241,0.20171,0.20241,5800.1881
2025-11-14 21:15:00+00:00,0.20183,0.20183,0.20183,0.20183,5184.42914
2025-11-14 21:45:00+00:00,0.20045,0.20045,0.20045,0.20045,856.22047
2025-11-14 22:00:00+00:00,0.2018,0.2018,0.2018,0.2018,640.0799
2025-11-14 22:45:00+00:00,0.2,0.2,0.2,0.2,125.03725
2025-11-14 23:00:00+00:00,0.2,0.2,0.1999,0.1999,927.50992
2025-11-14 23:15:00+00:00,0.19995,0.19995,0.19988,0.19989,1684.39845
2025-11-14 23:30:00+00:00,0.1998,0.1998,0.1998,0.1998,891.42737
2025-11-15 00:00:00+00:00,0.20435,0.20435,0.20435,0.20435,306.07505
2025-11-15 00:15:00+00:00,0.20545,0.20623,0.20545,0.20623,11010.0
2025-11-15 00:30:00+00:00,0.20379,0.20379,0.20379,0.20379,48.92291
2025-11-15 00:45:00+00:00,0.20665,0.20702,0.20245,0.20245,25615.61219
2025-11-15 01:00:00+00:00,0.20253,0.20253,0.20253,0.20253,250.25025
2025-11-15 02:00:00+00:00,0.20403,0.20403,0.20403,0.20403,31.0
2025-11-15 02:30:00+00:00,0.20376,0.20376,0.20376,0.20376,13.0
2025-11-15 05:00:00+00:00,0.20456,0.20506,0.20456,0.20506,6190.83937
2025-11-15 05:15:00+00:00,0.20506,0.20506,0.20506,0.20506,250.25025
2025-11-15 05:30:00+00:00,0.20384,0.20592,0.20384,0.20592,54363.27927
2025-11-15 05:45:00+00:00,0.20583,0.20583,0.20583,0.20583,1863.80644
2025-11-15 06:45:00+00:00,0.20665,0.20877,0.20665,0.20782,5699.45198
2025-11-15 07:00:00+00:00,0.20846,0.20846,0.20846,0.20846,17.62605
2025-11-15 07:15:00+00:00,0.20708,0.2159,0.20708,0.2159,14782.60634
2025-11-15 07:30:00+00:00,0.21674,0.21674,0.21288,0.21288,1137.56104
2025-11-15 07:45:00+00:00,0.21167,0.21168,0.20908,0.20908,5699.42758
2025-11-15 08:00:00+00:00,0.20931,0.21011,0.20732,0.21011,20986.87592
2025-11-15 08:15:00+00:00,0.20841,0.21123,0.20841,0.21123,31844.86384
2025-11-15 08:30:00+00:00,0.20999,0.20999,0.20999,0.20999,288.0
2025-11-15 08:45:00+00:00,0.2132,0.2132,0.2132,0.2132,46.90432
2025-11-15 09:30:00+00:00,0.20924,0.20924,0.20873,0.20873,333.09347
2025-11-15 10:00:00+00:00,0.20804,0.20804,0.20804,0.20804,0.78247
2025-11-15 10:15:00+00:00,0.20909,0.20909,0.20909,0.20909,1525.51585
2025-11-15 10:30:00+00:00,0.21048,0.21048,0.21048,0.21048,13.0
2025-11-15 10:45:00+00:00,0.21084,0.21084,0.21081,0.21081,3018.93385
2025-11-15 12:30:00+00:00,0.2111,0.21169,0.2111,0.21169,2751.36305
2025-11-15 13:00:00+00:00,0.21,0.21,0.21,0.21,85.71429
2025-11-15 13:15:00+00:00,0.21084,0.21084,0.21084,0.21084,361.70213
2025-11-15 14:45:00+00:00,0.2069,0.2069,0.2069,0.2069,46.90432
2025-11-15 16:00:00+00:00,0.20961,0.20961,0.20961,0.20961,1155.90859
2025-11-15 16:15:00+00:00,0.20916,0.20916,0.20916,0.20916,113.33055
2025-11-15 16:30:00+00:00,0.20919,0.21049,0.20919,0.21049,1743.63639
2025-11-15 16:45:00+00:00,0.21397,0.21404,0.21397,0.21404,59.59531
2025-11-15 17:15:00+00:00,0.22073,0.22091,0.22,0.22,8793.88061
2025-11-15 17:30:00+00:00,0.22,0.22,0.22,0.22,52401.53367
2025-11-15 18:00:00+00:00,0.22087,0.22087,0.21674,0.21674,22149.60365
2025-11-15 18:15:00+00:00,0.21482,0.21482,0.21433,0.21433,686.67751
2025-11-15 18:45:00+00:00,0.21216,0.21699,0.21215,0.21699,2063.38444
2025-11-15 20:00:00+00:00,0.21227,0.21227,0.21227,0.21227,23.46068
2025-11-15 20:15:00+00:00,0.21175,0.21175,0.21175,0.21175,26.24132
2025-11-15 20:45:00+00:00,0.21405,0.21405,0.21405,0.21405,466.2462
2025-11-15 21:15:00+00:00,0.21518,0.21817,0.21518,0.21801,4278.6839
2025-11-15 21:45:00+00:00,0.21534,0.21534,0.21534,0.21534,2756.29237
2025-11-15 22:15:00+00:00,0.21745,0.21745,0.21745,0.21745,22.90181
2025-11-15 22:30:00+00:00,0.21807,0.21807,0.21807,0.21807,45.81097
2025-11-15 22:45:00+00:00,0.2195,0.2195,0.21574,0.21602,8414.32342
2025-11-15 23:00:00+00:00,0.21492,0.21492,0.21492,0.21492,90.87947
2025-11-15 23:15:00+00:00,0.22022,0.22023,0.21846,0.21846,5941.44829
2025-11-15 23:30:00+00:00,0.21818,0.22,0.21705,0.22,18516.5284
2025-11-15 23:45:00+00:00,0.21217,0.21218,0.21112,0.21112,4515.34402
2025-11-16 00:00:00+00:00,0.20947,0.20947,0.20046,0.20047,10648.09468
2025-11-16 00:15:00+00:00,0.19931,0.20008,0.19931,0.20008,6118.86615
2025-11-16 00:30:00+00:00,0.19798,0.199,0.19577,0.199,72373.6349
2025-11-16 01:15:00+00:00,0.20512,0.20512,0.20512,0.20512,3486.0
2025-11-16 03:00:00+00:00,0.20619,0.20619,0.20619,0.20619,13.0
2025-11-16 05:00:00+00:00,0.20223,0.20223,0.20223,0.20223,42.1797
2025-11-16 06:00:00+00:00,0.2085,0.20863,0.20792,0.20863,1096.77877
2025-11-16 07:15:00+00:00,0.20627,0.20627,0.20627,0.20627,1619.35246
2025-11-16 07:45:00+00:00,0.2162,0.21743,0.21536,0.21743,14695.34416
2025-11-16 08:15:00+00:00,0.21991,0.22,0.21916,0.21916,4290.70719
2025-11-16 08:30:00+00:00,0.21696,0.21696,0.21695,0.21695,2086.58106
2025-11-16 08:45:00+00:00,0.21706,0.2202,0.21706,0.2202,412.77574
2025-11-16 09:00:00+00:00,0.22104,0.22104,0.22104,0.22104,1356.85848
2025-11-16 09:30:00+00:00,0.22,0.22021,0.219,0.219,65485.54171
2025-11-16 10:00:00+00:00,0.21961,0.21961,0.21961,0.21961,22.85871
2025-11-16 10:15:00+00:00,0.22022,0.22022,0.21753,0.21753,1810.04166
2025-11-16 10:30:00+00:00,0.21296,0.21313,0.21296,0.21313,488.62882
2025-11-16 10:45:00+00:00,0.2148,0.2148,0.2148,0.2148,42.0
2025-11-16 11:00:00+00:00,0.21183,0.21183,0.2102,0.2102,163.20717
2025-11-16 11:45:00+00:00,0.2118,0.21294,0.2118,0.21294,56.69393
2025-11-16 12:00:00+00:00,0.21435,0.21436,0.21435,0.21436,2852.00848
2025-11-16 12:15:00+00:00,0.21612,0.21612,0.21612,0.21612,1836.99315
2025-11-16 12:30:00+00:00,0.2092,0.2092,0.20869,0.20869,276.21582
2025-11-16 12:45:00+00:00,0.20958,0.21075,0.20936,0.21075,1376.29755
2025-11-16 13:30:00+00:00,0.2129,0.2129,0.2129,0.2129,13.0
2025-11-16 13:45:00+00:00,0.21122,0.21122,0.21122,0.21122,13.0
2025-11-16 14:00:00+00:00,0.21312,0.21312,0.213,0.213,8196.60309
2025-11-16 14:15:00+00:00,0.21324,0.21513,0.213,0.2145,52026.83099
2025-11-16 14:45:00+00:00,0.21249,0.217,0.21025,0.217,45484.23325
2025-11-16 15:45:00+00:00,0.21098,0.21098,0.21098,0.21098,175.75126
2025-11-16 16:15:00+00:00,0.20615,0.20615,0.20615,0.20615,2164.92402
2025-11-16 16:30:00+00:00,0.20603,0.20603,0.20204,0.20204,36521.02292
2025-11-16 16:45:00+00:00,0.20327,0.20327,0.20263,0.20263,5271.00608
2025-11-16 17:15:00+00:00,0.2016,0.2016,0.19919,0.19919,20528.43011
2025-11-16 17:30:00+00:00,0.19929,0.19929,0.19858,0.19858,1486.81266
2025-11-16 17:45:00+00:00,0.19735,0.19735,0.19735,0.19735,19704.88979
2025-11-16 18:00:00+00:00,0.19869,0.1992,0.19869,0.1992,3578.0
2025-11-16 18:15:00+00:00,0.20097,0.2013,0.20097,0.2013,9936.09874
2025-11-16 18:30:00+00:00,0.19994,0.19994,0.19981,0.19981,10014.23929
2025-11-16 18:45:00+00:00,0.20028,0.20028,0.20028,0.20028,996.05785
2025-11-16 19:00:00+00:00,0.19989,0.19989,0.19989,0.19989,1131.39814
2025-11-16 19:15:00+00:00,0.1994,0.1994,0.1994,0.1994,600.0
2025-11-16 19:45:00+00:00,0.19973,0.19973,0.19973,0.19973,74.90111
2025-11-16 20:15:00+00:00,0.20143,0.20143,0.20143,0.20143,24.92181
2025-11-16 20:30:00+00:00,0.19921,0.19987,0.19921,0.19987,625.19954
2025-11-16 21:15:00+00:00,0.19728,0.19728,0.19728,0.19728,2528.0916
2025-11-16 23:45:00+00:00,0.20108,0.20108,0.19899,0.19899,26.0
2025-11-17 00:00:00+00:00,0.19882,0.19882,0.19882,0.19882,52.26297
2025-11-17 06:00:00+00:00,0.19883,0.19883,0.19883,0.19883,13.0
2025-11-17 07:00:00+00:00,0.19801,0.19858,0.19801,0.19858,5036.94178
2025-11-17 07:45:00+00:00,0.198,0.198,0.198,0.198,37942.37374
2025-11-17 08:00:00+00:00,0.19863,0.19968,0.19863,0.199,17219.02931
2025-11-17 08:15:00+00:00,0.19959,0.2,0.19959,0.2,9294.6
2025-11-17 08:45:00+00:00,0.20118,0.20456,0.20118,0.2033,14676.63705
2025-11-17 09:00:00+00:00,0.20007,0.20007,0.19391,0.19391,22007.57546
2025-11-17 09:15:00+00:00,0.19146,0.19146,0.19146,0.19146,624.69468
2025-11-17 09:30:00+00:00,0.1919,0.192,0.191,0.191,37730.58226
2025-11-17 09:45:00+00:00,0.191,0.191,0.18696,0.19,6129.64158
2025-11-17 10:00:00+00:00,0.19001,0.19211,0.19001,0.192,3159.44549
2025-11-17 10:15:00+00:00,0.192,0.19291,0.19145,0.19291,32815.62535
2025-11-17 10:45:00+00:00,0.192,0.192,0.19044,0.19044,32.24
2025-11-17 11:00:00+00:00,0.19184,0.19184,0.19184,0.19184,2978.06842
2025-11-17 11:30:00+00:00,0.1906,0.1906,0.18962,0.18962,541.06314
2025-11-17 11:45:00+00:00,0.18956,0.18956,0.18956,0.18956,78.97235
2025-11-17 12:15:00+00:00,0.18997,0.18997,0.1894,0.18978,9833.19253
2025-11-17 12:30:00+00:00,0.18989,0.18989,0.18866,0.18866,78.69235
2025-11-17 13:15:00+00:00,0.18983,0.18984,0.18681,0.18681,85916.98573
2025-11-17 13:30:00+00:00,0.18501,0.18501,0.18281,0.18281,75633.88486
2025-11-17 13:45:00+00:00,0.1825,0.18358,0.1825,0.18307,11229.40831
2025-11-17 14:00:00+00:00,0.18386,0.18386,0.18386,0.18386,2277.36693
2025-11-17 14:15:00+00:00,0.18312,0.18423,0.18286,0.18286,13388.46739
2025-11-17 14:45:00+00:00,0.18786,0.18786,0.18606,0.18606,13099.49678
2025-11-17 16:45:00+00:00,0.18281,0.18423,0.18281,0.18423,3398.77563
2025-11-17 17:45:00+00:00,0.18362,0.18362,0.18362,0.18362,78.97235
2025-11-17 18:00:00+00:00,0.18493,0.18493,0.18493,0.18493,2228.33767
2025-11-17 18:15:00+00:00,0.18526,0.18526,0.18526,0.18526,26.88114
2025-11-17 20:15:00+00:00,0.18363,0.18425,0.18344,0.18344,5407.83425
2025-11-17 20:30:00+00:00,0.18211,0.18211,0.18127,0.18127,2389.30593
2025-11-17 21:00:00+00:00,0.18262,0.18262,0.18262,0.18262,1092.43237
2025-11-17 21:15:00+00:00,0.18052,0.18052,0.18043,0.18043,9435.1184
2025-11-17 21:30:00+00:00,0.18025,0.18025,0.18025,0.18025,2778.41816
2025-11-17 21:45:00+00:00,0.17904,0.17904,0.17904,0.17904,1398.57016
2025-11-17 22:45:00+00:00,0.179,0.17949,0.179,0.17949,22614.70204
2025-11-17 23:00:00+00:00,0.181,0.181,0.181,0.181,11057.11101
2025-11-18 00:00:00+00:00,0.1815,0.1815,0.18045,0.18045,11833.07312
2025-11-18 00:15:00+00:00,0.17906,0.17906,0.1782,0.1782,13735.63589
2025-11-18 00:30:00+00:00,0.17667,0.17688,0.17667,0.17688,692.36048
2025-11-18 01:30:00+00:00,0.17949,0.17949,0.17949,0.17949,275.48209
2025-11-18 02:00:00+00:00,0.17683,0.17683,0.17683,0.17683,905.0
2025-11-18 03:30:00+00:00,0.18077,0.18077,0.18077,0.18077,1124.83
2025-11-18 04:00:00+00:00,0.1787,0.1787,0.1787,0.1787,1249.69886
2025-11-18 04:30:00+00:00,0.17808,0.17808,0.17808,0.17808,55.98607
2025-11-18 05:15:00+00:00,0.17958,0.17958,0.17958,0.17958,414.52277
2025-11-18 05:45:00+00:00,0.1765,0.17683,0.17521,0.17521,13195.29063
2025-11-18 06:00:00+00:00,0.17639,0.17639,0.17639,0.17639,233.34656
2025-11-18 06:30:00+00:00,0.17385,0.1741,0.17374,0.17374,1313.56444
2025-11-18 06:45:00+00:00,0.17461,0.1747,0.17461,0.1747,3693.79765
2025-11-18 07:15:00+00:00,0.17432,0.17559,0.17432,0.17559,6893.6237
2025-11-18 08:30:00+00:00,0.17811,0.17811,0.17811,0.17811,1097.69243
2025-11-18 08:45:00+00:00,0.17547,0.17547,0.17547,0.17547,0.00205
2025-11-18 09:45:00+00:00,0.17556,0.17575,0.17556,0.17575,20015.13955
2025-11-18 10:45:00+00:00,0.17599,0.17599,0.17599,0.17599,136.03045
2025-11-18 12:15:00+00:00,0.17259,0.17259,0.17259,0.17259,3.63103
2025-11-18 14:30:00+00:00,0.1747,0.1747,0.1747,0.1747,28.50601
2025-11-18 14:45:00+00:00,0.17392,0.17392,0.17392,0.17392,53.6885
2025-11-18 15:00:00+00:00,0.1711,0.1711,0.1711,0.1711,27.6437
2025-11-18 15:15:00+00:00,0.17366,0.17432,0.17366,0.174,27272.04079
2025-11-18 15:30:00+00:00,0.17397,0.17397,0.17397,0.17397,52.0
2025-11-18 16:15:00+00:00,0.17697,0.17785,0.17697,0.17785,7945.14184
2025-11-18 16:45:00+00:00,0.17677,0.17677,0.17676,0.17676,2530.56203
2025-11-18 17:00:00+00:00,0.1769,0.1769,0.1769,0.1769,395.70379
2025-11-18 17:30:00+00:00,0.17527,0.17614,0.17527,0.17614,485.88768
2025-11-18 17:45:00+00:00,0.17564,0.17565,0.17564,0.17565,113.5323
2025-11-18 18:15:00+00:00,0.17464,0.17464,0.17464,0.17464,165.17143
2025-11-18 18:30:00+00:00,0.1754,0.1754,0.1754,0.1754,156.0
2025-11-18 18:45:00+00:00,0.17613,0.17857,0.17613,0.17857,14030.76905
2025-11-18 19:00:00+00:00,0.17845,0.17845,0.17277,0.17277,10660.21794
2025-11-18 19:15:00+00:00,0.17313,0.17501,0.17313,0.17352,457.6204
2025-11-18 19:30:00+00:00,0.1743,0.17436,0.1743,0.17435,404.52364
2025-11-18 19:45:00+00:00,0.17435,0.17435,0.17435,0.17435,285.06271
2025-11-18 20:00:00+00:00,0.1748,0.1748,0.1748,0.1748,5711.61784
2025-11-18 20:15:00+00:00,0.17569,0.17574,0.17569,0.17574,5711.64313
2025-11-18 22:00:00+00:00,0.17259,0.17259,0.17259,0.17259,992.59628
2025-11-18 22:30:00+00:00,0.17442,0.17442,0.17442,0.17442,28.55177
2025-11-19 00:00:00+00:00,0.17252,0.17252,0.17,0.17,5862.92534
2025-11-19 05:30:00+00:00,0.165,0.16584,0.165,0.165,9150.18067
2025-11-19 05:45:00+00:00,0.1643,0.1643,0.1643,0.1643,774.17739
2025-11-19 06:45:00+00:00,0.16581,0.16581,0.16581,0.16581,2665.40014
2025-11-19 07:00:00+00:00,0.16525,0.16525,0.16525,0.16525,170.89258
2025-11-19 07:15:00+00:00,0.16622,0.16622,0.16622,0.16622,35.97641
2025-11-19 07:30:00+00:00,0.1651,0.16688,0.1651,0.16688,248.4366
2025-11-19 08:15:00+00:00,0.16712,0.1682,0.16614,0.16614,11971.9654
2025-11-19 09:00:00+00:00,0.16554,0.16554,0.16554,0.16554,48.0
2025-11-19 09:30:00+00:00,0.17268,0.17269,0.16906,0.16906,14540.9599
2025-11-19 09:45:00+00:00,0.16871,0.16909,0.16871,0.16909,2955.56014
2025-11-19 10:00:00+00:00,0.16996,0.16996,0.1696,0.1696,1474.90267
2025-11-19 11:15:00+00:00,0.16664,0.16664,0.16664,0.16664,11923.69285
2025-11-19 12:15:00+00:00,0.16751,0.16751,0.16622,0.16622,77.88622
2025-11-19 13:15:00+00:00,0.16538,0.16538,0.16538,0.16538,659.69226
2025-11-19 13:45:00+00:00,0.16686,0.16686,0.16686,0.16686,166.0
2025-11-19 14:30:00+00:00,0.16645,0.16645,0.16626,0.16626,9641.96197
2025-11-19 15:15:00+00:00,0.16542,0.16542,0.16542,0.16542,0.77862
2025-11-19 15:45:00+00:00,0.16309,0.16309,0.16309,0.16309,98.35061
2025-11-19 16:00:00+00:00,0.16136,0.16136,0.16136,0.16136,1000.0
2025-11-19 17:30:00+00:00,0.16842,0.16842,0.1684,0.1684,10373.17758
2025-11-19 17:45:00+00:00,0.17001,0.17069,0.16871,0.17069,5522.86627
2025-11-19 18:15:00+00:00,0.17487,0.17487,0.17393,0.17468,7464.86382
2025-11-19 18:30:00+00:00,0.17613,0.17939,0.17613,0.17918,27852.17046
2025-11-19 18:45:00+00:00,0.17917,0.18796,0.17872,0.18689,129469.79374
2025-11-19 19:00:00+00:00,0.18727,0.19096,0.17122,0.17527,117881.43706
2025-11-19 19:15:00+00:00,0.17521,0.17621,0.17483,0.17519,37083.70751
2025-11-19 19:30:00+00:00,0.17462,0.17634,0.1746,0.17592,11788.64109
2025-11-19 19:45:00+00:00,0.17585,0.17719,0.17512,0.17512,10883.82328
2025-11-19 20:00:00+00:00,0.17362,0.17362,0.16595,0.16665,10841.55731
2025-11-19 20:15:00+00:00,0.16615,0.16615,0.16368,0.16368,44260.0793
2025-11-19 20:30:00+00:00,0.16391,0.16396,0.16391,0.16396,2369.06913
2025-11-19 20:45:00+00:00,0.16201,0.16348,0.162,0.16348,1820.43324
2025-11-19 21:00:00+00:00,0.16601,0.16606,0.16601,0.16605,5024.04891
2025-11-19 21:30:00+00:00,0.17317,0.175,0.17317,0.175,8664.6412
2025-11-19 21:45:00+00:00,0.17487,0.17487,0.17487,0.17487,815.51047
2025-11-19 22:00:00+00:00,0.175,0.1753,0.175,0.1753,771.42857
2025-11-19 22:15:00+00:00,0.17495,0.17495,0.17494,0.17494,5142.66955
2025-11-19 22:45:00+00:00,0.17277,0.17277,0.17277,0.17277,740.96792
2025-11-19 23:15:00+00:00,0.17476,0.17476,0.17476,0.17476,172.79579
2025-11-20 00:00:00+00:00,0.1725,0.1725,0.1725,0.1725,3469.5
2025-11-20 00:45:00+00:00,0.17237,0.17237,0.17237,0.17237,3482.76934
2025-11-20 01:00:00+00:00,0.17233,0.17233,0.17233,0.17233,47.69918
2025-11-20 02:00:00+00:00,0.17104,0.17104,0.17103,0.17103,3980.50994
2025-11-20 06:00:00+00:00,0.16942,0.16942,0.16942,0.16942,1448.88304
2025-11-20 06:30:00+00:00,0.16977,0.16977,0.16977,0.16977,300.0
2025-11-20 07:30:00+00:00,0.16843,0.16843,0.16842,0.16842,2467.4455
2025-11-20 08:30:00+00:00,0.16907,0.16907,0.16907,0.16907,423.76037
2025-11-20 08:45:00+00:00,0.1696,0.1696,0.1696,0.1696,82.31132
2025-11-20 11:15:00+00:00,0.1691,0.16928,0.16886,0.16886,16564.23451
2025-11-20 12:00:00+00:00,0.16862,0.16862,0.16862,0.16862,889.57419
2025-11-20 12:15:00+00:00,0.16846,0.16897,0.16846,0.16897,3632.99538
2025-11-20 13:45:00+00:00,0.16501,0.16501,0.16388,0.1639,1750.25672
2025-11-20 14:00:00+00:00,0.1637,0.16499,0.1637,0.16396,18387.96316
2025-11-20 14:45:00+00:00,0.16479,0.16479,0.16408,0.16408,3316.5357
2025-11-20 15:00:00+00:00,0.16288,0.16288,0.16278,0.16278,1020.82565
2025-11-20 15:15:00+00:00,0.16288,0.16288,0.16288,0.16288,303.41646
2025-11-20 15:30:00+00:00,0.16516,0.16517,0.16516,0.16517,3019.75147
2025-11-20 16:00:00+00:00,0.16218,0.16218,0.1603,0.1603,127.61664
2025-11-20 16:15:00+00:00,0.16,0.16,0.1575,0.1575,4373.72229
2025-11-20 16:30:00+00:00,0.1552,0.1552,0.1542,0.15497,336.26368
2025-11-20 16:45:00+00:00,0.153,0.15311,0.153,0.15311,2190.21907
2025-11-20 17:00:00+00:00,0.15841,0.15841,0.1523,0.1523,4975.25526
2025-11-20 17:15:00+00:00,0.15244,0.15244,0.15244,0.15244,2076.86021
2025-11-20 17:30:00+00:00,0.15268,0.15273,0.15268,0.15273,145.0161
2025-11-20 17:45:00+00:00,0.15304,0.15304,0.15304,0.15304,651.79038
2025-11-20 18:00:00+00:00,0.15305,0.15305,0.15305,0.15305,1303.49558
2025-11-20 18:15:00+00:00,0.15295,0.15295,0.15295,0.15295,489.13
2025-11-20 18:30:00+00:00,0.15331,0.15331,0.15331,0.15331,65.03163
2025-11-20 18:45:00+00:00,0.153,0.153,0.15146,0.15146,4009.17984
2025-11-20 19:00:00+00:00,0.15136,0.15136,0.15135,0.15135,4265.14146
2025-11-20 19:15:00+00:00,0.15192,0.15192,0.1516,0.1516,3723.6284
2025-11-20 19:30:00+00:00,0.15239,0.15239,0.15206,0.15206,5363.28936
2025-11-20 19:45:00+00:00,0.15452,0.1546,0.15299,0.15299,11745.18866
2025-11-20 20:00:00+00:00,0.15363,0.15363,0.15363,0.15363,98.0161
2025-11-20 20:15:00+00:00,0.15415,0.15415,0.15415,0.15415,71.0
2025-11-20 20:30:00+00:00,0.15496,0.156,0.15496,0.156,456.09818
2025-11-20 20:45:00+00:00,0.15153,0.15265,0.15153,0.15204,40332.35732
2025-11-20 21:00:00+00:00,0.1535,0.1535,0.1526,0.15261,15679.89294
2025-11-20 21:15:00+00:00,0.155,0.15538,0.155,0.15538,8466.61367
2025-11-20 22:00:00+00:00,0.15848,0.15848,0.15848,0.15848,629.41696
2025-11-20 22:15:00+00:00,0.15709,0.15891,0.15709,0.15891,35931.48468
2025-11-20 23:00:00+00:00,0.172,0.172,0.172,0.172,1913.8
2025-11-20 23:30:00+00:00,0.16277,0.16552,0.16276,0.16522,65015.56869
2025-11-20 23:45:00+00:00,0.1666,0.1681,0.16517,0.16569,95406.63172
2025-11-21 00:45:00+00:00,0.16259,0.16259,0.16259,0.16259,61.0
2025-11-21 02:30:00+00:00,0.16401,0.16401,0.16401,0.16401,4648.23358
2025-11-21 02:45:00+00:00,0.16344,0.16344,0.16343,0.16343,1649.14888
2025-11-21 03:00:00+00:00,0.16352,0.16352,0.16352,0.16352,307.52198
2025-11-21 04:00:00+00:00,0.16339,0.16339,0.16339,0.16339,0.0736
2025-11-21 06:00:00+00:00,0.16186,0.16186,0.16186,0.16186,616.27332
2025-11-21 08:00:00+00:00,0.1634,0.1634,0.162,0.16259,65070.37764
2025-11-21 08:15:00+00:00,0.163,0.163,0.16004,0.16086,147716.66498
2025-11-21 08:30:00+00:00,0.161,0.161,0.16,0.16,49984.80082
2025-11-21 08:45:00+00:00,0.15986,0.15986,0.1581,0.15811,61037.41437
2025-11-21 09:00:00+00:00,0.15721,0.15721,0.157,0.157,9037.7018
2025-11-21 09:15:00+00:00,0.15816,0.15833,0.15816,0.15833,9363.73198
2025-11-21 09:45:00+00:00,0.1558,0.1558,0.15568,0.15568,3908.3342
2025-11-21 10:00:00+00:00,0.15713,0.15713,0.1571,0.1571,13945.24039
2025-11-21 10:15:00+00:00,0.15734,0.15734,0.15734,0.15734,63.09
2025-11-21 10:30:00+00:00,0.15695,0.15695,0.1566,0.1566,4787.41436
2025-11-21 10:45:00+00:00,0.1577,0.1577,0.1577,0.1577,1584.49588
2025-11-21 11:30:00+00:00,0.15601,0.15601,0.15601,0.15601,368.88661
2025-11-21 11:45:00+00:00,0.15564,0.15564,0.15564,0.15564,77.101
2025-11-21 14:00:00+00:00,0.16036,0.16036,0.1597,0.1597,28690.88811
2025-11-21 14:15:00+00:00,0.16064,0.16064,0.16064,0.16064,0.00015
2025-11-21 15:30:00+00:00,0.1595,0.1595,0.1595,0.1595,9380.8
2025-11-21 16:15:00+00:00,0.15797,0.15797,0.15797,0.15797,23.68245
2025-11-21 17:00:00+00:00,0.16293,0.16293,0.16293,0.16293,61.15835
2025-11-21 17:15:00+00:00,0.16471,0.16532,0.1645,0.1645,2104.97706
2025-11-21 17:30:00+00:00,0.16417,0.16417,0.16417,0.16417,3013.59684
2025-11-21 17:45:00+00:00,0.16437,0.16437,0.16395,0.16395,425.55061
2025-11-21 18:00:00+00:00,0.162,0.162,0.162,0.162,10943.1
2025-11-21 18:15:00+00:00,0.16703,0.17147,0.16665,0.17144,91237.59803
2025-11-21 18:30:00+00:00,0.17265,0.17977,0.17265,0.17977,95043.99482
2025-11-21 18:45:00+00:00,0.17978,0.18389,0.17468,0.17938,103364.72932
2025-11-21 19:00:00+00:00,0.1746,0.18132,0.17141,0.17681,90239.7611
2025-11-21 19:15:00+00:00,0.17671,0.17892,0.17496,0.17646,113115.63672
2025-11-21 19:30:00+00:00,0.174,0.17582,0.17142,0.17283,21896.34797
2025-11-21 19:45:00+00:00,0.17476,0.17476,0.17044,0.17044,108246.70196
2025-11-21 20:00:00+00:00,0.1712,0.1712,0.16743,0.16784,25917.686
2025-11-21 20:15:00+00:00,0.16785,0.17069,0.16719,0.16719,10445.25301
2025-11-21 20:30:00+00:00,0.16684,0.16806,0.16637,0.16806,12258.52951
2025-11-21 20:45:00+00:00,0.16806,0.17203,0.16805,0.17203,140809.80733
2025-11-21 21:00:00+00:00,0.16939,0.17485,0.16938,0.1725,72082.12705
2025-11-21 21:15:00+00:00,0.1741,0.17636,0.1741,0.17636,14335.37502
2025-11-21 21:30:00+00:00,0.17588,0.17604,0.16911,0.17371,39177.54136
2025-11-21 21:45:00+00:00,0.1748,0.1787,0.17478,0.17832,14387.73263
2025-11-21 22:00:00+00:00,0.17668,0.1768,0.17564,0.17564,20655.25405
2025-11-21 22:15:00+00:00,0.176,0.176,0.176,0.176,4800.0
2025-11-21 22:30:00+00:00,0.17274,0.17274,0.17273,0.17273,2753.15042
2025-11-21 22:45:00+00:00,0.17145,0.17145,0.16971,0.16971,4183.53102
2025-11-21 23:00:00+00:00,0.16441,0.17135,0.16441,0.17135,4891.42789
2025-11-21 23:15:00+00:00,0.1716,0.1716,0.1716,0.1716,1400.0
2025-11-21 23:30:00+00:00,0.17337,0.1734,0.17194,0.17194,2011.86733
2025-11-21 23:45:00+00:00,0.1741,0.175,0.1741,0.175,14165.8854
2025-11-22 00:00:00+00:00,0.175,0.17644,0.17117,0.17272,56551.18707
2025-11-22 00:15:00+00:00,0.17526,0.17526,0.17526,0.17526,5349.52167
2025-11-22 00:30:00+00:00,0.17348,0.17348,0.17248,0.17248,922.20306
2025-11-22 01:00:00+00:00,0.1726,0.17266,0.1726,0.17266,23001.27295
2025-11-22 01:15:00+00:00,0.17235,0.17339,0.17235,0.17339,201.49649
2025-11-22 01:30:00+00:00,0.1726,0.173,0.1726,0.173,4884.76246
2025-11-22 02:15:00+00:00,0.1711,0.1711,0.1711,0.1711,2048.86032
2025-11-22 02:30:00+00:00,0.16954,0.16954,0.1695,0.1695,18699.65238
2025-11-22 03:00:00+00:00,0.16827,0.16827,0.16827,0.16827,285.98957
2025-11-22 03:45:00+00:00,0.17033,0.17033,0.17033,0.17033,58.53343
2025-11-22 04:30:00+00:00,0.16471,0.16471,0.16471,0.16471,903.30732
2025-11-22 05:30:00+00:00,0.16218,0.16218,0.16217,0.16217,2474.64163
2025-11-22 06:00:00+00:00,0.164,0.164,0.16241,0.16241,9269.26432
2025-11-22 06:30:00+00:00,0.16522,0.16522,0.16522,0.16522,51.3255
2025-11-22 06:45:00+00:00,0.1638,0.1638,0.16328,0.16328,14656.46155
2025-11-22 07:45:00+00:00,0.16569,0.16569,0.16569,0.16569,1430.89133
2025-11-22 08:45:00+00:00,0.16378,0.16378,0.16347,0.16347,15917.15252
2025-11-22 09:00:00+00:00,0.16193,0.16193,0.16193,0.16193,10000.0
2025-11-22 10:00:00+00:00,0.16036,0.16036,0.16001,0.16001,10000.0
2025-11-22 10:15:00+00:00,0.16,0.16,0.158,0.158,12777.94605
2025-11-22 10:30:00+00:00,0.15752,0.15752,0.15752,0.15752,2781.82138
2025-11-22 11:00:00+00:00,0.15852,0.15852,0.15852,0.15852,305.86651
2025-11-22 12:00:00+00:00,0.15916,0.15916,0.15903,0.15903,8206.09729
2025-11-22 12:45:00+00:00,0.15966,0.15966,0.15966,0.15966,626.33095
2025-11-22 13:00:00+00:00,0.1594,0.1594,0.1594,0.1594,626.33095
2025-11-22 13:15:00+00:00,0.15929,0.15929,0.15929,0.15929,461.9264
2025-11-22 14:00:00+00:00,0.1622,0.1622,0.1622,0.1622,594.51295
2025-11-22 14:15:00+00:00,0.16,0.16,0.15987,0.15987,5001.20724
2025-11-22 14:30:00+00:00,0.1601,0.1601,0.15915,0.15915,70076.20926
2025-11-22 16:30:00+00:00,0.16016,0.16016,0.16016,0.16016,734.03926
2025-11-22 17:30:00+00:00,0.16,0.16,0.16,0.16,342.89
2025-11-22 18:30:00+00:00,0.1592,0.16003,0.15869,0.1591,5290.47045
2025-11-22 18:45:00+00:00,0.1595,0.1595,0.15909,0.15909,2093.55755
2025-11-22 19:00:00+00:00,0.16056,0.16056,0.16056,0.16056,372.75784
2025-11-22 19:15:00+00:00,0.15961,0.15961,0.15961,0.15961,438.57476
2025-11-22 19:45:00+00:00,0.15891,0.15891,0.15891,0.15891,1616.14714
2025-11-22 20:15:00+00:00,0.15996,0.15996,0.15996,0.15996,8671.93331
2025-11-22 21:00:00+00:00,0.15946,0.15946,0.15946,0.15946,314.37352
2025-11-22 21:15:00+00:00,0.15931,0.15931,0.1593,0.1593,633.0856
2025-11-22 22:00:00+00:00,0.16005,0.16005,0.16005,0.16005,56.0
2025-11-22 22:45:00+00:00,0.1621,0.16297,0.1621,0.16297,4195.82085
2025-11-23 00:30:00+00:00,0.1603,0.1603,0.16029,0.16029,7856.00046
2025-11-23 08:00:00+00:00,0.16704,0.16704,0.16704,0.16704,1746.65955
2025-11-23 08:45:00+00:00,0.1647,0.1647,0.16469,0.16469,1777.09121
2025-11-23 10:15:00+00:00,0.166,0.166,0.166,0.166,30.0
2025-11-23 11:15:00+00:00,0.16442,0.16442,0.16442,0.16442,12.0
2025-11-23 11:30:00+00:00,0.16532,0.16532,0.16532,0.16532,9.0
2025-11-23 11:45:00+00:00,0.16388,0.16407,0.16388,0.16407,393.75784
2025-11-23 12:00:00+00:00,0.16632,0.16632,0.16632,0.16632,12.0
2025-11-23 12:15:00+00:00,0.1663,0.1663,0.16501,0.16503,2359.73446
2025-11-23 13:00:00+00:00,0.16594,0.16594,0.16594,0.16594,12.0
2025-11-23 13:15:00+00:00,0.16454,0.16454,0.16454,0.16454,9.0
2025-11-23 13:30:00+00:00,0.16363,0.16363,0.16363,0.16363,4363.0
2025-11-23 14:45:00+00:00,0.16194,0.16194,0.16194,0.16194,21.0
2025-11-23 18:30:00+00:00,0.16372,0.16372,0.16372,0.16372,1687.46592
2025-11-23 20:30:00+00:00,0.16419,0.16419,0.16399,0.16399,692.82741
2025-11-23 20:45:00+00:00,0.16446,0.16446,0.16446,0.16446,30.61163
2025-11-23 21:30:00+00:00,0.16427,0.16427,0.16427,0.16427,610.27577
2025-11-23 22:00:00+00:00,0.16543,0.16543,0.16543,0.16543,12.0
2025-11-24 00:00:00+00:00,0.16334,0.16334,0.16333,0.16333,1882.07183
2025-11-24 06:15:00+00:00,0.16338,0.16338,0.16338,0.16338,250.86549
2025-11-24 07:30:00+00:00,0.16507,0.16507,0.16507,0.16507,3739.7092
2025-11-24 07:45:00+00:00,0.16632,0.16632,0.16632,0.16632,59.94468
2025-11-24 08:00:00+00:00,0.1645,0.1645,0.1645,0.1645,72.48674
2025-11-24 09:30:00+00:00,0.16313,0.16313,0.16313,0.16313,28.33885
2025-11-24 09:45:00+00:00,0.163,0.163,0.163,0.163,218.63463
2025-11-24 11:30:00+00:00,0.16913,0.17086,0.16913,0.17052,352.78636
2025-11-24 11:45:00+00:00,0.16906,0.16906,0.16906,0.16906,2951.61481
2025-11-24 13:00:00+00:00,0.16442,0.16442,0.16442,0.16442,61.15835
2025-11-24 13:15:00+00:00,0.16545,0.1672,0.16545,0.1672,4564.62861
2025-11-24 13:45:00+00:00,0.17074,0.17074,0.17074,0.17074,3313.63476
2025-11-24 14:30:00+00:00,0.17144,0.17165,0.17101,0.17101,408.80409
2025-11-24 14:45:00+00:00,0.17499,0.1768,0.17499,0.17587,2881.53632
2025-11-24 15:00:00+00:00,0.17626,0.17833,0.17626,0.17833,6515.42148
2025-11-24 15:15:00+00:00,0.1781,0.18004,0.17748,0.18,24935.83792
2025-11-24 15:30:00+00:00,0.18025,0.18411,0.17975,0.18411,68525.73547
2025-11-24 15:45:00+00:00,0.18501,0.19157,0.18501,0.19002,91173.03601
2025-11-24 16:00:00+00:00,0.18783,0.1916,0.18595,0.18908,72947.94398
2025-11-24 16:15:00+00:00,0.18934,0.19957,0.18834,0.1885,81648.44379
2025-11-24 16:30:00+00:00,0.19288,0.20112,0.18693,0.19801,108484.50699
2025-11-24 16:45:00+00:00,0.198,0.20212,0.19301,0.20151,50136.8089
2025-11-24 17:00:00+00:00,0.2013,0.21,0.20053,0.21,137542.14237
2025-11-24 17:15:00+00:00,0.20999,0.2157,0.20104,0.20861,98429.20865
2025-11-24 17:30:00+00:00,0.21138,0.21192,0.19437,0.20009,127438.57589
2025-11-24 17:45:00+00:00,0.19994,0.20612,0.19928,0.20473,26382.40261
2025-11-24 18:00:00+00:00,0.20344,0.2047,0.19701,0.19718,70897.00068
2025-11-24 18:15:00+00:00,0.19872,0.19872,0.19343,0.19363,60849.7472
2025-11-24 18:30:00+00:00,0.19553,0.20184,0.19553,0.20165,12484.91624
2025-11-24 18:45:00+00:00,0.20115,0.21165,0.20115,0.20768,42802.66832
2025-11-24 19:00:00+00:00,0.21137,0.21306,0.20098,0.20098,119384.07747
2025-11-24 19:15:00+00:00,0.20096,0.20096,0.19329,0.19748,85554.89901
2025-11-24 19:30:00+00:00,0.19599,0.19764,0.18248,0.18336,112931.65691
2025-11-24 19:45:00+00:00,0.18457,0.19029,0.18318,0.18636,16747.89645
2025-11-24 20:00:00+00:00,0.18664,0.18772,0.184,0.184,93590.33298
2025-11-24 20:15:00+00:00,0.18439,0.18439,0.18224,0.18274,10785.29274
2025-11-24 20:30:00+00:00,0.18187,0.18321,0.18168,0.18321,5229.82555
2025-11-24 20:45:00+00:00,0.1835,0.18726,0.18132,0.18725,68116.10391
2025-11-24 21:00:00+00:00,0.1871,0.18778,0.18703,0.18778,3060.68637
2025-11-24 21:15:00+00:00,0.18498,0.18498,0.18153,0.18153,460.44379
2025-11-24 21:30:00+00:00,0.18192,0.18211,0.1819,0.18209,7623.14493
2025-11-24 21:45:00+00:00,0.18199,0.18309,0.18103,0.18309,17468.6222
2025-11-24 22:00:00+00:00,0.1831,0.1831,0.1831,0.1831,2666.75256
2025-11-24 22:15:00+00:00,0.18535,0.18535,0.18534,0.18534,4699.59548
2025-11-24 22:30:00+00:00,0.18327,0.18327,0.1817,0.1817,6186.35197
2025-11-24 22:45:00+00:00,0.18176,0.1819,0.18176,0.1819,104.30157
2025-11-24 23:00:00+00:00,0.18029,0.18029,0.18028,0.18028,6190.8774
2025-11-24 23:45:00+00:00,0.18002,0.18002,0.18002,0.18002,53.49405
2025-11-25 00:00:00+00:00,0.17733,0.17733,0.17733,0.17733,1319.73
2025-11-25 00:45:00+00:00,0.17708,0.17708,0.17699,0.17699,6797.14857
2025-11-25 01:15:00+00:00,0.17572,0.17673,0.17566,0.17673,7611.36208
2025-11-25 02:00:00+00:00,0.17564,0.17564,0.17564,0.17564,28.58119
2025-11-25 02:30:00+00:00,0.17413,0.17413,0.17287,0.17387,13509.14975
2025-11-25 04:45:00+00:00,0.17172,0.17172,0.17172,0.17172,43.13349
2025-11-25 05:30:00+00:00,0.17185,0.17185,0.17136,0.17136,5365.93929
2025-11-25 06:00:00+00:00,0.17234,0.17234,0.17234,0.17234,34.8149
2025-11-25 06:15:00+00:00,0.17154,0.17154,0.17085,0.17085,10171.03411
2025-11-25 07:00:00+00:00,0.17111,0.17165,0.17111,0.17165,466.63543
2025-11-25 07:15:00+00:00,0.17288,0.17291,0.17091,0.17257,16844.37446
2025-11-25 07:30:00+00:00,0.17406,0.17667,0.17406,0.17553,9015.60094
2025-11-25 07:45:00+00:00,0.1768,0.17922,0.17675,0.17922,19789.2652
2025-11-25 08:00:00+00:00,0.17783,0.1835,0.17782,0.1835,22783.99675
2025-11-25 08:15:00+00:00,0.18339,0.18508,0.18272,0.18401,22457.02159
2025-11-25 08:30:00+00:00,0.184,0.184,0.18115,0.1823,1579.19374
2025-11-25 08:45:00+00:00,0.18397,0.18886,0.18397,0.1865,29887.87258
2025-11-25 09:00:00+00:00,0.18735,0.19006,0.18692,0.19006,851.04988
2025-11-25 09:15:00+00:00,0.18825,0.18851,0.18237,0.18237,7159.84574
2025-11-25 09:30:00+00:00,0.18535,0.19084,0.18535,0.19084,28237.43918
2025-11-25 09:45:00+00:00,0.19138,0.19415,0.19138,0.19214,19264.81793
2025-11-25 10:00:00+00:00,0.19249,0.1942,0.19153,0.1942,8450.21716
2025-11-25 10:15:00+00:00,0.19435,0.19956,0.19435,0.19894,64289.92053
2025-11-25 10:30:00+00:00,0.198,0.20358,0.19626,0.20329,64738.72598
2025-11-25 10:45:00+00:00,0.20304,0.20752,0.19997,0.2042,43037.25393
2025-11-25 11:00:00+00:00,0.2042,0.20564,0.19923,0.20028,86727.24575
2025-11-25 11:15:00+00:00,0.20095,0.20485,0.19869,0.20041,27629.87273
2025-11-25 11:30:00+00:00,0.20084,0.20259,0.19919,0.20208,29030.81407
2025-11-25 11:45:00+00:00,0.2036,0.20844,0.2036,0.20548,28561.03915
2025-11-25 12:00:00+00:00,0.20421,0.20609,0.19817,0.20591,32689.86702
2025-11-25 12:15:00+00:00,0.20476,0.20495,0.19799,0.19799,46827.20996
2025-11-25 12:30:00+00:00,0.19914,0.20322,0.19895,0.20322,13937.76215
2025-11-25 12:45:00+00:00,0.20148,0.20148,0.20053,0.20053,8627.35216
2025-11-25 13:00:00+00:00,0.19973,0.19973,0.19965,0.19965,16767.48821
2025-11-25 13:15:00+00:00,0.19775,0.20161,0.19775,0.20161,1265.20605
2025-11-25 13:30:00+00:00,0.19992,0.19992,0.19763,0.19933,2107.89381
2025-11-25 13:45:00+00:00,0.20006,0.20293,0.20006,0.20293,16587.3534
2025-11-25 14:00:00+00:00,0.20155,0.203,0.20078,0.203,7450.50524
2025-11-25 14:15:00+00:00,0.203,0.20499,0.19773,0.19773,26722.26516
2025-11-25 14:30:00+00:00,0.19612,0.19612,0.19051,0.1916,7586.61016
2025-11-25 14:45:00+00:00,0.1902,0.1902,0.1902,0.1902,24.6325
2025-11-25 15:00:00+00:00,0.19435,0.19435,0.19345,0.19401,5941.32717
2025-11-25 15:15:00+00:00,0.19811,0.20106,0.19811,0.20106,2739.47572
2025-11-25 15:30:00+00:00,0.20434,0.2062,0.20434,0.2062,2847.38802
2025-11-25 15:45:00+00:00,0.20846,0.21199,0.2079,0.2079,53571.33395
2025-11-25 16:00:00+00:00,0.20902,0.21978,0.20902,0.21594,62577.06489
2025-11-25 16:15:00+00:00,0.21999,0.22064,0.21304,0.22028,20454.84346
2025-11-25 16:30:00+00:00,0.221,0.22624,0.2206,0.22144,66840.28172
2025-11-25 16:45:00+00:00,0.2243,0.22962,0.22427,0.22962,22703.08423
2025-11-25 17:00:00+00:00,0.23097,0.23415,0.22677,0.2299,81996.03711
2025-11-25 17:15:00+00:00,0.23363,0.2379,0.23227,0.23503,74961.55145
2025-11-25 17:30:00+00:00,0.23578,0.24028,0.2333,0.23595,80349.52373
2025-11-25 17:45:00+00:00,0.23595,0.236,0.22815,0.2349,75955.70017
2025-11-25 18:00:00+00:00,0.23502,0.24787,0.235,0.24761,159046.47156
2025-11-25 18:15:00+00:00,0.24276,0.24552,0.23661,0.24282,25667.90325
2025-11-25 18:30:00+00:00,0.2373,0.24073,0.22798,0.24068,17803.88548
2025-11-25 18:45:00+00:00,0.2409,0.2409,0.23479,0.23669,22012.39171
2025-11-25 19:00:00+00:00,0.23663,0.24044,0.23534,0.23931,30238.89703
2025-11-25 19:15:00+00:00,0.23896,0.24294,0.2351,0.24087,57237.06447
2025-11-25 19:30:00+00:00,0.23986,0.24181,0.2316,0.23297,69216.41796
2025-11-25 19:45:00+00:00,0.23161,0.23518,0.21461,0.217,77587.09079
2025-11-25 20:00:00+00:00,0.21468,0.23989,0.21468,0.2336,49493.85021
2025-11-25 20:15:00+00:00,0.23373,0.24034,0.22637,0.22817,3929.24622
2025-11-25 20:30:00+00:00,0.23146,0.23958,0.2287,0.23893,41275.86971
2025-11-25 20:45:00+00:00,0.23755,0.2414,0.22796,0.23566,99627.54748
2025-11-25 21:00:00+00:00,0.23535,0.23677,0.22033,0.22478,28599.68692
2025-11-25 21:15:00+00:00,0.22478,0.22478,0.213,0.21332,49988.041
2025-11-25 21:30:00+00:00,0.21198,0.21198,0.19844,0.19844,85509.42457
2025-11-25 21:45:00+00:00,0.20346,0.218,0.20346,0.21574,57181.10685
2025-11-25 22:00:00+00:00,0.21103,0.21934,0.20923,0.20923,868.30449
2025-11-25 22:15:00+00:00,0.20795,0.20891,0.20522,0.20891,3753.9554
2025-11-25 22:30:00+00:00,0.20713,0.20781,0.20124,0.20781,8573.33282
2025-11-25 22:45:00+00:00,0.20497,0.21126,0.20497,0.21124,3646.62604
2025-11-25 23:00:00+00:00,0.21326,0.21502,0.21326,0.21502,4320.46643
2025-11-25 23:15:00+00:00,0.20996,0.22707,0.20994,0.21657,18325.16493
2025-11-25 23:30:00+00:00,0.21726,0.22722,0.21726,0.22698,27191.44314
2025-11-25 23:45:00+00:00,0.22413,0.22836,0.21948,0.22112,38863.24607
2025-11-26 00:00:00+00:00,0.21329,0.22174,0.20913,0.20913,24795.25487
2025-11-26 00:15:00+00:00,0.21084,0.21599,0.20661,0.21479,43897.10733
2025-11-26 00:30:00+00:00,0.21171,0.22029,0.21169,0.22029,10258.48051
2025-11-26 00:45:00+00:00,0.22153,0.2222,0.21977,0.21977,996.31995
2025-11-26 01:00:00+00:00,0.22029,0.22142,0.22029,0.22029,403.15454
2025-11-26 01:15:00+00:00,0.21568,0.21569,0.21321,0.21321,4976.97283
2025-11-26 01:30:00+00:00,0.21077,0.21104,0.21076,0.211,6850.3215
2025-11-26 01:45:00+00:00,0.21099,0.21099,0.21033,0.21033,998.43
2025-11-26 02:00:00+00:00,0.20763,0.20903,0.20763,0.20903,2213.58739
2025-11-26 02:15:00+00:00,0.21323,0.21323,0.21323,0.21323,769.51776
2025-11-26 02:30:00+00:00,0.21114,0.21114,0.21114,0.21114,30.0
2025-11-26 02:45:00+00:00,0.20711,0.20711,0.20711,0.20711,194.41
2025-11-26 03:00:00+00:00,0.20856,0.20856,0.20442,0.20442,1587.23156
2025-11-26 03:15:00+00:00,0.20373,0.20595,0.20373,0.20473,952.68815
2025-11-26 03:30:00+00:00,0.20498,0.20498,0.20498,0.20498,7622.54854
2025-11-26 03:45:00+00:00,0.20591,0.20591,0.20272,0.20272,2000.49761
2025-11-26 04:00:00+00:00,0.20224,0.20459,0.20215,0.20215,3297.97018
2025-11-26 04:15:00+00:00,0.20158,0.20175,0.20158,0.20175,1577.32966
2025-11-26 04:30:00+00:00,0.20442,0.20442,0.20434,0.20434,2474.4141
2025-11-26 04:45:00+00:00,0.20354,0.20354,0.20277,0.20277,1586.31857
2025-11-26 05:00:00+00:00,0.20147,0.20223,0.20147,0.20223,1329.65802
2025-11-26 05:15:00+00:00,0.20335,0.2053,0.20328,0.20399,2313.55096
2025-11-26 05:30:00+00:00,0.20744,0.21235,0.20692,0.2116,34351.63178
2025-11-26 05:45:00+00:00,0.21189,0.21529,0.2106,0.21382,33391.2972
2025-11-26 06:00:00+00:00,0.2136,0.2136,0.20576,0.20576,24238.55066
2025-11-26 06:15:00+00:00,0.20148,0.21273,0.20148,0.21273,20526.68619
2025-11-26 06:30:00+00:00,0.21271,0.2145,0.21265,0.2145,2274.89559
2025-11-26 06:45:00+00:00,0.21783,0.21797,0.21184,0.21797,16092.01911
2025-11-26 07:00:00+00:00,0.21591,0.23499,0.21312,0.23054,73158.42094
2025-11-26 07:15:00+00:00,0.2257,0.2322,0.22069,0.23002,131842.90249
2025-11-26 07:30:00+00:00,0.22724,0.23612,0.227,0.23612,17639.47346
2025-11-26 07:45:00+00:00,0.23624,0.23698,0.2304,0.23407,49485.64198
2025-11-26 08:00:00+00:00,0.23333,0.23333,0.22423,0.22918,13870.23767
2025-11-26 08:15:00+00:00,0.22273,0.22561,0.2227,0.22507,11135.57611
2025-11-26 08:30:00+00:00,0.22834,0.22835,0.22164,0.22381,11324.61867
2025-11-26 08:45:00+00:00,0.2234,0.23,0.2234,0.22925,36737.5102
2025-11-26 09:00:00+00:00,0.22613,0.22613,0.22052,0.22501,72386.10637
2025-11-26 09:15:00+00:00,0.22401,0.22401,0.2162,0.22351,11074.17075
2025-11-26 09:30:00+00:00,0.22364,0.22388,0.22092,0.22092,2472.45389
2025-11-26 10:00:00+00:00,0.22271,0.224,0.22271,0.224,3140.36553
2025-11-26 10:15:00+00:00,0.22431,0.22431,0.22271,0.22339,11766.42648
2025-11-26 10:30:00+00:00,0.22352,0.22543,0.22352,0.22543,177.82068
2025-11-26 10:45:00+00:00,0.22586,0.22732,0.22586,0.22732,5104.82455
2025-11-26 11:00:00+00:00,0.22672,0.22672,0.22654,0.22654,802.14246
2025-11-26 11:30:00+00:00,0.22243,0.2234,0.22223,0.22269,25390.26926
2025-11-26 11:45:00+00:00,0.22419,0.22422,0.22419,0.22421,6514.43478
2025-11-26 12:00:00+00:00,0.22585,0.22585,0.22277,0.22582,33822.33166
2025-11-26 12:15:00+00:00,0.22662,0.22662,0.22662,0.22662,24.35795
2025-11-26 12:45:00+00:00,0.2255,0.2255,0.2255,0.2255,1092.74586
2025-11-26 13:00:00+00:00,0.227,0.23231,0.227,0.23231,6061.47883
2025-11-26 13:15:00+00:00,0.2331,0.23615,0.23265,0.23615,5526.71299
2025-11-26 13:30:00+00:00,0.237,0.24388,0.23391,0.24303,116244.30662
2025-11-26 13:45:00+00:00,0.24061,0.24639,0.23122,0.23122,47433.70174
2025-11-26 14:00:00+00:00,0.2294,0.2449,0.22629,0.2449,89063.10022
2025-11-26 14:15:00+00:00,0.2423,0.2423,0.2336,0.2356,15031.55495
2025-11-26 14:30:00+00:00,0.23684,0.24277,0.23684,0.23867,15076.33079
2025-11-26 14:45:00+00:00,0.23789,0.23789,0.23789,0.23789,2085.1268
2025-11-26 15:00:00+00:00,0.23937,0.24399,0.23162,0.2352,11903.14204
2025-11-26 15:15:00+00:00,0.23924,0.24159,0.23657,0.23701,11204.5826
2025-11-26 15:30:00+00:00,0.23445,0.23765,0.23332,0.23377,21784.15134
2025-11-26 16:00:00+00:00,0.23502,0.23672,0.23471,0.23471,5045.2486
2025-11-26 16:15:00+00:00,0.23382,0.23962,0.23382,0.23962,4888.33441
2025-11-26 16:30:00+00:00,0.23851,0.23851,0.23851,0.23851,21.03816
2025-11-26 16:45:00+00:00,0.2386,0.2436,0.2386,0.2436,5839.70806
2025-11-26 17:00:00+00:00,0.23686,0.23686,0.23686,0.23686,27.36876
2025-11-26 17:15:00+00:00,0.23108,0.23108,0.23108,0.23108,41.62665
2025-11-26 17:30:00+00:00,0.24134,0.24134,0.23438,0.2384,17604.10375
2025-11-26 17:45:00+00:00,0.2432,0.2475,0.24217,0.24546,4724.65282
2025-11-26 18:00:00+00:00,0.24479,0.24479,0.24091,0.24136,5965.86361
2025-11-26 18:15:00+00:00,0.24803,0.25537,0.24663,0.25537,20715.0524
2025-11-26 18:30:00+00:00,0.25553,0.26665,0.25397,0.26389,100989.76463
2025-11-26 18:45:00+00:00,0.26545,0.26989,0.25225,0.25986,59814.45703
2025-11-26 19:00:00+00:00,0.26049,0.26281,0.25668,0.2601,9803.3941
2025-11-26 19:15:00+00:00,0.26016,0.26531,0.26016,0.26531,4299.4475
2025-11-26 19:30:00+00:00,0.26678,0.268,0.26207,0.26328,11580.95614
2025-11-26 19:45:00+00:00,0.267,0.27553,0.25628,0.25628,40786.3033
2025-11-26 20:00:00+00:00,0.24825,0.2563,0.24825,0.2563,2813.49993
2025-11-26 20:15:00+00:00,0.26228,0.26228,0.26207,0.26207,4897.08167
2025-11-26 20:30:00+00:00,0.255,0.256,0.24614,0.24715,7028.75089
2025-11-26 20:45:00+00:00,0.24702,0.25555,0.24618,0.25555,3755.75897
2025-11-26 21:00:00+00:00,0.24988,0.24988,0.24988,0.24988,457.38523
2025-11-26 21:15:00+00:00,0.24879,0.24879,0.24879,0.24879,1833.44393
2025-11-26 21:30:00+00:00,0.26388,0.26395,0.26384,0.26395,1790.84387
2025-11-26 21:45:00+00:00,0.2635,0.2635,0.24906,0.256,2402.67766
2025-11-26 22:00:00+00:00,0.25,0.2592,0.24941,0.2592,2839.92406
2025-11-26 22:15:00+00:00,0.25947,0.2614,0.25945,0.2614,4362.17834
2025-11-26 22:30:00+00:00,0.25645,0.25645,0.256,0.256,2791.56882
2025-11-26 22:45:00+00:00,0.25398,0.25468,0.24572,0.25468,10397.32765
2025-11-27 00:00:00+00:00,0.25304,0.25304,0.2523,0.2523,1978.86996
2025-11-27 00:15:00+00:00,0.25006,0.25006,0.24482,0.24482,4449.54723
2025-11-27 00:30:00+00:00,0.23938,0.24786,0.23938,0.24786,5836.81368
2025-11-27 00:45:00+00:00,0.24919,0.25006,0.24919,0.25006,1804.11176
2025-11-27 01:00:00+00:00,0.24719,0.24719,0.24719,0.24719,744.44959
2025-11-27 01:15:00+00:00,0.25247,0.25248,0.25247,0.25248,1980.35488
2025-11-27 01:30:00+00:00,0.2532,0.2532,0.24082,0.24197,14996.17102
2025-11-27 02:15:00+00:00,0.24377,0.24377,0.24377,0.24377,2899.0
2025-11-27 02:45:00+00:00,0.25427,0.25427,0.24963,0.24963,1009.20683
2025-11-27 03:15:00+00:00,0.24674,0.24675,0.24154,0.24154,10618.24072
2025-11-27 03:30:00+00:00,0.23784,0.23784,0.23709,0.23709,987.46
2025-11-27 03:45:00+00:00,0.23584,0.23584,0.23583,0.23583,424.89922
2025-11-27 04:00:00+00:00,0.23789,0.2401,0.23789,0.2401,5569.67711
2025-11-27 04:30:00+00:00,0.23548,0.23549,0.23548,0.23549,2889.23315
2025-11-27 04:45:00+00:00,0.23465,0.23465,0.23399,0.23431,6389.84688
2025-11-27 05:00:00+00:00,0.23381,0.23694,0.23381,0.23681,6664.33408
2025-11-27 05:15:00+00:00,0.23302,0.23431,0.23302,0.23402,1661.33045
2025-11-27 05:30:00+00:00,0.23688,0.23688,0.2352,0.23522,1766.69211
2025-11-27 05:45:00+00:00,0.23506,0.2388,0.23506,0.2388,4121.70276
2025-11-27 06:15:00+00:00,0.2316,0.2316,0.2281,0.22825,7830.43842
2025-11-27 06:30:00+00:00,0.22392,0.22614,0.22392,0.22614,1581.19264
2025-11-27 06:45:00+00:00,0.22504,0.22569,0.22488,0.22569,4390.5366
2025-11-27 07:00:00+00:00,0.22467,0.23332,0.22467,0.23332,11925.25598
2025-11-27 07:15:00+00:00,0.228,0.23067,0.22784,0.23067,24965.1634
2025-11-27 07:30:00+00:00,0.2387,0.24395,0.2387,0.24329,7874.88572
2025-11-27 07:45:00+00:00,0.24306,0.24306,0.24306,0.24306,102.74775
2025-11-27 08:00:00+00:00,0.23476,0.236,0.23476,0.236,2108.72584
2025-11-27 08:15:00+00:00,0.23225,0.23225,0.22969,0.2297,7489.87914
2025-11-27 08:30:00+00:00,0.23387,0.24135,0.23387,0.23853,10463.8038
2025-11-27 08:45:00+00:00,0.23849,0.25046,0.23849,0.24898,65183.70794
2025-11-27 09:00:00+00:00,0.24683,0.24788,0.24682,0.24788,2998.13252
2025-11-27 09:15:00+00:00,0.24749,0.24749,0.24749,0.24749,2015.23293
2025-11-27 10:00:00+00:00,0.24932,0.24932,0.24477,0.24477,4015.3745
2025-11-27 10:15:00+00:00,0.24499,0.24499,0.24499,0.24499,1546.05844
2025-11-27 10:30:00+00:00,0.25191,0.25249,0.25191,0.25216,1344.32869
2025-11-27 10:45:00+00:00,0.24817,0.2534,0.24817,0.25218,1486.09662
2025-11-27 11:15:00+00:00,0.25224,0.25833,0.25223,0.25833,7567.95797
2025-11-27 11:30:00+00:00,0.26164,0.27105,0.26164,0.26864,36633.53588
2025-11-27 11:45:00+00:00,0.27066,0.28,0.26766,0.28,54953.13874
2025-11-27 12:00:00+00:00,0.2807,0.28173,0.25985,0.26288,99963.26471
2025-11-27 12:15:00+00:00,0.26444,0.26686,0.26107,0.26458,43442.49072
2025-11-27 12:30:00+00:00,0.26999,0.27156,0.26697,0.26697,9649.45455
2025-11-27 12:45:00+00:00,0.26872,0.26873,0.26458,0.26458,9814.52716
2025-11-27 13:00:00+00:00,0.26382,0.26382,0.26382,0.26382,34.0
2025-11-27 13:30:00+00:00,0.26538,0.26639,0.26538,0.26639,206.85613
2025-11-27 14:00:00+00:00,0.26726,0.26726,0.26726,0.26726,22.37521
2025-11-27 14:15:00+00:00,0.26726,0.26726,0.26726,0.26726,20.55863
2025-11-27 14:30:00+00:00,0.26573,0.26933,0.26573,0.26933,883.61447
2025-11-27 14:45:00+00:00,0.26781,0.26781,0.26781,0.26781,40.06572
2025-11-27 15:00:00+00:00,0.26772,0.2719,0.26772,0.27034,974.60711
2025-11-27 15:15:00+00:00,0.26905,0.26905,0.26903,0.26903,565.32161
2025-11-27 15:30:00+00:00,0.26588,0.26895,0.26588,0.26624,2462.78623
2025-11-27 15:45:00+00:00,0.26931,0.2702,0.26931,0.2702,210.15
2025-11-27 16:15:00+00:00,0.26568,0.26568,0.26489,0.26489,163.35795
2025-11-27 16:30:00+00:00,0.26539,0.26539,0.26539,0.26539,2015.23293
2025-11-27 16:45:00+00:00,0.26613,0.26613,0.26613,0.26613,18.75023
2025-11-27 17:15:00+00:00,0.26432,0.26432,0.26432,0.26432,34.0
2025-11-27 17:45:00+00:00,0.26428,0.26428,0.26427,0.26427,2011.73787
2025-11-27 18:00:00+00:00,0.26604,0.26604,0.26604,0.26604,34.0
2025-11-27 18:45:00+00:00,0.26749,0.27386,0.26749,0.27386,1832.88553
2025-11-27 19:30:00+00:00,0.27436,0.27668,0.27436,0.27668,2357.33139
2025-11-27 19:45:00+00:00,0.27691,0.28283,0.27671,0.28276,10384.42721
2025-11-27 20:00:00+00:00,0.28251,0.28251,0.28249,0.2825,4163.49238
2025-11-27 20:15:00+00:00,0.28167,0.28167,0.26858,0.26858,47403.48126
2025-11-27 20:30:00+00:00,0.26905,0.26905,0.26523,0.26763,9674.10822
2025-11-27 20:45:00+00:00,0.26694,0.26694,0.26694,0.26694,184.29782
2025-11-27 21:00:00+00:00,0.26864,0.26868,0.26705,0.26706,4593.0563
2025-11-27 21:15:00+00:00,0.26717,0.26721,0.26677,0.26677,46647.66279
2025-11-27 22:15:00+00:00,0.26956,0.26956,0.26956,0.26956,7406.03592
2025-11-27 22:30:00+00:00,0.27091,0.27095,0.26575,0.26575,2632.13331
2025-11-27 22:45:00+00:00,0.26595,0.26595,0.26595,0.26595,1879.53936
2025-11-27 23:00:00+00:00,0.2678,0.2678,0.2678,0.2678,56.16132
2025-11-27 23:30:00+00:00,0.26715,0.26736,0.26674,0.26674,2892.91191
2025-11-28 00:30:00+00:00,0.2683,0.2683,0.2683,0.2683,809.84852
2025-11-28 01:15:00+00:00,0.2649,0.2649,0.2649,0.2649,829.1324
2025-11-28 02:00:00+00:00,0.26827,0.26827,0.26827,0.26827,2667.0
2025-11-28 03:00:00+00:00,0.2669,0.2669,0.2669,0.2669,28.43817
2025-11-28 03:30:00+00:00,0.2567,0.2567,0.2567,0.2567,160.15
2025-11-28 04:00:00+00:00,0.25567,0.25567,0.25567,0.25567,2529.0
2025-11-28 05:00:00+00:00,0.2554,0.2554,0.2554,0.2554,67.1476
2025-11-28 05:15:00+00:00,0.26018,0.26042,0.26018,0.26042,1189.85466
2025-11-28 05:30:00+00:00,0.25727,0.25727,0.25727,0.25727,809.67857
2025-11-28 06:00:00+00:00,0.255,0.255,0.255,0.255,845.04908
2025-11-28 06:45:00+00:00,0.25496,0.26058,0.25496,0.26058,550.32229
2025-11-28 07:00:00+00:00,0.25814,0.25814,0.24585,0.24585,53766.18255
2025-11-28 07:15:00+00:00,0.24235,0.24344,0.24174,0.24344,4570.04905
2025-11-28 08:00:00+00:00,0.24296,0.24296,0.24296,0.24296,98.915
2025-11-28 08:15:00+00:00,0.2428,0.2428,0.2428,0.2428,1758.37069
2025-11-28 08:45:00+00:00,0.23795,0.23807,0.23795,0.23807,313.6916
2025-11-28 09:00:00+00:00,0.2392,0.2392,0.2392,0.2392,1212.07469
2025-11-28 09:15:00+00:00,0.23594,0.23594,0.23478,0.23478,803.81053
2025-11-28 09:30:00+00:00,0.23449,0.23449,0.23231,0.2338,3755.31469
2025-11-28 09:45:00+00:00,0.23202,0.23542,0.23201,0.23542,2918.96489
2025-11-28 10:00:00+00:00,0.24275,0.24275,0.236,0.236,25818.40026
2025-11-28 10:15:00+00:00,0.23439,0.23515,0.23194,0.23515,3689.43838
2025-11-28 10:30:00+00:00,0.23653,0.24088,0.23653,0.24056,35777.90439
2025-11-28 10:45:00+00:00,0.24006,0.2466,0.24006,0.2466,3875.91794
2025-11-28 11:00:00+00:00,0.25252,0.2568,0.25252,0.25355,24265.93297
2025-11-28 11:15:00+00:00,0.25225,0.27083,0.25224,0.25996,14572.89561
2025-11-28 11:30:00+00:00,0.26239,0.26241,0.26239,0.26241,1485.5674
2025-11-28 11:45:00+00:00,0.26377,0.2675,0.26245,0.26246,15274.23834
2025-11-28 12:00:00+00:00,0.26323,0.2675,0.26182,0.26739,7604.85132
2025-11-28 12:15:00+00:00,0.26967,0.276,0.26967,0.276,49013.70235
2025-11-28 12:30:00+00:00,0.27968,0.28462,0.27379,0.27379,6584.78039
2025-11-28 12:45:00+00:00,0.28239,0.2824,0.27963,0.28062,3348.52262
2025-11-28 13:00:00+00:00,0.27587,0.27709,0.27587,0.27709,662.70835
2025-11-28 13:15:00+00:00,0.28479,0.2848,0.26957,0.26957,15319.0686
2025-11-28 13:30:00+00:00,0.26836,0.26882,0.26836,0.26881,2372.74702
2025-11-28 13:45:00+00:00,0.26998,0.28043,0.26998,0.27597,3200.62737
2025-11-28 14:15:00+00:00,0.26899,0.27087,0.26462,0.27087,6396.46294
2025-11-28 14:30:00+00:00,0.27144,0.2755,0.27144,0.27423,8596.0303
2025-11-28 14:45:00+00:00,0.27564,0.27564,0.27564,0.27564,5142.0
2025-11-28 15:00:00+00:00,0.27349,0.28474,0.27349,0.28474,6312.38342
2025-11-28 15:15:00+00:00,0.2822,0.2822,0.27564,0.27811,1639.87653
2025-11-28 15:30:00+00:00,0.28049,0.28199,0.28049,0.28199,6793.37452
2025-11-28 15:45:00+00:00,0.28496,0.28932,0.28253,0.28332,27727.60318
2025-11-28 16:00:00+00:00,0.29,0.30008,0.28438,0.30002,54776.11728
2025-11-28 16:15:00+00:00,0.29765,0.30892,0.29765,0.30341,75468.92566
2025-11-28 16:30:00+00:00,0.30238,0.3151,0.29332,0.30847,146517.04961
2025-11-28 16:45:00+00:00,0.31256,0.31473,0.27873,0.28774,69754.13735
2025-11-28 17:00:00+00:00,0.28766,0.29592,0.28716,0.28716,5555.8249
2025-11-28 17:15:00+00:00,0.30061,0.3018,0.29015,0.29387,34483.82153
2025-11-28 17:30:00+00:00,0.29382,0.30026,0.29382,0.29902,18280.12919
2025-11-28 17:45:00+00:00,0.30031,0.30087,0.2806,0.2806,18831.95122
2025-11-28 18:00:00+00:00,0.27906,0.28999,0.2777,0.28999,9912.66627
2025-11-28 18:15:00+00:00,0.2861,0.29278,0.28597,0.29278,2500.54404
2025-11-28 18:30:00+00:00,0.29231,0.29607,0.27353,0.27353,17631.27324
2025-11-28 18:45:00+00:00,0.26992,0.27502,0.26992,0.27366,5660.90341
2025-11-28 19:00:00+00:00,0.27086,0.27414,0.27086,0.27153,15795.01104
2025-11-28 19:15:00+00:00,0.27727,0.27727,0.27727,0.27727,579.0
2025-11-28 19:30:00+00:00,0.27292,0.27292,0.26717,0.27074,5107.91483
2025-11-28 19:45:00+00:00,0.26717,0.26949,0.26717,0.26949,9326.14045
2025-11-28 20:00:00+00:00,0.2699,0.2699,0.2699,0.2699,185.53564
2025-11-28 20:15:00+00:00,0.27324,0.27385,0.27136,0.27136,1014.46016
2025-11-28 20:30:00+00:00,0.267,0.267,0.267,0.267,486.89139
2025-11-28 21:00:00+00:00,0.27137,0.27137,0.27137,0.27137,185.53564
2025-11-28 21:30:00+00:00,0.27608,0.28107,0.27608,0.27752,6909.7748
2025-11-28 21:45:00+00:00,0.2795,0.28114,0.27875,0.28114,10670.01541
2025-11-28 22:00:00+00:00,0.27864,0.27864,0.2748,0.27582,3084.97702
2025-11-28 22:30:00+00:00,0.2741,0.27713,0.2741,0.27413,242.53522
2025-11-28 23:00:00+00:00,0.27634,0.27634,0.27346,0.27543,6030.73446
2025-11-28 23:15:00+00:00,0.275,0.275,0.275,0.275,1435.99349
2025-11-28 23:30:00+00:00,0.27534,0.27534,0.27534,0.27534,182.39521
2025-11-29 00:45:00+00:00,0.2804,0.2804,0.27892,0.27961,6469.34237
2025-11-29 01:30:00+00:00,0.28171,0.28308,0.2817,0.28308,3407.87267
2025-11-29 02:00:00+00:00,0.28203,0.28204,0.28203,0.28204,494.36152
2025-11-29 03:30:00+00:00,0.27878,0.27878,0.27878,0.27878,35.9782
2025-11-29 05:00:00+00:00,0.2849,0.2849,0.27756,0.27756,18087.68797
2025-11-29 05:15:00+00:00,0.27752,0.28446,0.27597,0.28446,11600.48027
2025-11-29 05:30:00+00:00,0.27887,0.27887,0.27858,0.27858,5342.558
2025-11-29 05:45:00+00:00,0.27705,0.27705,0.27705,0.27705,6123.49719
2025-11-29 06:00:00+00:00,0.27915,0.27915,0.27775,0.27775,13372.67889
2025-11-29 06:15:00+00:00,0.27662,0.27662,0.27662,0.27662,2559.0
2025-11-29 06:30:00+00:00,0.2716,0.27466,0.2716,0.27466,2152.6649
2025-11-29 06:45:00+00:00,0.27459,0.27459,0.27459,0.27459,90.86274
2025-11-29 07:00:00+00:00,0.2713,0.2713,0.27129,0.27129,4819.35741
2025-11-29 07:15:00+00:00,0.26784,0.26784,0.26716,0.26767,9263.63173
2025-11-29 07:45:00+00:00,0.2647,0.26474,0.26198,0.26198,270.34931
2025-11-29 08:00:00+00:00,0.26728,0.26728,0.26567,0.26567,439.2745
2025-11-29 09:00:00+00:00,0.25947,0.26178,0.2592,0.26178,484.98184
2025-11-29 09:15:00+00:00,0.26083,0.26083,0.26083,0.26083,410.57677
2025-11-29 09:30:00+00:00,0.26116,0.26116,0.26116,0.26116,81.90381
2025-11-29 09:45:00+00:00,0.25588,0.25588,0.25588,0.25588,2505.15867
2025-11-29 10:00:00+00:00,0.25566,0.25748,0.25537,0.25537,9561.59032
2025-11-29 10:15:00+00:00,0.25451,0.25537,0.25451,0.25537,389.22471
2025-11-29 10:30:00+00:00,0.25496,0.25651,0.25496,0.25651,4775.40817
2025-11-29 10:45:00+00:00,0.2545,0.2545,0.2545,0.2545,1572.91924
2025-11-29 11:00:00+00:00,0.25301,0.254,0.25276,0.254,967.93808
2025-11-29 11:15:00+00:00,0.25121,0.25121,0.25121,0.25121,19.98329
2025-11-29 11:30:00+00:00,0.25883,0.2607,0.25694,0.25694,4636.33876
2025-11-29 11:45:00+00:00,0.25555,0.26361,0.25555,0.26188,5238.50295
2025-11-29 12:00:00+00:00,0.26075,0.26152,0.26075,0.26152,3491.99727
2025-11-29 12:30:00+00:00,0.25619,0.2562,0.25571,0.25571,3848.88173
2025-11-29 12:45:00+00:00,0.25544,0.25544,0.25544,0.25544,19.49577
2025-11-29 13:00:00+00:00,0.25037,0.25037,0.24527,0.24661,8084.52103
2025-11-29 13:15:00+00:00,0.24794,0.25,0.24793,0.25,19281.00078
2025-11-29 13:30:00+00:00,0.25,0.25,0.24552,0.24919,106791.12342
2025-11-29 13:45:00+00:00,0.25327,0.2533,0.2495,0.2533,23036.13951
2025-11-29 14:00:00+00:00,0.25289,0.26077,0.25243,0.26077,25721.18371
2025-11-29 14:15:00+00:00,0.26129,0.26654,0.26109,0.266,5542.09954
2025-11-29 14:30:00+00:00,0.26727,0.26908,0.26722,0.2687,329.4453
2025-11-29 14:45:00+00:00,0.26766,0.26766,0.26379,0.26379,466.23983
2025-11-29 15:15:00+00:00,0.26224,0.26431,0.26224,0.26431,442.64608
2025-11-29 15:30:00+00:00,0.25728,0.25728,0.25728,0.25728,134.82309
2025-11-29 15:45:00+00:00,0.25916,0.25916,0.25916,0.25916,39.40458
2025-11-29 16:00:00+00:00,0.26567,0.26567,0.26567,0.26567,18.74505
2025-11-29 16:30:00+00:00,0.267,0.26901,0.265,0.26892,41149.68049
2025-11-29 16:45:00+00:00,0.26779,0.26779,0.26779,0.26779,168.49024
2025-11-29 17:00:00+00:00,0.26811,0.26811,0.2664,0.2664,65.52299
2025-11-29 17:15:00+00:00,0.26896,0.269,0.26896,0.269,10034.0
2025-11-29 17:45:00+00:00,0.27067,0.27069,0.27067,0.27069,113.81361
2025-11-29 18:00:00+00:00,0.26914,0.26914,0.26913,0.26913,1593.21587
2025-11-29 18:15:00+00:00,0.27306,0.27306,0.27306,0.27306,2584.0
2025-11-29 18:30:00+00:00,0.27139,0.27139,0.27139,0.27139,2608.0
2025-11-29 19:00:00+00:00,0.27122,0.27122,0.27122,0.27122,33.0
2025-11-29 19:15:00+00:00,0.2747,0.27874,0.2747,0.27874,11636.26703
2025-11-29 19:30:00+00:00,0.27873,0.2917,0.27873,0.28521,74552.94681
2025-11-29 19:45:00+00:00,0.288,0.2974,0.28293,0.28884,16607.71123
2025-11-29 20:00:00+00:00,0.28891,0.30191,0.28891,0.29944,28574.25059
2025-11-29 20:15:00+00:00,0.30159,0.31044,0.29808,0.31044,94221.3045
2025-11-29 20:30:00+00:00,0.30839,0.31452,0.30176,0.30425,81614.04643
2025-11-29 20:45:00+00:00,0.30958,0.32,0.30546,0.31999,71722.91297
2025-11-29 21:00:00+00:00,0.31999,0.32399,0.2924,0.31155,57098.01047
2025-11-29 21:15:00+00:00,0.30923,0.3245,0.30598,0.31764,46674.3816
2025-11-29 21:30:00+00:00,0.31196,0.31324,0.30499,0.30882,40989.87503
2025-11-29 21:45:00+00:00,0.31289,0.32382,0.31289,0.3197,38032.13067
2025-11-29 22:00:00+00:00,0.3208,0.32847,0.29588,0.30016,71851.6392
2025-11-29 22:15:00+00:00,0.29921,0.29921,0.27912,0.28853,10008.35065
2025-11-29 22:30:00+00:00,0.28447,0.28447,0.2695,0.27275,35932.97285
2025-11-29 22:45:00+00:00,0.27162,0.27162,0.26764,0.26825,18467.90293
2025-11-29 23:00:00+00:00,0.2695,0.2695,0.26522,0.26522,10303.75431
2025-11-29 23:15:00+00:00,0.268,0.27083,0.26735,0.27083,207.56117
2025-11-29 23:30:00+00:00,0.27706,0.27706,0.27706,0.27706,720.06063
2025-11-29 23:45:00+00:00,0.27817,0.28478,0.27688,0.28277,49607.89677
2025-11-30 00:00:00+00:00,0.27801,0.29323,0.27801,0.29154,43460.19092
2025-11-30 00:15:00+00:00,0.29442,0.29799,0.29424,0.2945,1403.35428
2025-11-30 00:30:00+00:00,0.29543,0.29543,0.28714,0.29065,17322.19267
2025-11-30 00:45:00+00:00,0.28973,0.29157,0.28904,0.29129,11706.99915
2025-11-30 01:00:00+00:00,0.28311,0.28565,0.28084,0.28513,17927.30557
2025-11-30 01:15:00+00:00,0.28675,0.28677,0.28675,0.28677,490.64299
2025-11-30 01:30:00+00:00,0.29108,0.29318,0.29062,0.29318,2114.96627
2025-11-30 01:45:00+00:00,0.29285,0.2967,0.29285,0.29472,13993.36104
2025-11-30 02:00:00+00:00,0.3032,0.3032,0.3032,0.3032,138.0
2025-11-30 02:15:00+00:00,0.30584,0.31151,0.30584,0.3095,8886.56709
2025-11-30 02:30:00+00:00,0.31013,0.3105,0.30903,0.30903,2718.71523
2025-11-30 02:45:00+00:00,0.31098,0.31856,0.31011,0.31011,9384.03398
2025-11-30 03:00:00+00:00,0.30339,0.30339,0.30331,0.30331,1490.97759
2025-11-30 03:30:00+00:00,0.28924,0.30067,0.28924,0.29694,38432.21352
2025-11-30 03:45:00+00:00,0.29939,0.29939,0.29342,0.29342,24145.21373
2025-11-30 04:00:00+00:00,0.29291,0.29291,0.29291,0.29291,401.0
2025-11-30 04:15:00+00:00,0.28948,0.28949,0.28948,0.28949,1864.06856
2025-11-30 04:45:00+00:00,0.28725,0.28725,0.28599,0.28599,5444.01045
2025-11-30 05:00:00+00:00,0.28569,0.28651,0.28568,0.28651,2387.92825
2025-11-30 05:15:00+00:00,0.28087,0.28087,0.276,0.27604,722.07197
2025-11-30 05:45:00+00:00,0.2728,0.27608,0.2728,0.27608,13967.6904
2025-11-30 06:00:00+00:00,0.27224,0.27705,0.27224,0.27705,4786.10648
2025-11-30 06:15:00+00:00,0.2785,0.27906,0.27442,0.27442,14286.36468
2025-11-30 06:30:00+00:00,0.27828,0.27828,0.27815,0.27815,927.15904
2025-11-30 06:45:00+00:00,0.27043,0.27311,0.26798,0.26798,350.36891
2025-11-30 07:00:00+00:00,0.26821,0.26821,0.26503,0.26592,19406.98788
2025-11-30 07:15:00+00:00,0.26515,0.26737,0.26378,0.2649,10410.53271
2025-11-30 07:30:00+00:00,0.26413,0.26418,0.26241,0.264,18653.70793
2025-11-30 07:45:00+00:00,0.264,0.26529,0.25938,0.26043,9449.80033
2025-11-30 08:00:00+00:00,0.26043,0.26521,0.25626,0.262,52952.81267
2025-11-30 08:15:00+00:00,0.263,0.26467,0.25951,0.25951,19336.88406
2025-11-30 08:30:00+00:00,0.25504,0.25504,0.25024,0.25401,8300.30152
2025-11-30 08:45:00+00:00,0.254,0.254,0.25005,0.25125,57798.77752
2025-11-30 09:00:00+00:00,0.25283,0.25283,0.251,0.251,3228.0901
2025-11-30 09:15:00+00:00,0.251,0.251,0.2494,0.25,3850.73616
2025-11-30 09:30:00+00:00,0.25343,0.25509,0.25343,0.25509,3702.97929
2025-11-30 10:00:00+00:00,0.25309,0.25419,0.25297,0.25297,7064.43834
2025-11-30 10:45:00+00:00,0.25037,0.25117,0.25037,0.25117,425.11931
2025-11-30 11:00:00+00:00,0.25929,0.26777,0.25929,0.263,54253.94987
2025-11-30 11:15:00+00:00,0.26262,0.26663,0.26262,0.26663,5859.52477
2025-11-30 11:30:00+00:00,0.26656,0.26656,0.26443,0.26443,4838.99487
2025-11-30 11:45:00+00:00,0.2692,0.27357,0.26843,0.27253,5255.87744
2025-11-30 12:00:00+00:00,0.27445,0.27639,0.25347,0.25397,34669.7983
2025-11-30 12:15:00+00:00,0.25322,0.25866,0.24981,0.25866,2123.70781
2025-11-30 12:30:00+00:00,0.26218,0.26218,0.25485,0.25485,3479.9628
2025-11-30 12:45:00+00:00,0.25968,0.25968,0.25241,0.25301,992.08946
2025-11-30 13:15:00+00:00,0.25191,0.25282,0.24996,0.24996,9674.54203
2025-11-30 13:30:00+00:00,0.25093,0.25093,0.25093,0.25093,337.10428
2025-11-30 13:45:00+00:00,0.2532,0.2532,0.24968,0.24968,7933.72735
2025-11-30 14:00:00+00:00,0.25403,0.25476,0.2515,0.2544,4093.58121
2025-11-30 14:15:00+00:00,0.25204,0.25204,0.25204,0.25204,800.0
2025-11-30 14:30:00+00:00,0.253,0.26247,0.2529,0.2529,35212.11847
2025-11-30 14:45:00+00:00,0.25584,0.25585,0.25555,0.25555,1229.44738
2025-11-30 15:00:00+00:00,0.24783,0.24783,0.24781,0.24781,1063.91475
2025-11-30 15:15:00+00:00,0.25149,0.25149,0.25149,0.25149,19.96104
2025-11-30 16:00:00+00:00,0.25053,0.25053,0.25053,0.25053,19.07553
2025-11-30 16:15:00+00:00,0.25374,0.25374,0.25374,0.25374,5171.14607
2025-11-30 16:45:00+00:00,0.25374,0.25374,0.25374,0.25374,11388.77953
2025-11-30 17:00:00+00:00,0.2505,0.2505,0.25013,0.25013,677.03678
2025-11-30 17:15:00+00:00,0.25238,0.25239,0.25238,0.25239,1497.29277
2025-11-30 17:30:00+00:00,0.25212,0.25308,0.25212,0.2522,6128.78707
2025-11-30 18:00:00+00:00,0.24799,0.24799,0.24799,0.24799,16.98808
2025-11-30 18:30:00+00:00,0.24792,0.24792,0.24627,0.24723,818.7564
2025-11-30 18:45:00+00:00,0.24514,0.248,0.244,0.24481,19415.31725
2025-11-30 19:00:00+00:00,0.24788,0.24788,0.24563,0.24577,1972.73797
2025-11-30 19:15:00+00:00,0.24556,0.24571,0.24556,0.24556,3512.25298
2025-11-30 19:30:00+00:00,0.24742,0.24742,0.24477,0.24477,323.15857
2025-11-30 19:45:00+00:00,0.24577,0.24597,0.24441,0.24493,8373.08021
2025-11-30 20:00:00+00:00,0.2472,0.25423,0.2472,0.25423,4172.38112
2025-11-30 20:15:00+00:00,0.25579,0.25921,0.25579,0.25921,13372.28488
2025-11-30 20:30:00+00:00,0.26075,0.26246,0.25792,0.25792,22514.65025
2025-11-30 20:45:00+00:00,0.25622,0.25622,0.25439,0.25439,7654.29186
2025-11-30 21:00:00+00:00,0.25369,0.2537,0.25019,0.25126,41227.42469
2025-11-30 21:15:00+00:00,0.25469,0.25736,0.25469,0.25736,2892.53455
2025-11-30 21:30:00+00:00,0.26,0.26125,0.25943,0.26125,1964.29728
2025-11-30 21:45:00+00:00,0.26838,0.26959,0.2562,0.2588,72504.51088
2025-11-30 22:00:00+00:00,0.25995,0.2684,0.25426,0.25426,11373.10435
2025-11-30 22:15:00+00:00,0.253,0.253,0.25147,0.25147,3134.665
2025-11-30 22:30:00+00:00,0.25171,0.25171,0.25171,0.25171,143.2816
2025-11-30 22:45:00+00:00,0.25123,0.25423,0.25123,0.25159,2344.63808
2025-11-30 23:00:00+00:00,0.25318,0.25318,0.25318,0.25318,1971.00876
2025-11-30 23:30:00+00:00,0.25436,0.25466,0.25436,0.25466,3707.16472
2025-11-30 23:45:00+00:00,0.24974,0.24974,0.24974,0.24974,39.94154
2025-12-01 00:00:00+00:00,0.24815,0.24842,0.24815,0.24842,4379.03993
2025-12-01 00:15:00+00:00,0.2459,0.2459,0.2459,0.2459,13314.7621
2025-12-01 00:45:00+00:00,0.24386,0.24671,0.24369,0.245,43460.69378
2025-12-01 01:00:00+00:00,0.245,0.2472,0.245,0.2472,20769.61872
2025-12-01 01:15:00+00:00,0.24534,0.24534,0.24534,0.24534,23.03193
2025-12-01 01:45:00+00:00,0.24302,0.24302,0.24302,0.24302,13314.7621
2025-12-01 02:00:00+00:00,0.24535,0.24535,0.24535,0.24535,23.03193
2025-12-01 02:15:00+00:00,0.25274,0.25274,0.25274,0.25274,52.82108
2025-12-01 02:45:00+00:00,0.24803,0.24803,0.24803,0.24803,80.63357
2025-12-01 03:00:00+00:00,0.245,0.245,0.245,0.245,34.0
2025-12-01 03:15:00+00:00,0.23983,0.23983,0.23946,0.23946,22260.96709
2025-12-01 03:30:00+00:00,0.24061,0.24061,0.24024,0.24024,72.86582
2025-12-01 03:45:00+00:00,0.23903,0.23903,0.23903,0.23903,62.63848
2025-12-01 04:00:00+00:00,0.23831,0.23831,0.2383,0.2383,21888.45703
2025-12-01 04:15:00+00:00,0.235,0.235,0.23283,0.23283,823.07755
2025-12-01 04:30:00+00:00,0.2347,0.2347,0.2332,0.2332,3681.90083
2025-12-01 05:00:00+00:00,0.23649,0.23649,0.23649,0.23649,258.0
2025-12-01 05:15:00+00:00,0.23204,0.23284,0.23204,0.23284,7295.27508
2025-12-01 05:45:00+00:00,0.2303,0.2303,0.22663,0.22918,107160.1206
2025-12-01 06:00:00+00:00,0.228,0.22989,0.228,0.22989,1643.09265
2025-12-01 06:15:00+00:00,0.22755,0.22828,0.22626,0.22828,239.19325
2025-12-01 06:30:00+00:00,0.22739,0.22739,0.22725,0.22725,12060.96104
2025-12-01 06:45:00+00:00,0.22623,0.22623,0.22623,0.22623,28.0
2025-12-01 07:15:00+00:00,0.22982,0.22982,0.22982,0.22982,635.23627
2025-12-01 07:45:00+00:00,0.22995,0.22995,0.22995,0.22995,74.52119
2025-12-01 08:00:00+00:00,0.23656,0.24084,0.2355,0.23885,120559.22631
2025-12-01 09:00:00+00:00,0.22914,0.23358,0.22914,0.23308,25960.71942
2025-12-01 09:15:00+00:00,0.23241,0.23358,0.23212,0.23213,9260.06656
2025-12-01 09:30:00+00:00,0.22889,0.22889,0.22889,0.22889,6462.03173
2025-12-01 09:45:00+00:00,0.2288,0.2313,0.2288,0.22976,12953.52843
2025-12-01 10:00:00+00:00,0.23081,0.2331,0.23081,0.2331,257.44554
2025-12-01 10:15:00+00:00,0.23232,0.23232,0.22977,0.22977,11733.99566
2025-12-01 10:30:00+00:00,0.23577,0.23577,0.23577,0.23577,155.0
2025-12-01 10:45:00+00:00,0.23504,0.23609,0.23504,0.23547,9651.41637
2025-12-01 11:00:00+00:00,0.23563,0.23563,0.23563,0.23563,2614.4311
2025-12-01 11:15:00+00:00,0.23487,0.24649,0.23487,0.24649,13819.92319
2025-12-01 11:30:00+00:00,0.23878,0.24931,0.23878,0.24627,12500.76299
2025-12-01 11:45:00+00:00,0.24555,0.25087,0.24555,0.25087,2364.18392
2025-12-01 12:00:00+00:00,0.24786,0.24972,0.24485,0.24516,22281.19762
2025-12-01 12:15:00+00:00,0.24527,0.25118,0.24527,0.248,73644.87152
2025-12-01 12:30:00+00:00,0.24799,0.2544,0.24799,0.2544,42171.35884
2025-12-01 12:45:00+00:00,0.26276,0.26276,0.26276,0.26276,1784.21373
2025-12-01 13:00:00+00:00,0.26005,0.26782,0.26005,0.26108,4446.48621
2025-12-01 13:15:00+00:00,0.26,0.26497,0.26,0.26066,22454.89494
2025-12-01 13:30:00+00:00,0.26595,0.26595,0.26365,0.26435,2409.69014
2025-12-01 13:45:00+00:00,0.26364,0.26948,0.26364,0.26907,8863.12576
2025-12-01 14:00:00+00:00,0.26862,0.2713,0.268,0.26964,25687.47341
2025-12-01 14:15:00+00:00,0.27085,0.27404,0.26899,0.27158,12777.16422
2025-12-01 14:30:00+00:00,0.26948,0.27153,0.269,0.269,7211.41842
2025-12-01 14:45:00+00:00,0.2709,0.27771,0.26986,0.27757,11040.31768
2025-12-01 15:00:00+00:00,0.27912,0.28,0.25888,0.26048,37661.11374
2025-12-01 15:15:00+00:00,0.26137,0.26812,0.26011,0.26812,5103.35947
2025-12-01 15:30:00+00:00,0.27043,0.27272,0.25695,0.26789,183179.49151
2025-12-01 15:45:00+00:00,0.27088,0.27088,0.27088,0.27088,424.30712
2025-12-01 16:00:00+00:00,0.26624,0.26624,0.26025,0.26025,2680.33246
2025-12-01 16:15:00+00:00,0.26562,0.2704,0.2655,0.2704,5376.64147
2025-12-01 16:30:00+00:00,0.2706,0.2706,0.26515,0.27059,754.8748
2025-12-01 16:45:00+00:00,0.2706,0.27575,0.26767,0.27145,9895.27356
2025-12-01 17:00:00+00:00,0.26904,0.27589,0.26509,0.27522,21772.1691
2025-12-01 17:15:00+00:00,0.26771,0.28,0.26771,0.28,801.3791
2025-12-01 17:30:00+00:00,0.27899,0.28333,0.27897,0.28333,31071.05784
2025-12-01 17:45:00+00:00,0.2832,0.2891,0.28112,0.28385,186576.25955
2025-12-01 18:00:00+00:00,0.27782,0.28331,0.26569,0.27494,15926.00435
2025-12-01 18:15:00+00:00,0.27684,0.28202,0.27079,0.28202,76216.21843
2025-12-01 18:30:00+00:00,0.27694,0.27881,0.27561,0.27871,19471.58149
2025-12-01 18:45:00+00:00,0.2785,0.28803,0.2785,0.28525,40992.58236
2025-12-01 19:00:00+00:00,0.28564,0.28944,0.27511,0.28222,86607.99884
2025-12-01 19:15:00+00:00,0.28367,0.28367,0.27098,0.27931,16345.5229
2025-12-01 19:30:00+00:00,0.28289,0.28289,0.27722,0.27722,31942.46
2025-12-01 19:45:00+00:00,0.26963,0.26978,0.26293,0.26978,14783.77249
2025-12-01 20:00:00+00:00,0.26035,0.26815,0.25305,0.25738,14301.78771
2025-12-01 20:15:00+00:00,0.2597,0.2686,0.25852,0.26378,152397.61447
2025-12-01 20:30:00+00:00,0.26351,0.26843,0.26302,0.26302,2701.07953
2025-12-01 20:45:00+00:00,0.26,0.26,0.253,0.25301,6776.07245
2025-12-01 21:00:00+00:00,0.25515,0.25657,0.25418,0.25418,7799.25102
2025-12-01 21:15:00+00:00,0.25352,0.25739,0.25352,0.25737,1976.35046
2025-12-01 21:30:00+00:00,0.25613,0.25613,0.25409,0.25409,500.61211
2025-12-01 21:45:00+00:00,0.25453,0.25705,0.25453,0.25705,4816.72101
2025-12-01 22:00:00+00:00,0.25887,0.259,0.25831,0.25858,5346.66201
2025-12-01 22:15:00+00:00,0.25562,0.25674,0.25561,0.25561,7199.34206
2025-12-01 22:30:00+00:00,0.25589,0.2559,0.25298,0.25479,8816.5586
2025-12-01 22:45:00+00:00,0.25322,0.25747,0.25321,0.25747,9284.87101
2025-12-01 23:00:00+00:00,0.25785,0.25806,0.25675,0.25805,2545.40837
2025-12-01 23:15:00+00:00,0.25365,0.25763,0.25365,0.25763,808.44426
2025-12-01 23:30:00+00:00,0.2552,0.2552,0.25289,0.25289,1597.56421
2025-12-01 23:45:00+00:00,0.25394,0.25394,0.25394,0.25394,353.0
2025-12-02 00:00:00+00:00,0.2527,0.2527,0.24994,0.24994,2247.25706
2025-12-02 00:30:00+00:00,0.25094,0.25094,0.25094,0.25094,2031.20676
2025-12-02 01:00:00+00:00,0.25015,0.25015,0.24764,0.24764,1309.79408
2025-12-02 01:15:00+00:00,0.24309,0.24437,0.24309,0.24437,4170.58823
2025-12-02 02:00:00+00:00,0.24109,0.24109,0.23849,0.23849,17385.32741
2025-12-02 03:15:00+00:00,0.24272,0.24272,0.24272,0.24272,2390.22246
2025-12-02 04:45:00+00:00,0.24297,0.24301,0.24297,0.24301,6413.4087
2025-12-02 05:00:00+00:00,0.241,0.24199,0.2405,0.2405,6662.07795
2025-12-02 05:15:00+00:00,0.24144,0.24174,0.24144,0.24174,4128.89222
2025-12-02 05:30:00+00:00,0.23969,0.23969,0.23969,0.23969,756.92986
2025-12-02 06:00:00+00:00,0.24114,0.24154,0.24114,0.24154,3632.65618
2025-12-02 06:15:00+00:00,0.24065,0.24151,0.24065,0.24109,943.75772
2025-12-02 06:30:00+00:00,0.241,0.241,0.23948,0.23948,1876.76996
2025-12-02 06:45:00+00:00,0.2422,0.2422,0.24111,0.24111,227.67485
2025-12-02 07:30:00+00:00,0.23949,0.24041,0.23949,0.24041,5863.42815
2025-12-02 08:00:00+00:00,0.2396,0.24231,0.2396,0.24231,3397.67913
2025-12-02 08:15:00+00:00,0.24245,0.24245,0.24245,0.24245,1767.0
2025-12-02 08:30:00+00:00,0.24252,0.24252,0.24252,0.24252,1762.0
2025-12-02 08:45:00+00:00,0.24432,0.24438,0.24432,0.24438,6138.15575
2025-12-02 09:00:00+00:00,0.24058,0.24168,0.24058,0.24168,4100.25983
2025-12-02 09:30:00+00:00,0.24258,0.24258,0.24258,0.24258,205.70533
2025-12-02 10:00:00+00:00,0.24005,0.24005,0.24005,0.24005,1784.0
2025-12-02 10:30:00+00:00,0.24302,0.24302,0.24302,0.24302,69.43524
2025-12-02 10:45:00+00:00,0.25116,0.25318,0.25051,0.25318,8492.81868
2025-12-02 11:00:00+00:00,0.24826,0.24826,0.24826,0.24826,100.0
2025-12-02 11:15:00+00:00,0.25243,0.25436,0.25243,0.25436,7588.12298
2025-12-02 11:30:00+00:00,0.25153,0.25153,0.24868,0.24868,11371.95936
2025-12-02 12:15:00+00:00,0.25462,0.25462,0.25462,0.25462,1212.8287
2025-12-02 12:30:00+00:00,0.25792,0.25795,0.25502,0.25782,20269.14283
2025-12-02 12:45:00+00:00,0.25841,0.26219,0.24931,0.24931,22670.7127
2025-12-02 13:00:00+00:00,0.25578,0.25677,0.25512,0.25677,10392.30664
2025-12-02 13:15:00+00:00,0.25951,0.25951,0.25951,0.25951,61.8088
2025-12-02 13:30:00+00:00,0.26129,0.2619,0.26129,0.26144,997.44019
2025-12-02 14:15:00+00:00,0.26013,0.26013,0.25781,0.25825,1589.19329
2025-12-02 14:30:00+00:00,0.25685,0.25947,0.25685,0.25947,4326.72944
2025-12-02 14:45:00+00:00,0.26266,0.26266,0.26151,0.26151,1795.71142
2025-12-02 15:00:00+00:00,0.26697,0.26711,0.26523,0.26629,8718.17782
2025-12-02 15:15:00+00:00,0.2672,0.26935,0.26676,0.26935,1143.8734
2025-12-02 15:30:00+00:00,0.26863,0.26863,0.264,0.264,17923.64179
2025-12-02 15:45:00+00:00,0.26785,0.26786,0.2655,0.2655,479.20778
2025-12-02 16:00:00+00:00,0.26323,0.26323,0.26165,0.26165,38573.2317
2025-12-02 16:30:00+00:00,0.26849,0.27256,0.26746,0.27256,5283.66728
2025-12-02 16:45:00+00:00,0.2757,0.2757,0.27549,0.27549,1813.01687
2025-12-02 17:00:00+00:00,0.27613,0.278,0.27578,0.278,3151.8987
2025-12-02 17:15:00+00:00,0.2805,0.2861,0.27921,0.28551,6777.55475
2025-12-02 17:30:00+00:00,0.27372,0.27372,0.26992,0.2703,17009.7011
2025-12-02 17:45:00+00:00,0.27271,0.27841,0.27271,0.27644,17366.42345
2025-12-02 18:00:00+00:00,0.27346,0.27414,0.27346,0.27414,1142.43948
2025-12-02 18:15:00+00:00,0.27414,0.27414,0.27006,0.27006,71.607
2025-12-02 18:45:00+00:00,0.27788,0.27788,0.27664,0.27664,6454.574
2025-12-02 19:00:00+00:00,0.27619,0.27664,0.27619,0.27664,4810.0
2025-12-02 19:15:00+00:00,0.27615,0.277,0.274,0.276,55073.35469
2025-12-02 19:30:00+00:00,0.27692,0.27696,0.27692,0.27696,344.88073
2025-12-02 19:45:00+00:00,0.27577,0.2789,0.27577,0.27717,14081.10714
2025-12-02 20:00:00+00:00,0.27538,0.27538,0.27537,0.27537,1641.0
2025-12-02 20:15:00+00:00,0.27636,0.27888,0.27636,0.27775,4859.39366
2025-12-02 20:30:00+00:00,0.27658,0.27658,0.27657,0.27657,413.29605
2025-12-02 20:45:00+00:00,0.27763,0.27807,0.27236,0.27369,5787.51155
2025-12-02 21:00:00+00:00,0.27628,0.27717,0.27522,0.27717,7718.35671
2025-12-02 21:15:00+00:00,0.27686,0.27899,0.27686,0.27899,1307.56608
2025-12-02 21:30:00+00:00,0.27976,0.27976,0.27976,0.27976,1513.0
2025-12-02 21:45:00+00:00,0.28068,0.28068,0.27627,0.27627,7592.66142
2025-12-02 22:00:00+00:00,0.27619,0.27619,0.271,0.271,4954.81999
2025-12-02 22:15:00+00:00,0.27382,0.27382,0.26745,0.26745,1273.31193
2025-12-02 22:30:00+00:00,0.2654,0.2654,0.2647,0.26474,1512.9335
2025-12-02 22:45:00+00:00,0.26735,0.26735,0.26735,0.26735,453.0
2025-12-02 23:45:00+00:00,0.26826,0.26968,0.26823,0.26968,11113.0381
2025-12-03 00:00:00+00:00,0.27316,0.27465,0.27316,0.27452,2440.78313
2025-12-03 00:15:00+00:00,0.2726,0.2777,0.26955,0.27293,5595.95102
2025-12-03 00:30:00+00:00,0.27415,0.27415,0.27415,0.27415,54.56866
2025-12-03 01:15:00+00:00,0.27001,0.27095,0.26997,0.27077,5373.01231
2025-12-03 01:30:00+00:00,0.26989,0.26989,0.26989,0.26989,500.0
2025-12-03 02:15:00+00:00,0.26901,0.26901,0.26901,0.26901,69.92305
2025-12-03 03:15:00+00:00,0.26329,0.26329,0.26329,0.26329,861.49221
2025-12-03 03:30:00+00:00,0.26328,0.26328,0.26328,0.26328,94.69006
2025-12-03 03:45:00+00:00,0.2629,0.2629,0.2629,0.2629,180.43
2025-12-03 04:45:00+00:00,0.2682,0.2682,0.2682,0.2682,185.94332
2025-12-03 05:00:00+00:00,0.26843,0.26843,0.26843,0.26843,371.60526
2025-12-03 05:30:00+00:00,0.26939,0.2694,0.269,0.269,13435.40114
2025-12-03 05:45:00+00:00,0.26903,0.26903,0.26765,0.26765,7199.43926
2025-12-03 06:00:00+00:00,0.26689,0.26689,0.26655,0.26655,385.23128
2025-12-03 06:15:00+00:00,0.26665,0.26665,0.26118,0.26118,19448.58808
2025-12-03 06:30:00+00:00,0.26488,0.26488,0.26488,0.26488,14.46845
2025-12-03 07:00:00+00:00,0.26361,0.26974,0.26361,0.26974,2611.25241
2025-12-03 07:15:00+00:00,0.27161,0.27451,0.27043,0.27074,9605.64511
2025-12-03 07:30:00+00:00,0.2733,0.27331,0.27042,0.27189,9888.07031
2025-12-03 07:45:00+00:00,0.27004,0.27004,0.27003,0.27003,3809.31036
2025-12-03 08:00:00+00:00,0.26872,0.26878,0.26872,0.26878,3413.9218
2025-12-03 08:15:00+00:00,0.26991,0.26991,0.26991,0.26991,184.76529
2025-12-03 08:45:00+00:00,0.27191,0.27191,0.27191,0.27191,184.76529
2025-12-03 09:00:00+00:00,0.2715,0.2715,0.2715,0.2715,3399.9
2025-12-03 09:15:00+00:00,0.27434,0.27434,0.27434,0.27434,371.60526
2025-12-03 09:30:00+00:00,0.27527,0.27619,0.27523,0.27573,6794.54717
2025-12-03 09:45:00+00:00,0.27704,0.28046,0.27704,0.27848,2659.13917
2025-12-03 10:00:00+00:00,0.28005,0.28494,0.28005,0.28273,8257.13641
2025-12-03 10:15:00+00:00,0.28152,0.28309,0.28152,0.28309,602.77319
2025-12-03 10:30:00+00:00,0.28571,0.28649,0.28516,0.28544,16468.15669
2025-12-03 10:45:00+00:00,0.28648,0.28989,0.28648,0.28989,2092.22373
2025-12-03 11:00:00+00:00,0.28991,0.28991,0.2885,0.28908,2277.71656
2025-12-03 11:15:00+00:00,0.28992,0.2917,0.28639,0.28702,9267.08305
2025-12-03 11:30:00+00:00,0.28347,0.28401,0.2827,0.2827,1838.9012
2025-12-03 11:45:00+00:00,0.28319,0.28319,0.28319,0.28319,88.03276
2025-12-03 12:00:00+00:00,0.28133,0.28133,0.27965,0.28019,728.84601
2025-12-03 12:15:00+00:00,0.28151,0.28314,0.2814,0.2814,4175.02776
2025-12-03 12:30:00+00:00,0.28472,0.28472,0.28472,0.28472,35.01685
2025-12-03 12:45:00+00:00,0.28277,0.28441,0.28263,0.28263,242.79874
2025-12-03 13:00:00+00:00,0.2846,0.2846,0.2846,0.2846,88.21031
2025-12-03 13:30:00+00:00,0.27884,0.27927,0.27884,0.27924,1095.49079
2025-12-03 13:45:00+00:00,0.27925,0.27925,0.27806,0.27806,2332.89979
2025-12-03 14:00:00+00:00,0.27203,0.27203,0.26932,0.26932,163.21894
2025-12-03 14:15:00+00:00,0.27001,0.27215,0.26996,0.27215,7950.18849
2025-12-03 14:30:00+00:00,0.27463,0.27942,0.273,0.27942,3388.11096
2025-12-03 14:45:00+00:00,0.27644,0.27644,0.27579,0.27579,1108.53157
2025-12-03 15:00:00+00:00,0.27648,0.27648,0.27473,0.27473,3888.25472
2025-12-03 15:15:00+00:00,0.27589,0.27589,0.27589,0.27589,366.33649
2025-12-03 15:30:00+00:00,0.27894,0.28337,0.27894,0.2831,1997.44006
2025-12-03 15:45:00+00:00,0.2818,0.28437,0.28118,0.28118,1878.32721
2025-12-03 16:00:00+00:00,0.28387,0.28395,0.28251,0.28251,3936.30851
2025-12-03 16:15:00+00:00,0.28202,0.28397,0.27944,0.27944,4969.02465
2025-12-03 16:30:00+00:00,0.28488,0.28488,0.28071,0.28128,2094.87101
2025-12-03 16:45:00+00:00,0.28592,0.28592,0.28511,0.28511,535.74761
2025-12-03 17:00:00+00:00,0.28583,0.28654,0.28554,0.28654,1302.22778
2025-12-03 17:15:00+00:00,0.2863,0.28749,0.28314,0.28314,92.07326
2025-12-03 17:45:00+00:00,0.29027,0.29095,0.28969,0.28969,3950.35162
2025-12-03 18:15:00+00:00,0.29027,0.29438,0.29027,0.29381,9409.50859
2025-12-03 18:30:00+00:00,0.29536,0.29975,0.29536,0.29875,22063.37981
2025-12-03 18:45:00+00:00,0.29681,0.29852,0.28065,0.28065,5903.38033
2025-12-03 19:00:00+00:00,0.28399,0.29023,0.27911,0.29023,9990.46373
2025-12-03 19:15:00+00:00,0.28413,0.29014,0.28413,0.29014,976.75916
2025-12-03 19:30:00+00:00,0.29151,0.29608,0.29145,0.29608,2293.374
2025-12-03 19:45:00+00:00,0.28969,0.28969,0.28969,0.28969,17.32887
2025-12-03 20:00:00+00:00,0.27966,0.29226,0.27966,0.29226,2133.66069
2025-12-03 20:15:00+00:00,0.28477,0.28477,0.28168,0.28168,71.87304
2025-12-03 20:45:00+00:00,0.28255,0.28288,0.28254,0.28288,1318.29383
2025-12-03 21:00:00+00:00,0.28055,0.282,0.28015,0.28092,41691.69366
2025-12-03 21:15:00+00:00,0.28371,0.28372,0.27353,0.27353,848.89424
2025-12-03 21:30:00+00:00,0.28202,0.28203,0.27848,0.28153,3435.50637
2025-12-03 22:00:00+00:00,0.27603,0.27603,0.27136,0.27169,1569.69591
2025-12-03 22:30:00+00:00,0.27748,0.27748,0.27178,0.27178,108.20474
2025-12-03 22:45:00+00:00,0.27113,0.27451,0.27113,0.27451,2832.83577
2025-12-03 23:00:00+00:00,0.27347,0.27869,0.27138,0.27259,4160.74086
2025-12-03 23:15:00+00:00,0.27138,0.27138,0.26453,0.26453,16500.64986
2025-12-03 23:30:00+00:00,0.26546,0.26829,0.26388,0.26729,9026.80013
2025-12-03 23:45:00+00:00,0.26399,0.26399,0.263,0.2639,7715.35998
2025-12-04 00:00:00+00:00,0.262,0.262,0.25837,0.25894,12988.56383
2025-12-04 00:15:00+00:00,0.25515,0.2554,0.25264,0.25264,6019.42145
2025-12-04 00:30:00+00:00,0.2517,0.25265,0.2517,0.25265,434.31587
2025-12-04 01:00:00+00:00,0.25168,0.25168,0.25168,0.25168,1411.015
2025-12-04 01:15:00+00:00,0.25155,0.25155,0.25155,0.25155,1982.70721
2025-12-04 01:30:00+00:00,0.24935,0.24989,0.2488,0.24989,718.67945
2025-12-04 01:45:00+00:00,0.2488,0.2488,0.24727,0.24727,212.27
2025-12-04 02:15:00+00:00,0.2534,0.2534,0.2534,0.2534,1684.0
2025-12-04 02:30:00+00:00,0.24791,0.24791,0.24791,0.24791,36.15549
2025-12-04 03:00:00+00:00,0.25147,0.25147,0.25147,0.25147,1590.64699
2025-12-04 03:45:00+00:00,0.2511,0.2511,0.24881,0.24881,9276.39352
2025-12-04 04:15:00+00:00,0.25092,0.25093,0.25092,0.25093,3461.09688
2025-12-04 04:30:00+00:00,0.25068,0.25068,0.25068,0.25068,143.96841
2025-12-04 04:45:00+00:00,0.25186,0.25186,0.25186,0.25186,749.73553
2025-12-04 05:15:00+00:00,0.25141,0.2519,0.25141,0.2519,5947.40852
2025-12-04 05:30:00+00:00,0.25079,0.25079,0.25079,0.25079,397.74313
2025-12-04 06:00:00+00:00,0.25304,0.25438,0.25304,0.25438,988.91185
2025-12-04 06:15:00+00:00,0.25338,0.25422,0.25338,0.25422,24622.17144
2025-12-04 07:00:00+00:00,0.25395,0.25455,0.25339,0.25455,4132.03382
2025-12-04 07:15:00+00:00,0.2513,0.2513,0.2513,0.2513,36.51634
2025-12-04 07:30:00+00:00,0.25091,0.25091,0.25091,0.25091,93.03627
2025-12-04 07:45:00+00:00,0.25175,0.25595,0.25175,0.25496,8886.84508
2025-12-04 08:00:00+00:00,0.25713,0.25713,0.25627,0.25627,142.98939
2025-12-04 08:30:00+00:00,0.259,0.26042,0.259,0.26042,1071.67955
2025-12-04 08:45:00+00:00,0.26115,0.26115,0.26115,0.26115,495.14243
2025-12-04 09:30:00+00:00,0.26041,0.26041,0.26041,0.26041,191.5057
2025-12-04 10:30:00+00:00,0.25695,0.25695,0.25238,0.2549,9453.70915
2025-12-04 10:45:00+00:00,0.25446,0.25446,0.2509,0.2509,2040.64415
2025-12-04 11:00:00+00:00,0.24723,0.24725,0.2414,0.24725,7017.82121
2025-12-04 11:15:00+00:00,0.24935,0.24935,0.24725,0.24725,4107.08203
2025-12-04 11:30:00+00:00,0.24946,0.25054,0.24901,0.24901,7931.50421
2025-12-04 11:45:00+00:00,0.2488,0.2488,0.24791,0.24791,3696.94292
2025-12-04 12:00:00+00:00,0.25439,0.25439,0.25439,0.25439,26.2
2025-12-04 12:15:00+00:00,0.25439,0.25439,0.24422,0.24719,27386.40363
2025-12-04 12:45:00+00:00,0.245,0.245,0.245,0.245,9819.17213
2025-12-04 13:00:00+00:00,0.24062,0.24062,0.24062,0.24062,40.32682
2025-12-04 13:30:00+00:00,0.23963,0.23963,0.237,0.237,17228.61412
2025-12-04 13:45:00+00:00,0.24056,0.24056,0.23667,0.23667,3394.83824
2025-12-04 14:00:00+00:00,0.23531,0.238,0.23531,0.237,75.28226
2025-12-04 14:15:00+00:00,0.237,0.237,0.237,0.237,7278.55988
2025-12-04 14:30:00+00:00,0.237,0.237,0.237,0.237,6960.15
2025-12-04 14:45:00+00:00,0.237,0.23704,0.23452,0.23704,53212.09066
2025-12-04 15:00:00+00:00,0.23708,0.23708,0.23502,0.23502,4258.92896
2025-12-04 15:15:00+00:00,0.23265,0.23301,0.23265,0.23301,495.09139
2025-12-04 15:30:00+00:00,0.23687,0.23687,0.23565,0.23565,1757.27146
2025-12-04 15:45:00+00:00,0.23689,0.24408,0.23423,0.23423,4677.04098
2025-12-04 16:00:00+00:00,0.2346,0.2346,0.2346,0.2346,868.6142
2025-12-04 16:30:00+00:00,0.233,0.23339,0.23114,0.23339,4858.29906
2025-12-04 17:00:00+00:00,0.23266,0.23483,0.23266,0.23483,3616.22981
2025-12-04 17:15:00+00:00,0.23156,0.23254,0.23001,0.23001,1917.46768
2025-12-04 17:30:00+00:00,0.23205,0.23206,0.23205,0.23206,2208.06255
2025-12-04 17:45:00+00:00,0.23,0.23062,0.22925,0.22925,6440.0252
2025-12-04 18:00:00+00:00,0.23401,0.23619,0.2326,0.2355,16669.48819
2025-12-04 18:15:00+00:00,0.235,0.2355,0.23472,0.235,26146.966
2025-12-04 18:30:00+00:00,0.235,0.23923,0.235,0.23912,2923.1888
2025-12-04 18:45:00+00:00,0.2359,0.236,0.23424,0.23454,2217.32199
2025-12-04 19:00:00+00:00,0.23646,0.23646,0.23628,0.23628,2193.42075
2025-12-04 19:15:00+00:00,0.23579,0.23579,0.23103,0.23261,3715.81047
2025-12-04 19:30:00+00:00,0.23629,0.23683,0.235,0.235,4035.05308
2025-12-04 20:00:00+00:00,0.23388,0.23629,0.23388,0.23629,14682.19623
2025-12-04 20:45:00+00:00,0.23223,0.23223,0.23223,0.23223,201.86883
2025-12-04 21:00:00+00:00,0.23201,0.235,0.232,0.23394,46293.03809
2025-12-04 21:15:00+00:00,0.2347,0.23712,0.2347,0.23712,2181.74613
2025-12-04 21:30:00+00:00,0.23392,0.23504,0.2339,0.23394,13352.61664
2025-12-04 21:45:00+00:00,0.23385,0.2339,0.23385,0.2339,404.66545
2025-12-04 22:00:00+00:00,0.23375,0.23627,0.23375,0.23627,913.7296
2025-12-04 22:15:00+00:00,0.23534,0.23589,0.23534,0.23589,1285.01
2025-12-04 22:30:00+00:00,0.23556,0.23556,0.23556,0.23556,423.45899
2025-12-04 22:45:00+00:00,0.24272,0.24305,0.24272,0.24305,2761.97265
2025-12-04 23:00:00+00:00,0.23536,0.23536,0.23511,0.23511,3209.84046
2025-12-04 23:15:00+00:00,0.23301,0.23598,0.23301,0.23598,1701.16152
2025-12-04 23:30:00+00:00,0.2357,0.2357,0.2357,0.2357,250.0
2025-12-04 23:45:00+00:00,0.23383,0.23383,0.23351,0.23351,39.86013
2025-12-05 00:00:00+00:00,0.23658,0.23658,0.23658,0.23658,41.0
2025-12-05 00:15:00+00:00,0.23496,0.23496,0.23484,0.23484,2020.25087
2025-12-05 00:45:00+00:00,0.23762,0.23762,0.23762,0.23762,1972.98207
2025-12-05 01:00:00+00:00,0.23908,0.23908,0.23908,0.23908,831.98092
2025-12-05 01:30:00+00:00,0.23923,0.23923,0.23923,0.23923,58.51446
2025-12-05 03:30:00+00:00,0.23362,0.23362,0.23361,0.23361,58.51446
2025-12-05 04:15:00+00:00,0.23625,0.23625,0.23625,0.23625,26.0
2025-12-05 04:45:00+00:00,0.236,0.236,0.235,0.235,38884.51642
2025-12-05 05:00:00+00:00,0.235,0.23575,0.235,0.23575,51119.78791
2025-12-05 05:15:00+00:00,0.23777,0.23777,0.23777,0.23777,59.30616
2025-12-05 05:45:00+00:00,0.23777,0.23777,0.23722,0.23722,948.12937
2025-12-05 06:00:00+00:00,0.23895,0.23895,0.23821,0.23821,5607.0
2025-12-05 06:15:00+00:00,0.23691,0.23691,0.23691,0.23691,24.636
2025-12-05 06:45:00+00:00,0.2362,0.2362,0.2362,0.2362,28.0728
2025-12-05 07:00:00+00:00,0.23859,0.23859,0.23859,0.23859,2387.46018
2025-12-05 07:15:00+00:00,0.23776,0.23776,0.23776,0.23776,1264.93103
2025-12-05 07:30:00+00:00,0.23765,0.23765,0.23765,0.23765,1774.0
2025-12-05 07:45:00+00:00,0.23782,0.23782,0.23782,0.23782,104.82718
2025-12-05 08:15:00+00:00,0.23486,0.23486,0.23435,0.23435,2785.40206
2025-12-05 08:30:00+00:00,0.23319,0.23332,0.23168,0.23332,10654.04694
2025-12-05 08:45:00+00:00,0.2325,0.2325,0.23242,0.23242,5188.28057
2025-12-05 09:15:00+00:00,0.23058,0.23058,0.23058,0.23058,1584.93328
2025-12-05 09:45:00+00:00,0.23018,0.23018,0.22861,0.22861,8216.47321
2025-12-05 10:00:00+00:00,0.23418,0.23418,0.23418,0.23418,1542.61561
2025-12-05 10:15:00+00:00,0.23186,0.23186,0.23186,0.23186,1426.85242
2025-12-05 10:30:00+00:00,0.23365,0.23365,0.23365,0.23365,14.64361
2025-12-05 10:45:00+00:00,0.2351,0.2351,0.2351,0.2351,19.61905
2025-12-05 11:15:00+00:00,0.234,0.234,0.23236,0.23236,2527.22182
2025-12-05 11:30:00+00:00,0.23317,0.23317,0.232,0.232,40171.33237
2025-12-05 11:45:00+00:00,0.232,0.232,0.22954,0.22954,753.8888
2025-12-05 12:00:00+00:00,0.2329,0.2329,0.23184,0.23184,2339.77345
2025-12-05 12:15:00+00:00,0.23262,0.23262,0.23262,0.23262,946.9603
2025-12-05 12:45:00+00:00,0.2367,0.2367,0.2367,0.2367,42.12082
2025-12-05 14:00:00+00:00,0.23452,0.23546,0.23451,0.23488,718.63123
2025-12-05 14:15:00+00:00,0.23411,0.23468,0.23411,0.23468,277.82502
2025-12-05 14:45:00+00:00,0.23671,0.23671,0.23671,0.23671,3256.47416
2025-12-05 15:00:00+00:00,0.23926,0.24103,0.23926,0.24103,2060.27894
2025-12-05 15:15:00+00:00,0.23693,0.23693,0.23693,0.23693,33.74572
2025-12-05 15:30:00+00:00,0.23683,0.23683,0.23683,0.23683,2852.70887
2025-12-05 16:45:00+00:00,0.23901,0.23901,0.23901,0.23901,63.94639
2025-12-05 17:00:00+00:00,0.23848,0.23915,0.23848,0.23884,3749.20484
2025-12-05 17:15:00+00:00,0.24199,0.24374,0.241,0.24334,8841.6281
2025-12-05 17:30:00+00:00,0.23867,0.23867,0.23866,0.23866,3384.12483
2025-12-05 17:45:00+00:00,0.23841,0.23841,0.23841,0.23841,2000.71935
2025-12-05 18:00:00+00:00,0.24021,0.24021,0.24021,0.24021,208.94397
2025-12-05 18:15:00+00:00,0.2412,0.2412,0.2412,0.2412,226.55749
2025-12-05 18:45:00+00:00,0.24308,0.2431,0.24195,0.24214,19201.24614
2025-12-05 19:00:00+00:00,0.241,0.24233,0.24045,0.24233,7473.48146
2025-12-05 19:30:00+00:00,0.24199,0.242,0.24073,0.24073,9296.63641
2025-12-05 19:45:00+00:00,0.24075,0.24511,0.24075,0.2446,7267.06354
2025-12-05 20:00:00+00:00,0.24339,0.24684,0.24338,0.24637,8869.47385
2025-12-05 20:15:00+00:00,0.24589,0.2459,0.24407,0.24407,2112.22204
2025-12-05 20:30:00+00:00,0.24393,0.2445,0.24379,0.2445,2461.43183
2025-12-05 20:45:00+00:00,0.24393,0.2458,0.24392,0.2458,2005.56354
2025-12-05 21:00:00+00:00,0.2473,0.2473,0.2446,0.2446,4552.65909
2025-12-05 21:15:00+00:00,0.24437,0.24734,0.24437,0.24734,2235.3654
2025-12-05 21:30:00+00:00,0.24481,0.24648,0.24249,0.24249,10123.94448
2025-12-05 21:45:00+00:00,0.244,0.24559,0.24343,0.24343,4777.93904
2025-12-05 22:15:00+00:00,0.24539,0.24629,0.24539,0.24629,1891.91455
2025-12-05 22:30:00+00:00,0.24293,0.24293,0.24293,0.24293,168.13831
2025-12-05 22:45:00+00:00,0.24475,0.24475,0.24475,0.24475,30.39836
2025-12-05 23:30:00+00:00,0.24344,0.24344,0.24344,0.24344,168.13831
2025-12-05 23:45:00+00:00,0.24386,0.24386,0.24386,0.24386,82.01427
2025-12-06 00:00:00+00:00,0.24488,0.24488,0.24152,0.24359,4031.16589
2025-12-06 00:30:00+00:00,0.245,0.245,0.245,0.245,1822.0339
2025-12-06 00:45:00+00:00,0.24729,0.24729,0.2455,0.2455,1506.31149
2025-12-06 01:15:00+00:00,0.249,0.25014,0.249,0.24909,10299.37816
2025-12-06 01:30:00+00:00,0.24868,0.24886,0.24868,0.24886,4061.7334
2025-12-06 02:00:00+00:00,0.24611,0.24611,0.24611,0.24611,40.97048
2025-12-06 03:15:00+00:00,0.25071,0.25071,0.25071,0.25071,19.86358
2025-12-06 03:30:00+00:00,0.25047,0.25047,0.25047,0.25047,176.29383
2025-12-06 04:30:00+00:00,0.25272,0.25272,0.25272,0.25272,653.80373
2025-12-06 05:15:00+00:00,0.24966,0.25112,0.24966,0.25112,2265.95467
2025-12-06 05:45:00+00:00,0.25285,0.25285,0.25195,0.25195,4926.92039
2025-12-06 06:00:00+00:00,0.254,0.254,0.25376,0.25376,200.32904
2025-12-06 06:15:00+00:00,0.25076,0.25076,0.25076,0.25076,697.83918
2025-12-06 07:00:00+00:00,0.24904,0.24904,0.24904,0.24904,423.45899
2025-12-06 07:15:00+00:00,0.25164,0.25164,0.24938,0.25065,2331.18873
2025-12-06 07:45:00+00:00,0.24991,0.24991,0.24763,0.24763,13914.47517
2025-12-06 08:00:00+00:00,0.24727,0.25132,0.24727,0.25044,3814.46126
2025-12-06 08:15:00+00:00,0.2465,0.2465,0.2465,0.2465,250.0
2025-12-06 08:45:00+00:00,0.25013,0.25013,0.24916,0.24916,3349.64816
2025-12-06 09:00:00+00:00,0.251,0.251,0.251,0.251,10154.26101
2025-12-06 09:15:00+00:00,0.251,0.25382,0.251,0.25348,52671.4076
2025-12-06 09:30:00+00:00,0.25421,0.256,0.24894,0.24922,4291.49141
2025-12-06 10:00:00+00:00,0.24509,0.24509,0.24509,0.24509,36.0
2025-12-06 10:15:00+00:00,0.25043,0.25204,0.25043,0.25204,1450.77196
2025-12-06 10:30:00+00:00,0.25265,0.25265,0.25265,0.25265,38.97019
2025-12-06 10:45:00+00:00,0.25193,0.25504,0.25193,0.25504,623.02522
2025-12-06 11:00:00+00:00,0.25346,0.25346,0.25346,0.25346,555.65142
2025-12-06 11:15:00+00:00,0.25174,0.25174,0.25163,0.25163,2022.45577
2025-12-06 11:30:00+00:00,0.2499,0.25051,0.2499,0.25051,354.16267
2025-12-06 12:00:00+00:00,0.25093,0.25093,0.24681,0.249,12888.09129
2025-12-06 12:30:00+00:00,0.25003,0.25003,0.24243,0.24243,6676.48278
2025-12-06 12:45:00+00:00,0.23908,0.23911,0.23253,0.2378,249892.38591
2025-12-06 13:00:00+00:00,0.23368,0.23368,0.23093,0.23264,39516.76955
2025-12-06 13:15:00+00:00,0.23,0.23,0.22763,0.22763,1265.42182
2025-12-06 13:45:00+00:00,0.22937,0.22939,0.22849,0.22849,491.00791
2025-12-06 14:00:00+00:00,0.22954,0.22954,0.22954,0.22954,43.43469
2025-12-06 14:15:00+00:00,0.23257,0.23257,0.23257,0.23257,1229.55514
2025-12-06 15:15:00+00:00,0.23082,0.23082,0.23035,0.23046,11518.77838
2025-12-06 15:30:00+00:00,0.23493,0.23493,0.2349,0.2349,4415.48486
2025-12-06 15:45:00+00:00,0.2331,0.2331,0.2331,0.2331,1300.75386
2025-12-06 16:00:00+00:00,0.23166,0.2342,0.23064,0.23401,4023.82
2025-12-06 16:15:00+00:00,0.23299,0.23299,0.22999,0.22999,14427.09503
2025-12-06 16:30:00+00:00,0.22771,0.22772,0.22771,0.22772,2966.71535
2025-12-06 16:45:00+00:00,0.2308,0.2308,0.2308,0.2308,86.43847
2025-12-06 17:00:00+00:00,0.23,0.23678,0.23,0.23666,213386.09499
2025-12-06 17:15:00+00:00,0.23651,0.23973,0.23651,0.23743,32518.37823
2025-12-06 17:30:00+00:00,0.23332,0.23332,0.23332,0.23332,384.48792
2025-12-06 18:15:00+00:00,0.23241,0.23241,0.23056,0.23056,7809.60177
2025-12-06 18:30:00+00:00,0.23068,0.23069,0.2301,0.2301,8679.74264
2025-12-06 19:45:00+00:00,0.22997,0.22997,0.22997,0.22997,43.61439
2025-12-06 20:00:00+00:00,0.22937,0.22976,0.22937,0.22976,647.0078
2025-12-06 20:30:00+00:00,0.22866,0.22866,0.22866,0.22866,1030.30701
2025-12-06 20:45:00+00:00,0.22762,0.22762,0.22762,0.22762,398.68
2025-12-06 21:00:00+00:00,0.22898,0.23169,0.22898,0.23169,2126.52294
2025-12-06 21:15:00+00:00,0.22918,0.22918,0.22917,0.22917,591.17274
2025-12-06 21:30:00+00:00,0.22921,0.22921,0.22919,0.22919,997.57073
2025-12-06 21:45:00+00:00,0.22829,0.22829,0.22829,0.22829,7904.42446
2025-12-06 22:00:00+00:00,0.22799,0.22857,0.22798,0.22857,3298.02326
2025-12-06 22:45:00+00:00,0.22873,0.22873,0.22873,0.22873,152.62536
2025-12-06 23:00:00+00:00,0.22715,0.22715,0.22472,0.22484,2191.29024
2025-12-06 23:15:00+00:00,0.22466,0.22466,0.22466,0.22466,176.80399
2025-12-06 23:30:00+00:00,0.22444,0.22444,0.22444,0.22444,402.29014
2025-12-07 00:15:00+00:00,0.22484,0.22484,0.22484,0.22484,110.87884
2025-12-07 00:30:00+00:00,0.2244,0.22457,0.2244,0.22457,1134.76425
2025-12-07 01:00:00+00:00,0.22167,0.22167,0.22167,0.22167,98.24243
2025-12-07 01:30:00+00:00,0.22436,0.22436,0.2239,0.2239,1152.85899
2025-12-07 02:15:00+00:00,0.22188,0.22188,0.22105,0.22121,18911.28855
2025-12-07 06:15:00+00:00,0.22204,0.22447,0.22204,0.22324,1913.68869
2025-12-07 06:30:00+00:00,0.22072,0.22072,0.22072,0.22072,1362.58609
2025-12-07 06:45:00+00:00,0.22303,0.22304,0.22303,0.22304,5000.0
2025-12-07 07:00:00+00:00,0.22053,0.22157,0.22,0.22157,5252.38409
2025-12-07 07:15:00+00:00,0.22,0.22,0.22,0.22,71.68181
2025-12-07 07:30:00+00:00,0.22038,0.22227,0.22038,0.22227,6452.20627
2025-12-07 07:45:00+00:00,0.21801,0.21801,0.2099,0.21555,71348.03243
2025-12-07 08:00:00+00:00,0.21297,0.21802,0.20991,0.21367,174315.81133
2025-12-07 08:15:00+00:00,0.21196,0.2172,0.21196,0.21588,8388.02372
2025-12-07 08:30:00+00:00,0.21643,0.21669,0.21585,0.2161,14397.87457
2025-12-07 08:45:00+00:00,0.21531,0.21531,0.21531,0.21531,1629.29533
2025-12-07 09:00:00+00:00,0.21638,0.21638,0.21638,0.21638,231.08
2025-12-07 09:15:00+00:00,0.21585,0.21585,0.21521,0.21521,5889.0
2025-12-07 09:30:00+00:00,0.21653,0.21653,0.21477,0.21534,4813.66226
2025-12-07 09:45:00+00:00,0.21563,0.21563,0.21563,0.21563,1963.0
2025-12-07 10:00:00+00:00,0.21679,0.2168,0.21679,0.2168,6768.78682
2025-12-07 11:15:00+00:00,0.21707,0.21707,0.21707,0.21707,84.8653
2025-12-07 11:30:00+00:00,0.21888,0.21888,0.21888,0.21888,109.375
2025-12-07 11:45:00+00:00,0.21676,0.21676,0.21676,0.21676,116.91655
2025-12-07 12:30:00+00:00,0.21601,0.21601,0.21473,0.21473,4623.26987
2025-12-07 13:15:00+00:00,0.21491,0.21491,0.21491,0.21491,42.0
2025-12-07 13:30:00+00:00,0.2168,0.22018,0.2168,0.21818,18195.22784
2025-12-07 13:45:00+00:00,0.21407,0.21407,0.21321,0.21322,7247.25775
2025-12-07 14:15:00+00:00,0.21656,0.21656,0.21656,0.21656,1955.0
2025-12-07 14:30:00+00:00,0.21911,0.21911,0.2187,0.2187,3864.0
2025-12-07 14:45:00+00:00,0.22017,0.22017,0.20119,0.20119,20576.53028
2025-12-07 15:00:00+00:00,0.20914,0.21683,0.20914,0.21683,65302.15377
2025-12-07 15:15:00+00:00,0.21553,0.21553,0.21178,0.21178,7121.63911
2025-12-07 15:30:00+00:00,0.21241,0.21241,0.21,0.21,67470.79859
2025-12-07 15:45:00+00:00,0.20983,0.20983,0.20983,0.20983,43.0
2025-12-07 16:00:00+00:00,0.20878,0.21114,0.2079,0.2079,878.00338
2025-12-07 16:15:00+00:00,0.20977,0.20999,0.20977,0.20982,4803.58128
2025-12-07 16:30:00+00:00,0.20782,0.20782,0.20656,0.20656,2265.30369
2025-12-07 16:45:00+00:00,0.20457,0.20461,0.20409,0.20461,1940.67785
2025-12-07 17:00:00+00:00,0.20523,0.208,0.20523,0.20732,40419.48077
2025-12-07 17:15:00+00:00,0.20807,0.20896,0.20551,0.20896,3087.51897
2025-12-07 17:30:00+00:00,0.2077,0.2077,0.2077,0.2077,43.47617
2025-12-07 17:45:00+00:00,0.20642,0.20765,0.205,0.205,15118.68316
2025-12-07 18:00:00+00:00,0.20732,0.20847,0.20696,0.20696,1941.30798
2025-12-07 18:30:00+00:00,0.20578,0.20578,0.20578,0.20578,24.2006
2025-12-07 18:45:00+00:00,0.205,0.205,0.205,0.205,4933.9
2025-12-07 19:00:00+00:00,0.20629,0.20629,0.20241,0.20241,764.38261
2025-12-07 19:15:00+00:00,0.20306,0.20306,0.20223,0.20223,17250.94342
2025-12-07 19:30:00+00:00,0.20402,0.20402,0.20101,0.20101,48384.09557
2025-12-07 19:45:00+00:00,0.2,0.203,0.19928,0.203,4387.70375
2025-12-07 20:15:00+00:00,0.203,0.203,0.203,0.203,982.75862
2025-12-07 20:30:00+00:00,0.2037,0.204,0.2037,0.204,39684.95098
2025-12-07 20:45:00+00:00,0.204,0.204,0.20218,0.20218,82.41
2025-12-07 22:00:00+00:00,0.19633,0.19633,0.19602,0.19602,1193.78
2025-12-07 22:15:00+00:00,0.19663,0.19663,0.19663,0.19663,1403.08255
2025-12-07 22:45:00+00:00,0.1989,0.1989,0.19778,0.19778,27529.87639
2025-12-07 23:00:00+00:00,0.19958,0.2,0.19958,0.2,24970.13318
2025-12-08 00:15:00+00:00,0.19569,0.19581,0.19569,0.19581,5603.9177
2025-12-08 00:30:00+00:00,0.195,0.195,0.19332,0.19332,167.65
2025-12-08 01:15:00+00:00,0.19294,0.19412,0.19293,0.19412,5116.04672
2025-12-08 02:45:00+00:00,0.20006,0.20006,0.19978,0.19978,2554.39412
2025-12-08 05:00:00+00:00,0.19949,0.19949,0.19949,0.19949,1305.46799
2025-12-08 06:30:00+00:00,0.19971,0.19971,0.19971,0.19971,1997.89695
2025-12-08 06:45:00+00:00,0.19933,0.19933,0.199,0.199,40050.06772
2025-12-08 07:00:00+00:00,0.20074,0.20074,0.20074,0.20074,993.82285
2025-12-08 07:30:00+00:00,0.19987,0.20374,0.19934,0.19934,170639.31279
2025-12-08 07:45:00+00:00,0.20214,0.20218,0.20214,0.20218,252.0
2025-12-08 08:45:00+00:00,0.2028,0.2028,0.2028,0.2028,24.55621
2025-12-08 10:00:00+00:00,0.20204,0.20292,0.2018,0.2018,7975.52844
2025-12-08 10:30:00+00:00,0.19978,0.19978,0.19978,0.19978,25.12765
2025-12-08 11:30:00+00:00,0.1994,0.1994,0.1994,0.1994,41.97592
2025-12-08 12:00:00+00:00,0.19919,0.19919,0.19919,0.19919,150.20834
2025-12-08 12:30:00+00:00,0.19951,0.19951,0.19896,0.19951,2116.16453
2025-12-08 13:00:00+00:00,0.19791,0.19791,0.19791,0.19791,24.2006
2025-12-08 13:15:00+00:00,0.19787,0.19787,0.196,0.196,10673.54901
2025-12-08 14:15:00+00:00,0.19506,0.19661,0.19506,0.19661,11260.85559
2025-12-08 14:30:00+00:00,0.19635,0.19635,0.19634,0.19634,10281.41415
2025-12-08 14:45:00+00:00,0.1971,0.1971,0.1971,0.1971,11177.03983
2025-12-08 15:00:00+00:00,0.1979,0.20179,0.1979,0.20177,50445.40692
2025-12-08 15:45:00+00:00,0.20195,0.2037,0.20195,0.2037,2603.86841
2025-12-08 16:00:00+00:00,0.20379,0.20379,0.20237,0.20237,1064.96308
2025-12-08 16:30:00+00:00,0.20266,0.20266,0.20266,0.20266,150.20834
2025-12-08 16:45:00+00:00,0.2025,0.2025,0.20249,0.20249,2472.27514
2025-12-08 17:15:00+00:00,0.20216,0.20216,0.20216,0.20216,725.83445
2025-12-08 18:45:00+00:00,0.19953,0.19953,0.19953,0.19953,0.73187
2025-12-08 19:45:00+00:00,0.1988,0.19908,0.19863,0.19863,1880.93038
2025-12-08 20:30:00+00:00,0.19974,0.19974,0.19974,0.19974,579.31629
2025-12-08 20:45:00+00:00,0.19979,0.19979,0.19979,0.19979,579.31629
2025-12-08 21:00:00+00:00,0.2007,0.203,0.2007,0.20288,40050.67508
2025-12-08 21:15:00+00:00,0.20056,0.20056,0.20056,0.20056,1492.03295
2025-12-08 21:30:00+00:00,0.20202,0.20297,0.20142,0.20297,542.49
2025-12-08 22:00:00+00:00,0.20065,0.20065,0.20063,0.20063,169.56996
2025-12-08 22:15:00+00:00,0.20109,0.20109,0.20109,0.20109,58.6691
2025-12-08 22:30:00+00:00,0.20109,0.20109,0.2,0.20098,23096.49399
2025-12-08 23:00:00+00:00,0.19819,0.19819,0.19819,0.19819,760.1007
2025-12-09 04:15:00+00:00,0.19926,0.19966,0.19926,0.19966,2523.17253
2025-12-09 05:00:00+00:00,0.19982,0.19982,0.19982,0.19982,86.492
2025-12-09 06:30:00+00:00,0.1993,0.1993,0.1993,0.1993,40.24085
2025-12-09 09:30:00+00:00,0.20065,0.20065,0.20065,0.20065,876.774
2025-12-09 10:00:00+00:00,0.1988,0.1988,0.19879,0.19879,3988.91883
2025-12-09 10:30:00+00:00,0.19915,0.19915,0.19915,0.19915,21.05911
2025-12-09 12:00:00+00:00,0.19988,0.19988,0.19794,0.19794,56.83369
2025-12-09 12:45:00+00:00,0.20058,0.20068,0.20058,0.20068,1151.67559
2025-12-09 14:00:00+00:00,0.20012,0.20012,0.20012,0.20012,1423.0
2025-12-09 14:45:00+00:00,0.2001,0.2001,0.2001,0.2001,2346.4095
2025-12-09 15:45:00+00:00,0.20032,0.20187,0.20032,0.20187,188.99502
2025-12-09 16:00:00+00:00,0.20196,0.20196,0.20196,0.20196,2469.54842
2025-12-09 16:15:00+00:00,0.20093,0.20211,0.20093,0.20211,696.62031
2025-12-09 16:30:00+00:00,0.2025,0.2025,0.20101,0.20101,11726.81938
2025-12-09 17:15:00+00:00,0.20124,0.20124,0.20076,0.20076,4999.80519
2025-12-09 17:45:00+00:00,0.19976,0.19976,0.19916,0.19916,989.02133
2025-12-09 18:00:00+00:00,0.2,0.2,0.2,0.2,535.0
2025-12-09 18:15:00+00:00,0.19967,0.20101,0.19967,0.20101,4490.15239
2025-12-09 18:30:00+00:00,0.20128,0.20128,0.20127,0.20128,4320.43362
2025-12-09 18:45:00+00:00,0.19986,0.19986,0.19985,0.19985,3506.69455
2025-12-09 19:30:00+00:00,0.20087,0.20203,0.20087,0.2017,9829.9854
2025-12-09 19:45:00+00:00,0.20146,0.20146,0.20146,0.20146,29.78259
2025-12-09 20:15:00+00:00,0.2013,0.2013,0.2013,0.2013,505.22378
2025-12-09 20:45:00+00:00,0.20153,0.20153,0.20153,0.20153,453.82821
2025-12-09 21:15:00+00:00,0.20031,0.20031,0.20031,0.20031,247.48176
2025-12-09 22:15:00+00:00,0.19736,0.19751,0.19606,0.19751,7133.83816
2025-12-09 22:30:00+00:00,0.19764,0.19764,0.19764,0.19764,55.69338
2025-12-09 22:45:00+00:00,0.19857,0.19857,0.19857,0.19857,29.41028
2025-12-09 23:00:00+00:00,0.19867,0.19992,0.19867,0.19992,1349.79693
2025-12-10 01:00:00+00:00,0.197,0.197,0.197,0.197,219.4
2025-12-10 01:15:00+00:00,0.197,0.197,0.19585,0.19631,6644.86248
2025-12-10 01:30:00+00:00,0.19604,0.19604,0.195,0.195,1280.34023
2025-12-10 01:45:00+00:00,0.19578,0.19578,0.19578,0.19578,254.6992
2025-12-10 02:45:00+00:00,0.19857,0.19857,0.19857,0.19857,2112.24385
2025-12-10 03:00:00+00:00,0.19888,0.19889,0.19888,0.19889,448.99747
2025-12-10 03:15:00+00:00,0.19946,0.19976,0.19946,0.19976,398.39524
2025-12-10 03:30:00+00:00,0.19956,0.19956,0.19956,0.19956,251.39524
2025-12-10 05:30:00+00:00,0.2007,0.2007,0.2007,0.2007,350.17438
2025-12-10 06:15:00+00:00,0.20036,0.20036,0.20036,0.20036,169.54481
2025-12-10 07:00:00+00:00,0.2005,0.20151,0.2005,0.2015,10459.62042
2025-12-10 07:30:00+00:00,0.20147,0.20148,0.20147,0.20148,2774.03558
2025-12-10 08:15:00+00:00,0.20428,0.20429,0.20312,0.20312,1903.25423
2025-12-10 08:30:00+00:00,0.20303,0.20304,0.20303,0.20304,2652.26485
2025-12-10 09:00:00+00:00,0.20337,0.20337,0.20337,0.20337,647.38136
2025-12-10 09:45:00+00:00,0.20602,0.20808,0.20602,0.20808,3740.74495
2025-12-10 10:15:00+00:00,0.20874,0.20895,0.20874,0.20895,3205.6768
2025-12-10 10:30:00+00:00,0.20907,0.20907,0.20907,0.20907,670.11048
2025-12-10 12:30:00+00:00,0.20476,0.20476,0.20309,0.20309,3272.29414
2025-12-10 12:45:00+00:00,0.2079,0.20791,0.2079,0.20791,239.8619
2025-12-10 13:30:00+00:00,0.2065,0.2065,0.2065,0.2065,239.8619
2025-12-10 13:45:00+00:00,0.20737,0.20963,0.20737,0.20963,1423.70512
2025-12-10 14:00:00+00:00,0.20963,0.21057,0.20807,0.20807,1687.80221
2025-12-10 14:15:00+00:00,0.20935,0.20935,0.20935,0.20935,47.62359
2025-12-10 14:30:00+00:00,0.20593,0.20593,0.20554,0.20554,7407.98632
2025-12-10 14:45:00+00:00,0.207,0.207,0.207,0.207,24154.58937
2025-12-10 15:00:00+00:00,0.20869,0.21091,0.20869,0.21091,17195.63577
2025-12-10 15:15:00+00:00,0.21011,0.21011,0.21011,0.21011,754.45624
2025-12-10 15:30:00+00:00,0.2095,0.2095,0.2095,0.2095,23.77088
2025-12-10 15:45:00+00:00,0.2105,0.2114,0.20907,0.21136,142.3447
2025-12-10 16:00:00+00:00,0.209,0.21134,0.20814,0.21134,648.06001
2025-12-10 16:15:00+00:00,0.21013,0.21227,0.21013,0.21227,4311.73844
2025-12-10 16:30:00+00:00,0.21203,0.21257,0.21075,0.21257,9307.7133
2025-12-10 16:45:00+00:00,0.21281,0.21476,0.21233,0.21476,4195.28467
2025-12-10 17:00:00+00:00,0.2135,0.21354,0.21193,0.21193,1420.76629
2025-12-10 17:15:00+00:00,0.21273,0.21417,0.21273,0.21417,4396.07993
2025-12-10 17:30:00+00:00,0.21194,0.21194,0.20972,0.20972,47731.86216
2025-12-10 17:45:00+00:00,0.21011,0.21011,0.21011,0.21011,20.75517
2025-12-10 18:00:00+00:00,0.211,0.21239,0.211,0.21238,1564.29769
2025-12-10 18:15:00+00:00,0.21111,0.21111,0.2111,0.2111,3885.22394
2025-12-10 18:30:00+00:00,0.2115,0.21624,0.2115,0.21398,25068.78625
2025-12-10 18:45:00+00:00,0.21439,0.21609,0.21085,0.21292,45149.58266
2025-12-10 19:00:00+00:00,0.21418,0.21473,0.2105,0.21184,12077.09732
2025-12-10 19:15:00+00:00,0.21236,0.21236,0.21236,0.21236,775.5922
2025-12-10 19:30:00+00:00,0.21175,0.21175,0.21175,0.21175,953.13741
2025-12-10 19:45:00+00:00,0.21202,0.2122,0.21202,0.21202,1059.22314
2025-12-10 20:00:00+00:00,0.2115,0.21423,0.20998,0.21264,5331.56485
2025-12-10 20:15:00+00:00,0.21262,0.21388,0.21171,0.21388,5163.5095
2025-12-10 20:30:00+00:00,0.21368,0.216,0.21279,0.21597,3952.91622
2025-12-10 20:45:00+00:00,0.21666,0.21679,0.21359,0.21359,4523.43495
2025-12-10 21:00:00+00:00,0.21026,0.2105,0.21026,0.21034,4523.4809
2025-12-10 21:15:00+00:00,0.21127,0.21127,0.21127,0.21127,1141.76173
2025-12-10 21:30:00+00:00,0.20996,0.21056,0.20995,0.21056,634.61654
2025-12-10 21:45:00+00:00,0.21066,0.21066,0.20997,0.20997,1291.25432
2025-12-10 22:30:00+00:00,0.21283,0.21283,0.21283,0.21283,46.84489
2025-12-10 22:45:00+00:00,0.21271,0.21271,0.21271,0.21271,46.87132
2025-12-11 00:00:00+00:00,0.2085,0.2085,0.20774,0.208,1468.3627
2025-12-11 00:30:00+00:00,0.20776,0.20776,0.20776,0.20776,239.80815
2025-12-11 01:15:00+00:00,0.20404,0.20404,0.2036,0.20361,2738.43489
2025-12-11 01:30:00+00:00,0.20492,0.20492,0.20492,0.20492,295.0
2025-12-11 01:45:00+00:00,0.20794,0.20794,0.20794,0.20794,1956.12581
2025-12-11 02:15:00+00:00,0.2064,0.2064,0.2064,0.2064,608.35
2025-12-11 03:30:00+00:00,0.2048,0.2048,0.2048,0.2048,1044.33593
2025-12-11 03:45:00+00:00,0.20304,0.20751,0.20163,0.20751,22246.46832
2025-12-11 04:00:00+00:00,0.20894,0.21336,0.20894,0.21252,21354.5733
2025-12-11 04:15:00+00:00,0.21109,0.21143,0.2096,0.2096,10011.25265
2025-12-11 04:45:00+00:00,0.21343,0.21382,0.21343,0.21382,2540.99472
2025-12-11 05:00:00+00:00,0.21495,0.21695,0.21495,0.21678,5416.36333
2025-12-11 05:15:00+00:00,0.21729,0.21929,0.21729,0.21826,11413.26078
2025-12-11 05:30:00+00:00,0.21867,0.21922,0.2172,0.21779,4301.8023
2025-12-11 05:45:00+00:00,0.21651,0.21687,0.21651,0.21687,1975.51526
2025-12-11 06:00:00+00:00,0.21566,0.21566,0.21566,0.21566,41.97592
2025-12-11 06:15:00+00:00,0.2164,0.21755,0.2142,0.21529,14957.51046
2025-12-11 06:45:00+00:00,0.2175,0.2175,0.2175,0.2175,1999.39327
2025-12-11 07:00:00+00:00,0.2175,0.2175,0.2175,0.2175,999.69359
2025-12-11 07:15:00+00:00,0.2175,0.22217,0.2175,0.22005,42129.87214
2025-12-11 07:30:00+00:00,0.21963,0.22512,0.21963,0.2231,7410.37297
2025-12-11 07:45:00+00:00,0.22666,0.229,0.22519,0.22819,33855.53305
2025-12-11 08:00:00+00:00,0.22862,0.2325,0.228,0.2325,7492.09824
2025-12-11 08:15:00+00:00,0.2325,0.23486,0.23125,0.23303,40335.68351
2025-12-11 08:30:00+00:00,0.23226,0.23226,0.22438,0.22519,96096.41358
2025-12-11 08:45:00+00:00,0.22461,0.22461,0.2142,0.2142,25994.06947
2025-12-11 09:00:00+00:00,0.21763,0.2183,0.21521,0.21778,5014.55112
2025-12-11 09:15:00+00:00,0.21847,0.21847,0.21847,0.21847,41.0
2025-12-11 09:30:00+00:00,0.22,0.22,0.21627,0.2164,5199.32104
2025-12-11 09:45:00+00:00,0.21637,0.21637,0.21565,0.21565,8642.69934
2025-12-11 10:00:00+00:00,0.21543,0.21543,0.21283,0.21443,6104.83405
2025-12-11 10:15:00+00:00,0.21212,0.21267,0.21212,0.21267,5342.28812
2025-12-11 10:30:00+00:00,0.21217,0.21217,0.21217,0.21217,0.00715
2025-12-11 10:45:00+00:00,0.21232,0.222,0.21009,0.22181,37381.70462
2025-12-11 11:00:00+00:00,0.22187,0.2226,0.21943,0.22207,6737.06781
2025-12-11 11:15:00+00:00,0.22205,0.22487,0.22139,0.22225,34231.86531
2025-12-11 11:30:00+00:00,0.225,0.22771,0.22404,0.22771,2834.797
2025-12-11 11:45:00+00:00,0.2257,0.2257,0.22443,0.22443,2575.16452
2025-12-11 12:00:00+00:00,0.22682,0.22829,0.22632,0.22632,8708.44771
2025-12-11 12:15:00+00:00,0.2284,0.23174,0.2284,0.23037,12598.76143
2025-12-11 12:30:00+00:00,0.22776,0.22776,0.22572,0.22572,2907.76117
2025-12-11 12:45:00+00:00,0.22612,0.2281,0.22611,0.2281,5393.4049
2025-12-11 13:00:00+00:00,0.228,0.228,0.22432,0.22432,3842.12494
2025-12-11 13:15:00+00:00,0.22493,0.22666,0.22493,0.22666,7116.22529
2025-12-11 13:30:00+00:00,0.22518,0.22915,0.22518,0.22644,14785.65075
2025-12-11 13:45:00+00:00,0.22614,0.22614,0.22571,0.22571,4956.78711
2025-12-11 14:00:00+00:00,0.22279,0.2234,0.22279,0.2234,1879.95154
2025-12-11 14:30:00+00:00,0.22569,0.22569,0.22448,0.22448,164.10258
2025-12-11 14:45:00+00:00,0.22379,0.22716,0.22379,0.22716,5614.14864
2025-12-11 15:00:00+00:00,0.22455,0.22455,0.22455,0.22455,1317.30938
2025-12-11 15:15:00+00:00,0.22611,0.23047,0.22611,0.2274,856.9717
2025-12-11 15:30:00+00:00,0.23,0.23055,0.22878,0.22914,2470.81065
2025-12-11 15:45:00+00:00,0.2294,0.23034,0.22897,0.22935,1883.45781
2025-12-11 16:00:00+00:00,0.2269,0.22772,0.2269,0.22772,366.29984
2025-12-11 16:30:00+00:00,0.23159,0.23242,0.22972,0.22972,3344.81251
2025-12-11 16:45:00+00:00,0.23038,0.2307,0.22897,0.22897,14892.15611
2025-12-11 17:00:00+00:00,0.23159,0.23222,0.23159,0.23222,12687.89854
2025-12-11 17:15:00+00:00,0.23438,0.235,0.233,0.235,17156.90932
2025-12-11 17:30:00+00:00,0.23941,0.24524,0.23534,0.24056,93023.86779
2025-12-11 17:45:00+00:00,0.243,0.24555,0.243,0.24349,8444.15572
2025-12-11 18:00:00+00:00,0.24062,0.25063,0.24045,0.25045,25607.01757
2025-12-11 18:15:00+00:00,0.25077,0.258,0.25051,0.25642,54785.45782
2025-12-11 18:30:00+00:00,0.25609,0.26415,0.25501,0.25654,145324.31293
2025-12-11 18:45:00+00:00,0.25519,0.26398,0.25429,0.2633,150164.23246
2025-12-11 19:00:00+00:00,0.26296,0.26316,0.25359,0.25653,77966.89307
2025-12-11 19:15:00+00:00,0.25669,0.25669,0.24591,0.25259,50171.84282
2025-12-11 19:30:00+00:00,0.25185,0.25249,0.24696,0.24877,13264.28731
2025-12-11 19:45:00+00:00,0.2468,0.24813,0.24352,0.2457,15431.92574
2025-12-11 20:00:00+00:00,0.24861,0.24914,0.2457,0.24914,4666.95312
2025-12-11 20:15:00+00:00,0.24706,0.2472,0.24513,0.2465,2485.56885
2025-12-11 20:30:00+00:00,0.24698,0.25067,0.24698,0.25066,2896.77801
2025-12-11 20:45:00+00:00,0.25183,0.25799,0.25162,0.25555,20658.98989
2025-12-11 21:00:00+00:00,0.25367,0.25927,0.25348,0.25348,10184.83486
2025-12-11 21:15:00+00:00,0.25313,0.25598,0.25106,0.25471,15133.03182
2025-12-11 21:30:00+00:00,0.25564,0.2593,0.25564,0.25688,11420.16042
2025-12-11 21:45:00+00:00,0.25628,0.25821,0.25214,0.25821,17009.5767
2025-12-11 22:00:00+00:00,0.2593,0.26033,0.25482,0.25624,21337.09468
2025-12-11 22:15:00+00:00,0.25652,0.25914,0.25409,0.2582,9368.08737
2025-12-11 22:30:00+00:00,0.25577,0.25577,0.25177,0.25529,19872.14773
2025-12-11 22:45:00+00:00,0.25281,0.26393,0.25281,0.26101,16237.00853
2025-12-11 23:00:00+00:00,0.26315,0.26639,0.26178,0.265,30062.64935
2025-12-11 23:15:00+00:00,0.26657,0.27007,0.26441,0.26749,12976.71037
2025-12-11 23:30:00+00:00,0.26473,0.27791,0.26439,0.27566,28253.94002
2025-12-11 23:45:00+00:00,0.27575,0.28627,0.27575,0.28305,44409.80373
2025-12-12 00:00:00+00:00,0.2815,0.29,0.2815,0.28733,23737.70555
2025-12-12 00:15:00+00:00,0.28733,0.28733,0.27326,0.2763,53384.15557
2025-12-12 00:30:00+00:00,0.27519,0.27519,0.27053,0.27371,5671.03156
2025-12-12 00:45:00+00:00,0.26771,0.26802,0.26396,0.26396,6358.0772
2025-12-12 01:00:00+00:00,0.26618,0.2708,0.26365,0.26703,2926.08319
2025-12-12 01:15:00+00:00,0.26934,0.27355,0.26412,0.26623,27796.33992
2025-12-12 01:30:00+00:00,0.26743,0.27094,0.26743,0.27094,729.49801
2025-12-12 01:45:00+00:00,0.27113,0.27713,0.27032,0.27297,9922.36693
2025-12-12 02:00:00+00:00,0.27828,0.27838,0.26736,0.26942,10489.46927
2025-12-12 02:15:00+00:00,0.26992,0.27227,0.26875,0.26876,5843.40518
2025-12-12 02:30:00+00:00,0.26677,0.27464,0.26676,0.27464,9888.15988
2025-12-12 03:00:00+00:00,0.2749,0.2749,0.27468,0.27468,1100.36881
2025-12-12 03:15:00+00:00,0.27303,0.27333,0.27303,0.27333,172.58166
2025-12-12 03:30:00+00:00,0.27196,0.27613,0.27196,0.2743,2939.48658
2025-12-12 03:45:00+00:00,0.27839,0.27904,0.27724,0.27904,3752.13699
2025-12-12 04:00:00+00:00,0.27712,0.28006,0.27337,0.28006,41961.0025
2025-12-12 04:15:00+00:00,0.28152,0.28152,0.27631,0.27648,5384.85351
2025-12-12 04:30:00+00:00,0.27974,0.28303,0.27885,0.27885,11341.94952
2025-12-12 04:45:00+00:00,0.27998,0.2988,0.27828,0.29224,69702.19601
2025-12-12 05:00:00+00:00,0.29318,0.30038,0.29111,0.29909,59883.60137
2025-12-12 05:15:00+00:00,0.29675,0.30612,0.28702,0.30612,67916.10416
2025-12-12 05:30:00+00:00,0.30786,0.31391,0.30038,0.31391,65369.49521
2025-12-12 05:45:00+00:00,0.31064,0.31586,0.30595,0.31586,22855.97956
2025-12-12 06:00:00+00:00,0.31793,0.31833,0.30781,0.3154,30096.2952
2025-12-12 06:15:00+00:00,0.30792,0.33783,0.3077,0.32754,75650.77772
2025-12-12 06:30:00+00:00,0.3298,0.32981,0.3021,0.30737,75184.89263
2025-12-12 06:45:00+00:00,0.31253,0.31524,0.30681,0.31524,23167.23816
2025-12-12 07:00:00+00:00,0.31716,0.32193,0.30917,0.31711,85159.00385
2025-12-12 07:15:00+00:00,0.31702,0.32326,0.31019,0.31635,28133.4634
2025-12-12 07:30:00+00:00,0.31125,0.31483,0.31121,0.31276,28903.70452
2025-12-12 07:45:00+00:00,0.31327,0.31804,0.31042,0.31042,13935.88022
2025-12-12 08:00:00+00:00,0.31248,0.31447,0.3081,0.31024,19499.60367
2025-12-12 08:15:00+00:00,0.30935,0.31954,0.30935,0.31867,21109.82491
2025-12-12 08:30:00+00:00,0.31859,0.32383,0.31859,0.32213,59180.1893
2025-12-12 08:45:00+00:00,0.32022,0.32642,0.32022,0.32266,15859.84727
2025-12-12 09:00:00+00:00,0.32271,0.32272,0.31462,0.3175,24169.98148
2025-12-12 09:15:00+00:00,0.31978,0.31978,0.304,0.30812,37658.61381
2025-12-12 09:30:00+00:00,0.30787,0.31126,0.29589,0.29841,43352.73666
2025-12-12 09:45:00+00:00,0.29926,0.30228,0.2894,0.29067,50785.9781
2025-12-12 10:00:00+00:00,0.2899,0.29471,0.28601,0.29046,47760.53196
2025-12-12 10:15:00+00:00,0.29143,0.29739,0.287,0.287,50553.98225
2025-12-12 10:30:00+00:00,0.28376,0.28376,0.27228,0.27228,51693.94316
2025-12-12 10:45:00+00:00,0.27422,0.28171,0.26862,0.26965,20428.62166
2025-12-12 11:00:00+00:00,0.26812,0.27682,0.26627,0.27516,10391.66555
2025-12-12 11:15:00+00:00,0.27557,0.28975,0.27533,0.28687,27062.55697
2025-12-12 11:30:00+00:00,0.28824,0.28824,0.27746,0.27805,29042.22624
2025-12-12 11:45:00+00:00,0.2767,0.2792,0.27075,0.27651,23352.61848
2025-12-12 12:00:00+00:00,0.27794,0.29009,0.2777,0.28831,34148.39954
2025-12-12 12:15:00+00:00,0.29174,0.29857,0.29174,0.29561,49134.27589
2025-12-12 12:30:00+00:00,0.29641,0.30191,0.29634,0.29859,31283.84294
2025-12-12 12:45:00+00:00,0.29919,0.30587,0.29919,0.30171,28896.2713
2025-12-12 13:00:00+00:00,0.3046,0.30859,0.29766,0.29766,53111.42668
2025-12-12 13:15:00+00:00,0.29947,0.31581,0.29642,0.31284,40755.62686
2025-12-12 13:30:00+00:00,0.31184,0.3138,0.30586,0.30586,76000.36026
2025-12-12 13:45:00+00:00,0.30809,0.31277,0.30675,0.30675,13894.31356
2025-12-12 14:00:00+00:00,0.30623,0.30623,0.29982,0.30016,9429.73724
2025-12-12 14:15:00+00:00,0.30045,0.30275,0.2973,0.29849,10620.46322
2025-12-12 14:30:00+00:00,0.297,0.30007,0.29367,0.29509,8836.90695
2025-12-12 14:45:00+00:00,0.29796,0.30712,0.29656,0.30621,6392.89314
2025-12-12 15:00:00+00:00,0.30549,0.3105,0.30548,0.30827,8174.32343
2025-12-12 15:15:00+00:00,0.30864,0.31082,0.30483,0.3072,15151.61433
2025-12-12 15:30:00+00:00,0.3068,0.3068,0.30195,0.30195,11683.83488
2025-12-12 15:45:00+00:00,0.30249,0.30469,0.3,0.30369,13880.05542
2025-12-12 16:00:00+00:00,0.30239,0.3171,0.30076,0.31218,57656.64657
2025-12-12 16:15:00+00:00,0.31219,0.31262,0.30843,0.30918,14204.16798
2025-12-12 16:30:00+00:00,0.30642,0.31678,0.30428,0.31585,106904.35008
2025-12-12 16:45:00+00:00,0.31642,0.35,0.31642,0.33022,99538.94112
2025-12-12 17:00:00+00:00,0.33223,0.34413,0.32813,0.34164,125550.20163
2025-12-12 17:15:00+00:00,0.34067,0.35,0.33,0.33,133068.60332
2025-12-12 17:30:00+00:00,0.32676,0.32967,0.31249,0.31709,159020.59
2025-12-12 17:45:00+00:00,0.31641,0.33234,0.31641,0.31997,42793.85255
2025-12-12 18:00:00+00:00,0.32034,0.3327,0.31978,0.32663,61035.18219
2025-12-12 18:15:00+00:00,0.32816,0.3288,0.30511,0.30714,78245.27315
2025-12-12 18:30:00+00:00,0.30928,0.315,0.30856,0.31167,72246.98164
2025-12-12 18:45:00+00:00,0.312,0.312,0.30219,0.30219,78909.64907
2025-12-12 19:00:00+00:00,0.30127,0.30127,0.29198,0.29741,30965.28681
2025-12-12 19:15:00+00:00,0.29635,0.30754,0.2934,0.30754,31442.71236
2025-12-12 19:30:00+00:00,0.30431,0.31247,0.304,0.31247,21006.47112
2025-12-12 19:45:00+00:00,0.31244,0.32782,0.312,0.32782,134282.80615
2025-12-12 20:00:00+00:00,0.32618,0.34,0.31583,0.32054,93431.63374
2025-12-12 20:15:00+00:00,0.32363,0.32707,0.30949,0.31316,77971.00823
2025-12-12 20:30:00+00:00,0.31396,0.31476,0.3097,0.30983,53637.96695
2025-12-12 20:45:00+00:00,0.3092,0.31339,0.30757,0.31339,20128.87201
2025-12-12 21:00:00+00:00,0.31383,0.31447,0.30674,0.30871,25918.48985
2025-12-12 21:15:00+00:00,0.31027,0.31066,0.3055,0.3055,20468.21307
2025-12-12 21:30:00+00:00,0.30775,0.30795,0.30067,0.30404,15107.85312
2025-12-12 21:45:00+00:00,0.30412,0.30641,0.29815,0.29815,38605.97374
2025-12-12 22:00:00+00:00,0.30005,0.3033,0.2975,0.30116,5055.63994
2025-12-12 22:15:00+00:00,0.30429,0.30561,0.3,0.30158,10144.52012
2025-12-12 22:30:00+00:00,0.30178,0.30377,0.29959,0.30165,9951.28756
2025-12-12 22:45:00+00:00,0.30164,0.30337,0.30159,0.30337,1853.03265
2025-12-12 23:00:00+00:00,0.30253,0.30363,0.30148,0.30249,9007.10543
2025-12-12 23:15:00+00:00,0.29889,0.30326,0.29663,0.30252,6321.60275
2025-12-12 23:30:00+00:00,0.30117,0.30164,0.30056,0.30164,2393.50404
2025-12-12 23:45:00+00:00,0.303,0.303,0.299,0.29989,4247.39303
2025-12-13 00:00:00+00:00,0.30184,0.304,0.30184,0.302,13955.07674
2025-12-13 00:15:00+00:00,0.30104,0.31119,0.29948,0.30093,22535.88218
2025-12-13 00:30:00+00:00,0.30279,0.30281,0.30093,0.30093,2549.25411
2025-12-13 01:00:00+00:00,0.29764,0.30267,0.29764,0.30267,3403.38604
2025-12-13 01:15:00+00:00,0.30258,0.30258,0.30207,0.30207,902.09151
2025-12-13 01:30:00+00:00,0.2994,0.2994,0.29912,0.29937,3441.67475
2025-12-13 01:45:00+00:00,0.30169,0.30169,0.29889,0.2994,3400.61431
2025-12-13 02:00:00+00:00,0.29546,0.29895,0.29461,0.29895,4063.84831
2025-12-13 02:30:00+00:00,0.30542,0.30836,0.30337,0.30337,12015.30637
2025-12-13 02:45:00+00:00,0.30216,0.30551,0.29835,0.30551,9136.72989
2025-12-13 03:00:00+00:00,0.30601,0.31566,0.30529,0.31566,9976.82558
2025-12-13 03:15:00+00:00,0.31293,0.31501,0.31211,0.315,13721.21506
2025-12-13 03:30:00+00:00,0.31517,0.31999,0.3142,0.31901,16039.55131
2025-12-13 03:45:00+00:00,0.3214,0.322,0.31933,0.32022,6034.57292
2025-12-13 04:00:00+00:00,0.31914,0.325,0.31914,0.325,7984.89391
2025-12-13 04:15:00+00:00,0.32611,0.33345,0.32611,0.33345,16491.11772
2025-12-13 04:30:00+00:00,0.33387,0.33519,0.32971,0.33051,22458.09605
2025-12-13 04:45:00+00:00,0.33455,0.33946,0.33348,0.33734,53772.68803
2025-12-13 05:00:00+00:00,0.33942,0.342,0.33751,0.34097,95770.90933
2025-12-13 05:15:00+00:00,0.33757,0.33845,0.3342,0.33455,4187.5934
2025-12-13 05:30:00+00:00,0.33266,0.33333,0.31726,0.31726,35053.63109
2025-12-13 05:45:00+00:00,0.3149,0.32329,0.3149,0.32111,8091.30491
2025-12-13 06:00:00+00:00,0.32349,0.32615,0.31713,0.3199,5621.9987
2025-12-13 06:15:00+00:00,0.31825,0.31923,0.30682,0.30682,13801.00257
2025-12-13 06:30:00+00:00,0.30722,0.30981,0.30722,0.30906,5094.24043
2025-12-13 06:45:00+00:00,0.31425,0.31425,0.31425,0.31425,631.3
2025-12-13 07:00:00+00:00,0.31184,0.31184,0.31184,0.31184,25.40347
2025-12-13 07:15:00+00:00,0.30759,0.30963,0.30759,0.3079,3547.84241
2025-12-13 07:30:00+00:00,0.31009,0.31255,0.30861,0.31255,2134.48981
2025-12-13 07:45:00+00:00,0.31214,0.31365,0.31031,0.31244,3671.21445
2025-12-13 08:00:00+00:00,0.31396,0.31421,0.31031,0.31031,4875.72356
2025-12-13 08:15:00+00:00,0.30981,0.31035,0.30899,0.30899,964.29622
2025-12-13 08:30:00+00:00,0.31176,0.31176,0.31,0.31,1261.98174
2025-12-13 08:45:00+00:00,0.31,0.31134,0.30924,0.31134,3852.50968
2025-12-13 09:00:00+00:00,0.31336,0.31336,0.3074,0.3074,3925.34977
2025-12-13 09:15:00+00:00,0.3085,0.3107,0.306,0.3064,9380.60315
2025-12-13 09:30:00+00:00,0.3059,0.30999,0.30238,0.3062,6619.64434
2025-12-13 09:45:00+00:00,0.30505,0.30651,0.29513,0.29631,114178.36826
2025-12-13 10:00:00+00:00,0.29723,0.30069,0.29723,0.29837,14873.25565
2025-12-13 10:15:00+00:00,0.29748,0.29969,0.29513,0.29634,20264.16535
2025-12-13 10:30:00+00:00,0.29609,0.29845,0.29535,0.2976,2675.91232
2025-12-13 10:45:00+00:00,0.29619,0.29663,0.28728,0.28798,40965.84527
2025-12-13 11:00:00+00:00,0.28499,0.28524,0.28043,0.28257,18678.6509
2025-12-13 11:15:00+00:00,0.28245,0.28771,0.28139,0.28253,40751.97165
2025-12-13 11:30:00+00:00,0.2806,0.28219,0.2772,0.27955,39848.47674
2025-12-13 11:45:00+00:00,0.27698,0.27822,0.26487,0.27139,136494.47749
2025-12-13 12:00:00+00:00,0.27152,0.27186,0.26721,0.26721,30925.47849
2025-12-13 12:15:00+00:00,0.26729,0.26729,0.25384,0.25544,43194.42645
2025-12-13 12:30:00+00:00,0.25357,0.25406,0.24852,0.25056,144833.31943
2025-12-13 12:45:00+00:00,0.2505,0.2505,0.24,0.24,51079.14464
2025-12-13 13:00:00+00:00,0.24208,0.25453,0.22987,0.23259,84194.2778
2025-12-13 13:15:00+00:00,0.23219,0.23744,0.22977,0.2322,30786.1993
2025-12-13 13:30:00+00:00,0.2305,0.23563,0.228,0.23525,73578.01326
2025-12-13 13:45:00+00:00,0.2354,0.2354,0.2278,0.23023,17936.6289
2025-12-13 14:00:00+00:00,0.23179,0.23312,0.22399,0.22399,177003.40107
2025-12-13 14:15:00+00:00,0.22384,0.22512,0.22,0.22512,39878.49837
2025-12-13 14:30:00+00:00,0.22412,0.22816,0.22412,0.22611,20874.5837
2025-12-13 14:45:00+00:00,0.22627,0.22821,0.22202,0.22202,20218.61624
2025-12-13 15:00:00+00:00,0.22209,0.22636,0.22,0.22582,41344.97287
2025-12-13 15:15:00+00:00,0.22683,0.22683,0.22349,0.22485,32484.51041
2025-12-13 15:30:00+00:00,0.22497,0.22498,0.22266,0.22476,20301.50869
2025-12-13 15:45:00+00:00,0.22637,0.22637,0.22443,0.22444,11004.43082
2025-12-13 16:00:00+00:00,0.22562,0.22739,0.22427,0.22634,42564.22498
2025-12-13 16:15:00+00:00,0.22697,0.22932,0.22394,0.22932,39005.68869
2025-12-13 16:30:00+00:00,0.22883,0.23388,0.22642,0.23195,112515.79827
2025-12-13 16:45:00+00:00,0.2325,0.24989,0.2325,0.23546,168593.7465
2025-12-13 17:00:00+00:00,0.23793,0.24002,0.23396,0.23528,208366.23155
2025-12-13 17:15:00+00:00,0.23638,0.249,0.23454,0.24614,84474.50433
2025-12-13 17:30:00+00:00,0.24558,0.24737,0.24344,0.2452,76010.9686
2025-12-13 17:45:00+00:00,0.24422,0.25032,0.24422,0.25027,47735.91602
2025-12-13 18:00:00+00:00,0.25095,0.25095,0.23441,0.23992,120418.63352
2025-12-13 18:15:00+00:00,0.23737,0.23866,0.234,0.23796,49182.52412
2025-12-13 18:30:00+00:00,0.23955,0.24102,0.23831,0.23898,45285.91503
2025-12-13 18:45:00+00:00,0.23732,0.23732,0.234,0.23533,22920.83389
2025-12-13 19:00:00+00:00,0.23517,0.23762,0.23394,0.23758,13663.68437
2025-12-13 19:15:00+00:00,0.23958,0.23995,0.23795,0.23829,9693.52941
2025-12-13 19:30:00+00:00,0.23954,0.23954,0.236,0.236,13160.40971
2025-12-13 19:45:00+00:00,0.23655,0.23655,0.23394,0.23461,1617.34669
2025-12-13 20:00:00+00:00,0.23178,0.23206,0.2272,0.23022,36230.49536
2025-12-13 20:15:00+00:00,0.22924,0.23088,0.22924,0.22993,12870.69332
2025-12-13 20:30:00+00:00,0.2299,0.23006,0.22911,0.23006,8965.30407
2025-12-13 20:45:00+00:00,0.23001,0.23001,0.22811,0.22889,40764.62121
2025-12-13 21:00:00+00:00,0.22893,0.2323,0.22893,0.23156,116824.47144
2025-12-13 21:15:00+00:00,0.23189,0.235,0.23076,0.23076,19841.99177
2025-12-13 21:30:00+00:00,0.23123,0.23431,0.23123,0.23431,6343.8142
2025-12-13 21:45:00+00:00,0.23371,0.23566,0.23371,0.23563,21723.17467
2025-12-13 22:00:00+00:00,0.23563,0.23566,0.23343,0.23363,27113.84271
2025-12-13 22:15:00+00:00,0.232,0.232,0.22837,0.23,135463.36078
2025-12-13 22:45:00+00:00,0.23014,0.23014,0.22887,0.22892,67429.38964
2025-12-13 23:00:00+00:00,0.22892,0.22912,0.22735,0.22798,41067.44354
2025-12-13 23:15:00+00:00,0.22739,0.22764,0.22579,0.22671,23489.91389
2025-12-13 23:30:00+00:00,0.22661,0.22723,0.22546,0.22718,21194.79803
2025-12-13 23:45:00+00:00,0.22697,0.23266,0.22697,0.23228,8690.56621
2025-12-14 00:00:00+00:00,0.22939,0.23402,0.22939,0.23402,23833.66437
2025-12-14 00:15:00+00:00,0.23209,0.234,0.23003,0.23012,72786.47519
2025-12-14 00:30:00+00:00,0.23284,0.23423,0.23284,0.23423,16526.56933
2025-12-14 00:45:00+00:00,0.23586,0.23586,0.23491,0.23491,2061.55039
2025-12-14 01:00:00+00:00,0.23612,0.23747,0.23581,0.23581,7203.12645
2025-12-14 01:15:00+00:00,0.23698,0.23988,0.23675,0.238,17006.38446
2025-12-14 01:30:00+00:00,0.23725,0.23899,0.23698,0.23792,7225.72243
2025-12-14 01:45:00+00:00,0.23576,0.23576,0.23095,0.23128,24979.31743
2025-12-14 02:00:00+00:00,0.2317,0.23257,0.2317,0.23257,1109.8
2025-12-14 02:15:00+00:00,0.23243,0.23319,0.23243,0.23315,3946.92157
2025-12-14 02:30:00+00:00,0.2323,0.2323,0.2323,0.2323,856.5034
2025-12-14 03:00:00+00:00,0.23529,0.23529,0.23463,0.23463,432.05907
2025-12-14 03:15:00+00:00,0.2365,0.23654,0.23577,0.23654,16372.8357
2025-12-14 03:30:00+00:00,0.23538,0.23947,0.23498,0.23697,17310.68032
2025-12-14 03:45:00+00:00,0.2389,0.2457,0.23876,0.2399,27710.38654
2025-12-14 04:00:00+00:00,0.24,0.24132,0.23918,0.23976,101226.83709
2025-12-14 04:30:00+00:00,0.23735,0.23792,0.23693,0.23693,1418.55433
2025-12-14 04:45:00+00:00,0.23763,0.23885,0.23763,0.23806,3768.30644
2025-12-14 05:00:00+00:00,0.23831,0.23831,0.23827,0.23827,867.3913
2025-12-14 05:15:00+00:00,0.23611,0.23748,0.23611,0.23748,1796.1
2025-12-14 05:30:00+00:00,0.23531,0.23531,0.23531,0.23531,1.0
2025-12-14 05:45:00+00:00,0.2334,0.23383,0.23175,0.23367,6526.71191
2025-12-14 06:00:00+00:00,0.23289,0.23289,0.22841,0.22938,10922.96989
2025-12-14 06:15:00+00:00,0.22937,0.22957,0.22735,0.22813,17155.64554
2025-12-14 06:30:00+00:00,0.22925,0.22989,0.2286,0.22989,10461.83912
2025-12-14 06:45:00+00:00,0.22947,0.22971,0.22947,0.22971,3655.50402
2025-12-14 07:00:00+00:00,0.22929,0.22949,0.22709,0.22949,4587.12862
2025-12-14 07:15:00+00:00,0.2303,0.23321,0.2303,0.23304,16268.44654
2025-12-14 07:30:00+00:00,0.23192,0.23342,0.23046,0.23046,5576.73857
2025-12-14 07:45:00+00:00,0.2311,0.2317,0.23057,0.23057,1872.66164
2025-12-14 08:00:00+00:00,0.23203,0.23204,0.23121,0.23121,12024.08392
2025-12-14 08:15:00+00:00,0.23131,0.23323,0.23051,0.23051,46927.27266
2025-12-14 08:30:00+00:00,0.23177,0.2335,0.23177,0.23245,3357.88844
2025-12-14 08:45:00+00:00,0.23245,0.23245,0.23041,0.23055,11636.37888
2025-12-14 09:00:00+00:00,0.23173,0.23181,0.22787,0.22787,14141.54897
2025-12-14 09:15:00+00:00,0.22882,0.2297,0.22598,0.2297,13027.97582
2025-12-14 09:30:00+00:00,0.22976,0.23149,0.22976,0.23076,8425.70034
2025-12-14 09:45:00+00:00,0.23014,0.23439,0.23014,0.23095,11985.5376
2025-12-14 10:00:00+00:00,0.23065,0.23065,0.22846,0.22873,6901.66143
2025-12-14 10:15:00+00:00,0.22865,0.24061,0.228,0.23998,29251.56443
2025-12-14 10:30:00+00:00,0.23971,0.248,0.23933,0.2479,279094.4985
2025-12-14 10:45:00+00:00,0.24736,0.25118,0.24356,0.25118,21442.35913
2025-12-14 11:00:00+00:00,0.25157,0.2646,0.25103,0.26399,403489.43959
2025-12-14 11:15:00+00:00,0.2647,0.26591,0.26115,0.26295,98973.68532
2025-12-14 11:30:00+00:00,0.26264,0.26311,0.25253,0.26037,85666.5899
2025-12-14 11:45:00+00:00,0.25995,0.27278,0.25995,0.27228,104340.44846
2025-12-14 12:00:00+00:00,0.27113,0.27296,0.27004,0.27009,38136.77036
2025-12-14 12:15:00+00:00,0.272,0.277,0.27171,0.27471,77848.8928
2025-12-14 12:30:00+00:00,0.27422,0.28062,0.27194,0.27966,47605.84818
2025-12-14 12:45:00+00:00,0.27812,0.27812,0.264,0.2644,44838.21242
2025-12-14 13:00:00+00:00,0.26257,0.2646,0.25746,0.26204,146417.51537
2025-12-14 13:15:00+00:00,0.26215,0.26494,0.25484,0.25484,46914.26044
2025-12-14 13:30:00+00:00,0.25345,0.27191,0.25345,0.26973,94922.41943
2025-12-14 13:45:00+00:00,0.26872,0.27582,0.26854,0.27371,63721.4677
2025-12-14 14:00:00+00:00,0.27352,0.27352,0.26995,0.27127,24988.47354
2025-12-14 14:15:00+00:00,0.27045,0.27642,0.26349,0.27585,114046.25764
2025-12-14 14:30:00+00:00,0.2756,0.27997,0.26768,0.26768,132352.9777
2025-12-14 14:45:00+00:00,0.26886,0.28592,0.26886,0.28592,85121.81714
2025-12-14 15:00:00+00:00,0.28607,0.29777,0.28602,0.29505,230431.7709
2025-12-14 15:15:00+00:00,0.29776,0.3,0.28383,0.28738,156676.76635
2025-12-14 15:30:00+00:00,0.29113,0.30888,0.28931,0.30641,144165.49206
2025-12-14 15:45:00+00:00,0.3081,0.30927,0.29754,0.307,227279.44839
2025-12-14 16:00:00+00:00,0.30572,0.33193,0.30139,0.32056,410415.43296
2025-12-14 16:15:00+00:00,0.32013,0.34191,0.31806,0.34191,245225.32228
2025-12-14 16:30:00+00:00,0.3419,0.349,0.32309,0.33501,303342.5655
2025-12-14 16:45:00+00:00,0.33765,0.34367,0.32833,0.33445,108280.11191
2025-12-14 17:00:00+00:00,0.33444,0.33999,0.32171,0.33197,195669.43761
2025-12-14 17:15:00+00:00,0.33263,0.33868,0.31371,0.32706,175290.16424
2025-12-14 17:30:00+00:00,0.32745,0.33539,0.32244,0.33343,63520.35423
2025-12-14 17:45:00+00:00,0.3342,0.33897,0.32309,0.33293,125007.70948
2025-12-14 18:00:00+00:00,0.333,0.33847,0.32858,0.33426,85738.79669
2025-12-14 18:15:00+00:00,0.3325,0.3599,0.3325,0.35235,179915.13624
2025-12-14 18:30:00+00:00,0.35138,0.36855,0.34,0.36501,188192.88576
2025-12-14 18:45:00+00:00,0.36671,0.39743,0.36022,0.3875,272148.64552
2025-12-14 19:00:00+00:00,0.38881,0.40268,0.35047,0.35539,460459.31195
2025-12-14 19:15:00+00:00,0.35851,0.38748,0.35571,0.36789,237638.82228
2025-12-14 19:30:00+00:00,0.36839,0.37289,0.3565,0.36865,211474.86148
2025-12-14 19:45:00+00:00,0.36983,0.39,0.33787,0.34669,355670.7471
2025-12-14 20:00:00+00:00,0.34809,0.36698,0.34129,0.3628,144625.70559
2025-12-14 20:15:00+00:00,0.36472,0.37,0.34316,0.34854,177194.93917
2025-12-14 20:30:00+00:00,0.34562,0.35733,0.33916,0.34841,65121.31476
2025-12-14 20:45:00+00:00,0.3484,0.35229,0.3392,0.34148,103329.74223
2025-12-14 21:00:00+00:00,0.34,0.34433,0.31944,0.3206,347111.70958
2025-12-14 21:15:00+00:00,0.32058,0.32295,0.30453,0.30801,151992.66171
2025-12-14 21:30:00+00:00,0.30768,0.328,0.29871,0.32262,160695.86628
2025-12-14 21:45:00+00:00,0.31838,0.32599,0.31838,0.32375,73263.04464
2025-12-14 22:00:00+00:00,0.32425,0.33601,0.32425,0.32724,211968.56313
2025-12-14 22:15:00+00:00,0.32967,0.3358,0.32881,0.33097,74107.8156
2025-12-14 22:30:00+00:00,0.33048,0.33386,0.32346,0.32982,107230.7846
2025-12-14 22:45:00+00:00,0.32698,0.33577,0.32646,0.335,117644.69781
2025-12-14 23:00:00+00:00,0.335,0.35109,0.33,0.34281,187963.11827
2025-12-14 23:15:00+00:00,0.34123,0.34701,0.33809,0.34302,52491.8137
2025-12-14 23:30:00+00:00,0.34302,0.34338,0.338,0.34072,142899.06535
2025-12-14 23:45:00+00:00,0.34198,0.3467,0.33,0.33313,195037.99602
2025-12-15 00:00:00+00:00,0.33316,0.33332,0.32501,0.33079,55865.55012
2025-12-15 00:15:00+00:00,0.33142,0.33218,0.32646,0.32744,6565.21761
2025-12-15 00:30:00+00:00,0.33154,0.33636,0.32922,0.33214,26825.53324
2025-12-15 00:45:00+00:00,0.3311,0.33837,0.33033,0.33837,25090.53764
2025-12-15 01:00:00+00:00,0.3389,0.34097,0.33551,0.33944,47371.39228
2025-12-15 01:15:00+00:00,0.34099,0.344,0.33657,0.33994,31223.71459
2025-12-15 01:30:00+00:00,0.34,0.34252,0.33664,0.33664,58367.4534
2025-12-15 01:45:00+00:00,0.33768,0.33768,0.33449,0.33628,37704.84634
2025-12-15 02:00:00+00:00,0.33593,0.33651,0.32998,0.33012,50177.7702
2025-12-15 02:15:00+00:00,0.32923,0.33051,0.32695,0.32695,6524.73219
2025-12-15 02:30:00+00:00,0.32998,0.33891,0.32592,0.33326,30599.87913
2025-12-15 02:45:00+00:00,0.33257,0.33736,0.32979,0.33619,11296.02378
2025-12-15 03:00:00+00:00,0.33367,0.33658,0.33105,0.33657,12277.12454
2025-12-15 03:15:00+00:00,0.33584,0.3363,0.32662,0.32662,16793.70238
2025-12-15 03:30:00+00:00,0.32897,0.3319,0.32656,0.3319,2853.79296
2025-12-15 03:45:00+00:00,0.33121,0.35887,0.32977,0.35289,139476.35266
2025-12-15 04:00:00+00:00,0.3533,0.36367,0.3501,0.35391,47781.565
2025-12-15 04:15:00+00:00,0.35312,0.36328,0.35202,0.35974,36292.56595
2025-12-15 04:30:00+00:00,0.35941,0.35958,0.34258,0.34545,27210.16577
2025-12-15 04:45:00+00:00,0.34569,0.35067,0.33663,0.3505,10869.35495
2025-12-15 05:00:00+00:00,0.35003,0.35899,0.34379,0.34635,38650.95294
2025-12-15 05:15:00+00:00,0.34658,0.34666,0.33783,0.34539,8760.7043
2025-12-15 05:30:00+00:00,0.34546,0.35,0.343,0.34825,63037.68025
2025-12-15 05:45:00+00:00,0.34793,0.35,0.34484,0.34541,32168.72244
2025-12-15 06:00:00+00:00,0.3443,0.347,0.34,0.34331,78349.86966
2025-12-15 06:15:00+00:00,0.3444,0.3444,0.33739,0.33894,7660.07733
2025-12-15 06:30:00+00:00,0.33769,0.33946,0.33532,0.33863,14116.68468
2025-12-15 06:45:00+00:00,0.33692,0.3462,0.333,0.34194,86068.21151
2025-12-15 07:00:00+00:00,0.33857,0.36,0.33857,0.35499,64715.94406
2025-12-15 07:15:00+00:00,0.35491,0.35492,0.3287,0.33068,105902.84146
2025-12-15 07:30:00+00:00,0.33289,0.34049,0.33,0.33016,36606.46425
2025-12-15 07:45:00+00:00,0.32989,0.34416,0.32923,0.3384,39734.10155
2025-12-15 08:00:00+00:00,0.33772,0.33772,0.32824,0.3284,33261.09859
2025-12-15 08:15:00+00:00,0.33044,0.34037,0.32085,0.332,42225.08889
2025-12-15 08:30:00+00:00,0.33171,0.33772,0.33171,0.33325,13614.50505
2025-12-15 08:45:00+00:00,0.33322,0.34103,0.33322,0.33478,17929.71569
2025-12-15 09:00:00+00:00,0.33428,0.33752,0.32209,0.32209,124722.51361
2025-12-15 09:15:00+00:00,0.32344,0.32796,0.31471,0.31471,57218.99782
2025-12-15 09:30:00+00:00,0.31702,0.32079,0.30891,0.30902,48330.83406
2025-12-15 09:45:00+00:00,0.31129,0.31705,0.30158,0.30283,120401.01364
2025-12-15 10:00:00+00:00,0.30367,0.30529,0.29919,0.30001,67459.05043
2025-12-15 10:15:00+00:00,0.30002,0.31835,0.30002,0.30514,65669.45458
2025-12-15 10:30:00+00:00,0.30409,0.30686,0.29752,0.30144,115059.93699
2025-12-15 10:45:00+00:00,0.30113,0.30113,0.29201,0.29332,49253.04499
2025-12-15 11:00:00+00:00,0.29348,0.29348,0.28221,0.28244,76699.36393
2025-12-15 11:15:00+00:00,0.282,0.28356,0.27407,0.27563,81294.08898
2025-12-15 11:30:00+00:00,0.275,0.27827,0.26798,0.26998,47623.0845
2025-12-15 11:45:00+00:00,0.27028,0.2789,0.26913,0.27074,92555.71318
2025-12-15 12:00:00+00:00,0.272,0.28287,0.26925,0.28026,134426.5839
2025-12-15 12:15:00+00:00,0.27891,0.28089,0.27774,0.27774,51007.79413
2025-12-15 12:30:00+00:00,0.279,0.27963,0.27759,0.27794,33598.06931
2025-12-15 12:45:00+00:00,0.27775,0.28188,0.27775,0.279,38986.1247
2025-12-15 13:00:00+00:00,0.2795,0.27985,0.27399,0.27588,44961.94135
2025-12-15 13:15:00+00:00,0.27621,0.279,0.27267,0.279,37033.17859
2025-12-15 13:30:00+00:00,0.27896,0.27917,0.27365,0.27365,22218.65776
2025-12-15 13:45:00+00:00,0.27392,0.2773,0.27386,0.27559,25101.85469
2025-12-15 14:00:00+00:00,0.27715,0.28171,0.27595,0.27648,62916.79997
2025-12-15 14:15:00+00:00,0.27584,0.27684,0.27506,0.27526,7081.17614
2025-12-15 14:30:00+00:00,0.27682,0.28299,0.27682,0.28299,7831.21097
2025-12-15 14:45:00+00:00,0.28147,0.28597,0.28075,0.28208,81268.52216
2025-12-15 15:00:00+00:00,0.2785,0.28493,0.27684,0.28275,33057.23275
2025-12-15 15:15:00+00:00,0.28351,0.29037,0.28207,0.29037,130270.7105
2025-12-15 15:30:00+00:00,0.29037,0.2989,0.28831,0.2954,46647.80858
2025-12-15 15:45:00+00:00,0.29569,0.31183,0.29406,0.30957,227067.00614
2025-12-15 16:00:00+00:00,0.31,0.31304,0.29062,0.29292,139173.82914
2025-12-15 16:15:00+00:00,0.29205,0.29243,0.28573,0.2886,40832.45436
2025-12-15 16:30:00+00:00,0.29328,0.29867,0.29171,0.29182,30742.12952
2025-12-15 16:45:00+00:00,0.29206,0.29296,0.2898,0.29164,15397.83054
2025-12-15 17:00:00+00:00,0.29137,0.29512,0.29137,0.29481,19533.50317
2025-12-15 17:15:00+00:00,0.296,0.29749,0.29259,0.29661,23255.38053
2025-12-15 17:30:00+00:00,0.29416,0.29724,0.29341,0.29395,3345.209
2025-12-15 17:45:00+00:00,0.29335,0.29411,0.29001,0.29319,56842.98829
2025-12-15 18:00:00+00:00,0.29113,0.29362,0.28976,0.29362,28485.59529
2025-12-15 18:15:00+00:00,0.29345,0.29345,0.28631,0.29297,45262.16876
2025-12-15 18:30:00+00:00,0.29284,0.29284,0.28771,0.28822,22265.68524
2025-12-15 18:45:00+00:00,0.28731,0.28738,0.27757,0.28266,43210.46304
2025-12-15 19:00:00+00:00,0.28276,0.28646,0.28197,0.2835,22872.41388
2025-12-15 19:15:00+00:00,0.2837,0.28798,0.2835,0.28798,70723.64287
2025-12-15 19:30:00+00:00,0.28705,0.2871,0.2846,0.2855,6875.12289
2025-12-15 19:45:00+00:00,0.2858,0.29185,0.28514,0.28828,44227.43635
2025-12-15 20:00:00+00:00,0.28538,0.28732,0.28497,0.28576,4195.74287
2025-12-15 20:15:00+00:00,0.28693,0.28773,0.28572,0.28746,18633.39114
2025-12-15 20:30:00+00:00,0.28754,0.28806,0.28608,0.28608,37126.96458
2025-12-15 20:45:00+00:00,0.28567,0.28572,0.28203,0.28238,39240.25799
2025-12-15 21:00:00+00:00,0.28388,0.28388,0.28241,0.28304,5251.93484
2025-12-15 21:15:00+00:00,0.28337,0.2865,0.28332,0.28627,40546.3035
2025-12-15 21:30:00+00:00,0.287,0.288,0.287,0.28701,14687.00349
2025-12-15 21:45:00+00:00,0.287,0.29183,0.28139,0.2848,99389.32042
2025-12-15 22:00:00+00:00,0.28122,0.28457,0.281,0.28146,24443.71192
2025-12-15 22:15:00+00:00,0.28164,0.28405,0.27948,0.28405,75289.47278
2025-12-15 22:30:00+00:00,0.28359,0.28359,0.28034,0.28049,19535.03091
2025-12-15 22:45:00+00:00,0.2801,0.28239,0.2801,0.28238,13841.50548
2025-12-15 23:00:00+00:00,0.28169,0.28198,0.28092,0.28198,7386.07882
2025-12-15 23:15:00+00:00,0.28046,0.28046,0.27586,0.277,6737.48292
2025-12-15 23:30:00+00:00,0.27706,0.27729,0.27619,0.27729,3641.62675
2025-12-15 23:45:00+00:00,0.27669,0.27739,0.27385,0.27385,4372.89482
2025-12-16 00:00:00+00:00,0.27265,0.27347,0.272,0.27347,829.93829
2025-12-16 00:15:00+00:00,0.27207,0.27207,0.27051,0.271,5867.11812
2025-12-16 00:30:00+00:00,0.2713,0.27267,0.27066,0.27267,12096.03906
2025-12-16 00:45:00+00:00,0.27323,0.27323,0.26268,0.26296,54668.09831
2025-12-16 01:00:00+00:00,0.2632,0.26916,0.26277,0.26783,4761.48605
2025-12-16 01:15:00+00:00,0.26931,0.26931,0.26699,0.26699,8812.2732
2025-12-16 01:30:00+00:00,0.26805,0.26805,0.266,0.266,2812.30668
2025-12-16 01:45:00+00:00,0.26705,0.26705,0.26705,0.26705,1557.05115
2025-12-16 02:00:00+00:00,0.26651,0.26651,0.26399,0.26399,94.11297
2025-12-16 02:15:00+00:00,0.26518,0.26518,0.26457,0.26457,416.30665
2025-12-16 02:30:00+00:00,0.26386,0.26386,0.26275,0.26275,12073.45262
2025-12-16 03:00:00+00:00,0.26311,0.26555,0.26311,0.26375,22097.39401
2025-12-16 03:15:00+00:00,0.26395,0.26439,0.26395,0.26439,7221.66792
2025-12-16 03:30:00+00:00,0.26547,0.26659,0.26546,0.26546,14439.17618
2025-12-16 03:45:00+00:00,0.26198,0.26198,0.26118,0.26118,14000.13498
2025-12-16 04:00:00+00:00,0.26058,0.26213,0.25923,0.26213,78393.99506
2025-12-16 04:15:00+00:00,0.25917,0.25941,0.25769,0.2582,59362.44637
2025-12-16 04:30:00+00:00,0.25742,0.26024,0.25742,0.259,24892.02061
2025-12-16 04:45:00+00:00,0.26016,0.26016,0.2594,0.2594,5146.0877
2025-12-16 05:00:00+00:00,0.25841,0.25943,0.25774,0.25829,11580.03847
2025-12-16 05:15:00+00:00,0.25698,0.25783,0.25629,0.25783,17146.30574
2025-12-16 05:30:00+00:00,0.2567,0.26075,0.2567,0.25955,28173.66837
2025-12-16 05:45:00+00:00,0.25908,0.25908,0.25882,0.25884,5457.27015
2025-12-16 06:00:00+00:00,0.25891,0.259,0.25,0.2517,104699.49682
2025-12-16 06:15:00+00:00,0.25302,0.25553,0.25302,0.25553,20891.64008
2025-12-16 06:30:00+00:00,0.25473,0.25523,0.25127,0.25244,53039.25858
2025-12-16 06:45:00+00:00,0.25205,0.2532,0.25,0.25075,105637.47757
2025-12-16 07:00:00+00:00,0.25047,0.25199,0.245,0.24812,272136.05743
2025-12-16 07:15:00+00:00,0.24641,0.24641,0.24202,0.24383,115619.49752
2025-12-16 07:30:00+00:00,0.24344,0.24734,0.24344,0.2441,85401.84975
2025-12-16 07:45:00+00:00,0.24458,0.24901,0.24458,0.24834,51627.68574
2025-12-16 08:00:00+00:00,0.246,0.2475,0.246,0.24743,19015.552
2025-12-16 08:15:00+00:00,0.24641,0.24641,0.24526,0.24631,30748.00359
2025-12-16 08:30:00+00:00,0.24622,0.2491,0.24622,0.2481,45067.65874
2025-12-16 08:45:00+00:00,0.24925,0.25031,0.24851,0.25031,110539.80106
2025-12-16 09:00:00+00:00,0.25075,0.26246,0.24945,0.25631,76503.04354
2025-12-16 09:15:00+00:00,0.256,0.26503,0.256,0.26321,116856.44291
2025-12-16 09:30:00+00:00,0.26213,0.26503,0.25,0.25046,68071.41305
2025-12-16 09:45:00+00:00,0.25002,0.25301,0.24969,0.25036,36453.99929
2025-12-16 10:00:00+00:00,0.25074,0.25746,0.25064,0.25692,65167.92262
2025-12-16 10:15:00+00:00,0.25741,0.262,0.25741,0.26064,157761.26514
2025-12-16 10:30:00+00:00,0.25958,0.25958,0.25575,0.25699,34082.84827
2025-12-16 10:45:00+00:00,0.25698,0.25767,0.25582,0.25582,27135.79435
2025-12-16 11:00:00+00:00,0.25398,0.254,0.25288,0.25288,6393.62913
2025-12-16 11:15:00+00:00,0.25383,0.25492,0.25279,0.25492,20609.78473
2025-12-16 11:30:00+00:00,0.25622,0.25892,0.25622,0.25664,8846.75354
2025-12-16 11:45:00+00:00,0.25553,0.25574,0.25486,0.25486,4286.83005
2025-12-16 12:00:00+00:00,0.255,0.25559,0.25417,0.25417,18896.74178
2025-12-16 12:15:00+00:00,0.25373,0.25549,0.25373,0.25549,6942.06688
2025-12-16 12:30:00+00:00,0.25506,0.2565,0.25419,0.2565,36797.64327
2025-12-16 12:45:00+00:00,0.25506,0.2561,0.25506,0.2561,3335.4
2025-12-16 13:00:00+00:00,0.25556,0.25556,0.25249,0.253,1690.12028
2025-12-16 13:15:00+00:00,0.25368,0.25729,0.25368,0.25712,40075.69176
2025-12-16 13:30:00+00:00,0.25569,0.25569,0.25562,0.25562,1762.54364
2025-12-16 13:45:00+00:00,0.25617,0.25633,0.25355,0.25355,14917.44826
2025-12-16 14:00:00+00:00,0.25416,0.25416,0.24673,0.24676,30419.93095
2025-12-16 14:15:00+00:00,0.24918,0.24918,0.24918,0.24918,3911.35809
2025-12-16 14:30:00+00:00,0.2484,0.25024,0.2484,0.24922,13314.00009
2025-12-16 14:45:00+00:00,0.24738,0.2478,0.24627,0.2478,16985.38522
2025-12-16 15:00:00+00:00,0.24992,0.24992,0.24913,0.24965,3519.8683
2025-12-16 15:15:00+00:00,0.24973,0.2515,0.24691,0.248,71022.81705
2025-12-16 15:30:00+00:00,0.24812,0.24921,0.24736,0.24921,2550.14151
2025-12-16 15:45:00+00:00,0.24977,0.25405,0.2492,0.25235,86544.2067
2025-12-16 16:00:00+00:00,0.25163,0.25205,0.25013,0.25013,17605.92585
2025-12-16 16:15:00+00:00,0.2523,0.25336,0.25227,0.25227,3522.53284
2025-12-16 16:30:00+00:00,0.25473,0.255,0.25372,0.255,6834.41512
2025-12-16 16:45:00+00:00,0.256,0.26,0.256,0.258,42974.18174
2025-12-16 17:00:00+00:00,0.25616,0.25616,0.2545,0.25576,15621.25408
2025-12-16 17:15:00+00:00,0.25395,0.25405,0.25387,0.25405,870.24539
2025-12-16 17:30:00+00:00,0.25463,0.25487,0.25366,0.25366,13031.39766
2025-12-16 17:45:00+00:00,0.25231,0.25498,0.25231,0.25461,17191.47111
2025-12-16 18:00:00+00:00,0.2542,0.25477,0.25281,0.25468,19812.42965
2025-12-16 18:15:00+00:00,0.25342,0.25427,0.2533,0.25427,10281.30056
2025-12-16 18:30:00+00:00,0.25327,0.25404,0.25012,0.25244,99870.13834
2025-12-16 18:45:00+00:00,0.25218,0.25244,0.25113,0.25244,14796.04405
2025-12-16 19:00:00+00:00,0.25149,0.25297,0.2508,0.2508,43701.28241
2025-12-16 19:15:00+00:00,0.25091,0.25256,0.25091,0.25253,8624.8055
2025-12-16 19:30:00+00:00,0.2531,0.25465,0.2526,0.25355,14301.62686
2025-12-16 19:45:00+00:00,0.2554,0.2565,0.2554,0.25543,17539.2322
2025-12-16 20:00:00+00:00,0.25547,0.25572,0.25389,0.25405,19939.86766
2025-12-16 20:15:00+00:00,0.25295,0.25296,0.25034,0.25149,11979.091
2025-12-16 20:30:00+00:00,0.25211,0.2562,0.25,0.25374,68449.84377
2025-12-16 20:45:00+00:00,0.2544,0.25499,0.25287,0.2535,33575.94413
2025-12-16 21:00:00+00:00,0.253,0.25793,0.253,0.25531,27079.29523
2025-12-16 21:15:00+00:00,0.25174,0.25226,0.25135,0.25164,21050.88587
2025-12-16 21:30:00+00:00,0.25276,0.25542,0.25088,0.25542,51201.43642
2025-12-16 21:45:00+00:00,0.25194,0.26356,0.25163,0.26175,110710.77299
2025-12-16 22:00:00+00:00,0.2621,0.27232,0.2621,0.27087,146323.28225
2025-12-16 22:15:00+00:00,0.27137,0.28357,0.27104,0.2827,48500.17447
2025-12-16 22:30:00+00:00,0.28026,0.28246,0.27149,0.27149,46307.40202
2025-12-16 22:45:00+00:00,0.27067,0.28009,0.27067,0.27743,41147.39371
2025-12-16 23:00:00+00:00,0.28042,0.28132,0.27476,0.27533,8607.20428
2025-12-16 23:15:00+00:00,0.27947,0.28178,0.27679,0.28178,12352.68744
2025-12-16 23:30:00+00:00,0.28203,0.28537,0.28084,0.28372,10109.41723
2025-12-16 23:45:00+00:00,0.28644,0.29712,0.28566,0.29655,21516.72051
2025-12-17 00:00:00+00:00,0.29576,0.29713,0.2881,0.29653,49789.96937
2025-12-17 00:15:00+00:00,0.29719,0.30184,0.28642,0.29578,42554.0122
2025-12-17 00:30:00+00:00,0.29721,0.2976,0.29274,0.2963,3599.62722
2025-12-17 00:45:00+00:00,0.29468,0.2955,0.29093,0.29237,13247.291
2025-12-17 01:00:00+00:00,0.29217,0.29428,0.28981,0.29059,10191.02327
2025-12-17 01:15:00+00:00,0.2931,0.29846,0.2931,0.29846,6525.72036
2025-12-17 01:30:00+00:00,0.29837,0.30144,0.29415,0.29591,28973.98381
2025-12-17 01:45:00+00:00,0.29606,0.29961,0.29522,0.29607,10497.97959
2025-12-17 02:00:00+00:00,0.29578,0.29677,0.28887,0.28894,20621.85138
2025-12-17 02:15:00+00:00,0.28689,0.28904,0.28567,0.28782,4726.52092
2025-12-17 02:30:00+00:00,0.28833,0.29033,0.28564,0.29033,9847.0233
2025-12-17 02:45:00+00:00,0.2868,0.28704,0.2795,0.28164,28275.7783
2025-12-17 03:00:00+00:00,0.28065,0.28215,0.28065,0.2813,3103.2443
2025-12-17 03:15:00+00:00,0.27928,0.2917,0.27922,0.288,22550.94828
2025-12-17 03:45:00+00:00,0.28348,0.29136,0.2834,0.28676,48375.58075
2025-12-17 04:00:00+00:00,0.28587,0.28751,0.28586,0.2868,15468.17611
2025-12-17 04:30:00+00:00,0.28378,0.28378,0.27796,0.27899,23922.39908
2025-12-17 04:45:00+00:00,0.27872,0.285,0.27871,0.28287,5911.05364
2025-12-17 05:00:00+00:00,0.28252,0.28252,0.28,0.28,1779.04214
2025-12-17 05:15:00+00:00,0.27695,0.27764,0.27585,0.27742,6519.95906
2025-12-17 05:30:00+00:00,0.27761,0.27801,0.27761,0.27801,1968.38627
2025-12-17 05:45:00+00:00,0.27691,0.28659,0.2766,0.2865,24666.96147
2025-12-17 06:00:00+00:00,0.28657,0.289,0.2838,0.28416,56821.66216
2025-12-17 06:15:00+00:00,0.28341,0.28903,0.28258,0.28903,5461.17081
2025-12-17 06:30:00+00:00,0.28935,0.29635,0.28935,0.29119,78495.7618
2025-12-17 06:45:00+00:00,0.29129,0.29576,0.28963,0.29504,43545.68136
2025-12-17 07:00:00+00:00,0.291,0.291,0.28732,0.28901,19764.36243
2025-12-17 07:15:00+00:00,0.28991,0.292,0.28911,0.29092,32676.58997
2025-12-17 07:30:00+00:00,0.29051,0.29699,0.29,0.29356,18923.66729
2025-12-17 07:45:00+00:00,0.29549,0.3063,0.29548,0.30199,371346.11606
2025-12-17 08:00:00+00:00,0.30244,0.31,0.3,0.30793,287774.32124
2025-12-17 08:15:00+00:00,0.30908,0.31723,0.304,0.312,77541.82797
2025-12-17 08:30:00+00:00,0.314,0.32553,0.31109,0.32156,170496.50171
2025-12-17 08:45:00+00:00,0.32208,0.3309,0.31341,0.31569,289370.1915
2025-12-17 09:00:00+00:00,0.3142,0.3192,0.30759,0.3185,140336.36022
2025-12-17 09:15:00+00:00,0.31894,0.322,0.31335,0.31849,139487.40417
2025-12-17 09:30:00+00:00,0.31903,0.32262,0.312,0.3189,64148.18582
2025-12-17 09:45:00+00:00,0.31812,0.321,0.31478,0.31659,25222.89682
2025-12-17 10:00:00+00:00,0.31686,0.32,0.31118,0.32,25585.63023
2025-12-17 10:15:00+00:00,0.31999,0.321,0.31648,0.317,32717.25268
2025-12-17 10:30:00+00:00,0.31589,0.32333,0.31573,0.31906,107366.71545
2025-12-17 10:45:00+00:00,0.316,0.32132,0.316,0.316,4885.47183
2025-12-17 11:00:00+00:00,0.31565,0.33229,0.312,0.32815,158520.55987
2025-12-17 11:15:00+00:00,0.328,0.33234,0.3215,0.32377,88052.21709
2025-12-17 11:30:00+00:00,0.32321,0.32941,0.32114,0.32811,26032.42916
2025-12-17 11:45:00+00:00,0.32594,0.33111,0.32116,0.3297,239546.31559
2025-12-17 12:00:00+00:00,0.33,0.332,0.32557,0.33128,48915.81587
2025-12-17 12:15:00+00:00,0.32988,0.33278,0.32681,0.32681,30756.89184
2025-12-17 12:30:00+00:00,0.32834,0.33188,0.32765,0.32986,34872.68722
2025-12-17 12:45:00+00:00,0.32767,0.337,0.32717,0.33415,60633.42298
2025-12-17 13:00:00+00:00,0.33441,0.34271,0.33,0.34234,116916.78815
2025-12-17 13:15:00+00:00,0.34141,0.34823,0.33,0.337,189307.58614
2025-12-17 13:30:00+00:00,0.3381,0.35498,0.3381,0.35498,130223.52446
2025-12-17 13:45:00+00:00,0.3549,0.3549,0.34614,0.34832,109192.81235
2025-12-17 14:00:00+00:00,0.35013,0.35449,0.3453,0.35449,71606.88556
2025-12-17 14:15:00+00:00,0.35352,0.35382,0.33704,0.34807,92550.47419
2025-12-17 14:30:00+00:00,0.34499,0.34695,0.33468,0.33649,219183.47832
2025-12-17 14:45:00+00:00,0.3352,0.3352,0.31666,0.31914,324043.24525
2025-12-17 15:00:00+00:00,0.32099,0.33059,0.31469,0.3235,180888.59394
2025-12-17 15:15:00+00:00,0.32128,0.32128,0.30635,0.317,122104.72665
2025-12-17 15:30:00+00:00,0.31736,0.32159,0.3115,0.32035,191489.68583
2025-12-17 15:45:00+00:00,0.31687,0.32192,0.31493,0.31852,131692.64063
2025-12-17 16:00:00+00:00,0.32056,0.32283,0.31746,0.31791,33804.3502
2025-12-17 16:15:00+00:00,0.317,0.31817,0.3,0.31512,221153.05008
2025-12-17 16:30:00+00:00,0.31515,0.32015,0.31061,0.31586,101216.26683
2025-12-17 16:45:00+00:00,0.31876,0.32296,0.31333,0.31585,197418.28707
2025-12-17 17:00:00+00:00,0.31595,0.33195,0.31595,0.33195,80334.18391
2025-12-17 17:15:00+00:00,0.32777,0.33791,0.32735,0.33395,119819.13221
2025-12-17 17:30:00+00:00,0.33263,0.34122,0.3326,0.33962,135814.85587
2025-12-17 17:45:00+00:00,0.33964,0.345,0.33701,0.34397,78013.15767
2025-12-17 18:00:00+00:00,0.34043,0.34373,0.3347,0.3347,114226.4522
2025-12-17 18:15:00+00:00,0.33566,0.33567,0.32247,0.32729,354998.22609
2025-12-17 18:30:00+00:00,0.32596,0.3285,0.32001,0.3236,128492.73668
2025-12-17 18:45:00+00:00,0.32346,0.32823,0.32289,0.32823,10991.17184
2025-12-17 19:00:00+00:00,0.3284,0.33439,0.3284,0.33362,141665.71281
2025-12-17 19:15:00+00:00,0.33412,0.3375,0.325,0.32675,162635.69479
2025-12-17 19:30:00+00:00,0.32733,0.32992,0.32252,0.32792,105990.23253
2025-12-17 19:45:00+00:00,0.32679,0.33444,0.32,0.32174,39851.64388
2025-12-17 20:00:00+00:00,0.32129,0.32464,0.32,0.32005,71379.53411
2025-12-17 20:15:00+00:00,0.32094,0.3274,0.32,0.32737,61832.89129
2025-12-17 20:30:00+00:00,0.32685,0.32884,0.32595,0.32624,35222.11129
2025-12-17 20:45:00+00:00,0.32791,0.32952,0.32023,0.32304,75590.80225
2025-12-17 21:00:00+00:00,0.32463,0.33732,0.31831,0.33348,105467.16434
2025-12-17 21:15:00+00:00,0.33138,0.3515,0.331,0.35149,353574.49861
2025-12-17 21:30:00+00:00,0.35149,0.35176,0.33863,0.34217,187908.99199
2025-12-17 21:45:00+00:00,0.3428,0.34302,0.3363,0.3391,41053.08834
2025-12-17 22:00:00+00:00,0.34256,0.35,0.33945,0.34511,93212.44019
2025-12-17 22:15:00+00:00,0.34672,0.36065,0.34496,0.35988,128474.29318
2025-12-17 22:30:00+00:00,0.35841,0.35976,0.34897,0.35071,132513.90363
2025-12-17 22:45:00+00:00,0.35105,0.37963,0.35004,0.36907,117457.83463
2025-12-17 23:00:00+00:00,0.37031,0.38251,0.36872,0.37412,74412.74467
2025-12-17 23:15:00+00:00,0.37498,0.37976,0.36305,0.37976,50626.93599
2025-12-17 23:30:00+00:00,0.3792,0.38017,0.35901,0.3597,119646.73429
2025-12-17 23:45:00+00:00,0.36276,0.37132,0.35399,0.35974,28758.59844
2025-12-18 00:00:00+00:00,0.36111,0.36111,0.34864,0.35543,58334.47045
2025-12-18 00:15:00+00:00,0.3592,0.36989,0.35409,0.36353,26474.71996
2025-12-18 00:30:00+00:00,0.36247,0.36873,0.35836,0.36873,13095.52876
2025-12-18 00:45:00+00:00,0.36886,0.37,0.3672,0.36979,8585.79493
2025-12-18 01:00:00+00:00,0.36914,0.37108,0.364,0.37,12303.31855
2025-12-18 01:15:00+00:00,0.37108,0.3737,0.35786,0.35956,16073.18363
2025-12-18 01:30:00+00:00,0.3578,0.36089,0.35578,0.35578,8857.37435
2025-12-18 01:45:00+00:00,0.35772,0.36127,0.34978,0.35117,19848.18
2025-12-18 02:00:00+00:00,0.34981,0.35521,0.347,0.35084,17965.499
2025-12-18 02:15:00+00:00,0.35313,0.35377,0.35029,0.35272,20204.40837
2025-12-18 02:30:00+00:00,0.35303,0.358,0.35303,0.358,2216.05313
2025-12-18 02:45:00+00:00,0.35624,0.358,0.35292,0.35292,8703.78327
2025-12-18 03:00:00+00:00,0.358,0.36345,0.358,0.36345,7096.69845
2025-12-18 03:15:00+00:00,0.36276,0.36459,0.36079,0.36459,2153.37579
2025-12-18 03:30:00+00:00,0.3658,0.36691,0.36509,0.36599,1029.33586
2025-12-18 03:45:00+00:00,0.36925,0.37474,0.36925,0.37376,4928.48024
2025-12-18 04:00:00+00:00,0.37362,0.37772,0.37179,0.37406,9910.39245
2025-12-18 04:15:00+00:00,0.37278,0.38,0.37035,0.37115,19130.0241
2025-12-18 04:30:00+00:00,0.36942,0.37976,0.36942,0.378,10759.01581
2025-12-18 04:45:00+00:00,0.37983,0.38582,0.37875,0.38582,26658.14142
2025-12-18 05:00:00+00:00,0.38649,0.39943,0.3856,0.3905,99658.27645
2025-12-18 05:15:00+00:00,0.38905,0.3897,0.37819,0.38122,24500.30276
2025-12-18 05:30:00+00:00,0.38427,0.38431,0.355,0.37339,346961.60187
2025-12-18 05:45:00+00:00,0.37189,0.37213,0.36353,0.36449,59647.71775
2025-12-18 06:00:00+00:00,0.36459,0.37676,0.36082,0.37676,39752.60181
2025-12-18 06:15:00+00:00,0.3763,0.37667,0.3719,0.37379,17851.93312
2025-12-18 06:30:00+00:00,0.37305,0.37678,0.36683,0.37678,12675.44147
2025-12-18 06:45:00+00:00,0.37574,0.39299,0.3756,0.38816,100872.68765
2025-12-18 07:00:00+00:00,0.38815,0.4,0.38467,0.39437,153728.06213
2025-12-18 07:15:00+00:00,0.39429,0.41999,0.39429,0.405,152827.31402
2025-12-18 07:30:00+00:00,0.40978,0.42,0.405,0.4066,205870.81018
2025-12-18 07:45:00+00:00,0.4066,0.41592,0.40507,0.41219,38185.18025
2025-12-18 08:00:00+00:00,0.41519,0.41599,0.4039,0.40571,81317.54273
2025-12-18 08:15:00+00:00,0.40683,0.416,0.39172,0.39267,214059.82821
2025-12-18 08:30:00+00:00,0.39293,0.39558,0.37015,0.3728,310203.14266
2025-12-18 08:45:00+00:00,0.37383,0.38357,0.36641,0.37241,97438.18724
2025-12-18 09:00:00+00:00,0.37742,0.39981,0.35502,0.38506,28914.40901
2025-12-18 09:15:00+00:00,0.38423,0.39276,0.37772,0.37864,80328.17401
2025-12-18 09:30:00+00:00,0.38009,0.3871,0.36643,0.36964,18906.27642
2025-12-18 09:45:00+00:00,0.38505,0.38505,0.36821,0.37568,18008.7027
2025-12-18 10:00:00+00:00,0.37702,0.38292,0.37409,0.37411,17413.29246
2025-12-18 10:15:00+00:00,0.37314,0.38447,0.37156,0.37744,16810.93002
2025-12-18 10:30:00+00:00,0.37334,0.39144,0.37334,0.38796,37293.2715
2025-12-18 10:45:00+00:00,0.38609,0.40999,0.38232,0.39969,91534.85053
2025-12-18 11:00:00+00:00,0.40596,0.41274,0.40139,0.4122,42043.69842
2025-12-18 11:15:00+00:00,0.41206,0.42,0.41106,0.41992,270768.03239
2025-12-18 11:30:00+00:00,0.41999,0.42214,0.41229,0.42214,145081.83223
2025-12-18 11:45:00+00:00,0.41908,0.41908,0.40355,0.40692,57942.39424
2025-12-18 12:00:00+00:00,0.40371,0.40681,0.395,0.39755,215889.8465
2025-12-18 12:15:00+00:00,0.395,0.39633,0.38624,0.38624,96154.01248
2025-12-18 12:30:00+00:00,0.38894,0.42999,0.38894,0.40012,145019.30345
2025-12-18 12:45:00+00:00,0.40292,0.41977,0.39827,0.41977,100262.8445
2025-12-18 13:00:00+00:00,0.42,0.42998,0.41037,0.41492,97315.4962
2025-12-18 13:15:00+00:00,0.41535,0.42421,0.40792,0.41546,54374.58527
2025-12-18 13:30:00+00:00,0.41526,0.42909,0.415,0.42909,25954.09148
2025-12-18 13:45:00+00:00,0.42651,0.43388,0.42117,0.4247,68659.02122
2025-12-18 14:00:00+00:00,0.42781,0.435,0.42224,0.43449,96117.976
2025-12-18 14:15:00+00:00,0.43449,0.435,0.41809,0.42274,93329.63092
2025-12-18 14:30:00+00:00,0.42387,0.42387,0.40463,0.40703,71080.62809
2025-12-18 14:45:00+00:00,0.40839,0.42678,0.40839,0.41884,153366.22568
2025-12-18 15:00:00+00:00,0.41793,0.42685,0.41768,0.42177,87770.81135
2025-12-18 15:15:00+00:00,0.42267,0.4278,0.41632,0.41975,80946.64885
2025-12-18 15:30:00+00:00,0.42069,0.42188,0.40063,0.40262,118735.92917
2025-12-18 15:45:00+00:00,0.3983,0.4243,0.39597,0.409,145962.69559
2025-12-18 16:00:00+00:00,0.406,0.41491,0.40562,0.41152,28832.28357
2025-12-18 16:15:00+00:00,0.41355,0.41491,0.4065,0.41137,14384.69223
2025-12-18 16:30:00+00:00,0.41349,0.4233,0.41349,0.42126,45903.34473
2025-12-18 16:45:00+00:00,0.42009,0.42945,0.42009,0.42685,13423.49592
2025-12-18 17:00:00+00:00,0.42937,0.4295,0.41461,0.42167,21063.67306
2025-12-18 17:15:00+00:00,0.42527,0.42527,0.41434,0.42444,32037.53899
2025-12-18 17:30:00+00:00,0.42436,0.4449,0.42374,0.43824,128474.2883
2025-12-18 17:45:00+00:00,0.4403,0.44491,0.42542,0.42951,46641.25329
2025-12-18 18:00:00+00:00,0.43734,0.44744,0.43635,0.4465,126781.97514
2025-12-18 18:15:00+00:00,0.447,0.447,0.43335,0.43417,45695.651
2025-12-18 18:30:00+00:00,0.4347,0.44689,0.43242,0.43752,31745.92808
2025-12-18 18:45:00+00:00,0.4351,0.448,0.43438,0.44799,96724.35137
2025-12-18 19:00:00+00:00,0.44594,0.49194,0.44091,0.44688,229524.80214
2025-12-18 19:15:00+00:00,0.445,0.48117,0.44091,0.459,145081.24205
2025-12-18 19:30:00+00:00,0.4533,0.472,0.45,0.455,134206.87478
2025-12-18 19:45:00+00:00,0.455,0.47999,0.425,0.4324,147689.3249
2025-12-18 20:00:00+00:00,0.42628,0.46985,0.425,0.45354,106575.30739
2025-12-18 20:15:00+00:00,0.45354,0.46249,0.42798,0.43759,156735.86749
2025-12-18 20:30:00+00:00,0.44291,0.44796,0.42991,0.4306,44435.46535
2025-12-18 20:45:00+00:00,0.43423,0.44491,0.43098,0.43492,29154.54206
2025-12-18 21:00:00+00:00,0.43364,0.44796,0.40104,0.40793,316428.60693
2025-12-18 21:15:00+00:00,0.40542,0.41953,0.39,0.39433,307118.6216
2025-12-18 21:30:00+00:00,0.39423,0.39704,0.37726,0.38268,127531.63932
2025-12-18 21:45:00+00:00,0.38276,0.39596,0.37992,0.38462,148784.79145
2025-12-18 22:00:00+00:00,0.3852,0.39195,0.37021,0.37443,197367.21097
2025-12-18 22:15:00+00:00,0.37598,0.409,0.37598,0.39667,240286.27254
2025-12-18 22:30:00+00:00,0.39563,0.39837,0.379,0.38403,42142.17649
2025-12-18 22:45:00+00:00,0.386,0.38649,0.37779,0.38251,24474.15442
2025-12-18 23:00:00+00:00,0.38328,0.388,0.37971,0.388,43504.42462
2025-12-18 23:15:00+00:00,0.38899,0.40213,0.38899,0.39806,65729.46575
2025-12-18 23:30:00+00:00,0.40016,0.40428,0.39754,0.39843,39580.83442
2025-12-18 23:45:00+00:00,0.40084,0.40428,0.39804,0.40012,16251.69679
2025-12-19 00:00:00+00:00,0.39897,0.39897,0.38391,0.39734,29429.93293
2025-12-19 00:15:00+00:00,0.39976,0.39976,0.38979,0.38989,15682.16387
2025-12-19 00:30:00+00:00,0.39361,0.39374,0.38899,0.39244,12226.1638
2025-12-19 00:45:00+00:00,0.39,0.39,0.37887,0.38241,32979.6465
2025-12-19 01:00:00+00:00,0.382,0.387,0.382,0.387,4223.72967
2025-12-19 01:15:00+00:00,0.38747,0.39319,0.38747,0.38775,39472.7779
2025-12-19 01:30:00+00:00,0.387,0.387,0.38027,0.38624,2002.41098
2025-12-19 01:45:00+00:00,0.39009,0.397,0.38784,0.38784,13936.62975
2025-12-19 02:00:00+00:00,0.39005,0.39005,0.384,0.384,7797.05281
2025-12-19 02:15:00+00:00,0.3883,0.39382,0.38783,0.39294,7043.1001
2025-12-19 02:30:00+00:00,0.394,0.396,0.39313,0.39433,20393.04321
2025-12-19 02:45:00+00:00,0.3955,0.40602,0.3955,0.40124,41095.01833
2025-12-19 03:00:00+00:00,0.39923,0.405,0.39327,0.40265,52902.03201
2025-12-19 03:15:00+00:00,0.40536,0.40599,0.39768,0.40301,11078.29402
2025-12-19 03:30:00+00:00,0.40647,0.42173,0.40647,0.41706,60558.1959
2025-12-19 03:45:00+00:00,0.41847,0.42621,0.41712,0.41997,47392.5094
2025-12-19 04:00:00+00:00,0.42102,0.42102,0.39891,0.40146,63248.08863
2025-12-19 04:15:00+00:00,0.40073,0.40144,0.39383,0.39584,37379.052
2025-12-19 04:30:00+00:00,0.39934,0.39948,0.3881,0.3881,11502.93706
2025-12-19 04:45:00+00:00,0.38983,0.39909,0.38778,0.39212,40695.39157
2025-12-19 05:00:00+00:00,0.39181,0.39677,0.3861,0.39121,17858.43134
2025-12-19 05:15:00+00:00,0.39283,0.41264,0.39283,0.40808,58183.26315
2025-12-19 05:30:00+00:00,0.409,0.41079,0.38945,0.38997,22887.44624
2025-12-19 05:45:00+00:00,0.39378,0.41124,0.39378,0.40487,44852.03331
2025-12-19 06:00:00+00:00,0.40539,0.41487,0.40524,0.41225,29435.45914
2025-12-19 06:15:00+00:00,0.4113,0.42029,0.408,0.41542,39840.91378
2025-12-19 06:30:00+00:00,0.41574,0.41679,0.40428,0.40629,51445.57228
2025-12-19 06:45:00+00:00,0.40862,0.40883,0.39394,0.39452,91818.03436
2025-12-19 07:00:00+00:00,0.39383,0.40349,0.39348,0.39967,57121.66936
2025-12-19 07:15:00+00:00,0.39958,0.40351,0.39795,0.39905,45001.8695
2025-12-19 07:30:00+00:00,0.39946,0.40523,0.39262,0.39262,79517.59429
2025-12-19 07:45:00+00:00,0.39408,0.39748,0.3889,0.3915,15224.72939
2025-12-19 08:00:00+00:00,0.38923,0.395,0.38687,0.39059,22555.46104
2025-12-19 08:15:00+00:00,0.39052,0.40518,0.39052,0.40064,60123.67477
2025-12-19 08:30:00+00:00,0.39755,0.39901,0.39,0.39005,24025.37567
2025-12-19 08:45:00+00:00,0.39039,0.39895,0.39,0.39,21020.28017
2025-12-19 09:00:00+00:00,0.39073,0.39653,0.389,0.39437,62375.66847
2025-12-19 09:15:00+00:00,0.39382,0.402,0.39382,0.39726,15474.2006
2025-12-19 09:30:00+00:00,0.4008,0.40565,0.39998,0.39998,30734.57973
2025-12-19 09:45:00+00:00,0.4032,0.41,0.39988,0.40577,35562.87172
2025-12-19 10:00:00+00:00,0.40823,0.40835,0.395,0.40017,31294.35389
2025-12-19 10:15:00+00:00,0.4022,0.40749,0.39892,0.40749,87863.83118
2025-12-19 10:30:00+00:00,0.40753,0.41,0.40448,0.41,4555.25628
2025-12-19 10:45:00+00:00,0.408,0.42161,0.408,0.42161,152684.31168
2025-12-19 11:00:00+00:00,0.422,0.43115,0.41821,0.42899,54597.71123
2025-12-19 11:15:00+00:00,0.43003,0.44682,0.42982,0.44577,129560.14803
2025-12-19 11:30:00+00:00,0.44454,0.4559,0.4376,0.45143,174537.05161
2025-12-19 11:45:00+00:00,0.451,0.51224,0.45083,0.49619,327544.22432
2025-12-19 12:00:00+00:00,0.49834,0.513,0.4727,0.485,265574.22937
2025-12-19 12:15:00+00:00,0.48237,0.49739,0.47364,0.48828,82258.46083
2025-12-19 12:30:00+00:00,0.48819,0.50381,0.4785,0.49902,386870.81677
2025-12-19 12:45:00+00:00,0.49844,0.50684,0.4917,0.50212,157394.07563
2025-12-19 13:00:00+00:00,0.50334,0.50536,0.49043,0.50141,97094.48083
2025-12-19 13:15:00+00:00,0.505,0.509,0.47571,0.49726,165774.03446
2025-12-19 13:30:00+00:00,0.49734,0.502,0.48187,0.49892,45027.38532
2025-12-19 13:45:00+00:00,0.49944,0.50534,0.49797,0.50224,38649.7362
2025-12-19 14:00:00+00:00,0.50171,0.506,0.49501,0.50498,58993.23154
2025-12-19 14:15:00+00:00,0.50499,0.506,0.48317,0.48317,103615.58371
2025-12-19 14:30:00+00:00,0.48384,0.4867,0.45673,0.4632,285032.74009
2025-12-19 14:45:00+00:00,0.4633,0.4633,0.435,0.45826,468195.40091
2025-12-19 15:00:00+00:00,0.45307,0.47493,0.44734,0.4675,120574.82832
2025-12-19 15:15:00+00:00,0.46842,0.47787,0.462,0.46466,83824.10854
2025-12-19 15:30:00+00:00,0.46617,0.47499,0.46,0.46177,46842.86971
2025-12-19 15:45:00+00:00,0.46075,0.46414,0.4503,0.45388,88760.45077
2025-12-19 16:00:00+00:00,0.45206,0.4553,0.43744,0.44111,178788.09359
2025-12-19 16:15:00+00:00,0.44247,0.44537,0.435,0.44141,71481.48933
2025-12-19 16:30:00+00:00,0.44461,0.44486,0.43745,0.43996,33471.74023
2025-12-19 16:45:00+00:00,0.439,0.4416,0.40999,0.42378,126275.16783
2025-12-19 17:00:00+00:00,0.43111,0.46339,0.43111,0.4616,155103.55636
2025-12-19 17:15:00+00:00,0.46472,0.474,0.46008,0.46487,81901.61314
2025-12-19 17:30:00+00:00,0.46514,0.46515,0.4437,0.44526,107014.53802
2025-12-19 17:45:00+00:00,0.44389,0.44469,0.42836,0.43849,92828.44259
2025-12-19 18:00:00+00:00,0.43817,0.44557,0.43355,0.43699,98208.38424
2025-12-19 18:15:00+00:00,0.43722,0.44186,0.41999,0.42224,117099.12113
2025-12-19 18:30:00+00:00,0.42272,0.434,0.42195,0.43225,26931.34481
2025-12-19 18:45:00+00:00,0.43047,0.436,0.42922,0.43172,47819.04033
2025-12-19 19:00:00+00:00,0.43053,0.43053,0.41554,0.41907,70691.51622
2025-12-19 19:15:00+00:00,0.41918,0.42133,0.41127,0.41313,97872.8614
2025-12-19 19:30:00+00:00,0.41416,0.43804,0.41416,0.43427,68238.80998
2025-12-19 19:45:00+00:00,0.43434,0.46284,0.43362,0.44498,156306.21877
2025-12-19 20:00:00+00:00,0.44503,0.44678,0.43193,0.43237,90069.93846
2025-12-19 20:15:00+00:00,0.43332,0.44375,0.43045,0.43045,82822.32779
2025-12-19 20:30:00+00:00,0.4291,0.44258,0.42878,0.44098,24228.59782
2025-12-19 20:45:00+00:00,0.43828,0.44754,0.43635,0.44041,32235.97701
2025-12-19 21:00:00+00:00,0.441,0.45065,0.43338,0.43711,145055.47008
2025-12-19 21:15:00+00:00,0.43555,0.4448,0.43555,0.4383,17749.34517
2025-12-19 21:30:00+00:00,0.43664,0.45282,0.43664,0.44953,91285.68625
2025-12-19 21:45:00+00:00,0.44796,0.46604,0.44668,0.45791,47514.58758
2025-12-19 22:00:00+00:00,0.45982,0.46925,0.45221,0.46707,114060.72084
2025-12-19 22:15:00+00:00,0.46733,0.47461,0.45983,0.46357,74691.85298
2025-12-19 22:30:00+00:00,0.46058,0.46265,0.45037,0.4577,61011.43641
2025-12-19 22:45:00+00:00,0.4566,0.46193,0.45213,0.45256,44447.28369
2025-12-19 23:00:00+00:00,0.452,0.45487,0.44917,0.45487,19951.90944
2025-12-19 23:15:00+00:00,0.45533,0.45668,0.45333,0.45667,1958.10993
2025-12-19 23:30:00+00:00,0.45413,0.45904,0.45273,0.45273,4676.39827
2025-12-19 23:45:00+00:00,0.45115,0.45115,0.44631,0.44792,47923.92911
2025-12-20 00:00:00+00:00,0.44775,0.44775,0.43066,0.43215,34492.52522
2025-12-20 00:15:00+00:00,0.432,0.43604,0.42618,0.43604,15341.92114
2025-12-20 00:30:00+00:00,0.43618,0.43882,0.43469,0.43564,9705.31055
2025-12-20 00:45:00+00:00,0.43479,0.43479,0.42898,0.42986,10526.2277
2025-12-20 01:00:00+00:00,0.42889,0.4317,0.42449,0.42573,7009.79461
2025-12-20 01:15:00+00:00,0.42573,0.43274,0.42447,0.42573,10590.79936
2025-12-20 01:30:00+00:00,0.42493,0.43254,0.42447,0.42963,38087.43204
2025-12-20 01:45:00+00:00,0.43171,0.44887,0.4288,0.43106,32729.92356
2025-12-20 02:00:00+00:00,0.43008,0.43361,0.42874,0.43315,10056.41975
2025-12-20 02:15:00+00:00,0.43101,0.43494,0.42808,0.434,4639.70438
2025-12-20 02:30:00+00:00,0.43495,0.43865,0.43495,0.43681,1625.67062
2025-12-20 02:45:00+00:00,0.43082,0.43632,0.43082,0.43253,6511.08163
2025-12-20 03:00:00+00:00,0.43487,0.43695,0.43053,0.43053,15347.25561
2025-12-20 03:15:00+00:00,0.4301,0.43614,0.4301,0.43464,2871.53131
2025-12-20 03:30:00+00:00,0.43548,0.44849,0.43548,0.44798,11806.59057
2025-12-20 03:45:00+00:00,0.44966,0.46095,0.44597,0.44848,106226.73621
2025-12-20 04:00:00+00:00,0.44687,0.4558,0.4455,0.45273,33335.5598
2025-12-20 04:15:00+00:00,0.45273,0.45273,0.4244,0.42673,30788.06867
2025-12-20 04:30:00+00:00,0.4264,0.43071,0.42638,0.42903,13568.95099
2025-12-20 04:45:00+00:00,0.43005,0.43005,0.4224,0.42674,28310.96225
2025-12-20 05:00:00+00:00,0.4263,0.4263,0.41832,0.42311,21050.38796
2025-12-20 05:15:00+00:00,0.42218,0.42235,0.4123,0.4145,41108.59067
2025-12-20 05:30:00+00:00,0.41708,0.42449,0.40689,0.40968,36692.52183
2025-12-20 05:45:00+00:00,0.41012,0.41726,0.40312,0.41095,86955.1786
2025-12-20 06:00:00+00:00,0.40839,0.40839,0.40221,0.40476,14155.17027
2025-12-20 06:15:00+00:00,0.40782,0.41339,0.40584,0.40584,103246.80432
2025-12-20 06:30:00+00:00,0.40726,0.41698,0.40535,0.4123,30397.08197
2025-12-20 06:45:00+00:00,0.41154,0.42148,0.41154,0.41629,93762.3307
2025-12-20 07:00:00+00:00,0.41482,0.42,0.41067,0.41985,126844.58603
2025-12-20 07:15:00+00:00,0.4179,0.4179,0.40984,0.41284,26119.80377
2025-12-20 07:30:00+00:00,0.41297,0.41548,0.39486,0.39605,64849.39731
2025-12-20 07:45:00+00:00,0.39749,0.41026,0.39177,0.41,63452.28896
2025-12-20 08:00:00+00:00,0.41,0.41707,0.40819,0.41569,107602.36816
2025-12-20 08:15:00+00:00,0.41549,0.41549,0.40726,0.40775,26531.62146
2025-12-20 08:30:00+00:00,0.40649,0.40999,0.40436,0.40762,22833.25558
2025-12-20 08:45:00+00:00,0.405,0.40771,0.405,0.405,8909.92639
2025-12-20 09:00:00+00:00,0.40646,0.41288,0.40646,0.41288,2182.66927
2025-12-20 09:15:00+00:00,0.41271,0.4152,0.40773,0.40824,10308.74946
2025-12-20 09:30:00+00:00,0.40739,0.40739,0.39709,0.39945,60359.5616
2025-12-20 09:45:00+00:00,0.39944,0.40254,0.39944,0.40254,21220.63431
2025-12-20 10:00:00+00:00,0.40114,0.4046,0.4006,0.40342,42645.65262
2025-12-20 10:15:00+00:00,0.40499,0.40694,0.39929,0.40486,58340.36286
2025-12-20 10:30:00+00:00,0.40727,0.41176,0.40521,0.40521,17734.76709
2025-12-20 10:45:00+00:00,0.4053,0.4053,0.40001,0.40326,29704.06953
2025-12-20 11:00:00+00:00,0.40777,0.41024,0.40121,0.40317,27540.48255
2025-12-20 11:15:00+00:00,0.40355,0.40355,0.39304,0.39879,72305.14301
2025-12-20 11:30:00+00:00,0.40222,0.40638,0.40205,0.40585,33725.30965
2025-12-20 11:45:00+00:00,0.40385,0.40862,0.39948,0.402,20764.84804
2025-12-20 12:00:00+00:00,0.4008,0.40655,0.39631,0.40349,37526.97457
2025-12-20 12:15:00+00:00,0.39992,0.40351,0.39857,0.40351,1689.44871
2025-12-20 12:30:00+00:00,0.404,0.40497,0.39937,0.40357,26819.16295
2025-12-20 12:45:00+00:00,0.404,0.40702,0.40169,0.40533,28574.8598
2025-12-20 13:00:00+00:00,0.40702,0.40726,0.39866,0.40016,17331.12037
2025-12-20 13:15:00+00:00,0.40017,0.40017,0.396,0.3978,25205.92114
2025-12-20 13:30:00+00:00,0.396,0.39831,0.38928,0.39094,23786.55976
2025-12-20 13:45:00+00:00,0.39195,0.40188,0.39195,0.40048,39131.17545
2025-12-20 14:00:00+00:00,0.39934,0.40653,0.39872,0.40653,25780.36347
2025-12-20 14:15:00+00:00,0.40653,0.41394,0.40653,0.41317,73547.1422
2025-12-20 14:30:00+00:00,0.414,0.42382,0.4102,0.41103,26564.74587
2025-12-20 14:45:00+00:00,0.41056,0.41056,0.4,0.40072,60396.15711
2025-12-20 15:00:00+00:00,0.40161,0.40609,0.40015,0.40481,14624.70297
2025-12-20 15:15:00+00:00,0.40601,0.41361,0.40601,0.40887,134384.79984
2025-12-20 15:30:00+00:00,0.41205,0.41947,0.40919,0.41651,37989.47234
2025-12-20 15:45:00+00:00,0.41267,0.41597,0.40095,0.40527,83033.02021
2025-12-20 16:00:00+00:00,0.40461,0.40461,0.39348,0.3985,54062.00191
2025-12-20 16:15:00+00:00,0.39973,0.40904,0.39973,0.40647,20216.63456
2025-12-20 16:30:00+00:00,0.40558,0.40558,0.3968,0.39747,23467.41015
2025-12-20 16:45:00+00:00,0.3985,0.4053,0.3985,0.40299,11072.65835
2025-12-20 17:00:00+00:00,0.40276,0.40661,0.40009,0.40099,13013.9833
2025-12-20 17:15:00+00:00,0.40042,0.40042,0.398,0.398,55234.46574
2025-12-20 17:30:00+00:00,0.398,0.39933,0.39497,0.39789,16589.46184
2025-12-20 17:45:00+00:00,0.40009,0.40059,0.39913,0.39913,14035.41014
2025-12-20 18:00:00+00:00,0.402,0.404,0.40123,0.40123,1894.11467
2025-12-20 18:15:00+00:00,0.39936,0.40597,0.39907,0.40095,22136.01754
2025-12-20 18:30:00+00:00,0.40129,0.40255,0.39997,0.402,8091.01206
2025-12-20 18:45:00+00:00,0.40349,0.40535,0.4016,0.40397,23904.33676
2025-12-20 19:00:00+00:00,0.40332,0.40356,0.40014,0.40014,40040.42898
2025-12-20 19:15:00+00:00,0.402,0.40291,0.40069,0.40219,14333.2893
2025-12-20 19:30:00+00:00,0.404,0.40902,0.40354,0.4059,37874.34434
2025-12-20 19:45:00+00:00,0.40446,0.40724,0.40438,0.40438,4343.85787
2025-12-20 20:00:00+00:00,0.40459,0.40459,0.399,0.40259,9946.40138
2025-12-20 20:15:00+00:00,0.4007,0.40728,0.3983,0.40247,17014.69774
2025-12-20 20:30:00+00:00,0.40227,0.40227,0.40074,0.40218,5479.00353
2025-12-20 20:45:00+00:00,0.40176,0.403,0.39767,0.39909,64778.31228
2025-12-20 21:00:00+00:00,0.39959,0.40755,0.39959,0.40446,28910.2341
2025-12-20 21:15:00+00:00,0.4045,0.40905,0.4045,0.40589,12132.19662
2025-12-20 21:30:00+00:00,0.40366,0.40578,0.40134,0.40291,21207.3906
2025-12-20 21:45:00+00:00,0.40214,0.40249,0.4005,0.4021,3783.70166
2025-12-20 22:00:00+00:00,0.40129,0.40267,0.40023,0.40168,6937.926
2025-12-20 22:15:00+00:00,0.40195,0.40422,0.40195,0.40331,4708.18813
2025-12-20 22:30:00+00:00,0.40326,0.404,0.4,0.4022,9652.29273
2025-12-20 22:45:00+00:00,0.40206,0.406,0.39783,0.40232,113122.65842
2025-12-20 23:00:00+00:00,0.40244,0.40434,0.39633,0.39667,35753.22407
2025-12-20 23:15:00+00:00,0.3967,0.39951,0.3967,0.39951,2077.23912
2025-12-20 23:30:00+00:00,0.398,0.40084,0.38582,0.39694,35435.67018
2025-12-20 23:45:00+00:00,0.39824,0.39849,0.39485,0.39747,27649.70909
2025-12-21 00:00:00+00:00,0.39701,0.39923,0.3897,0.39253,35316.18805
2025-12-21 00:15:00+00:00,0.39387,0.39805,0.39387,0.397,5879.9498
2025-12-21 00:30:00+00:00,0.396,0.39643,0.39295,0.39348,4169.03133
2025-12-21 00:45:00+00:00,0.39303,0.39779,0.39226,0.39779,7591.7734
2025-12-21 01:00:00+00:00,0.39697,0.40499,0.39371,0.3946,13999.1037
2025-12-21 01:15:00+00:00,0.39578,0.39578,0.39556,0.39556,46.93401
2025-12-21 01:30:00+00:00,0.39303,0.39479,0.3861,0.38808,16376.40012
2025-12-21 01:45:00+00:00,0.38805,0.38946,0.38253,0.3861,52797.44509
2025-12-21 02:00:00+00:00,0.38373,0.38507,0.37946,0.37946,18359.05054
2025-12-21 02:15:00+00:00,0.37947,0.37977,0.37597,0.377,19287.6963
2025-12-21 02:30:00+00:00,0.37836,0.37875,0.37687,0.37734,11018.89069
2025-12-21 02:45:00+00:00,0.37715,0.37984,0.37715,0.37984,4752.32665
2025-12-21 03:00:00+00:00,0.38122,0.3813,0.37871,0.37871,8169.44486
2025-12-21 03:15:00+00:00,0.37955,0.38095,0.37955,0.37969,4488.95299
2025-12-21 03:30:00+00:00,0.37979,0.37979,0.37533,0.37533,7008.91328
2025-12-21 03:45:00+00:00,0.37313,0.37412,0.37296,0.37412,6239.24224
2025-12-21 04:00:00+00:00,0.37314,0.37314,0.3677,0.36927,6383.1356
2025-12-21 04:15:00+00:00,0.36815,0.36957,0.3663,0.36874,16966.2302
2025-12-21 04:30:00+00:00,0.36919,0.3737,0.36777,0.36777,11231.58872
2025-12-21 04:45:00+00:00,0.36702,0.36702,0.36546,0.36582,4411.729
2025-12-21 05:00:00+00:00,0.36661,0.36676,0.36364,0.36364,19871.67583
2025-12-21 05:15:00+00:00,0.36317,0.3666,0.36226,0.36596,5670.19129
2025-12-21 05:30:00+00:00,0.3657,0.37107,0.3657,0.36761,5455.81656
2025-12-21 05:45:00+00:00,0.36934,0.37226,0.36934,0.3701,10326.08593
2025-12-21 06:00:00+00:00,0.36964,0.37486,0.36848,0.37456,21441.79541
2025-12-21 06:15:00+00:00,0.37475,0.37475,0.36034,0.37202,56740.52279
2025-12-21 06:30:00+00:00,0.37149,0.37149,0.36881,0.3709,22785.17876
2025-12-21 06:45:00+00:00,0.3719,0.37569,0.3719,0.37368,26702.87346
2025-12-21 07:00:00+00:00,0.37377,0.38196,0.37313,0.38079,26984.50394
2025-12-21 07:15:00+00:00,0.38139,0.39,0.38139,0.38566,91084.86325
2025-12-21 07:30:00+00:00,0.38356,0.38424,0.37556,0.37864,65610.00191
2025-12-21 07:45:00+00:00,0.37864,0.38173,0.3771,0.3771,40603.38695
2025-12-21 08:00:00+00:00,0.37661,0.38341,0.37492,0.38226,23861.76874
2025-12-21 08:15:00+00:00,0.38394,0.38659,0.37661,0.38069,60055.37095
2025-12-21 08:30:00+00:00,0.38009,0.38071,0.37456,0.37456,11366.13193
2025-12-21 08:45:00+00:00,0.37547,0.37547,0.36795,0.36795,26804.86288
2025-12-21 09:00:00+00:00,0.3681,0.3681,0.36431,0.36431,35072.04154
2025-12-21 09:15:00+00:00,0.3637,0.36459,0.35526,0.357,51453.83312
2025-12-21 09:30:00+00:00,0.35799,0.36129,0.34,0.35162,177478.23707
2025-12-21 09:45:00+00:00,0.35069,0.35222,0.34337,0.34457,104586.45919
2025-12-21 10:00:00+00:00,0.34333,0.34987,0.333,0.33372,134196.6835
2025-12-21 10:15:00+00:00,0.33553,0.34783,0.33469,0.33953,58526.76352
2025-12-21 10:30:00+00:00,0.33924,0.34256,0.335,0.33886,33400.41493
2025-12-21 10:45:00+00:00,0.33855,0.34035,0.33639,0.3388,163509.97829
2025-12-21 11:00:00+00:00,0.3375,0.3389,0.33165,0.33363,67639.79643
2025-12-21 11:15:00+00:00,0.33416,0.33556,0.32998,0.33117,42669.14131
2025-12-21 11:30:00+00:00,0.33084,0.33128,0.3275,0.32913,62898.52113
2025-12-21 11:45:00+00:00,0.32932,0.33486,0.32736,0.33099,36243.78251
2025-12-21 12:00:00+00:00,0.33099,0.33267,0.32279,0.32439,99575.50418
2025-12-21 12:15:00+00:00,0.32404,0.32594,0.32251,0.3245,57636.06899
2025-12-21 12:30:00+00:00,0.32462,0.32462,0.31932,0.32234,27690.84655
2025-12-21 12:45:00+00:00,0.32293,0.32666,0.3174,0.32108,89776.62362
2025-12-21 13:00:00+00:00,0.32103,0.32129,0.31416,0.31566,52721.40358
2025-12-21 13:15:00+00:00,0.3151,0.31694,0.30892,0.31052,68774.17648
2025-12-21 13:30:00+00:00,0.31024,0.31197,0.30636,0.30736,78129.96697
2025-12-21 13:45:00+00:00,0.30621,0.30883,0.30001,0.30321,270261.77426
2025-12-21 14:00:00+00:00,0.30234,0.31,0.30234,0.30648,126745.034
2025-12-21 14:15:00+00:00,0.30597,0.3075,0.29834,0.30117,232112.21658
2025-12-21 14:30:00+00:00,0.30032,0.30488,0.29895,0.30168,87183.21437
2025-12-21 14:45:00+00:00,0.30168,0.30678,0.30065,0.30442,49634.55933
2025-12-21 15:00:00+00:00,0.3043,0.31641,0.301,0.30126,154896.26783
2025-12-21 15:15:00+00:00,0.30126,0.30704,0.29834,0.30317,62802.19096
2025-12-21 15:30:00+00:00,0.30323,0.30895,0.3031,0.3055,55169.77198
2025-12-21 15:45:00+00:00,0.30517,0.32,0.30371,0.31811,126693.24366
2025-12-21 16:00:00+00:00,0.31812,0.32354,0.31201,0.31674,107786.64777
2025-12-21 16:15:00+00:00,0.31595,0.31751,0.3124,0.3128,59034.1796
2025-12-21 16:30:00+00:00,0.31213,0.31469,0.31,0.31136,43758.41001
2025-12-21 16:45:00+00:00,0.31057,0.31057,0.30514,0.30615,25010.46935
2025-12-21 17:00:00+00:00,0.30849,0.31364,0.30824,0.31317,27388.25682
2025-12-21 17:15:00+00:00,0.31326,0.31462,0.31028,0.31051,24536.82229
2025-12-21 17:30:00+00:00,0.31028,0.31409,0.30783,0.3129,56289.77812
2025-12-21 17:45:00+00:00,0.31406,0.32072,0.31268,0.31364,50886.45176
2025-12-21 18:00:00+00:00,0.3128,0.31359,0.30921,0.30958,39754.32059
2025-12-21 18:15:00+00:00,0.30964,0.31461,0.30962,0.31309,20501.87856
2025-12-21 18:30:00+00:00,0.31339,0.31597,0.31199,0.31415,9609.55256
2025-12-21 18:45:00+00:00,0.31221,0.31697,0.31158,0.31442,27503.4997
2025-12-21 19:00:00+00:00,0.31556,0.31556,0.31,0.31093,27384.35246
2025-12-21 19:15:00+00:00,0.311,0.31336,0.30761,0.30992,24104.06166
2025-12-21 19:30:00+00:00,0.30925,0.31097,0.30925,0.31033,5973.64376
2025-12-21 19:45:00+00:00,0.31072,0.31072,0.30672,0.30714,25178.99833
2025-12-21 20:00:00+00:00,0.30896,0.30929,0.30627,0.3066,20248.39603
2025-12-21 20:15:00+00:00,0.3066,0.309,0.30638,0.30898,11321.20513
2025-12-21 20:30:00+00:00,0.3087,0.3107,0.30658,0.30748,100083.77892
2025-12-21 20:45:00+00:00,0.30769,0.31361,0.30769,0.31278,136699.94205
2025-12-21 21:00:00+00:00,0.31278,0.31868,0.31116,0.31485,135345.18259
2025-12-21 21:15:00+00:00,0.31701,0.31939,0.31334,0.3142,41100.64141
2025-12-21 21:30:00+00:00,0.31329,0.3178,0.31121,0.31615,36184.1772
2025-12-21 21:45:00+00:00,0.31309,0.32056,0.31309,0.31598,26191.49647
2025-12-21 22:00:00+00:00,0.31604,0.31646,0.31505,0.316,32897.96837
2025-12-21 22:15:00+00:00,0.3164,0.32119,0.3138,0.31497,43202.90309
2025-12-21 22:30:00+00:00,0.31538,0.32094,0.31452,0.31452,11766.74312
2025-12-21 22:45:00+00:00,0.31451,0.31532,0.3122,0.3122,14745.44757
2025-12-21 23:00:00+00:00,0.31363,0.3145,0.31217,0.31217,15861.76673
2025-12-21 23:15:00+00:00,0.312,0.31509,0.30853,0.30853,28590.3302
2025-12-21 23:30:00+00:00,0.30974,0.31008,0.30783,0.31008,698.07174
2025-12-21 23:45:00+00:00,0.3099,0.31266,0.30959,0.31007,7473.54886
2025-12-22 00:00:00+00:00,0.31001,0.31096,0.30711,0.31096,27680.74991
2025-12-22 00:15:00+00:00,0.31267,0.31569,0.31267,0.31377,12962.85854
2025-12-22 00:30:00+00:00,0.31527,0.32357,0.31527,0.32178,29351.47787
2025-12-22 00:45:00+00:00,0.32161,0.33015,0.3183,0.33015,43593.14272
2025-12-22 01:00:00+00:00,0.32891,0.32953,0.32397,0.32562,42630.07293
2025-12-22 01:15:00+00:00,0.32627,0.32654,0.31987,0.31998,20231.2549
2025-12-22 01:30:00+00:00,0.32005,0.32109,0.31833,0.31834,4946.89471
2025-12-22 01:45:00+00:00,0.31864,0.32008,0.31864,0.32008,5026.6122
2025-12-22 02:00:00+00:00,0.31972,0.32062,0.31685,0.32062,17627.81205
2025-12-22 02:15:00+00:00,0.32071,0.32555,0.32071,0.32287,21896.25757
2025-12-22 02:30:00+00:00,0.32173,0.32325,0.32064,0.32146,6072.74448
2025-12-22 02:45:00+00:00,0.32168,0.32261,0.32168,0.32261,2495.58241
2025-12-22 03:00:00+00:00,0.3218,0.3271,0.3218,0.3271,5003.34237
2025-12-22 03:15:00+00:00,0.3261,0.33718,0.32586,0.3342,41493.69143
2025-12-22 03:30:00+00:00,0.3358,0.35552,0.33506,0.3528,254036.58146
2025-12-22 03:45:00+00:00,0.35164,0.35897,0.3505,0.35896,63897.13364
2025-12-22 04:00:00+00:00,0.35897,0.36166,0.35556,0.35773,60249.15561
2025-12-22 04:15:00+00:00,0.35762,0.35762,0.33455,0.33701,254561.73584
2025-12-22 04:30:00+00:00,0.33791,0.34038,0.33101,0.33171,24197.41602
2025-12-22 04:45:00+00:00,0.33146,0.33197,0.32935,0.33063,54355.47849
2025-12-22 05:00:00+00:00,0.32918,0.33083,0.32689,0.32837,17241.66403
2025-12-22 05:15:00+00:00,0.32746,0.33149,0.326,0.33028,30991.34134
2025-12-22 05:30:00+00:00,0.32923,0.32934,0.32471,0.32575,7852.67834
2025-12-22 05:45:00+00:00,0.32823,0.33075,0.32803,0.32939,19139.2593
2025-12-22 06:00:00+00:00,0.33042,0.3385,0.33042,0.33529,28764.32378
2025-12-22 06:15:00+00:00,0.33699,0.3457,0.33699,0.342,28531.64005
2025-12-22 06:30:00+00:00,0.34288,0.35308,0.34288,0.35308,73711.94565
2025-12-22 06:45:00+00:00,0.35168,0.3565,0.34974,0.35353,138735.59135
2025-12-22 07:00:00+00:00,0.35382,0.354,0.3403,0.34987,198112.5387
2025-12-22 07:15:00+00:00,0.35006,0.35006,0.34054,0.34488,41110.50064
2025-12-22 07:30:00+00:00,0.34485,0.34766,0.33096,0.34169,118237.02752
2025-12-22 07:45:00+00:00,0.34241,0.3447,0.34,0.34,52454.82772
2025-12-22 08:00:00+00:00,0.34049,0.34053,0.33267,0.335,70411.20945
2025-12-22 08:15:00+00:00,0.33451,0.34034,0.33423,0.33777,33379.35038
2025-12-22 08:30:00+00:00,0.33714,0.34,0.32706,0.32965,38331.42421
2025-12-22 08:45:00+00:00,0.32835,0.32835,0.32197,0.32446,115124.5253
2025-12-22 09:00:00+00:00,0.3228,0.32402,0.319,0.32014,27717.25147
2025-12-22 09:15:00+00:00,0.32159,0.32297,0.31727,0.3197,73476.28485
2025-12-22 09:30:00+00:00,0.3195,0.32886,0.3195,0.32148,65090.09478
2025-12-22 09:45:00+00:00,0.32237,0.32983,0.32121,0.3263,20639.88528
2025-12-22 10:00:00+00:00,0.32596,0.33129,0.32596,0.33129,30865.91468
2025-12-22 10:15:00+00:00,0.33231,0.33361,0.32141,0.32148,19471.80817
2025-12-22 10:30:00+00:00,0.321,0.32159,0.31628,0.31628,45440.47516
2025-12-22 10:45:00+00:00,0.31872,0.32317,0.31782,0.32147,44132.21402
2025-12-22 11:00:00+00:00,0.32325,0.3245,0.32157,0.3245,7806.95031
2025-12-22 11:15:00+00:00,0.32408,0.32725,0.32296,0.32545,87317.35211
2025-12-22 11:30:00+00:00,0.3252,0.3252,0.32137,0.32202,46598.20057
2025-12-22 11:45:00+00:00,0.32472,0.325,0.31577,0.3169,55522.65499
2025-12-22 12:00:00+00:00,0.31689,0.31931,0.3121,0.31708,55823.15853
2025-12-22 12:15:00+00:00,0.31583,0.31778,0.30642,0.31422,81893.59269
2025-12-22 12:30:00+00:00,0.31482,0.316,0.31159,0.31208,53109.59764
2025-12-22 12:45:00+00:00,0.31477,0.31671,0.30941,0.31096,55981.96527
2025-12-22 13:00:00+00:00,0.31218,0.314,0.31056,0.3136,13016.50985
2025-12-22 13:15:00+00:00,0.31233,0.31252,0.30792,0.30805,18656.43782
2025-12-22 13:30:00+00:00,0.3075,0.30899,0.30642,0.30871,65291.72963
2025-12-22 13:45:00+00:00,0.30824,0.3089,0.30703,0.30807,18802.00707
2025-12-22 14:00:00+00:00,0.30776,0.30827,0.30594,0.30594,22070.39029
2025-12-22 14:15:00+00:00,0.30722,0.30763,0.30535,0.30539,29726.88866
2025-12-22 14:30:00+00:00,0.30648,0.31337,0.30648,0.31304,180871.43703
2025-12-22 14:45:00+00:00,0.31326,0.31449,0.30763,0.30985,49825.49836
2025-12-22 15:00:00+00:00,0.31052,0.31245,0.30813,0.31148,13596.81622
2025-12-22 15:15:00+00:00,0.31171,0.31748,0.3116,0.31478,57266.73892
2025-12-22 15:30:00+00:00,0.31518,0.31551,0.31255,0.3148,29410.11236
2025-12-22 15:45:00+00:00,0.31288,0.31309,0.3118,0.31231,6284.59432
2025-12-22 16:00:00+00:00,0.31131,0.3192,0.3105,0.31724,38664.0948
2025-12-22 16:15:00+00:00,0.31722,0.31745,0.31355,0.31533,24723.04444
2025-12-22 16:30:00+00:00,0.31315,0.31601,0.31315,0.31601,32188.82898
2025-12-22 16:45:00+00:00,0.3153,0.32003,0.31442,0.31706,32655.18916
2025-12-22 17:00:00+00:00,0.31761,0.32149,0.31761,0.31921,17843.83124
2025-12-22 17:15:00+00:00,0.32024,0.32451,0.31988,0.31988,44630.67302
2025-12-22 17:30:00+00:00,0.31901,0.33135,0.31877,0.32903,95301.63904
2025-12-22 17:45:00+00:00,0.33177,0.33765,0.33033,0.33384,136023.15302
2025-12-22 18:00:00+00:00,0.33505,0.33779,0.31838,0.32846,209419.3892
2025-12-22 18:15:00+00:00,0.32918,0.33019,0.32397,0.32621,16761.84614
2025-12-22 18:30:00+00:00,0.32418,0.33433,0.32267,0.33089,77816.83724
2025-12-22 18:45:00+00:00,0.33088,0.34596,0.33088,0.33961,208786.02155
2025-12-22 19:00:00+00:00,0.33931,0.354,0.33924,0.35299,144329.42243
2025-12-22 19:15:00+00:00,0.35324,0.36163,0.35216,0.3551,212285.75492
2025-12-22 19:30:00+00:00,0.35439,0.35603,0.34499,0.35311,117802.98158
2025-12-22 19:45:00+00:00,0.353,0.35304,0.34408,0.3475,133961.3647
2025-12-22 20:00:00+00:00,0.34799,0.34863,0.33929,0.34071,42325.31456
2025-12-22 20:15:00+00:00,0.341,0.344,0.33961,0.34282,35874.8202
2025-12-22 20:30:00+00:00,0.3423,0.3491,0.33984,0.34006,73996.56005
2025-12-22 20:45:00+00:00,0.33997,0.34349,0.33997,0.34188,32178.6389
2025-12-22 21:00:00+00:00,0.34086,0.34864,0.33819,0.34802,77260.37412
2025-12-22 21:15:00+00:00,0.3472,0.35072,0.345,0.34611,93172.06412
2025-12-22 21:30:00+00:00,0.34639,0.34639,0.3419,0.343,72012.12476
2025-12-22 21:45:00+00:00,0.3424,0.34964,0.34188,0.34238,44743.65884
2025-12-22 22:00:00+00:00,0.34203,0.3467,0.34003,0.34431,73969.23555
2025-12-22 22:15:00+00:00,0.34429,0.34953,0.34413,0.348,151526.96381
2025-12-22 22:30:00+00:00,0.3469,0.34754,0.3425,0.34436,53817.2211
2025-12-22 22:45:00+00:00,0.34481,0.34481,0.33851,0.34068,11272.23195
2025-12-22 23:00:00+00:00,0.34055,0.3408,0.337,0.34064,9502.45725
2025-12-22 23:15:00+00:00,0.3406,0.34742,0.33939,0.34714,44104.34919
2025-12-22 23:30:00+00:00,0.34771,0.34861,0.3459,0.34703,3180.95387
2025-12-22 23:45:00+00:00,0.34665,0.34808,0.34414,0.34414,3247.21446
2025-12-23 00:00:00+00:00,0.3455,0.3457,0.34402,0.3457,5756.24684
2025-12-23 00:15:00+00:00,0.3459,0.3477,0.34371,0.3477,1668.54819
2025-12-23 00:30:00+00:00,0.34748,0.35699,0.347,0.35588,15140.49609
2025-12-23 00:45:00+00:00,0.35799,0.35878,0.34977,0.35499,21223.39499
2025-12-23 01:00:00+00:00,0.356,0.35699,0.351,0.35359,11431.62743
2025-12-23 01:15:00+00:00,0.35433,0.35481,0.35298,0.35432,12236.31952
2025-12-23 01:30:00+00:00,0.35648,0.361,0.35568,0.35704,27165.13165
2025-12-23 01:45:00+00:00,0.356,0.3566,0.35293,0.35308,3816.29714
2025-12-23 02:00:00+00:00,0.35293,0.35293,0.34703,0.34703,6400.01248
2025-12-23 02:15:00+00:00,0.34678,0.34853,0.3426,0.34722,39332.8827
2025-12-23 02:30:00+00:00,0.34687,0.34687,0.3457,0.34661,16697.12056
2025-12-23 02:45:00+00:00,0.34893,0.35095,0.34555,0.34783,14046.41806
2025-12-23 03:00:00+00:00,0.34867,0.34981,0.3449,0.3449,47371.47615
2025-12-23 03:15:00+00:00,0.34681,0.3489,0.3451,0.34567,4479.72598
2025-12-23 03:30:00+00:00,0.34512,0.3461,0.34512,0.34573,3168.31966
2025-12-23 03:45:00+00:00,0.34373,0.34373,0.3411,0.34176,5546.65277
2025-12-23 04:00:00+00:00,0.34219,0.34264,0.34075,0.34075,6153.32158
2025-12-23 04:15:00+00:00,0.34029,0.34625,0.34029,0.34609,1901.20966
2025-12-23 04:30:00+00:00,0.34638,0.35078,0.34638,0.35078,3238.41904
2025-12-23 04:45:00+00:00,0.34939,0.358,0.34939,0.35784,15311.14587
2025-12-23 05:00:00+00:00,0.3548,0.36417,0.35408,0.36405,7076.59781
2025-12-23 05:15:00+00:00,0.36321,0.3663,0.35178,0.35252,97611.28149
2025-12-23 05:30:00+00:00,0.35177,0.35406,0.33932,0.34099,161932.22175
2025-12-23 05:45:00+00:00,0.34312,0.34667,0.34253,0.34667,42896.36518
2025-12-23 06:00:00+00:00,0.34511,0.34511,0.34106,0.34432,33876.88379
2025-12-23 06:15:00+00:00,0.34457,0.34511,0.33,0.33,61908.41325
2025-12-23 06:30:00+00:00,0.33303,0.33889,0.33303,0.33751,81759.21514
2025-12-23 06:45:00+00:00,0.3365,0.35539,0.33607,0.35381,175426.02203
2025-12-23 07:00:00+00:00,0.35145,0.35814,0.3496,0.35536,43833.49936
2025-12-23 07:15:00+00:00,0.35642,0.35731,0.35385,0.35385,21493.87609
2025-12-23 07:30:00+00:00,0.35441,0.36337,0.35441,0.36173,60846.33736
2025-12-23 07:45:00+00:00,0.36288,0.37699,0.36288,0.37475,280828.6406
2025-12-23 08:00:00+00:00,0.37662,0.39064,0.37432,0.38532,322412.34668
2025-12-23 08:15:00+00:00,0.38327,0.39364,0.38108,0.39221,99803.17014
2025-12-23 08:30:00+00:00,0.39177,0.39393,0.37869,0.39,88010.48215
2025-12-23 08:45:00+00:00,0.39027,0.39027,0.37558,0.38667,63737.0148
2025-12-23 09:00:00+00:00,0.38465,0.38689,0.37956,0.38084,87941.82493
2025-12-23 09:15:00+00:00,0.38077,0.3864,0.37995,0.38329,34213.29766
2025-12-23 09:30:00+00:00,0.3809,0.3851,0.37894,0.38311,28837.48928
2025-12-23 09:45:00+00:00,0.38247,0.39041,0.38247,0.38887,28544.10208
2025-12-23 10:00:00+00:00,0.3885,0.39932,0.38704,0.39772,223289.68647
2025-12-23 10:15:00+00:00,0.39818,0.39886,0.38892,0.39239,41164.28611
2025-12-23 10:30:00+00:00,0.39025,0.39628,0.38993,0.39401,41759.58973
2025-12-23 10:45:00+00:00,0.3934,0.397,0.39,0.39163,27621.01169
2025-12-23 11:00:00+00:00,0.39088,0.40399,0.38741,0.39983,81704.39897
2025-12-23 11:15:00+00:00,0.40107,0.40161,0.39576,0.39707,27558.29187
2025-12-23 11:30:00+00:00,0.39769,0.41,0.39679,0.41,36576.34442
2025-12-23 11:45:00+00:00,0.40951,0.42313,0.40695,0.41989,158215.50119
2025-12-23 12:00:00+00:00,0.42147,0.4313,0.41,0.42342,163555.64575
2025-12-23 12:15:00+00:00,0.42285,0.43303,0.41936,0.42756,90089.96768
2025-12-23 12:30:00+00:00,0.4275,0.43168,0.4151,0.41846,77001.25188
2025-12-23 12:45:00+00:00,0.4203,0.42292,0.40748,0.41881,139264.54578
2025-12-23 13:00:00+00:00,0.41749,0.423,0.41091,0.41871,116073.83167
2025-12-23 13:15:00+00:00,0.41723,0.42003,0.41533,0.41897,65995.23866
2025-12-23 13:30:00+00:00,0.418,0.43928,0.41628,0.43148,93113.16242
2025-12-23 13:45:00+00:00,0.43078,0.44563,0.4296,0.4387,105463.79981
2025-12-23 14:00:00+00:00,0.44298,0.446,0.43526,0.446,114966.12139
2025-12-23 14:15:00+00:00,0.44482,0.45,0.43852,0.44307,153191.51512
2025-12-23 14:30:00+00:00,0.43986,0.45508,0.43986,0.44937,91393.12927
2025-12-23 14:45:00+00:00,0.45186,0.45761,0.44297,0.4457,127382.63182
2025-12-23 15:00:00+00:00,0.44503,0.46509,0.44502,0.44902,78227.73242
2025-12-23 15:15:00+00:00,0.45262,0.45612,0.44153,0.4443,84826.22846
2025-12-23 15:30:00+00:00,0.44873,0.45537,0.445,0.45008,49741.54089
2025-12-23 15:45:00+00:00,0.4522,0.45527,0.44746,0.45229,38356.31856
2025-12-23 16:00:00+00:00,0.45061,0.45346,0.43366,0.449,130318.38905
2025-12-23 16:15:00+00:00,0.44832,0.44832,0.425,0.43391,124272.12391
2025-12-23 16:30:00+00:00,0.437,0.44243,0.43046,0.43271,125188.99948
2025-12-23 16:45:00+00:00,0.43335,0.43662,0.42357,0.42357,63581.53116
2025-12-23 17:00:00+00:00,0.42354,0.44828,0.42312,0.43874,142037.04205
2025-12-23 17:15:00+00:00,0.43753,0.44875,0.43753,0.44456,69352.84105
2025-12-23 17:30:00+00:00,0.44321,0.45,0.44176,0.44629,99308.14139
2025-12-23 17:45:00+00:00,0.445,0.45745,0.445,0.45345,71792.06987
2025-12-23 18:00:00+00:00,0.45101,0.45766,0.44791,0.45523,76633.81268
2025-12-23 18:15:00+00:00,0.45165,0.45766,0.44401,0.45534,74245.12688
2025-12-23 18:30:00+00:00,0.4553,0.46165,0.4418,0.4474,166252.35334
2025-12-23 18:45:00+00:00,0.44872,0.45179,0.44376,0.44601,31025.70612
2025-12-23 19:00:00+00:00,0.44614,0.45667,0.44323,0.44331,51309.17619
2025-12-23 19:15:00+00:00,0.4436,0.44614,0.43733,0.44128,89605.75446
2025-12-23 19:30:00+00:00,0.4432,0.44738,0.44098,0.44405,31272.2523
2025-12-23 19:45:00+00:00,0.44496,0.44784,0.44207,0.44338,8828.19463
2025-12-23 20:00:00+00:00,0.44359,0.44428,0.43728,0.44247,49608.23885
2025-12-23 20:15:00+00:00,0.439,0.439,0.43613,0.43613,195431.09488
2025-12-23 20:30:00+00:00,0.43613,0.4495,0.43613,0.44193,61443.95213
2025-12-23 20:45:00+00:00,0.44209,0.44572,0.44121,0.44546,27769.8426
2025-12-23 21:00:00+00:00,0.44572,0.44572,0.43779,0.43959,97574.11571
2025-12-23 21:15:00+00:00,0.43878,0.43905,0.43066,0.43373,111473.24539
2025-12-23 21:30:00+00:00,0.43298,0.43428,0.4276,0.43428,40730.3997
2025-12-23 21:45:00+00:00,0.43971,0.44106,0.43458,0.43458,48554.14368
2025-12-23 22:00:00+00:00,0.43416,0.43856,0.43118,0.43706,15880.65855
2025-12-23 22:15:00+00:00,0.43499,0.43739,0.43265,0.43273,45401.83356
2025-12-23 22:30:00+00:00,0.43296,0.43695,0.43084,0.43255,19943.39717
2025-12-23 22:45:00+00:00,0.4332,0.43647,0.43045,0.43647,61666.72845
2025-12-23 23:00:00+00:00,0.43644,0.43919,0.43438,0.43679,54719.69859
2025-12-23 23:15:00+00:00,0.43744,0.43787,0.4299,0.43017,14228.70763
2025-12-23 23:30:00+00:00,0.43088,0.43326,0.42377,0.42755,82254.86554
2025-12-23 23:45:00+00:00,0.42668,0.42668,0.41256,0.42113,96755.28609
2025-12-24 00:00:00+00:00,0.41924,0.42896,0.41441,0.41954,204253.92968
2025-12-24 00:15:00+00:00,0.42316,0.42642,0.4206,0.42355,154549.0135
2025-12-24 00:30:00+00:00,0.42724,0.43328,0.42118,0.42167,64169.03569
2025-12-24 00:45:00+00:00,0.42166,0.4256,0.4176,0.41976,29533.88693
2025-12-24 01:00:00+00:00,0.4176,0.41834,0.41431,0.41431,11177.87767
2025-12-24 01:15:00+00:00,0.41502,0.41687,0.40766,0.40896,22569.84844
2025-12-24 01:30:00+00:00,0.4082,0.41706,0.40626,0.41484,13890.01406
2025-12-24 01:45:00+00:00,0.41819,0.41968,0.4065,0.40841,21448.15937
2025-12-24 02:00:00+00:00,0.41062,0.41244,0.40211,0.40328,3918.42399
2025-12-24 02:15:00+00:00,0.40244,0.40244,0.38936,0.39277,8436.28935
2025-12-24 02:30:00+00:00,0.39507,0.40474,0.39167,0.39167,4093.02861
2025-12-24 02:45:00+00:00,0.39392,0.41474,0.39392,0.40674,16368.36958
2025-12-24 03:00:00+00:00,0.40787,0.41219,0.405,0.408,3964.20022
2025-12-24 03:15:00+00:00,0.409,0.41,0.40503,0.40766,1637.54292
2025-12-24 03:30:00+00:00,0.40711,0.41145,0.4,0.40282,35254.06906
2025-12-24 03:45:00+00:00,0.40428,0.42983,0.40428,0.42459,349318.52454
2025-12-24 04:00:00+00:00,0.42092,0.448,0.41385,0.4347,84835.09799
2025-12-24 04:15:00+00:00,0.42765,0.45983,0.42708,0.44977,9879.62068
2025-12-24 04:30:00+00:00,0.45504,0.45999,0.43761,0.45776,36664.8997
2025-12-24 04:45:00+00:00,0.45276,0.45998,0.4349,0.4349,47797.77517
2025-12-24 05:00:00+00:00,0.43612,0.44561,0.42435,0.4387,79054.59197
2025-12-24 05:15:00+00:00,0.43562,0.44733,0.43542,0.4434,20049.92123
2025-12-24 05:30:00+00:00,0.4413,0.44299,0.43397,0.43572,10816.92109
2025-12-24 05:45:00+00:00,0.43569,0.43703,0.42871,0.42965,11987.1989
2025-12-24 06:00:00+00:00,0.42987,0.43358,0.4246,0.42989,12066.9747
2025-12-24 06:15:00+00:00,0.42989,0.43323,0.405,0.41904,215656.67118
2025-12-24 06:30:00+00:00,0.41904,0.43215,0.41904,0.43215,17319.23256
2025-12-24 06:45:00+00:00,0.4282,0.42943,0.42136,0.42581,7430.88481
2025-12-24 07:00:00+00:00,0.42477,0.43125,0.41,0.42259,140685.20271
2025-12-24 07:15:00+00:00,0.42414,0.4275,0.40417,0.40418,88484.54946
2025-12-24 07:30:00+00:00,0.40418,0.40745,0.385,0.3972,143604.33289
2025-12-24 07:45:00+00:00,0.39895,0.40079,0.3759,0.39581,200357.76719
2025-12-24 08:00:00+00:00,0.39506,0.39647,0.38243,0.3841,107293.78515
2025-12-24 08:15:00+00:00,0.38321,0.39027,0.38321,0.39009,74451.8797
2025-12-24 08:30:00+00:00,0.38991,0.39727,0.38864,0.38908,97879.54311
2025-12-24 08:45:00+00:00,0.38875,0.39719,0.38875,0.39357,13113.11871
2025-12-24 09:00:00+00:00,0.39485,0.39933,0.38895,0.39378,29466.06739
2025-12-24 09:15:00+00:00,0.39288,0.39894,0.39156,0.39894,38705.69457
2025-12-24 09:30:00+00:00,0.39828,0.40868,0.39534,0.40117,115348.37687
2025-12-24 09:45:00+00:00,0.40118,0.40552,0.39266,0.39339,35693.35437
2025-12-24 10:00:00+00:00,0.39289,0.40063,0.39118,0.40063,21982.76936
2025-12-24 10:15:00+00:00,0.39785,0.40284,0.39632,0.40014,14520.01655
2025-12-24 10:30:00+00:00,0.39969,0.409,0.39868,0.409,27976.69227
2025-12-24 10:45:00+00:00,0.409,0.42105,0.409,0.41169,133904.21607
2025-12-24 11:00:00+00:00,0.41401,0.41506,0.40451,0.40578,38501.31681
2025-12-24 11:15:00+00:00,0.40552,0.41169,0.40077,0.40335,34872.10919
2025-12-24 11:30:00+00:00,0.40227,0.40347,0.39656,0.3979,35478.69786
2025-12-24 11:45:00+00:00,0.39652,0.39848,0.38991,0.39083,32566.47682
2025-12-24 12:00:00+00:00,0.38914,0.39873,0.38914,0.39865,27901.40234
2025-12-24 12:15:00+00:00,0.399,0.39914,0.39408,0.39565,23408.70067
2025-12-24 12:30:00+00:00,0.39851,0.39851,0.39592,0.39655,8426.42391
2025-12-24 12:45:00+00:00,0.39776,0.39776,0.39365,0.39641,34014.76908
2025-12-24 13:00:00+00:00,0.39454,0.39813,0.39454,0.39567,4779.37864
2025-12-24 13:15:00+00:00,0.395,0.40643,0.395,0.40497,13429.0309
2025-12-24 13:30:00+00:00,0.40232,0.40432,0.3991,0.39966,29784.01342
2025-12-24 13:45:00+00:00,0.39907,0.40002,0.3963,0.3963,7994.37207
2025-12-24 14:00:00+00:00,0.3963,0.39701,0.3923,0.3923,28615.98561
2025-12-24 14:15:00+00:00,0.39289,0.39289,0.38414,0.38593,103724.69096
2025-12-24 14:30:00+00:00,0.38706,0.4,0.38688,0.39604,38294.42349
2025-12-24 14:45:00+00:00,0.39539,0.39881,0.3927,0.39866,8122.14474
2025-12-24 15:00:00+00:00,0.40019,0.402,0.39512,0.39584,22279.16709
2025-12-24 15:15:00+00:00,0.39644,0.39644,0.39316,0.3942,13040.61751
2025-12-24 15:30:00+00:00,0.39401,0.39459,0.39234,0.39459,8876.11351
2025-12-24 15:45:00+00:00,0.39367,0.39367,0.39007,0.39007,5332.45493
2025-12-24 16:00:00+00:00,0.3939,0.40183,0.39308,0.39745,5122.2283
2025-12-24 16:15:00+00:00,0.39694,0.39694,0.39103,0.39103,429.89579
2025-12-24 16:30:00+00:00,0.39094,0.39166,0.39,0.39001,7698.01584
2025-12-24 16:45:00+00:00,0.39,0.39092,0.38437,0.38437,16908.10065
2025-12-24 17:00:00+00:00,0.38656,0.38745,0.3835,0.3835,16766.47487
2025-12-24 17:15:00+00:00,0.38571,0.38829,0.3811,0.38128,71463.48935
2025-12-24 17:30:00+00:00,0.38467,0.38631,0.38396,0.38423,5485.96982
2025-12-24 17:45:00+00:00,0.38344,0.38391,0.37999,0.38391,7784.21487
2025-12-24 18:00:00+00:00,0.38331,0.3875,0.38226,0.38381,9629.31351
2025-12-24 18:15:00+00:00,0.3848,0.38999,0.3844,0.38538,3694.03264
2025-12-24 18:30:00+00:00,0.38314,0.38414,0.38266,0.38414,15117.01957
2025-12-24 18:45:00+00:00,0.38354,0.38371,0.38238,0.38328,8606.52137
2025-12-24 19:00:00+00:00,0.38195,0.38352,0.36602,0.36902,122643.24615
2025-12-24 19:15:00+00:00,0.37127,0.37127,0.36401,0.36977,105295.68336
2025-12-24 19:30:00+00:00,0.36977,0.37271,0.36701,0.37202,53947.47854
2025-12-24 19:45:00+00:00,0.37349,0.37647,0.37349,0.37468,27494.18839
2025-12-24 20:00:00+00:00,0.3727,0.37404,0.36415,0.3651,92796.65174
2025-12-24 20:15:00+00:00,0.36431,0.36722,0.36431,0.36532,33780.65219
2025-12-24 20:30:00+00:00,0.36658,0.36901,0.36598,0.36901,34821.38669
2025-12-24 20:45:00+00:00,0.36862,0.36903,0.364,0.36731,17050.58955
2025-12-24 21:00:00+00:00,0.36581,0.36581,0.363,0.36362,11809.45054
2025-12-24 21:15:00+00:00,0.36205,0.36739,0.36201,0.36739,4051.78348
2025-12-24 21:30:00+00:00,0.36769,0.36796,0.36545,0.36545,12945.5272
2025-12-24 21:45:00+00:00,0.36617,0.36666,0.3626,0.36299,9828.47321
2025-12-24 22:00:00+00:00,0.36389,0.36411,0.3605,0.36148,40147.22406
2025-12-24 22:15:00+00:00,0.3609,0.3609,0.3574,0.35942,57400.64875
2025-12-24 22:30:00+00:00,0.35997,0.36078,0.35574,0.35765,42603.87721
2025-12-24 22:45:00+00:00,0.355,0.36035,0.35377,0.35939,11556.75864
2025-12-24 23:00:00+00:00,0.35796,0.35796,0.35099,0.35296,3205.00997
2025-12-24 23:15:00+00:00,0.35304,0.355,0.35164,0.35164,2928.10599
2025-12-24 23:30:00+00:00,0.35257,0.35279,0.35001,0.35157,5778.44659
2025-12-24 23:45:00+00:00,0.35183,0.35183,0.34828,0.35097,22639.66818
2025-12-25 00:00:00+00:00,0.34976,0.36128,0.34976,0.36118,23848.79589
2025-12-25 00:15:00+00:00,0.36105,0.372,0.36041,0.36041,19997.43413
2025-12-25 00:30:00+00:00,0.36112,0.36258,0.35771,0.36073,4653.93736
2025-12-25 01:00:00+00:00,0.35473,0.356,0.35372,0.35562,9784.73482
2025-12-25 01:15:00+00:00,0.3586,0.3586,0.35583,0.35753,7190.24667
2025-12-25 01:30:00+00:00,0.36063,0.36404,0.36063,0.36404,2205.80202
2025-12-25 01:45:00+00:00,0.36532,0.36968,0.36406,0.36968,13328.42422
2025-12-25 02:00:00+00:00,0.36651,0.37064,0.36413,0.37064,29334.20698
2025-12-25 02:15:00+00:00,0.36971,0.37669,0.36971,0.37097,15183.24284
2025-12-25 02:30:00+00:00,0.37189,0.37993,0.37189,0.37729,6130.02145
2025-12-25 02:45:00+00:00,0.3759,0.38449,0.37202,0.38313,23414.93706
2025-12-25 03:00:00+00:00,0.38234,0.38402,0.37987,0.38402,20003.09161
2025-12-25 03:15:00+00:00,0.38461,0.38461,0.37298,0.37298,3696.65029
2025-12-25 03:30:00+00:00,0.374,0.374,0.37,0.37167,26492.9326
2025-12-25 03:45:00+00:00,0.37121,0.37121,0.3667,0.36754,4522.4587
2025-12-25 04:00:00+00:00,0.36787,0.37022,0.36604,0.36604,8511.51639
2025-12-25 04:15:00+00:00,0.3682,0.37031,0.3682,0.3697,1968.73766
2025-12-25 04:30:00+00:00,0.3669,0.3669,0.36494,0.36561,8996.48008
2025-12-25 04:45:00+00:00,0.3672,0.36796,0.366,0.36705,1348.21007
2025-12-25 05:00:00+00:00,0.36658,0.36941,0.366,0.36608,9239.80293
2025-12-25 05:15:00+00:00,0.36635,0.36635,0.36356,0.36356,1762.12374
2025-12-25 05:30:00+00:00,0.36531,0.36685,0.36491,0.36491,2516.54357
2025-12-25 05:45:00+00:00,0.36291,0.36534,0.36291,0.36534,6239.46966
2025-12-25 06:00:00+00:00,0.36512,0.36512,0.36346,0.36347,2651.18557
2025-12-25 06:15:00+00:00,0.35858,0.35858,0.35806,0.35806,3000.0
2025-12-25 06:30:00+00:00,0.36205,0.36409,0.36106,0.36409,1188.31099
2025-12-25 06:45:00+00:00,0.36477,0.3707,0.36477,0.37007,68748.60858
2025-12-25 07:00:00+00:00,0.37139,0.38498,0.37139,0.38498,9397.33371
2025-12-25 07:15:00+00:00,0.3845,0.3845,0.37195,0.37195,34016.36111
2025-12-25 07:30:00+00:00,0.37648,0.38222,0.37592,0.38092,66648.65902
2025-12-25 07:45:00+00:00,0.38122,0.39244,0.37955,0.38537,101062.92021
2025-12-25 08:00:00+00:00,0.38621,0.395,0.37667,0.395,73808.30288
2025-12-25 08:15:00+00:00,0.395,0.4,0.3923,0.399,41870.21287
2025-12-25 08:30:00+00:00,0.4,0.40405,0.39455,0.39615,41392.66838
2025-12-25 08:45:00+00:00,0.39728,0.39788,0.38699,0.38738,81012.2364
2025-12-25 09:00:00+00:00,0.39171,0.39271,0.38817,0.38822,22951.04558
2025-12-25 09:15:00+00:00,0.38857,0.38857,0.37934,0.38117,51708.43708
2025-12-25 09:30:00+00:00,0.37968,0.39117,0.37597,0.39117,42565.83648
2025-12-25 09:45:00+00:00,0.39211,0.39504,0.38952,0.38952,98506.85332
2025-12-25 10:00:00+00:00,0.3907,0.39925,0.3907,0.39157,29700.37896
2025-12-25 10:15:00+00:00,0.39056,0.39784,0.3903,0.39456,18426.44847
2025-12-25 10:30:00+00:00,0.39399,0.404,0.39399,0.3995,30535.31855
2025-12-25 10:45:00+00:00,0.39937,0.40548,0.39923,0.40469,55011.58193
2025-12-25 11:00:00+00:00,0.40453,0.40485,0.39629,0.4004,41612.82051
2025-12-25 11:15:00+00:00,0.40063,0.40234,0.38999,0.391,50030.97294
2025-12-25 11:30:00+00:00,0.3963,0.3964,0.391,0.39556,19240.50729
2025-12-25 11:45:00+00:00,0.39291,0.39737,0.39198,0.39616,18662.43696
2025-12-25 12:00:00+00:00,0.39528,0.39528,0.3889,0.3889,30148.05832
2025-12-25 12:15:00+00:00,0.39153,0.39357,0.39147,0.39357,699.98088
2025-12-25 12:30:00+00:00,0.39297,0.39548,0.38512,0.38524,28144.027
2025-12-25 12:45:00+00:00,0.385,0.3882,0.38355,0.38738,21327.31038
2025-12-25 13:00:00+00:00,0.3871,0.3871,0.384,0.384,7582.13859
2025-12-25 13:15:00+00:00,0.38299,0.38805,0.38182,0.38394,14399.78924
2025-12-25 13:30:00+00:00,0.38394,0.38394,0.378,0.37988,38353.10072
2025-12-25 13:45:00+00:00,0.37973,0.38367,0.37966,0.38177,33834.89018
2025-12-25 14:00:00+00:00,0.38221,0.38233,0.37895,0.38221,10465.85524
2025-12-25 14:15:00+00:00,0.38371,0.38747,0.38129,0.38314,10841.57421
2025-12-25 14:30:00+00:00,0.38314,0.38314,0.37576,0.37576,6561.82799
2025-12-25 14:45:00+00:00,0.37629,0.38,0.3726,0.37965,35631.15338
2025-12-25 15:00:00+00:00,0.37667,0.38042,0.37572,0.37572,12196.18265
2025-12-25 15:15:00+00:00,0.37694,0.37852,0.37694,0.37737,16072.09557
2025-12-25 15:30:00+00:00,0.37768,0.38087,0.37768,0.38081,17512.18845
2025-12-25 15:45:00+00:00,0.379,0.37995,0.37737,0.37794,14551.05156
2025-12-25 16:00:00+00:00,0.37794,0.37944,0.376,0.37683,8469.51971
2025-12-25 16:15:00+00:00,0.37821,0.37943,0.37821,0.37942,646.80199
2025-12-25 16:30:00+00:00,0.37973,0.37973,0.37388,0.37388,2812.82322
2025-12-25 16:45:00+00:00,0.3759,0.38023,0.37547,0.37547,30870.25814
2025-12-25 17:00:00+00:00,0.381,0.383,0.37932,0.383,402.37667
2025-12-25 17:15:00+00:00,0.381,0.38108,0.38,0.38092,13437.21136
2025-12-25 17:30:00+00:00,0.38,0.38108,0.37971,0.38108,19205.01725
2025-12-25 17:45:00+00:00,0.37991,0.38044,0.37991,0.38044,1925.22982
2025-12-25 18:00:00+00:00,0.38222,0.39384,0.38222,0.38753,19738.2857
2025-12-25 18:15:00+00:00,0.38753,0.38821,0.38299,0.38481,5996.4018
2025-12-25 18:30:00+00:00,0.38257,0.38314,0.38257,0.38314,303.59638
2025-12-25 18:45:00+00:00,0.38219,0.38495,0.38219,0.38465,3237.2559
2025-12-25 19:00:00+00:00,0.38393,0.38533,0.3827,0.38444,16237.06057
2025-12-25 19:15:00+00:00,0.38368,0.386,0.38323,0.38515,13247.63848
2025-12-25 19:30:00+00:00,0.38571,0.39361,0.3856,0.39247,46239.80823
2025-12-25 19:45:00+00:00,0.39027,0.391,0.38838,0.38852,13993.72639
2025-12-25 20:00:00+00:00,0.38834,0.39391,0.3868,0.38683,107502.33621
2025-12-25 20:15:00+00:00,0.38878,0.39001,0.38411,0.38411,46602.38648
2025-12-25 20:30:00+00:00,0.38519,0.38725,0.38519,0.38725,15244.80833
2025-12-25 20:45:00+00:00,0.3871,0.38775,0.3853,0.38579,28143.84426
2025-12-25 21:00:00+00:00,0.38607,0.38607,0.38455,0.38455,5739.74852
2025-12-25 21:15:00+00:00,0.38471,0.38505,0.37994,0.38217,67076.70849
2025-12-25 21:30:00+00:00,0.38152,0.38719,0.3815,0.38719,16163.81131
2025-12-25 21:45:00+00:00,0.3858,0.3858,0.38125,0.38125,16561.72671
2025-12-25 22:00:00+00:00,0.38227,0.3836,0.38188,0.38359,6022.59757
2025-12-25 22:15:00+00:00,0.385,0.38688,0.3839,0.38581,2310.36617
2025-12-25 22:30:00+00:00,0.38775,0.39019,0.38113,0.38113,14788.96523
2025-12-25 22:45:00+00:00,0.38,0.38267,0.3793,0.38109,10771.76958
2025-12-25 23:00:00+00:00,0.38124,0.38187,0.3803,0.38187,1756.67865
2025-12-25 23:15:00+00:00,0.38058,0.382,0.3803,0.38061,16433.77349
2025-12-25 23:30:00+00:00,0.382,0.382,0.38061,0.38061,3450.95459
2025-12-25 23:45:00+00:00,0.38053,0.38169,0.38044,0.38044,1456.78876
2025-12-26 00:00:00+00:00,0.3803,0.3803,0.37707,0.3784,13996.74828
2025-12-26 00:15:00+00:00,0.37705,0.37705,0.371,0.375,54220.09092
2025-12-26 00:30:00+00:00,0.37362,0.37362,0.37151,0.37161,10234.79801
2025-12-26 00:45:00+00:00,0.37254,0.37254,0.37126,0.37126,2732.02406
2025-12-26 01:00:00+00:00,0.37124,0.37356,0.37124,0.37336,220.48653
2025-12-26 01:15:00+00:00,0.37406,0.37406,0.37287,0.37287,597.6733
2025-12-26 01:30:00+00:00,0.37033,0.37063,0.36774,0.37063,2768.62601
2025-12-26 01:45:00+00:00,0.36987,0.36987,0.36895,0.36895,5417.09758
2025-12-26 02:00:00+00:00,0.367,0.36876,0.36405,0.36876,28158.82832
2025-12-26 02:15:00+00:00,0.37092,0.37287,0.37069,0.37148,2231.7945
2025-12-26 02:30:00+00:00,0.37419,0.37511,0.37049,0.37049,699.10406
2025-12-26 02:45:00+00:00,0.37074,0.37074,0.37059,0.3706,1391.13546
2025-12-26 03:00:00+00:00,0.36737,0.36737,0.364,0.364,200.14679
2025-12-26 03:15:00+00:00,0.363,0.363,0.35442,0.35442,23336.91597
2025-12-26 03:30:00+00:00,0.35682,0.35872,0.35471,0.35872,9163.69789
2025-12-26 03:45:00+00:00,0.3609,0.36185,0.35999,0.36138,2087.90777
2025-12-26 04:00:00+00:00,0.35891,0.35916,0.35694,0.35698,1593.77563
2025-12-26 04:15:00+00:00,0.35459,0.35942,0.35459,0.35922,2560.07093
2025-12-26 04:30:00+00:00,0.3603,0.361,0.35968,0.35987,6285.51303
2025-12-26 04:45:00+00:00,0.35955,0.35955,0.35598,0.35598,12454.9651
2025-12-26 05:00:00+00:00,0.35577,0.35687,0.351,0.35217,7627.31489
2025-12-26 05:15:00+00:00,0.35479,0.36285,0.35479,0.35816,37259.9938
2025-12-26 05:30:00+00:00,0.35757,0.35785,0.35746,0.35785,1013.46482
2025-12-26 05:45:00+00:00,0.35692,0.3608,0.35689,0.3608,2534.5234
2025-12-26 06:00:00+00:00,0.3621,0.363,0.3621,0.363,689.04359
2025-12-26 06:15:00+00:00,0.36301,0.36685,0.36301,0.36515,3509.85073
2025-12-26 06:30:00+00:00,0.36275,0.36275,0.35189,0.35189,67396.69047
2025-12-26 06:45:00+00:00,0.35355,0.35639,0.35222,0.35639,17050.38022
2025-12-26 07:00:00+00:00,0.35492,0.35942,0.35446,0.35942,2942.10446
2025-12-26 07:15:00+00:00,0.35864,0.36097,0.35616,0.358,24546.1354
2025-12-26 07:30:00+00:00,0.35875,0.37845,0.35787,0.36459,131717.89621
2025-12-26 07:45:00+00:00,0.36059,0.37845,0.35473,0.35562,59984.2093
2025-12-26 08:00:00+00:00,0.35672,0.369,0.35672,0.36381,25748.36193
2025-12-26 08:15:00+00:00,0.36381,0.36383,0.3592,0.3592,3130.66417
2025-12-26 08:30:00+00:00,0.3592,0.3592,0.355,0.356,22651.93789
2025-12-26 08:45:00+00:00,0.3575,0.3639,0.35749,0.36199,29409.81032
2025-12-26 09:00:00+00:00,0.36195,0.36215,0.35874,0.36146,8526.5081
2025-12-26 09:15:00+00:00,0.35952,0.36276,0.35878,0.35893,2311.11703
2025-12-26 09:30:00+00:00,0.36004,0.36487,0.35809,0.36426,15064.49659
2025-12-26 09:45:00+00:00,0.36243,0.36479,0.36173,0.36382,23211.02219
2025-12-26 10:00:00+00:00,0.36255,0.36374,0.36092,0.36193,7203.73039
2025-12-26 10:15:00+00:00,0.36298,0.37535,0.36232,0.36824,65891.76931
2025-12-26 10:30:00+00:00,0.36974,0.37042,0.36393,0.36638,17925.14914
2025-12-26 10:45:00+00:00,0.36618,0.36855,0.36427,0.36523,33810.27932
2025-12-26 11:00:00+00:00,0.36631,0.37799,0.36626,0.37576,48208.34181
2025-12-26 11:15:00+00:00,0.3744,0.3744,0.36611,0.36847,17196.39447
2025-12-26 11:30:00+00:00,0.36654,0.36885,0.364,0.3641,35912.85594
2025-12-26 11:45:00+00:00,0.365,0.36676,0.36357,0.3644,21228.76184
2025-12-26 12:00:00+00:00,0.365,0.37,0.365,0.36938,45472.21987
2025-12-26 12:15:00+00:00,0.37032,0.376,0.36974,0.376,4860.14376
2025-12-26 12:30:00+00:00,0.37398,0.376,0.37148,0.37548,5359.31369
2025-12-26 12:45:00+00:00,0.37484,0.37484,0.37143,0.373,18195.01394
2025-12-26 13:00:00+00:00,0.37471,0.37483,0.37096,0.37269,33318.47294
2025-12-26 13:15:00+00:00,0.37359,0.37413,0.36964,0.36964,3197.71312
2025-12-26 13:30:00+00:00,0.37068,0.37134,0.36846,0.36859,6206.05356
2025-12-26 13:45:00+00:00,0.36839,0.36976,0.36738,0.36738,8180.95958
2025-12-26 14:00:00+00:00,0.36804,0.37014,0.36789,0.37012,4635.77146
2025-12-26 14:15:00+00:00,0.37144,0.3729,0.37075,0.37171,5508.88095
2025-12-26 14:30:00+00:00,0.37037,0.371,0.36949,0.3703,6309.18615
2025-12-26 14:45:00+00:00,0.36934,0.37062,0.36789,0.37002,24045.32019
2025-12-26 15:00:00+00:00,0.36966,0.37474,0.36855,0.37416,71004.24212
2025-12-26 15:15:00+00:00,0.37276,0.375,0.37249,0.37277,20293.74177
2025-12-26 15:30:00+00:00,0.37137,0.3715,0.36366,0.36714,22509.55761
2025-12-26 15:45:00+00:00,0.36769,0.36769,0.36237,0.36237,4072.93973
2025-12-26 16:00:00+00:00,0.36381,0.36427,0.36121,0.36204,21175.95848
2025-12-26 16:15:00+00:00,0.36279,0.36279,0.35835,0.35844,30285.81112
2025-12-26 16:30:00+00:00,0.36066,0.36096,0.3588,0.36072,26753.14623
2025-12-26 16:45:00+00:00,0.36109,0.36109,0.35758,0.35772,27932.73812
2025-12-26 17:00:00+00:00,0.35889,0.36119,0.35865,0.35946,3433.95183
2025-12-26 17:15:00+00:00,0.35796,0.35977,0.35732,0.3587,3991.04584
2025-12-26 17:30:00+00:00,0.36144,0.36162,0.3589,0.35995,20636.32026
2025-12-26 17:45:00+00:00,0.36117,0.36149,0.36117,0.36149,293.84959
2025-12-26 18:00:00+00:00,0.36368,0.36692,0.36364,0.36603,12959.04677
2025-12-26 18:15:00+00:00,0.36479,0.36479,0.36479,0.36479,1568.57631
2025-12-26 18:30:00+00:00,0.3619,0.36262,0.3619,0.36262,85.65875
2025-12-26 18:45:00+00:00,0.36112,0.36112,0.36112,0.36112,42.31797
2025-12-26 19:00:00+00:00,0.3617,0.3622,0.36148,0.36148,9419.98297
2025-12-26 19:15:00+00:00,0.36,0.36,0.36,0.36,18.22222
2025-12-26 19:30:00+00:00,0.35831,0.35848,0.3564,0.3564,33293.78418
2025-12-26 19:45:00+00:00,0.35753,0.35753,0.35501,0.35612,45021.46331
2025-12-26 20:00:00+00:00,0.35711,0.35883,0.35711,0.35874,8220.9414
2025-12-26 20:15:00+00:00,0.357,0.35715,0.35672,0.35676,31686.49195
2025-12-26 20:30:00+00:00,0.35817,0.35939,0.35685,0.35939,4804.87628
2025-12-26 20:45:00+00:00,0.35832,0.35832,0.35669,0.35792,2938.03648
2025-12-26 21:00:00+00:00,0.35645,0.35677,0.35578,0.35677,13103.7939
2025-12-26 21:15:00+00:00,0.35634,0.36159,0.35634,0.36159,9609.64578
2025-12-26 21:30:00+00:00,0.35971,0.36016,0.358,0.358,12923.0185
2025-12-26 21:45:00+00:00,0.35658,0.3568,0.3563,0.3563,2580.42443
2025-12-26 22:00:00+00:00,0.35708,0.35708,0.355,0.355,4247.66282
2025-12-26 22:15:00+00:00,0.35618,0.35635,0.35545,0.35578,1987.34035
2025-12-26 22:30:00+00:00,0.35537,0.35557,0.355,0.355,2077.24087
2025-12-26 22:45:00+00:00,0.35499,0.35551,0.352,0.35515,6399.84049
2025-12-26 23:00:00+00:00,0.35811,0.35814,0.35554,0.35557,5972.45593
2025-12-26 23:15:00+00:00,0.354,0.35403,0.354,0.35402,12949.2143
2025-12-26 23:30:00+00:00,0.35426,0.35592,0.35426,0.35585,3620.89862
2025-12-26 23:45:00+00:00,0.3557,0.3558,0.35509,0.35551,5129.77972
2025-12-27 00:00:00+00:00,0.35577,0.35728,0.35577,0.35728,1110.37233
2025-12-27 00:15:00+00:00,0.35653,0.35653,0.35522,0.35522,960.30119
2025-12-27 00:30:00+00:00,0.35669,0.35669,0.35669,0.35669,55.93092
2025-12-27 00:45:00+00:00,0.35864,0.36031,0.35864,0.36031,5383.02735
2025-12-27 01:00:00+00:00,0.3609,0.36287,0.36034,0.36107,6605.44281
2025-12-27 01:15:00+00:00,0.36195,0.36604,0.36195,0.36604,4513.53418
2025-12-27 01:30:00+00:00,0.36449,0.36449,0.36154,0.36154,2179.01298
2025-12-27 01:45:00+00:00,0.36539,0.36539,0.36539,0.36539,649.47937
2025-12-27 02:00:00+00:00,0.36227,0.36979,0.36227,0.36979,318.02152
2025-12-27 02:15:00+00:00,0.37,0.37066,0.36856,0.36856,2311.03487
2025-12-27 02:30:00+00:00,0.37042,0.37042,0.36811,0.36995,4396.57731
2025-12-27 02:45:00+00:00,0.36718,0.36722,0.3667,0.36722,3404.26097
2025-12-27 03:00:00+00:00,0.36787,0.36787,0.36506,0.36514,4712.78181
2025-12-27 03:15:00+00:00,0.36503,0.36503,0.36444,0.36444,705.64607
2025-12-27 03:30:00+00:00,0.3639,0.36392,0.3639,0.36392,2963.8
2025-12-27 03:45:00+00:00,0.36547,0.36547,0.36332,0.36332,2980.79864
2025-12-27 04:00:00+00:00,0.36289,0.365,0.36289,0.365,5918.4635
2025-12-27 04:15:00+00:00,0.36537,0.36602,0.36537,0.36602,1382.054
2025-12-27 04:30:00+00:00,0.36633,0.37,0.36633,0.37,1101.49347
2025-12-27 04:45:00+00:00,0.36798,0.36798,0.36393,0.36456,3095.14737
2025-12-27 05:00:00+00:00,0.35942,0.36161,0.35938,0.36161,1436.03182
2025-12-27 05:15:00+00:00,0.36107,0.36107,0.36107,0.36107,685.5
2025-12-27 05:30:00+00:00,0.36147,0.36265,0.3601,0.36264,8809.2128
2025-12-27 05:45:00+00:00,0.36656,0.379,0.36579,0.37017,24594.39057
2025-12-27 06:00:00+00:00,0.3689,0.37238,0.36642,0.36783,13977.86219
2025-12-27 06:15:00+00:00,0.36892,0.3692,0.36603,0.36603,4112.26768
2025-12-27 06:45:00+00:00,0.36551,0.36685,0.36384,0.36452,8234.79892
2025-12-27 07:00:00+00:00,0.36435,0.36592,0.36433,0.36592,4829.5875
2025-12-27 07:15:00+00:00,0.36582,0.36794,0.36582,0.3665,6320.72614
2025-12-27 07:30:00+00:00,0.365,0.36528,0.36283,0.36463,14952.96324
2025-12-27 07:45:00+00:00,0.36534,0.36989,0.36512,0.36937,11565.26501
2025-12-27 08:00:00+00:00,0.36853,0.36892,0.36853,0.36892,1314.40786
2025-12-27 08:15:00+00:00,0.3654,0.36741,0.365,0.36741,10836.50861
2025-12-27 08:30:00+00:00,0.36966,0.37019,0.36832,0.36832,9005.11425
2025-12-27 08:45:00+00:00,0.3657,0.3657,0.36235,0.36287,3745.60569
2025-12-27 09:00:00+00:00,0.3635,0.36673,0.36262,0.36617,10809.06527
2025-12-27 09:15:00+00:00,0.36586,0.3667,0.3653,0.3653,37376.37803
2025-12-27 09:30:00+00:00,0.365,0.365,0.35951,0.36402,18929.4234
2025-12-27 09:45:00+00:00,0.3622,0.3622,0.3613,0.36191,16365.99418
2025-12-27 10:00:00+00:00,0.36146,0.36256,0.36,0.36256,6427.68567
2025-12-27 10:15:00+00:00,0.36316,0.36351,0.361,0.361,1951.79213
2025-12-27 10:30:00+00:00,0.361,0.36147,0.36065,0.36065,5419.20663
2025-12-27 10:45:00+00:00,0.36072,0.361,0.36018,0.36018,2146.86401
2025-12-27 11:00:00+00:00,0.362,0.362,0.36031,0.36031,3623.01375
2025-12-27 11:15:00+00:00,0.3605,0.3605,0.35949,0.35961,2663.52513
2025-12-27 11:30:00+00:00,0.3597,0.363,0.3597,0.363,5561.94214
2025-12-27 11:45:00+00:00,0.36399,0.3657,0.36293,0.365,6271.94034
2025-12-27 12:00:00+00:00,0.36555,0.36837,0.36548,0.36548,45410.30032
2025-12-27 12:15:00+00:00,0.36857,0.36858,0.36675,0.36675,4730.89419
2025-12-27 12:30:00+00:00,0.36699,0.36726,0.36586,0.36586,7041.60326
2025-12-27 12:45:00+00:00,0.366,0.37,0.36074,0.36574,34698.53317
2025-12-27 13:00:00+00:00,0.36772,0.36823,0.363,0.363,6550.53916
2025-12-27 13:15:00+00:00,0.3637,0.36721,0.3637,0.36499,33973.63211
2025-12-27 13:30:00+00:00,0.36499,0.367,0.36499,0.3653,3998.888
2025-12-27 13:45:00+00:00,0.36637,0.367,0.36492,0.36691,3191.54061
2025-12-27 14:00:00+00:00,0.367,0.36791,0.36472,0.36472,6356.5733
2025-12-27 14:15:00+00:00,0.36576,0.36627,0.365,0.36553,1658.77404
2025-12-27 14:30:00+00:00,0.36551,0.36628,0.3655,0.36609,5293.56725
2025-12-27 14:45:00+00:00,0.36554,0.36554,0.35974,0.36064,3509.37488
2025-12-27 15:00:00+00:00,0.36033,0.36322,0.35783,0.36322,5583.35647
2025-12-27 15:15:00+00:00,0.36204,0.36204,0.35576,0.35854,13212.53809
2025-12-27 15:30:00+00:00,0.358,0.36023,0.35635,0.35793,52239.26471
2025-12-27 15:45:00+00:00,0.35741,0.36344,0.35724,0.36322,4263.11664
2025-12-27 16:00:00+00:00,0.3654,0.368,0.36383,0.36576,14477.02135
2025-12-27 16:15:00+00:00,0.36706,0.36915,0.36649,0.36698,7207.62341
2025-12-27 16:30:00+00:00,0.36474,0.36602,0.36474,0.36602,2020.89287
2025-12-27 16:45:00+00:00,0.3644,0.36479,0.3644,0.36452,2097.65936
2025-12-27 17:00:00+00:00,0.36522,0.3666,0.36522,0.366,864.62619
2025-12-27 17:15:00+00:00,0.36459,0.3663,0.36458,0.36461,2661.17597
2025-12-27 17:30:00+00:00,0.36491,0.36671,0.36491,0.36583,8685.49316
2025-12-27 17:45:00+00:00,0.36693,0.3675,0.36545,0.36714,6737.42219
2025-12-27 18:00:00+00:00,0.36481,0.365,0.36408,0.365,8146.96562
2025-12-27 18:15:00+00:00,0.365,0.365,0.36066,0.36154,24681.11242
2025-12-27 18:30:00+00:00,0.36229,0.36229,0.35923,0.36,3888.29258
2025-12-27 18:45:00+00:00,0.36047,0.36099,0.36047,0.36099,1454.26566
2025-12-27 19:00:00+00:00,0.35985,0.36215,0.35985,0.36215,3125.63297
2025-12-27 19:15:00+00:00,0.36246,0.3729,0.3621,0.3729,61080.36411
2025-12-27 19:30:00+00:00,0.37382,0.37471,0.37099,0.37135,21262.4695
2025-12-27 19:45:00+00:00,0.3727,0.38,0.37244,0.38,31477.16776
2025-12-27 20:00:00+00:00,0.37937,0.38304,0.37761,0.382,70413.29435
2025-12-27 20:15:00+00:00,0.38149,0.38156,0.3771,0.37845,41731.51868
2025-12-27 20:30:00+00:00,0.3782,0.37886,0.37586,0.37586,25799.7685
2025-12-27 20:45:00+00:00,0.37736,0.37889,0.37736,0.37889,6511.05262
2025-12-27 21:00:00+00:00,0.37892,0.38547,0.37556,0.38532,40394.19573
2025-12-27 21:15:00+00:00,0.3855,0.39404,0.3855,0.39099,72673.78415
2025-12-27 21:30:00+00:00,0.39231,0.39966,0.39117,0.39803,37443.73282
2025-12-27 21:45:00+00:00,0.39935,0.403,0.397,0.40294,54296.09376
2025-12-27 22:00:00+00:00,0.40036,0.40328,0.38,0.40247,313462.07134
2025-12-27 22:15:00+00:00,0.40332,0.4056,0.38786,0.401,223475.54391
2025-12-27 22:30:00+00:00,0.40048,0.40958,0.39903,0.4025,47482.74639
2025-12-27 22:45:00+00:00,0.4025,0.40388,0.39899,0.40388,31357.64483
2025-12-27 23:00:00+00:00,0.40182,0.40182,0.39089,0.39648,24844.07559
2025-12-27 23:15:00+00:00,0.39593,0.3976,0.39581,0.3959,40012.55161
2025-12-27 23:30:00+00:00,0.39742,0.39742,0.39189,0.39253,30155.46048
2025-12-27 23:45:00+00:00,0.39191,0.39339,0.38941,0.38941,8612.65164
2025-12-28 00:00:00+00:00,0.38884,0.38973,0.38664,0.38973,10235.56163
2025-12-28 00:15:00+00:00,0.38588,0.38825,0.38479,0.38479,18761.06619
2025-12-28 00:30:00+00:00,0.38955,0.39428,0.38955,0.39253,41456.96655
2025-12-28 00:45:00+00:00,0.39133,0.39286,0.38942,0.39069,25933.3981
2025-12-28 01:00:00+00:00,0.39106,0.39179,0.38778,0.38853,7597.80179
2025-12-28 01:15:00+00:00,0.38852,0.39009,0.3878,0.38838,6988.07066
2025-12-28 01:30:00+00:00,0.38803,0.38847,0.38612,0.38847,1587.08885
2025-12-28 01:45:00+00:00,0.38852,0.38986,0.38807,0.38832,2537.12967
2025-12-28 02:00:00+00:00,0.38612,0.38658,0.38522,0.38658,5766.86228
2025-12-28 02:15:00+00:00,0.38513,0.3879,0.38416,0.3857,20659.40395
2025-12-28 02:30:00+00:00,0.38686,0.38736,0.38686,0.38736,8380.37521
2025-12-28 02:45:00+00:00,0.38345,0.38345,0.38345,0.38345,1701.26481
2025-12-28 03:00:00+00:00,0.38563,0.38563,0.38563,0.38563,1567.0
2025-12-28 03:15:00+00:00,0.38407,0.38712,0.38405,0.38712,18447.39741
2025-12-28 03:30:00+00:00,0.38615,0.38831,0.38615,0.38698,8375.0403
2025-12-28 03:45:00+00:00,0.38715,0.38715,0.38607,0.38651,22260.4006
2025-12-28 04:00:00+00:00,0.38477,0.38477,0.38368,0.38368,27958.77287
2025-12-28 04:15:00+00:00,0.38416,0.38495,0.38416,0.38493,181.604
2025-12-28 04:30:00+00:00,0.38425,0.3855,0.38299,0.38388,7482.65409
2025-12-28 04:45:00+00:00,0.38407,0.39065,0.38372,0.39065,3939.85829
2025-12-28 05:00:00+00:00,0.3889,0.39494,0.38817,0.39494,5062.62332
2025-12-28 05:15:00+00:00,0.39359,0.3967,0.39341,0.39341,5612.77071
2025-12-28 05:30:00+00:00,0.39609,0.39609,0.39401,0.39401,7866.18093
2025-12-28 05:45:00+00:00,0.39269,0.39621,0.39125,0.39517,74344.25868
2025-12-28 06:00:00+00:00,0.39616,0.39899,0.39616,0.39856,3560.35274
2025-12-28 06:15:00+00:00,0.4018,0.40881,0.4016,0.40781,57501.10279
2025-12-28 06:30:00+00:00,0.40888,0.4092,0.40127,0.40657,40841.66087
2025-12-28 06:45:00+00:00,0.40641,0.41506,0.40574,0.412,81599.77515
2025-12-28 07:00:00+00:00,0.41208,0.41581,0.41041,0.4152,30786.25171
2025-12-28 07:15:00+00:00,0.41332,0.41919,0.4126,0.41718,37731.8842
2025-12-28 07:30:00+00:00,0.4165,0.41768,0.41424,0.41575,33649.95437
2025-12-28 07:45:00+00:00,0.4137,0.41756,0.4124,0.41718,46252.35883
2025-12-28 08:00:00+00:00,0.4154,0.4165,0.40159,0.41577,130450.55254
2025-12-28 08:15:00+00:00,0.41566,0.41567,0.41059,0.41296,69110.282
2025-12-28 08:30:00+00:00,0.41191,0.42297,0.40686,0.42174,64890.19175
2025-12-28 08:45:00+00:00,0.4204,0.42362,0.4164,0.42353,48861.53782
2025-12-28 09:00:00+00:00,0.42421,0.43186,0.42223,0.42867,116477.75524
2025-12-28 09:15:00+00:00,0.43074,0.43171,0.42825,0.43111,117185.99129
2025-12-28 09:30:00+00:00,0.43196,0.4349,0.42607,0.4349,93709.35978
2025-12-28 09:45:00+00:00,0.43408,0.43408,0.42744,0.42854,77599.73597
2025-12-28 10:00:00+00:00,0.4281,0.4281,0.42061,0.424,75488.70602
2025-12-28 10:15:00+00:00,0.42397,0.42677,0.423,0.42454,21932.06236
2025-12-28 10:30:00+00:00,0.42383,0.42415,0.42022,0.4229,50262.6426
2025-12-28 10:45:00+00:00,0.42298,0.42854,0.42151,0.42603,13158.26928
2025-12-28 11:00:00+00:00,0.42562,0.44437,0.42562,0.44192,122767.30249
2025-12-28 11:15:00+00:00,0.44136,0.44136,0.4334,0.44,55546.75051
2025-12-28 11:30:00+00:00,0.43951,0.44,0.43509,0.43996,32105.15171
2025-12-28 11:45:00+00:00,0.43953,0.44,0.43343,0.43399,38517.65931
2025-12-28 12:00:00+00:00,0.4359,0.43769,0.43018,0.43258,29736.6221
2025-12-28 12:15:00+00:00,0.43395,0.4358,0.43295,0.43366,18726.90036
2025-12-28 12:30:00+00:00,0.43679,0.43883,0.43208,0.43208,105089.90037
2025-12-28 12:45:00+00:00,0.4325,0.43378,0.42851,0.43199,14532.25959
2025-12-28 13:00:00+00:00,0.43284,0.4335,0.42904,0.4335,15970.38254
2025-12-28 13:15:00+00:00,0.43332,0.43406,0.43161,0.43223,18951.77819
2025-12-28 13:30:00+00:00,0.43443,0.43802,0.43393,0.43683,10108.43297
2025-12-28 13:45:00+00:00,0.43859,0.43926,0.43552,0.43673,18729.00802
2025-12-28 14:00:00+00:00,0.4375,0.44,0.43649,0.43765,47730.38954
2025-12-28 14:15:00+00:00,0.43892,0.43892,0.43249,0.43502,21293.39392
2025-12-28 14:30:00+00:00,0.43388,0.43593,0.42639,0.43358,26261.46169
2025-12-28 14:45:00+00:00,0.43679,0.43894,0.43483,0.43569,11818.76858
2025-12-28 15:00:00+00:00,0.43894,0.4425,0.43732,0.43988,30645.71821
2025-12-28 15:15:00+00:00,0.44046,0.44117,0.43693,0.43924,53646.15446
2025-12-28 15:30:00+00:00,0.43758,0.43862,0.43392,0.43757,31489.09238
2025-12-28 15:45:00+00:00,0.4379,0.43813,0.43581,0.43767,21876.90372
2025-12-28 16:00:00+00:00,0.43656,0.43907,0.43436,0.4385,17878.07823
2025-12-28 16:15:00+00:00,0.4385,0.43881,0.43473,0.43643,29460.40763
2025-12-28 16:30:00+00:00,0.43555,0.43947,0.43457,0.43703,20156.47059
2025-12-28 16:45:00+00:00,0.43517,0.43668,0.43129,0.43379,29859.66304
2025-12-28 17:00:00+00:00,0.43526,0.43545,0.43016,0.43344,14585.00801
2025-12-28 17:15:00+00:00,0.43149,0.43149,0.42815,0.42822,36133.26303
2025-12-28 17:30:00+00:00,0.42818,0.42818,0.42602,0.42818,37031.00954
2025-12-28 17:45:00+00:00,0.42818,0.4351,0.42818,0.432,19412.82617
2025-12-28 18:00:00+00:00,0.43008,0.43357,0.42972,0.432,22815.48561
2025-12-28 18:15:00+00:00,0.432,0.432,0.42913,0.43091,20915.41494
2025-12-28 18:30:00+00:00,0.42818,0.42871,0.42209,0.42472,89918.11087
2025-12-28 18:45:00+00:00,0.4245,0.4245,0.40914,0.41915,196256.37159
2025-12-28 19:00:00+00:00,0.41873,0.42026,0.41551,0.41838,40039.34021
2025-12-28 19:15:00+00:00,0.41807,0.41933,0.41704,0.4187,10434.50188
2025-12-28 19:30:00+00:00,0.41635,0.41992,0.41488,0.41982,78302.1176
2025-12-28 19:45:00+00:00,0.4209,0.42196,0.418,0.41901,14227.47828
2025-12-28 20:00:00+00:00,0.41684,0.41938,0.41359,0.41911,20110.64082
2025-12-28 20:15:00+00:00,0.42059,0.4252,0.4205,0.42426,53925.40162
2025-12-28 20:30:00+00:00,0.42405,0.42539,0.42282,0.42516,28301.19249
2025-12-28 20:45:00+00:00,0.423,0.42336,0.41767,0.419,33511.44928
2025-12-28 21:00:00+00:00,0.41945,0.42538,0.41943,0.42152,12946.66841
2025-12-28 21:15:00+00:00,0.42242,0.42329,0.4212,0.42197,7894.52478
2025-12-28 21:30:00+00:00,0.42295,0.4239,0.42157,0.42157,3347.36018
2025-12-28 21:45:00+00:00,0.42339,0.42556,0.42339,0.42539,14408.51565
2025-12-28 22:00:00+00:00,0.4257,0.42892,0.4257,0.42696,14975.27841
2025-12-28 22:15:00+00:00,0.42749,0.42749,0.42427,0.42427,907.46182
2025-12-28 22:30:00+00:00,0.42528,0.42821,0.42528,0.42782,11308.00283
2025-12-28 23:00:00+00:00,0.43004,0.43004,0.4221,0.4221,8309.43944
2025-12-28 23:15:00+00:00,0.42573,0.42729,0.42561,0.42561,6796.2639
2025-12-28 23:30:00+00:00,0.42321,0.42416,0.42024,0.42416,19867.29635
2025-12-28 23:45:00+00:00,0.42152,0.4259,0.42151,0.4259,3794.01707
2025-12-29 00:00:00+00:00,0.4259,0.4259,0.42195,0.4236,1836.74927
2025-12-29 00:15:00+00:00,0.4209,0.42143,0.42024,0.42024,1245.23171
2025-12-29 00:30:00+00:00,0.42024,0.42024,0.4186,0.419,16273.46285
2025-12-29 00:45:00+00:00,0.41819,0.41819,0.41671,0.41701,8081.92905
2025-12-29 01:00:00+00:00,0.4175,0.419,0.41,0.41064,83163.12409
2025-12-29 01:15:00+00:00,0.41323,0.41366,0.41042,0.4108,12877.85714
2025-12-29 01:30:00+00:00,0.41139,0.41327,0.41139,0.41327,575.82205
2025-12-29 01:45:00+00:00,0.41003,0.41776,0.40935,0.41776,14948.83394
2025-12-29 02:00:00+00:00,0.419,0.42116,0.41572,0.41876,55172.66864
2025-12-29 02:15:00+00:00,0.4222,0.42236,0.4177,0.4192,5166.50272
2025-12-29 02:30:00+00:00,0.42023,0.42257,0.4177,0.42257,31764.99336
2025-12-29 02:45:00+00:00,0.42302,0.42365,0.41929,0.41929,4347.84129
2025-12-29 03:00:00+00:00,0.418,0.42097,0.41748,0.42024,5926.01544
2025-12-29 03:15:00+00:00,0.4165,0.41815,0.41639,0.41815,2831.77251
2025-12-29 03:30:00+00:00,0.41646,0.41699,0.41405,0.41699,9426.42468
2025-12-29 03:45:00+00:00,0.41598,0.41693,0.41558,0.41693,5316.97299
2025-12-29 04:00:00+00:00,0.41757,0.41778,0.41693,0.41762,3617.85196
2025-12-29 04:15:00+00:00,0.41748,0.41748,0.4163,0.4163,57.34505
2025-12-29 04:30:00+00:00,0.4166,0.4166,0.4135,0.41478,851.37518
2025-12-29 04:45:00+00:00,0.4136,0.4171,0.41359,0.41683,7389.90227
2025-12-29 05:00:00+00:00,0.41646,0.42108,0.41556,0.41898,18786.92207
2025-12-29 05:15:00+00:00,0.42112,0.42564,0.41898,0.42366,31677.91745
2025-12-29 05:30:00+00:00,0.42347,0.42587,0.42153,0.42542,34293.43115
2025-12-29 05:45:00+00:00,0.42553,0.42829,0.42354,0.42829,28310.7113
2025-12-29 06:00:00+00:00,0.42822,0.42908,0.427,0.42743,5156.97137
2025-12-29 06:15:00+00:00,0.42746,0.42773,0.4244,0.42773,13570.27548
2025-12-29 06:30:00+00:00,0.42735,0.43154,0.42735,0.42904,11047.19614
2025-12-29 06:45:00+00:00,0.42655,0.43105,0.42655,0.43016,4067.61023
2025-12-29 07:00:00+00:00,0.4312,0.43313,0.42737,0.42911,14277.21724
2025-12-29 07:15:00+00:00,0.42972,0.43,0.42761,0.42761,9804.51438
2025-12-29 07:30:00+00:00,0.42908,0.4293,0.42307,0.42578,32942.0429
2025-12-29 07:45:00+00:00,0.42537,0.4293,0.42536,0.42888,7906.31693
2025-12-29 08:00:00+00:00,0.43128,0.44035,0.42996,0.43936,24772.80222
2025-12-29 08:15:00+00:00,0.43961,0.43961,0.43313,0.43313,10226.08944
2025-12-29 08:30:00+00:00,0.43226,0.4336,0.42863,0.42966,9523.2034
2025-12-29 08:45:00+00:00,0.429,0.43234,0.42731,0.42801,6080.23916
2025-12-29 09:00:00+00:00,0.42869,0.42915,0.42786,0.42786,6146.93573
2025-12-29 09:15:00+00:00,0.43007,0.43051,0.42724,0.42745,8404.71272
2025-12-29 09:30:00+00:00,0.427,0.427,0.42393,0.4254,4514.59684
2025-12-29 09:45:00+00:00,0.42636,0.43328,0.42636,0.43231,38936.98175
2025-12-29 10:00:00+00:00,0.43468,0.43986,0.43191,0.4353,24085.36118
2025-12-29 10:15:00+00:00,0.4366,0.43942,0.43446,0.4393,10081.41087
2025-12-29 10:30:00+00:00,0.44003,0.44068,0.4389,0.44006,42355.62913
2025-12-29 10:45:00+00:00,0.44006,0.458,0.44006,0.458,187794.35363
2025-12-29 11:00:00+00:00,0.458,0.46709,0.45583,0.46448,102080.50596
2025-12-29 11:15:00+00:00,0.46713,0.47485,0.46459,0.47485,51297.91931
2025-12-29 11:30:00+00:00,0.47307,0.474,0.45954,0.45954,71058.70323
2025-12-29 11:45:00+00:00,0.45992,0.465,0.44811,0.46374,83124.70042
2025-12-29 12:00:00+00:00,0.46197,0.46438,0.45732,0.46378,29550.96686
2025-12-29 12:15:00+00:00,0.46345,0.4672,0.46185,0.46674,12110.90387
2025-12-29 12:30:00+00:00,0.46699,0.46699,0.45867,0.45867,20989.26759
2025-12-29 12:45:00+00:00,0.45654,0.45945,0.45341,0.45945,23554.33502
2025-12-29 13:00:00+00:00,0.45914,0.46005,0.4503,0.45287,44608.67313
2025-12-29 13:15:00+00:00,0.45324,0.45704,0.45286,0.45704,16599.29795
2025-12-29 13:30:00+00:00,0.45565,0.45651,0.45368,0.45506,13896.40861
2025-12-29 13:45:00+00:00,0.45429,0.46,0.45429,0.45534,18915.94354
2025-12-29 14:00:00+00:00,0.45758,0.45758,0.44578,0.446,60928.08701
2025-12-29 14:15:00+00:00,0.442,0.4518,0.43717,0.45058,60535.78525
2025-12-29 14:30:00+00:00,0.45126,0.45707,0.44954,0.45668,44437.29445
2025-12-29 14:45:00+00:00,0.45422,0.45576,0.45273,0.45367,24179.79915
2025-12-29 15:00:00+00:00,0.4532,0.45813,0.45232,0.45813,14262.38336
2025-12-29 15:15:00+00:00,0.45996,0.4622,0.45186,0.45294,31844.0232
2025-12-29 15:30:00+00:00,0.45201,0.45655,0.44973,0.4541,21966.90853
2025-12-29 15:45:00+00:00,0.45565,0.45565,0.44909,0.44932,4104.08056
2025-12-29 16:00:00+00:00,0.44979,0.46209,0.44979,0.46209,64236.56341
2025-12-29 16:15:00+00:00,0.4611,0.46292,0.4545,0.4545,35929.39222
2025-12-29 16:30:00+00:00,0.45402,0.45517,0.45195,0.45195,6341.72902
2025-12-29 16:45:00+00:00,0.45251,0.45338,0.44997,0.45123,9827.29265
2025-12-29 17:00:00+00:00,0.45108,0.45353,0.45089,0.45089,12449.8071
2025-12-29 17:15:00+00:00,0.44745,0.45412,0.4458,0.45412,57747.41303
2025-12-29 17:30:00+00:00,0.45422,0.45997,0.45422,0.45997,25785.80203
2025-12-29 17:45:00+00:00,0.45842,0.45968,0.45607,0.4561,2806.8398
2025-12-29 18:00:00+00:00,0.45918,0.45941,0.45354,0.45364,6891.11385
2025-12-29 18:15:00+00:00,0.45403,0.45598,0.45343,0.45557,20820.0176
2025-12-29 18:30:00+00:00,0.45449,0.45449,0.452,0.452,416.00053
2025-12-29 18:45:00+00:00,0.45113,0.45196,0.44918,0.44998,57083.72144
2025-12-29 19:00:00+00:00,0.45077,0.45276,0.44805,0.45155,20500.54169
2025-12-29 19:15:00+00:00,0.45055,0.45088,0.445,0.44617,10349.04044
2025-12-29 19:30:00+00:00,0.44786,0.4481,0.445,0.4481,7270.36017
2025-12-29 19:45:00+00:00,0.4471,0.44771,0.446,0.4465,18404.51254
2025-12-29 20:00:00+00:00,0.44695,0.45017,0.44601,0.44714,3412.65073
2025-12-29 20:15:00+00:00,0.446,0.447,0.446,0.447,22780.67045
2025-12-29 20:30:00+00:00,0.44779,0.4485,0.447,0.44721,10118.54786
2025-12-29 20:45:00+00:00,0.4477,0.45206,0.44746,0.45024,16544.93098
2025-12-29 21:00:00+00:00,0.45162,0.45536,0.45162,0.455,2345.17939
2025-12-29 21:15:00+00:00,0.453,0.45664,0.45278,0.45664,53780.52654
2025-12-29 21:30:00+00:00,0.45671,0.45998,0.45585,0.45724,32834.56506
2025-12-29 21:45:00+00:00,0.45975,0.46202,0.45625,0.4619,34013.20771
2025-12-29 22:00:00+00:00,0.461,0.46442,0.45762,0.46442,15583.22642
2025-12-29 22:15:00+00:00,0.46332,0.46559,0.46015,0.4649,28482.51459
2025-12-29 22:30:00+00:00,0.4656,0.4656,0.45967,0.45967,41417.14753
2025-12-29 22:45:00+00:00,0.46118,0.46326,0.46118,0.4629,9436.59901
2025-12-29 23:00:00+00:00,0.4622,0.4622,0.45848,0.46012,5646.67499
2025-12-29 23:15:00+00:00,0.45978,0.46536,0.45978,0.46531,1454.46354
2025-12-29 23:30:00+00:00,0.46561,0.46812,0.46514,0.46609,4156.46001
2025-12-29 23:45:00+00:00,0.46353,0.4649,0.46189,0.46251,7882.83932
2025-12-30 00:00:00+00:00,0.46382,0.46623,0.46382,0.46553,12340.17902
2025-12-30 00:15:00+00:00,0.4649,0.46745,0.46421,0.46432,3969.29169
2025-12-30 00:30:00+00:00,0.46408,0.46645,0.46386,0.46386,3747.56333
2025-12-30 00:45:00+00:00,0.46501,0.46892,0.46501,0.46538,2479.56559
2025-12-30 01:00:00+00:00,0.46721,0.46961,0.46721,0.46922,15231.1474
2025-12-30 01:15:00+00:00,0.46506,0.46908,0.46506,0.46908,1891.99377
2025-12-30 01:30:00+00:00,0.46961,0.47,0.46514,0.46514,68206.41405
2025-12-30 01:45:00+00:00,0.46606,0.46894,0.46572,0.46807,12563.61614
2025-12-30 02:00:00+00:00,0.46573,0.46573,0.45897,0.45897,9986.02891
2025-12-30 02:15:00+00:00,0.46,0.46324,0.46,0.46324,243.85066
2025-12-30 02:30:00+00:00,0.46485,0.46496,0.45504,0.45504,9503.59518
2025-12-30 02:45:00+00:00,0.45302,0.45378,0.45241,0.45378,2392.50233
2025-12-30 03:00:00+00:00,0.45372,0.45372,0.45257,0.45257,132.7413
2025-12-30 03:15:00+00:00,0.457,0.45975,0.457,0.45975,922.09715
2025-12-30 03:30:00+00:00,0.4583,0.45907,0.4583,0.45907,1385.78855
2025-12-30 03:45:00+00:00,0.45262,0.4527,0.445,0.44907,26231.10139
2025-12-30 04:00:00+00:00,0.44833,0.44833,0.43076,0.43448,51361.81319
2025-12-30 04:15:00+00:00,0.43525,0.43611,0.43165,0.43318,2952.25823
2025-12-30 04:30:00+00:00,0.43256,0.43256,0.42339,0.42735,74577.54824
2025-12-30 04:45:00+00:00,0.4287,0.43077,0.42565,0.4267,18183.13753
2025-12-30 05:00:00+00:00,0.42939,0.43329,0.42792,0.42837,10691.6466
2025-12-30 05:15:00+00:00,0.42865,0.42865,0.4274,0.42743,1944.44592
2025-12-30 05:30:00+00:00,0.42648,0.43813,0.424,0.4373,4965.30992
2025-12-30 05:45:00+00:00,0.43614,0.43695,0.43274,0.43404,35322.09735
2025-12-30 06:00:00+00:00,0.434,0.43668,0.42699,0.42699,39288.48296
2025-12-30 06:15:00+00:00,0.42889,0.43112,0.42807,0.43082,14636.98891
2025-12-30 06:30:00+00:00,0.43055,0.43055,0.42769,0.42873,6808.30673
2025-12-30 06:45:00+00:00,0.42915,0.43056,0.42827,0.43056,5673.40483
2025-12-30 07:00:00+00:00,0.42682,0.43079,0.42682,0.4292,39206.37773
2025-12-30 07:15:00+00:00,0.42704,0.42867,0.42343,0.42867,72081.50849
2025-12-30 07:30:00+00:00,0.42889,0.42904,0.42558,0.42558,29547.03373
2025-12-30 07:45:00+00:00,0.42509,0.42611,0.421,0.42561,27780.13475
2025-12-30 08:00:00+00:00,0.42681,0.42933,0.42559,0.42559,15643.12613
2025-12-30 08:15:00+00:00,0.42826,0.42884,0.42709,0.4282,27523.15248
2025-12-30 08:30:00+00:00,0.42758,0.43055,0.427,0.42991,26640.03869
2025-12-30 08:45:00+00:00,0.42836,0.42864,0.42536,0.42536,14536.36248
2025-12-30 09:00:00+00:00,0.42414,0.4263,0.4235,0.425,14105.22167
2025-12-30 09:15:00+00:00,0.42542,0.4279,0.42542,0.42615,2805.06158
2025-12-30 09:30:00+00:00,0.426,0.42834,0.426,0.42834,12732.26302
2025-12-30 09:45:00+00:00,0.42736,0.42785,0.42134,0.42193,13201.56451
2025-12-30 10:00:00+00:00,0.42171,0.42199,0.41687,0.42055,46859.12264
2025-12-30 10:15:00+00:00,0.42045,0.42584,0.41929,0.42523,22088.46112
2025-12-30 10:30:00+00:00,0.42087,0.42718,0.42087,0.42646,17228.06684
2025-12-30 10:45:00+00:00,0.42558,0.42842,0.42557,0.42842,8900.10307
2025-12-30 11:00:00+00:00,0.42722,0.43159,0.42722,0.43159,26848.70417
2025-12-30 11:15:00+00:00,0.43022,0.43256,0.42873,0.42873,8058.83403
2025-12-30 11:30:00+00:00,0.42826,0.43023,0.42762,0.43005,3899.68511
2025-12-30 11:45:00+00:00,0.43219,0.43313,0.42853,0.42853,8571.24703
2025-12-30 12:00:00+00:00,0.43022,0.43124,0.42811,0.42944,5236.86117
2025-12-30 12:15:00+00:00,0.428,0.42985,0.42601,0.42601,15864.90841
2025-12-30 12:30:00+00:00,0.42599,0.42797,0.41942,0.41942,28922.18476
2025-12-30 12:45:00+00:00,0.42124,0.42207,0.42124,0.42207,56.52999
2025-12-30 13:00:00+00:00,0.41981,0.42082,0.41543,0.41599,17957.20654
2025-12-30 13:15:00+00:00,0.41691,0.41942,0.41562,0.4185,10937.21841
2025-12-30 13:30:00+00:00,0.41868,0.42,0.41737,0.41895,9847.29086
2025-12-30 13:45:00+00:00,0.41949,0.421,0.41568,0.416,17863.49951
2025-12-30 14:00:00+00:00,0.41712,0.421,0.4149,0.41879,13289.48618
2025-12-30 14:15:00+00:00,0.41887,0.41916,0.41413,0.41691,34354.01416
2025-12-30 14:30:00+00:00,0.41662,0.42156,0.41662,0.42128,113840.55846
2025-12-30 14:45:00+00:00,0.41914,0.41914,0.41787,0.41787,5776.0597
2025-12-30 15:00:00+00:00,0.4179,0.4179,0.41605,0.41774,7115.09955
2025-12-30 15:15:00+00:00,0.41764,0.41843,0.41656,0.41726,1465.8913
2025-12-30 15:30:00+00:00,0.41895,0.41929,0.41879,0.41879,2836.21699
2025-12-30 15:45:00+00:00,0.41829,0.41895,0.41737,0.41895,4154.22745
2025-12-30 16:00:00+00:00,0.41722,0.41815,0.415,0.41639,6834.41158
2025-12-30 16:15:00+00:00,0.41638,0.41638,0.40872,0.41167,24087.72114
2025-12-30 16:30:00+00:00,0.41277,0.41822,0.41189,0.41753,26347.52293
2025-12-30 16:45:00+00:00,0.41925,0.43265,0.41925,0.43136,60662.29582
2025-12-30 17:00:00+00:00,0.4332,0.45193,0.43206,0.44849,54112.74973
2025-12-30 17:15:00+00:00,0.44902,0.46635,0.4442,0.45309,219956.88408
2025-12-30 17:30:00+00:00,0.45457,0.4605,0.44795,0.45204,138830.50366
2025-12-30 17:45:00+00:00,0.45271,0.45347,0.44704,0.4528,24915.46197
2025-12-30 18:00:00+00:00,0.4544,0.46193,0.4544,0.46103,27592.08054
2025-12-30 18:15:00+00:00,0.4622,0.46562,0.45949,0.46532,135614.06623
2025-12-30 18:30:00+00:00,0.46516,0.46733,0.44793,0.45132,112798.72609
2025-12-30 18:45:00+00:00,0.45018,0.45034,0.43912,0.44373,91594.02972
2025-12-30 19:00:00+00:00,0.44327,0.45118,0.44327,0.44482,18048.59183
2025-12-30 19:15:00+00:00,0.44713,0.45036,0.44203,0.44894,24866.39646
2025-12-30 19:30:00+00:00,0.44954,0.45107,0.44748,0.44813,3790.68066
2025-12-30 19:45:00+00:00,0.44724,0.44727,0.4446,0.4446,20571.76922
2025-12-30 20:00:00+00:00,0.44612,0.44761,0.44358,0.44761,22241.40936
2025-12-30 20:15:00+00:00,0.4482,0.44933,0.44382,0.44387,12292.28787
2025-12-30 20:30:00+00:00,0.44402,0.44464,0.44143,0.44464,13114.77708
2025-12-30 20:45:00+00:00,0.44472,0.44794,0.44446,0.4463,22350.99647
2025-12-30 21:00:00+00:00,0.44752,0.4508,0.44401,0.44863,5601.58379
2025-12-30 21:15:00+00:00,0.44892,0.45078,0.44732,0.44986,2961.49037
2025-12-30 21:30:00+00:00,0.45216,0.45793,0.45096,0.45096,22677.96377
2025-12-30 21:45:00+00:00,0.45002,0.45107,0.44926,0.45044,2417.68391
2025-12-30 22:00:00+00:00,0.45094,0.45125,0.44249,0.44554,45091.17328
2025-12-30 22:15:00+00:00,0.44591,0.4501,0.44432,0.44887,11834.05785
2025-12-30 22:30:00+00:00,0.44748,0.44872,0.4472,0.44769,3956.99236
2025-12-30 22:45:00+00:00,0.44722,0.44868,0.44722,0.44868,1961.30066
2025-12-30 23:00:00+00:00,0.44797,0.45641,0.44789,0.4554,7798.92853
2025-12-30 23:15:00+00:00,0.45683,0.46133,0.45518,0.45518,7682.456
2025-12-30 23:30:00+00:00,0.45468,0.45499,0.45063,0.45063,1203.04465
2025-12-30 23:45:00+00:00,0.45005,0.45132,0.44938,0.44997,1875.5196
2025-12-31 00:00:00+00:00,0.4471,0.4471,0.44483,0.44617,6058.86359
2025-12-31 00:15:00+00:00,0.44488,0.44715,0.44474,0.44474,3377.36035
2025-12-31 00:30:00+00:00,0.4444,0.45214,0.4444,0.45214,4247.09548
2025-12-31 00:45:00+00:00,0.44774,0.44931,0.44677,0.44907,5480.64194
2025-12-31 01:00:00+00:00,0.44462,0.44581,0.44055,0.44407,10479.71364
2025-12-31 01:15:00+00:00,0.44017,0.44017,0.43741,0.43741,14430.37045
2025-12-31 01:30:00+00:00,0.43851,0.43851,0.43436,0.43618,11693.54724
2025-12-31 01:45:00+00:00,0.43713,0.43713,0.43501,0.43507,5123.82355
2025-12-31 02:00:00+00:00,0.43424,0.43424,0.43154,0.43289,2210.44927
2025-12-31 02:15:00+00:00,0.43262,0.43418,0.43094,0.43094,1118.26305
2025-12-31 02:30:00+00:00,0.43119,0.43228,0.43119,0.43228,104.3673
2025-12-31 02:45:00+00:00,0.43129,0.43129,0.42918,0.42932,1614.33807
2025-12-31 03:00:00+00:00,0.42901,0.43071,0.42901,0.43071,3090.00241
2025-12-31 03:15:00+00:00,0.43072,0.43072,0.43072,0.43072,23.158
2025-12-31 03:30:00+00:00,0.43067,0.4325,0.43067,0.43228,1438.45253
2025-12-31 03:45:00+00:00,0.43125,0.43147,0.42914,0.43077,1022.37368
2025-12-31 04:00:00+00:00,0.43077,0.44436,0.43077,0.44311,9415.35881
2025-12-31 04:15:00+00:00,0.44057,0.44345,0.43822,0.43892,2860.22182
2025-12-31 04:30:00+00:00,0.43697,0.43697,0.43292,0.43293,486.3388
2025-12-31 04:45:00+00:00,0.43021,0.43188,0.429,0.43188,3223.57886
2025-12-31 05:00:00+00:00,0.429,0.42915,0.42641,0.42915,31332.29259
2025-12-31 05:15:00+00:00,0.43112,0.43187,0.42943,0.42943,2821.15794
2025-12-31 05:30:00+00:00,0.42947,0.42947,0.42625,0.42625,929.31689
2025-12-31 05:45:00+00:00,0.42597,0.42692,0.4259,0.42672,1282.44662
2025-12-31 06:00:00+00:00,0.42767,0.43867,0.42767,0.43659,13825.84476
2025-12-31 06:15:00+00:00,0.43685,0.44925,0.43614,0.44744,50424.38878
2025-12-31 06:30:00+00:00,0.44748,0.44748,0.43891,0.43936,39042.01387
2025-12-31 06:45:00+00:00,0.43955,0.44072,0.4368,0.43826,12540.86191
2025-12-31 07:00:00+00:00,0.43923,0.44478,0.43923,0.44478,8999.19474
2025-12-31 07:15:00+00:00,0.44394,0.44404,0.44046,0.44091,4994.94645
2025-12-31 07:30:00+00:00,0.43848,0.43848,0.43392,0.43392,49636.59982
2025-12-31 07:45:00+00:00,0.4355,0.43564,0.43305,0.434,12828.01296
2025-12-31 08:00:00+00:00,0.43537,0.43537,0.43255,0.43291,5078.26809
2025-12-31 08:15:00+00:00,0.4322,0.43661,0.43118,0.4366,26788.80616
2025-12-31 08:30:00+00:00,0.43409,0.43589,0.43409,0.43589,8322.87057
2025-12-31 08:45:00+00:00,0.43388,0.43582,0.43388,0.43582,13200.34176
2025-12-31 09:00:00+00:00,0.43578,0.43578,0.43382,0.43382,2136.51035
2025-12-31 09:15:00+00:00,0.43527,0.43622,0.43527,0.43622,5729.95419
2025-12-31 09:30:00+00:00,0.43658,0.4432,0.43658,0.43805,6605.57582
2025-12-31 09:45:00+00:00,0.44003,0.44003,0.43593,0.43902,39329.06722
2025-12-31 10:00:00+00:00,0.438,0.44231,0.438,0.44094,2488.17327
2025-12-31 10:15:00+00:00,0.44133,0.44236,0.43902,0.43902,1990.5161
2025-12-31 10:30:00+00:00,0.43997,0.44073,0.43931,0.44073,3327.04263
2025-12-31 10:45:00+00:00,0.44038,0.44038,0.43724,0.43725,17262.68277
2025-12-31 11:00:00+00:00,0.44026,0.44081,0.43984,0.44,4607.49916
2025-12-31 11:15:00+00:00,0.43951,0.43951,0.43808,0.43808,412.68435
2025-12-31 11:30:00+00:00,0.43833,0.43873,0.43563,0.43873,11504.36528
2025-12-31 11:45:00+00:00,0.43791,0.43791,0.43645,0.43645,2627.35244
2025-12-31 12:00:00+00:00,0.43656,0.4375,0.43558,0.43699,1182.88909
2025-12-31 12:15:00+00:00,0.43808,0.43808,0.43398,0.43398,3385.66607
2025-12-31 12:30:00+00:00,0.43396,0.43396,0.43002,0.43306,13495.05237
2025-12-31 12:45:00+00:00,0.43086,0.43448,0.43086,0.43126,7798.12702
2025-12-31 13:00:00+00:00,0.43077,0.43254,0.43014,0.4325,4404.40833
2025-12-31 13:15:00+00:00,0.4339,0.43925,0.4339,0.43505,15279.00206
2025-12-31 13:30:00+00:00,0.43538,0.44765,0.43538,0.44429,18988.32294
2025-12-31 13:45:00+00:00,0.44334,0.44449,0.43928,0.44114,21298.0016
2025-12-31 14:00:00+00:00,0.44061,0.44061,0.43665,0.43665,2923.85045
2025-12-31 14:15:00+00:00,0.4352,0.43823,0.43519,0.43823,3635.74998
2025-12-31 14:30:00+00:00,0.4413,0.44414,0.43894,0.44414,7212.84598
2025-12-31 14:45:00+00:00,0.44518,0.45385,0.44475,0.45385,27554.12126
2025-12-31 15:00:00+00:00,0.45069,0.45391,0.4485,0.45391,14185.4631
2025-12-31 15:15:00+00:00,0.45265,0.4577,0.44998,0.4577,10818.02399
2025-12-31 15:30:00+00:00,0.45732,0.45732,0.45195,0.45222,6022.51619
2025-12-31 15:45:00+00:00,0.45015,0.45074,0.44948,0.4503,4500.39435
2025-12-31 16:00:00+00:00,0.45014,0.45134,0.44974,0.45085,10215.54662
2025-12-31 16:15:00+00:00,0.45036,0.45699,0.45036,0.4542,17763.98186
2025-12-31 16:30:00+00:00,0.45343,0.45607,0.44816,0.45411,34683.57292
2025-12-31 16:45:00+00:00,0.4565,0.46782,0.45187,0.46205,182625.84524
2025-12-31 17:00:00+00:00,0.46502,0.4685,0.44819,0.4577,140087.35833
2025-12-31 17:15:00+00:00,0.4591,0.46271,0.45286,0.4611,49017.81426
2025-12-31 17:30:00+00:00,0.46304,0.46397,0.4545,0.45458,32547.5221
2025-12-31 17:45:00+00:00,0.4535,0.45672,0.44986,0.45565,11083.76898
2025-12-31 18:00:00+00:00,0.45355,0.4541,0.45128,0.45241,3532.13703
2025-12-31 18:15:00+00:00,0.45212,0.45571,0.45091,0.45571,6454.10037
2025-12-31 18:30:00+00:00,0.45456,0.45456,0.45306,0.45306,2484.91312
2025-12-31 18:45:00+00:00,0.45649,0.45888,0.45649,0.45654,3749.37205
2025-12-31 19:00:00+00:00,0.45496,0.45645,0.45496,0.45645,826.14302
2025-12-31 19:15:00+00:00,0.45636,0.45962,0.455,0.455,3893.42105
2025-12-31 19:30:00+00:00,0.45594,0.45594,0.45472,0.45527,2307.54574
2025-12-31 19:45:00+00:00,0.45272,0.45272,0.45272,0.45272,11.19654
2025-12-31 20:00:00+00:00,0.45371,0.45683,0.45371,0.45499,5716.28813
2025-12-31 20:15:00+00:00,0.4566,0.4566,0.4518,0.4533,4309.50628
2025-12-31 20:30:00+00:00,0.45455,0.45635,0.4516,0.45635,5660.92776
2025-12-31 20:45:00+00:00,0.45596,0.45717,0.45433,0.45456,3127.33398
2025-12-31 21:00:00+00:00,0.45392,0.4554,0.45275,0.45456,3352.29897
2025-12-31 21:15:00+00:00,0.45804,0.45874,0.4539,0.45604,26012.42511
2025-12-31 21:30:00+00:00,0.45164,0.45251,0.44679,0.44988,24795.77235
2025-12-31 21:45:00+00:00,0.44705,0.44705,0.42678,0.42768,80063.26462
2025-12-31 22:00:00+00:00,0.42896,0.4318,0.42896,0.42906,13339.19747
2025-12-31 22:15:00+00:00,0.42858,0.42913,0.42,0.42506,9107.33531
2025-12-31 22:30:00+00:00,0.42448,0.42448,0.41391,0.41843,53887.44487
2025-12-31 22:45:00+00:00,0.41972,0.41972,0.41133,0.41839,38578.50985
2025-12-31 23:00:00+00:00,0.4167,0.41958,0.4136,0.41833,6319.09773
2025-12-31 23:15:00+00:00,0.41866,0.41953,0.41466,0.41641,29143.19312
2025-12-31 23:30:00+00:00,0.41638,0.41715,0.4155,0.41689,4071.55791
2025-12-31 23:45:00+00:00,0.41845,0.42243,0.41502,0.42243,13015.9723
2026-01-01 00:00:00+00:00,0.41725,0.42566,0.41576,0.42231,14700.25681
2026-01-01 00:15:00+00:00,0.42124,0.42203,0.41568,0.4182,26916.3475
2026-01-01 00:30:00+00:00,0.41868,0.42207,0.41868,0.42087,10371.90167
2026-01-01 00:45:00+00:00,0.42075,0.42077,0.41794,0.41794,2840.92068
2026-01-01 01:00:00+00:00,0.41687,0.42189,0.41687,0.42151,3265.07151
2026-01-01 01:15:00+00:00,0.41947,0.4195,0.41847,0.4195,303.4784
2026-01-01 01:30:00+00:00,0.41612,0.42004,0.41575,0.42004,8521.31712
2026-01-01 01:45:00+00:00,0.41888,0.41888,0.41506,0.41587,3874.40603
2026-01-01 02:00:00+00:00,0.41682,0.41835,0.41448,0.41448,2676.83353
2026-01-01 02:15:00+00:00,0.41588,0.41759,0.41548,0.41637,2942.62532
2026-01-01 02:30:00+00:00,0.41728,0.4179,0.4172,0.4172,670.89382
2026-01-01 02:45:00+00:00,0.41663,0.42223,0.41663,0.42223,56547.43913
2026-01-01 03:00:00+00:00,0.42046,0.42061,0.41933,0.41969,36439.44661
2026-01-01 03:15:00+00:00,0.417,0.41727,0.41516,0.41727,2373.2
2026-01-01 03:30:00+00:00,0.41765,0.41765,0.41761,0.41761,1755.8
2026-01-01 03:45:00+00:00,0.41887,0.42036,0.4186,0.42036,1752.28203
2026-01-01 04:00:00+00:00,0.41939,0.42042,0.41939,0.42,2249.03369
2026-01-01 04:15:00+00:00,0.41873,0.42159,0.41873,0.42159,6319.70137
2026-01-01 05:00:00+00:00,0.41857,0.41857,0.41684,0.41734,2691.32495
2026-01-01 05:15:00+00:00,0.41784,0.41851,0.4159,0.4159,30034.01695
2026-01-01 05:30:00+00:00,0.41683,0.41683,0.41683,0.41683,382.4
2026-01-01 05:45:00+00:00,0.41737,0.41799,0.41516,0.41516,17797.99077
2026-01-01 06:00:00+00:00,0.4151,0.41544,0.41416,0.41503,11288.53927
2026-01-01 06:15:00+00:00,0.41727,0.41727,0.41727,0.41727,379.8
2026-01-01 06:30:00+00:00,0.41956,0.41993,0.41896,0.41947,3051.1
2026-01-01 07:00:00+00:00,0.41748,0.41766,0.41748,0.41766,820.0
2026-01-01 07:15:00+00:00,0.41645,0.41645,0.41645,0.41645,1379.2
2026-01-01 07:30:00+00:00,0.41767,0.41767,0.41622,0.41629,6626.62726
2026-01-01 07:45:00+00:00,0.41688,0.41688,0.41688,0.41688,381.1
2026-01-01 08:00:00+00:00,0.4168,0.41776,0.41541,0.41541,9613.59135
2026-01-01 08:15:00+00:00,0.41686,0.41686,0.41361,0.41479,8393.56779
2026-01-01 08:30:00+00:00,0.41454,0.41753,0.41416,0.41753,17667.14206
2026-01-01 08:45:00+00:00,0.41561,0.41656,0.41561,0.41586,2806.71634
2026-01-01 09:00:00+00:00,0.41562,0.43033,0.41562,0.4283,20513.82875
2026-01-01 09:15:00+00:00,0.42977,0.44417,0.42912,0.44417,17940.58943
2026-01-01 09:30:00+00:00,0.44432,0.44596,0.43551,0.43724,22270.97522
2026-01-01 09:45:00+00:00,0.43783,0.43783,0.42741,0.42961,31882.56721
2026-01-01 10:00:00+00:00,0.42974,0.43146,0.42623,0.43139,11955.13323
2026-01-01 10:15:00+00:00,0.4303,0.43205,0.42724,0.42869,14988.6733
2026-01-01 10:30:00+00:00,0.42766,0.42766,0.42679,0.4275,2045.86433
2026-01-01 10:45:00+00:00,0.42864,0.4333,0.42864,0.4292,7201.77097
2026-01-01 11:00:00+00:00,0.4295,0.43233,0.4295,0.43057,5973.11635
2026-01-01 11:15:00+00:00,0.43227,0.43272,0.4309,0.4309,4733.11406
2026-01-01 11:30:00+00:00,0.43014,0.43214,0.43014,0.43078,3827.67134
2026-01-01 11:45:00+00:00,0.43046,0.43226,0.4289,0.43226,4414.28574
2026-01-01 12:00:00+00:00,0.43106,0.43393,0.43106,0.4337,3980.42173
2026-01-01 12:15:00+00:00,0.43213,0.43308,0.43096,0.43266,40449.95629
2026-01-01 12:30:00+00:00,0.43244,0.43315,0.43011,0.43011,2242.23909
2026-01-01 12:45:00+00:00,0.42736,0.42929,0.42735,0.42784,3968.92722
2026-01-01 13:00:00+00:00,0.42793,0.43604,0.42668,0.43604,17428.59637
2026-01-01 13:15:00+00:00,0.43458,0.43458,0.43044,0.43325,5479.048
2026-01-01 13:30:00+00:00,0.43146,0.43146,0.42992,0.43029,1127.9
2026-01-01 13:45:00+00:00,0.43114,0.4331,0.42833,0.42875,5287.40606
2026-01-01 14:00:00+00:00,0.42642,0.42642,0.42306,0.42306,5400.59215
2026-01-01 14:15:00+00:00,0.42872,0.42984,0.42848,0.42976,6311.83613
2026-01-01 14:30:00+00:00,0.42997,0.42997,0.42789,0.42789,381.9822
2026-01-01 14:45:00+00:00,0.42724,0.42951,0.42724,0.42951,3480.19347
2026-01-01 15:00:00+00:00,0.4328,0.43418,0.43204,0.43264,13176.28816
2026-01-01 15:15:00+00:00,0.43534,0.43839,0.43441,0.43704,6634.17813
2026-01-01 15:30:00+00:00,0.43759,0.43805,0.43669,0.43772,3873.55642
2026-01-01 15:45:00+00:00,0.438,0.44011,0.43516,0.43758,22200.35119
2026-01-01 16:00:00+00:00,0.43741,0.43741,0.43165,0.43573,17341.90863
2026-01-01 16:15:00+00:00,0.43047,0.43047,0.42189,0.4222,6541.99596
2026-01-01 16:30:00+00:00,0.42203,0.42203,0.41756,0.41899,54010.82942
2026-01-01 16:45:00+00:00,0.41771,0.42135,0.41761,0.42124,13211.52685
2026-01-01 17:00:00+00:00,0.42463,0.42627,0.42241,0.42448,19894.29797
2026-01-01 17:15:00+00:00,0.4234,0.42423,0.42337,0.42343,2221.77387
2026-01-01 17:30:00+00:00,0.42653,0.43474,0.42653,0.43474,22961.41637
2026-01-01 17:45:00+00:00,0.43374,0.43668,0.43374,0.43643,6643.86625
2026-01-01 18:00:00+00:00,0.4339,0.43512,0.43154,0.43512,15376.05583
2026-01-01 18:15:00+00:00,0.435,0.435,0.43311,0.43368,6530.49622
2026-01-01 18:30:00+00:00,0.4335,0.43379,0.43155,0.43155,1858.9
2026-01-01 18:45:00+00:00,0.43322,0.43382,0.43304,0.43304,1080.06297
2026-01-01 19:00:00+00:00,0.43397,0.43397,0.43244,0.43268,5009.2184
2026-01-01 19:15:00+00:00,0.43623,0.43976,0.43338,0.43744,12226.67581
2026-01-01 19:30:00+00:00,0.43924,0.4405,0.43827,0.43827,20209.45847
2026-01-01 19:45:00+00:00,0.43782,0.44051,0.43618,0.44051,16321.83253
2026-01-01 20:00:00+00:00,0.44042,0.44042,0.43821,0.43829,9528.22195
2026-01-01 20:15:00+00:00,0.44057,0.44057,0.43805,0.43856,11597.72339
2026-01-01 20:30:00+00:00,0.43877,0.43907,0.43877,0.43907,3161.8449
2026-01-01 20:45:00+00:00,0.43939,0.43939,0.43651,0.43809,19784.6561
2026-01-01 21:00:00+00:00,0.43916,0.44,0.43801,0.44,5391.33732
2026-01-01 21:15:00+00:00,0.44,0.44031,0.43929,0.43947,40833.96486
2026-01-01 21:30:00+00:00,0.43831,0.44135,0.43831,0.43943,2876.74052
2026-01-01 21:45:00+00:00,0.44099,0.443,0.44006,0.44218,17099.5943
2026-01-01 22:00:00+00:00,0.44197,0.44432,0.44146,0.44322,20024.44072
2026-01-01 22:15:00+00:00,0.44336,0.44575,0.4415,0.44575,22539.2076
2026-01-01 22:30:00+00:00,0.44501,0.45301,0.44456,0.45248,14735.32802
2026-01-01 22:45:00+00:00,0.452,0.452,0.44442,0.44442,16639.54936
2026-01-01 23:00:00+00:00,0.44215,0.44409,0.44187,0.44409,2804.42955
2026-01-01 23:15:00+00:00,0.44344,0.44344,0.44344,0.44344,3563.11782
2026-01-01 23:30:00+00:00,0.44339,0.44528,0.43818,0.43979,26200.10078
2026-01-01 23:45:00+00:00,0.44055,0.4429,0.44055,0.4429,1795.71167
2026-01-02 00:00:00+00:00,0.44263,0.44435,0.44193,0.44435,10066.31934
2026-01-02 00:15:00+00:00,0.44448,0.445,0.44335,0.44434,3341.72137
2026-01-02 00:30:00+00:00,0.44434,0.44456,0.44307,0.44307,3802.86808
2026-01-02 00:45:00+00:00,0.44077,0.44077,0.44077,0.44077,45.2617
2026-01-02 01:00:00+00:00,0.4382,0.43858,0.43773,0.43858,2157.67592
2026-01-02 01:15:00+00:00,0.4392,0.4392,0.43485,0.43485,1506.6
2026-01-02 01:30:00+00:00,0.43503,0.43536,0.43366,0.43415,3183.23544
2026-01-02 01:45:00+00:00,0.43573,0.43753,0.43571,0.43753,2025.14138
2026-01-02 02:00:00+00:00,0.4392,0.4392,0.43905,0.43905,373.949
2026-01-02 02:30:00+00:00,0.43799,0.43799,0.43714,0.43714,501.95434
2026-01-02 02:45:00+00:00,0.438,0.438,0.43735,0.43735,723.5
2026-01-02 03:00:00+00:00,0.43856,0.43856,0.4381,0.4381,723.5
2026-01-02 03:30:00+00:00,0.4367,0.4377,0.43475,0.43475,1908.33612
2026-01-02 04:00:00+00:00,0.43661,0.43661,0.43369,0.43369,1507.3
2026-01-02 04:15:00+00:00,0.43245,0.4345,0.43232,0.43307,16022.6
2026-01-02 04:30:00+00:00,0.4354,0.4354,0.43376,0.43376,754.7
2026-01-02 05:00:00+00:00,0.43307,0.43897,0.43307,0.43897,10356.54477
2026-01-02 05:15:00+00:00,0.43813,0.43896,0.43796,0.43796,1182.29941
2026-01-02 05:30:00+00:00,0.43483,0.43483,0.43394,0.43394,729.3
2026-01-02 05:45:00+00:00,0.43375,0.43375,0.43304,0.43304,10736.406
2026-01-02 06:00:00+00:00,0.43288,0.43288,0.43,0.43033,8690.32738
2026-01-02 06:15:00+00:00,0.43168,0.43306,0.43027,0.4304,2485.55719
2026-01-02 06:30:00+00:00,0.43138,0.43739,0.43138,0.43739,24830.56615
2026-01-02 06:45:00+00:00,0.43725,0.43828,0.43657,0.43828,820.49815
2026-01-02 07:00:00+00:00,0.439,0.44173,0.4374,0.44089,10916.90439
2026-01-02 07:15:00+00:00,0.44121,0.445,0.44013,0.44373,7726.53136
2026-01-02 07:30:00+00:00,0.44499,0.44776,0.44137,0.44575,7776.68927
2026-01-02 07:45:00+00:00,0.44627,0.44805,0.44627,0.44695,2005.15403
2026-01-02 08:00:00+00:00,0.44836,0.4485,0.44691,0.44764,12308.85369
2026-01-02 08:15:00+00:00,0.44829,0.44829,0.44507,0.44626,24019.65998
2026-01-02 08:30:00+00:00,0.44515,0.44578,0.44269,0.44349,16482.26084
2026-01-02 08:45:00+00:00,0.44263,0.44605,0.44213,0.44605,7360.10992
2026-01-02 09:00:00+00:00,0.44696,0.44696,0.44428,0.44428,36167.43894
2026-01-02 09:15:00+00:00,0.44352,0.44708,0.44352,0.44708,2418.84894
2026-01-02 09:30:00+00:00,0.4474,0.44975,0.4474,0.449,12105.26223
2026-01-02 09:45:00+00:00,0.44874,0.44888,0.44678,0.44888,12577.20526
2026-01-02 10:00:00+00:00,0.44916,0.44916,0.44708,0.44811,12319.20497
2026-01-02 10:15:00+00:00,0.44916,0.45,0.44701,0.44998,45856.67292
2026-01-02 10:30:00+00:00,0.44873,0.44876,0.44775,0.44775,3179.99021
2026-01-02 10:45:00+00:00,0.44855,0.44855,0.44665,0.44665,1728.30161
2026-01-02 11:00:00+00:00,0.44787,0.4491,0.44783,0.4491,11326.95495
2026-01-02 11:15:00+00:00,0.44783,0.44888,0.44663,0.44752,8483.66603
2026-01-02 11:30:00+00:00,0.44822,0.449,0.44822,0.449,4181.32677
2026-01-02 11:45:00+00:00,0.44537,0.44537,0.44499,0.44499,7780.18697
2026-01-02 12:00:00+00:00,0.44373,0.44767,0.44299,0.44767,9663.95581
2026-01-02 12:15:00+00:00,0.44737,0.44906,0.44737,0.44906,31413.77716
2026-01-02 12:30:00+00:00,0.44895,0.45086,0.43986,0.44141,21147.46588
2026-01-02 12:45:00+00:00,0.44231,0.4451,0.43958,0.44249,18944.49647
2026-01-02 13:00:00+00:00,0.44292,0.44648,0.44219,0.44438,17809.81953
2026-01-02 13:15:00+00:00,0.44829,0.44829,0.4394,0.44061,23198.0682
2026-01-02 13:30:00+00:00,0.44087,0.44123,0.43501,0.43501,16688.7202
2026-01-02 13:45:00+00:00,0.43656,0.43719,0.43656,0.43719,754.0
2026-01-02 14:00:00+00:00,0.43988,0.43988,0.43665,0.43665,659.54263
2026-01-02 14:15:00+00:00,0.435,0.435,0.43222,0.43222,15358.09705
2026-01-02 14:30:00+00:00,0.432,0.43302,0.43072,0.43275,17289.36639
2026-01-02 14:45:00+00:00,0.4322,0.43926,0.4322,0.43907,11809.45857
2026-01-02 15:00:00+00:00,0.4395,0.44806,0.4382,0.44806,15635.76537
2026-01-02 15:15:00+00:00,0.4484,0.44995,0.44583,0.44589,6801.50801
2026-01-02 15:30:00+00:00,0.44439,0.45,0.44285,0.44436,32350.38847
2026-01-02 15:45:00+00:00,0.44361,0.44551,0.43667,0.43941,10050.76603
2026-01-02 16:00:00+00:00,0.4397,0.44549,0.43837,0.44462,5660.30668
2026-01-02 16:15:00+00:00,0.4467,0.44803,0.44498,0.44498,5998.31225
2026-01-02 16:30:00+00:00,0.4442,0.45089,0.4442,0.4505,7257.79651
2026-01-02 16:45:00+00:00,0.44953,0.45054,0.44721,0.44721,7507.44408
2026-01-02 17:00:00+00:00,0.44877,0.44953,0.44564,0.44734,19652.21946
2026-01-02 17:15:00+00:00,0.4475,0.45054,0.4475,0.44903,4862.83641
2026-01-02 17:30:00+00:00,0.44868,0.44921,0.44299,0.44602,23834.03117
2026-01-02 17:45:00+00:00,0.44412,0.44471,0.4434,0.44471,957.27267
2026-01-02 18:00:00+00:00,0.44269,0.44403,0.44269,0.44403,271.42757
2026-01-02 18:15:00+00:00,0.44424,0.44424,0.44302,0.44302,247.35347
2026-01-02 18:45:00+00:00,0.44668,0.44737,0.44352,0.44697,15023.38475
2026-01-02 19:00:00+00:00,0.44722,0.44972,0.44721,0.44972,30002.11685
2026-01-02 19:15:00+00:00,0.44979,0.45115,0.44885,0.45027,9630.68366
2026-01-02 19:30:00+00:00,0.44972,0.45156,0.44781,0.44915,14507.4186
2026-01-02 19:45:00+00:00,0.44872,0.4495,0.44836,0.44855,3886.25206
2026-01-02 20:00:00+00:00,0.44584,0.44845,0.44542,0.44845,8562.44062
2026-01-02 20:15:00+00:00,0.44903,0.44903,0.44734,0.44778,3750.87076
2026-01-02 20:30:00+00:00,0.44756,0.44791,0.44746,0.44746,2004.48681
2026-01-02 20:45:00+00:00,0.44888,0.44934,0.44815,0.44815,2456.33131
2026-01-02 21:00:00+00:00,0.44778,0.44784,0.44582,0.44784,20970.27028
2026-01-02 21:15:00+00:00,0.44849,0.44849,0.44649,0.44671,2859.85741
2026-01-02 21:30:00+00:00,0.44632,0.4468,0.44379,0.44557,6331.52595
2026-01-02 21:45:00+00:00,0.44481,0.44569,0.44342,0.44543,4711.09036
2026-01-02 22:00:00+00:00,0.44721,0.44907,0.44618,0.44624,11041.33071
2026-01-02 22:15:00+00:00,0.44672,0.44837,0.44559,0.44635,6159.78706
2026-01-02 22:30:00+00:00,0.44791,0.45087,0.44791,0.45018,9695.34351
2026-01-02 22:45:00+00:00,0.44997,0.44997,0.44919,0.44919,554.063
2026-01-02 23:00:00+00:00,0.45043,0.45439,0.44997,0.45279,69266.73462
2026-01-02 23:15:00+00:00,0.45194,0.45219,0.44938,0.45079,7598.39264
2026-01-02 23:30:00+00:00,0.44952,0.44996,0.44699,0.44708,7180.38418
2026-01-02 23:45:00+00:00,0.44806,0.44814,0.44499,0.44608,7387.71715
2026-01-03 00:00:00+00:00,0.44457,0.44503,0.439,0.44144,36748.26648
2026-01-03 00:15:00+00:00,0.44317,0.44317,0.44317,0.44317,380.0
2026-01-03 00:30:00+00:00,0.44417,0.44938,0.44417,0.44938,1561.48019
2026-01-03 00:45:00+00:00,0.4486,0.4495,0.4486,0.449,1923.68467
2026-01-03 01:00:00+00:00,0.4494,0.45249,0.44811,0.45109,8645.50281
2026-01-03 01:15:00+00:00,0.45139,0.45234,0.44635,0.44635,3381.95087
2026-01-03 01:30:00+00:00,0.44516,0.44538,0.44513,0.44538,1652.66982
2026-01-03 01:45:00+00:00,0.4429,0.44662,0.4429,0.44662,18033.18469
2026-01-03 02:00:00+00:00,0.44465,0.44465,0.4407,0.4407,8789.95033
2026-01-03 02:15:00+00:00,0.44148,0.4425,0.44115,0.4425,8976.88719
2026-01-03 02:30:00+00:00,0.44413,0.44525,0.44413,0.44525,740.0
2026-01-03 02:45:00+00:00,0.44664,0.4468,0.44664,0.4468,1433.69282
2026-01-03 03:00:00+00:00,0.44865,0.45028,0.44722,0.44896,3442.04382
2026-01-03 03:15:00+00:00,0.44679,0.44755,0.44679,0.44755,714.11
2026-01-03 04:00:00+00:00,0.44812,0.44812,0.44703,0.44703,1040.91893
2026-01-03 04:15:00+00:00,0.4486,0.4486,0.4486,0.4486,45.28981
2026-01-03 04:30:00+00:00,0.45163,0.45163,0.4506,0.4506,8009.8
2026-01-03 04:45:00+00:00,0.44972,0.45043,0.44972,0.44998,1920.16702
2026-01-03 05:00:00+00:00,0.44772,0.44903,0.44772,0.44903,470.5209
2026-01-03 05:15:00+00:00,0.44973,0.45137,0.44973,0.45137,720.0
2026-01-03 05:30:00+00:00,0.45003,0.45003,0.45003,0.45003,227.49992
2026-01-03 05:45:00+00:00,0.45145,0.45145,0.45145,0.45145,243.46716
2026-01-03 06:00:00+00:00,0.45167,0.4525,0.45167,0.4525,2471.22983
2026-01-03 06:15:00+00:00,0.44982,0.44982,0.44651,0.44662,1057.33483
2026-01-03 06:30:00+00:00,0.44719,0.44719,0.44356,0.4444,844.02951
2026-01-03 06:45:00+00:00,0.44252,0.44252,0.441,0.441,1553.75574
2026-01-03 07:00:00+00:00,0.441,0.441,0.4375,0.4387,7255.5302
2026-01-03 07:15:00+00:00,0.43993,0.4419,0.43639,0.438,10882.7378
2026-01-03 07:30:00+00:00,0.43616,0.43616,0.43616,0.43616,45.96937
2026-01-03 07:45:00+00:00,0.43832,0.43832,0.43524,0.43607,6201.02981
2026-01-03 08:00:00+00:00,0.43607,0.43951,0.43607,0.43864,675.43732
2026-01-03 08:15:00+00:00,0.43834,0.43834,0.43607,0.43607,4482.77193
2026-01-03 08:30:00+00:00,0.43607,0.43607,0.432,0.43523,22085.22797
2026-01-03 08:45:00+00:00,0.43466,0.43652,0.43367,0.43526,10639.04005
2026-01-03 09:00:00+00:00,0.43453,0.43576,0.43453,0.43576,1474.92377
2026-01-03 09:15:00+00:00,0.4343,0.43596,0.43385,0.43386,18709.50511
2026-01-03 09:30:00+00:00,0.43497,0.43773,0.4335,0.43773,13146.55924
2026-01-03 09:45:00+00:00,0.43911,0.43911,0.43911,0.43911,45.4328
2026-01-03 10:00:00+00:00,0.43684,0.4384,0.43684,0.4384,435.50638
2026-01-03 10:15:00+00:00,0.43768,0.43768,0.43228,0.43275,6990.18192
2026-01-03 10:30:00+00:00,0.43192,0.4321,0.43,0.43085,3247.38463
2026-01-03 10:45:00+00:00,0.43123,0.43792,0.43122,0.437,7935.74991
2026-01-03 11:00:00+00:00,0.44085,0.44761,0.44085,0.44565,8827.29377
2026-01-03 11:15:00+00:00,0.44585,0.45121,0.44517,0.44848,14073.41093
2026-01-03 11:30:00+00:00,0.4503,0.47147,0.44912,0.46012,129963.81056
2026-01-03 11:45:00+00:00,0.46072,0.46433,0.45244,0.45622,54309.87695
2026-01-03 12:00:00+00:00,0.45574,0.46753,0.45352,0.46592,34559.90011
2026-01-03 12:15:00+00:00,0.46512,0.47221,0.46052,0.46631,55939.28415
2026-01-03 12:30:00+00:00,0.4691,0.475,0.4406,0.4406,58585.97573
2026-01-03 12:45:00+00:00,0.44112,0.45169,0.43831,0.44716,72355.3736
2026-01-03 13:00:00+00:00,0.44783,0.45605,0.44783,0.45164,7979.5612
2026-01-03 13:15:00+00:00,0.45176,0.46159,0.45175,0.46159,8123.70115
2026-01-03 13:30:00+00:00,0.45691,0.46296,0.45103,0.4526,24072.6251
2026-01-03 13:45:00+00:00,0.45241,0.45263,0.44999,0.45,4123.93252
2026-01-03 14:00:00+00:00,0.45,0.4523,0.446,0.44671,23820.07697
2026-01-03 14:15:00+00:00,0.45,0.45405,0.44638,0.45405,5165.92486
2026-01-03 14:30:00+00:00,0.45484,0.45737,0.45415,0.45453,3930.53619
2026-01-03 14:45:00+00:00,0.45625,0.45625,0.45376,0.45376,9941.49507
2026-01-03 15:00:00+00:00,0.4544,0.4544,0.45221,0.45237,17909.46756
2026-01-03 15:15:00+00:00,0.45441,0.45606,0.45228,0.45446,31284.36147
2026-01-03 15:30:00+00:00,0.45394,0.45402,0.45033,0.453,12803.40169
2026-01-03 15:45:00+00:00,0.45457,0.45551,0.45284,0.45284,6167.92256
2026-01-03 16:00:00+00:00,0.45432,0.45647,0.45269,0.45552,15234.1727
2026-01-03 16:15:00+00:00,0.45473,0.45524,0.45221,0.45221,49444.19158
2026-01-03 16:30:00+00:00,0.45237,0.45642,0.45237,0.45642,15482.35707
2026-01-03 16:45:00+00:00,0.45503,0.45503,0.45503,0.45503,262.9
2026-01-03 17:00:00+00:00,0.45765,0.45765,0.45375,0.45493,13421.81822
2026-01-03 17:15:00+00:00,0.45499,0.45639,0.45448,0.45593,3066.41035
2026-01-03 17:30:00+00:00,0.4553,0.45687,0.45274,0.45274,16968.97998
2026-01-03 17:45:00+00:00,0.45572,0.45572,0.45277,0.45277,2356.82508
2026-01-03 18:00:00+00:00,0.45452,0.45452,0.448,0.45132,3713.61181
2026-01-03 18:15:00+00:00,0.45389,0.45418,0.453,0.453,1172.3782
2026-01-03 18:30:00+00:00,0.45459,0.45459,0.45273,0.45273,1258.65874
2026-01-03 18:45:00+00:00,0.45371,0.45371,0.45371,0.45371,975.7
2026-01-03 19:00:00+00:00,0.45503,0.45538,0.45335,0.45335,2199.60483
2026-01-03 19:15:00+00:00,0.45369,0.45865,0.45369,0.456,33341.77716
2026-01-03 19:30:00+00:00,0.45676,0.45678,0.45203,0.45218,4541.17269
2026-01-03 19:45:00+00:00,0.45167,0.45167,0.45005,0.45005,353.58277
2026-01-03 20:00:00+00:00,0.45226,0.45241,0.44882,0.44882,6374.93295
2026-01-03 20:15:00+00:00,0.44878,0.44878,0.44644,0.44787,8950.00277
2026-01-03 20:30:00+00:00,0.45017,0.45191,0.45017,0.45191,26.69688
2026-01-03 20:45:00+00:00,0.45274,0.45274,0.45088,0.45088,701.07313
2026-01-03 21:00:00+00:00,0.44796,0.44796,0.44603,0.44603,6888.07118
2026-01-03 21:15:00+00:00,0.44609,0.45129,0.44062,0.44141,48258.60312
2026-01-03 21:30:00+00:00,0.44183,0.44518,0.44183,0.44518,15520.88187
2026-01-03 21:45:00+00:00,0.44485,0.44903,0.44485,0.44561,8593.21079
2026-01-03 22:00:00+00:00,0.44445,0.44584,0.44164,0.44164,2463.31083
2026-01-03 22:15:00+00:00,0.44037,0.44163,0.4396,0.4396,2935.28317
2026-01-03 22:30:00+00:00,0.43937,0.44191,0.43937,0.44073,1044.70617
2026-01-03 22:45:00+00:00,0.43786,0.43786,0.43786,0.43786,43.43847
2026-01-03 23:00:00+00:00,0.4394,0.44256,0.439,0.44256,1503.22808
2026-01-03 23:15:00+00:00,0.44135,0.44135,0.43778,0.43921,11381.28238
2026-01-03 23:30:00+00:00,0.43774,0.43922,0.43774,0.43892,2723.80106
2026-01-03 23:45:00+00:00,0.43966,0.43966,0.43561,0.43748,3178.01977
2026-01-04 00:00:00+00:00,0.435,0.44662,0.435,0.4411,12814.13972
2026-01-04 00:15:00+00:00,0.44103,0.44264,0.43801,0.43924,3176.47616
2026-01-04 00:30:00+00:00,0.43885,0.43885,0.4364,0.43777,1492.28179
2026-01-04 00:45:00+00:00,0.43866,0.44414,0.43789,0.43789,13755.11215
2026-01-04 01:00:00+00:00,0.43909,0.43988,0.43717,0.43937,4129.4145
2026-01-04 01:15:00+00:00,0.43785,0.43801,0.4366,0.43743,3214.69943
2026-01-04 01:30:00+00:00,0.43721,0.43721,0.43665,0.43665,572.81972
2026-01-04 01:45:00+00:00,0.43801,0.44014,0.43801,0.43843,1846.66423
2026-01-04 02:00:00+00:00,0.43759,0.43938,0.43083,0.43321,9545.33518
2026-01-04 02:15:00+00:00,0.43535,0.43535,0.43253,0.43253,260.45269
2026-01-04 02:30:00+00:00,0.43486,0.43495,0.43486,0.43495,898.78077
2026-01-04 02:45:00+00:00,0.43377,0.43377,0.42359,0.42781,15801.24375
2026-01-04 03:00:00+00:00,0.42724,0.42724,0.42151,0.42151,798.09664
2026-01-04 03:15:00+00:00,0.41842,0.42015,0.41752,0.41752,35400.4561
2026-01-04 03:30:00+00:00,0.41835,0.42275,0.41835,0.421,15668.33057
2026-01-04 03:45:00+00:00,0.42226,0.42226,0.4198,0.4211,9136.18361
2026-01-04 04:00:00+00:00,0.4228,0.42437,0.41978,0.4204,4309.90442
2026-01-04 04:15:00+00:00,0.42,0.42225,0.42,0.42225,14670.86937
2026-01-04 04:30:00+00:00,0.4233,0.42353,0.4233,0.42353,1974.79406
2026-01-04 04:45:00+00:00,0.42433,0.42433,0.42433,0.42433,120.0
2026-01-04 05:00:00+00:00,0.42479,0.42576,0.42463,0.42463,1432.99784
2026-01-04 05:15:00+00:00,0.42816,0.4324,0.42648,0.4312,18120.04674
2026-01-04 05:30:00+00:00,0.42951,0.43145,0.42781,0.42933,1747.70759
2026-01-04 05:45:00+00:00,0.43295,0.43295,0.43231,0.43282,2676.59436
2026-01-04 06:00:00+00:00,0.43224,0.438,0.43224,0.43411,36331.92223
2026-01-04 06:15:00+00:00,0.4341,0.43596,0.4334,0.43596,1386.04488
2026-01-04 06:30:00+00:00,0.434,0.43754,0.43399,0.43754,359.62433
2026-01-04 06:45:00+00:00,0.4375,0.4375,0.43556,0.43653,365.28066
2026-01-04 07:00:00+00:00,0.44104,0.44117,0.43796,0.43796,139.27526
2026-01-04 07:15:00+00:00,0.438,0.44308,0.43783,0.43784,3973.53354
2026-01-04 07:30:00+00:00,0.43697,0.43821,0.43697,0.43821,507.56927
2026-01-04 07:45:00+00:00,0.44115,0.44116,0.44024,0.441,722.08149
2026-01-04 08:00:00+00:00,0.43984,0.44499,0.43984,0.44302,533.49892
2026-01-04 08:15:00+00:00,0.44356,0.44356,0.4426,0.4426,1809.01231
2026-01-04 08:30:00+00:00,0.44253,0.44749,0.44253,0.44749,491.57133
2026-01-04 08:45:00+00:00,0.44749,0.44749,0.44184,0.44229,20249.70306
2026-01-04 09:00:00+00:00,0.44303,0.445,0.44187,0.44447,21879.52139
2026-01-04 09:15:00+00:00,0.44326,0.445,0.44145,0.44145,15008.47989
2026-01-04 09:30:00+00:00,0.44183,0.44276,0.44162,0.44276,1223.91167
2026-01-04 09:45:00+00:00,0.44194,0.44299,0.4382,0.44,37598.5262
2026-01-04 10:00:00+00:00,0.43973,0.43973,0.43323,0.43354,22206.15537
2026-01-04 10:15:00+00:00,0.4336,0.4365,0.4336,0.4365,3382.26141
2026-01-04 10:30:00+00:00,0.43667,0.43801,0.43666,0.43801,4556.77501
2026-01-04 10:45:00+00:00,0.43809,0.43813,0.43565,0.436,14897.42767
2026-01-04 11:00:00+00:00,0.43711,0.43711,0.43711,0.43711,91.28136
2026-01-04 11:15:00+00:00,0.43836,0.43978,0.43778,0.43958,3384.51865
2026-01-04 11:30:00+00:00,0.44005,0.4416,0.43943,0.4405,1838.38645
2026-01-04 11:45:00+00:00,0.44001,0.44122,0.43933,0.44122,1497.95757
2026-01-04 12:00:00+00:00,0.44169,0.44169,0.43671,0.43784,8760.73126
2026-01-04 12:15:00+00:00,0.43785,0.43785,0.42853,0.42955,2517.79146
2026-01-04 12:30:00+00:00,0.42955,0.43252,0.42955,0.43161,6998.06188
2026-01-04 12:45:00+00:00,0.43129,0.43129,0.42698,0.42698,21365.43805
2026-01-04 13:00:00+00:00,0.42632,0.42839,0.42611,0.42815,1499.36935
2026-01-04 13:15:00+00:00,0.42668,0.42668,0.42602,0.42602,2008.81972
2026-01-04 13:30:00+00:00,0.42573,0.43167,0.42573,0.43123,14225.7211
2026-01-04 13:45:00+00:00,0.43227,0.43272,0.43064,0.43272,1871.82419
2026-01-04 14:00:00+00:00,0.43321,0.44,0.43321,0.44,13648.04451
2026-01-04 14:15:00+00:00,0.43956,0.44062,0.43763,0.43977,18925.0218
2026-01-04 14:30:00+00:00,0.43822,0.43862,0.43733,0.43862,2292.49272
2026-01-04 14:45:00+00:00,0.43815,0.43939,0.43119,0.43309,41170.57756
2026-01-04 15:00:00+00:00,0.43201,0.43201,0.42814,0.42824,31493.35158
2026-01-04 15:15:00+00:00,0.42784,0.42987,0.42654,0.42935,15153.1016
2026-01-04 15:30:00+00:00,0.431,0.43317,0.431,0.43271,8145.00244
2026-01-04 15:45:00+00:00,0.43097,0.43097,0.42743,0.42921,30170.31164
2026-01-04 16:00:00+00:00,0.4294,0.42987,0.42622,0.42622,35884.69224
2026-01-04 16:15:00+00:00,0.42692,0.42888,0.425,0.42888,15305.1553
2026-01-04 16:30:00+00:00,0.42675,0.42687,0.42368,0.42368,21365.70941
2026-01-04 16:45:00+00:00,0.42336,0.42508,0.42199,0.42321,13876.09554
2026-01-04 17:00:00+00:00,0.42315,0.42729,0.42315,0.42614,8163.33875
2026-01-04 17:15:00+00:00,0.42513,0.42547,0.42417,0.42417,2185.50607
2026-01-04 17:30:00+00:00,0.4258,0.4258,0.42232,0.42283,4743.4752
2026-01-04 17:45:00+00:00,0.42465,0.42465,0.421,0.42158,10253.98621
2026-01-04 18:00:00+00:00,0.42257,0.42257,0.41839,0.42205,38618.64357
2026-01-04 18:15:00+00:00,0.4217,0.42194,0.41901,0.42194,2330.67635
2026-01-04 18:30:00+00:00,0.42025,0.42107,0.413,0.41439,45245.27903
2026-01-04 18:45:00+00:00,0.414,0.41615,0.40088,0.40229,130172.37627
2026-01-04 19:00:00+00:00,0.40142,0.40229,0.38548,0.38649,100726.78363
2026-01-04 19:15:00+00:00,0.38625,0.39554,0.38532,0.39554,37674.33561
2026-01-04 19:30:00+00:00,0.39758,0.41029,0.39758,0.4045,68666.59551
2026-01-04 19:45:00+00:00,0.40364,0.41043,0.39769,0.39949,55244.61308
2026-01-04 20:00:00+00:00,0.39857,0.40208,0.39857,0.40208,6818.53644
2026-01-04 20:15:00+00:00,0.40124,0.4067,0.3998,0.40521,17929.30899
2026-01-04 20:30:00+00:00,0.40398,0.40628,0.40377,0.40628,10476.0049
2026-01-04 20:45:00+00:00,0.40529,0.41,0.405,0.40667,26677.23914
2026-01-04 21:00:00+00:00,0.40649,0.40679,0.4043,0.4043,3543.98877
2026-01-04 21:15:00+00:00,0.40339,0.4049,0.39911,0.40241,81333.39904
2026-01-04 21:30:00+00:00,0.40127,0.40229,0.40127,0.40177,3555.86936
2026-01-04 21:45:00+00:00,0.40065,0.40245,0.39869,0.39959,5095.20034
2026-01-04 22:00:00+00:00,0.39779,0.40305,0.39779,0.40088,2560.54778
2026-01-04 22:15:00+00:00,0.40032,0.40145,0.39339,0.3959,33464.33061
2026-01-04 22:30:00+00:00,0.39762,0.39987,0.39609,0.39987,4981.50902
2026-01-04 22:45:00+00:00,0.39781,0.3979,0.39265,0.39265,1745.40809
2026-01-04 23:00:00+00:00,0.39296,0.39296,0.38353,0.38358,10006.13563
2026-01-04 23:15:00+00:00,0.38355,0.38529,0.37793,0.38404,22529.96183
2026-01-04 23:30:00+00:00,0.38541,0.38541,0.3825,0.3825,6046.94131
2026-01-04 23:45:00+00:00,0.38176,0.38344,0.37967,0.38232,6581.03483
2026-01-05 00:00:00+00:00,0.3855,0.38687,0.38225,0.38225,2158.39315
2026-01-05 00:15:00+00:00,0.38044,0.38044,0.3729,0.37349,22807.82054
2026-01-05 00:30:00+00:00,0.37318,0.3741,0.37251,0.37297,19347.10481
2026-01-05 00:45:00+00:00,0.3741,0.37732,0.3741,0.37686,4859.08737
2026-01-05 01:00:00+00:00,0.37687,0.37958,0.37607,0.37887,15282.04612
2026-01-05 01:15:00+00:00,0.38085,0.38226,0.37852,0.37852,4578.18836
2026-01-05 01:30:00+00:00,0.37854,0.37866,0.3705,0.3705,24334.88731
2026-01-05 01:45:00+00:00,0.37036,0.37736,0.36992,0.37494,31550.91179
2026-01-05 02:00:00+00:00,0.37521,0.37736,0.36929,0.36929,3714.27118
2026-01-05 02:15:00+00:00,0.36899,0.36988,0.3645,0.36728,22333.19232
2026-01-05 02:30:00+00:00,0.36815,0.37152,0.36815,0.3694,6280.31262
2026-01-05 02:45:00+00:00,0.3677,0.36849,0.36572,0.36572,6570.48338
2026-01-05 03:00:00+00:00,0.36505,0.3664,0.36257,0.36257,7089.12231
2026-01-05 03:15:00+00:00,0.36358,0.36501,0.36309,0.36399,17157.48419
2026-01-05 03:30:00+00:00,0.36275,0.36471,0.36066,0.36066,17268.24127
2026-01-05 03:45:00+00:00,0.36242,0.36242,0.35952,0.35952,21947.90437
2026-01-05 04:00:00+00:00,0.36033,0.36033,0.35688,0.35688,6110.83717
2026-01-05 04:15:00+00:00,0.35631,0.35845,0.35543,0.35543,6111.42197
2026-01-05 04:30:00+00:00,0.35883,0.36414,0.35808,0.36288,27896.38208
2026-01-05 04:45:00+00:00,0.36361,0.36483,0.35814,0.36072,7835.06833
2026-01-05 05:00:00+00:00,0.36163,0.3628,0.35948,0.3614,14269.6417
2026-01-05 05:15:00+00:00,0.36217,0.36431,0.35994,0.36034,9303.85676
2026-01-05 05:30:00+00:00,0.36097,0.36153,0.36091,0.36153,527.78554
2026-01-05 05:45:00+00:00,0.3605,0.36567,0.3605,0.36567,4794.62175
2026-01-05 06:00:00+00:00,0.36275,0.36765,0.36223,0.36387,87223.78628
2026-01-05 06:15:00+00:00,0.3622,0.36297,0.35173,0.35173,9360.97504
2026-01-05 06:30:00+00:00,0.35271,0.35282,0.34238,0.34277,47167.74324
2026-01-05 06:45:00+00:00,0.34312,0.35137,0.33551,0.34345,60424.87319
2026-01-05 07:00:00+00:00,0.34276,0.35378,0.34276,0.35108,9602.44446
2026-01-05 07:15:00+00:00,0.35322,0.35997,0.35249,0.35535,26695.28902
2026-01-05 07:30:00+00:00,0.35812,0.36448,0.35403,0.35632,42854.54895
2026-01-05 07:45:00+00:00,0.35493,0.35689,0.3516,0.3516,17585.0317
2026-01-05 08:00:00+00:00,0.35164,0.35285,0.34848,0.34976,39147.31374
2026-01-05 08:15:00+00:00,0.35019,0.35103,0.34336,0.34407,64751.09887
2026-01-05 08:30:00+00:00,0.3449,0.34756,0.3365,0.3365,44621.65641
2026-01-05 08:45:00+00:00,0.33707,0.34132,0.33,0.33001,72817.1068
2026-01-05 09:00:00+00:00,0.33122,0.33268,0.32457,0.32457,101850.91858
2026-01-05 09:15:00+00:00,0.32345,0.34132,0.31983,0.32643,124145.05314
2026-01-05 09:30:00+00:00,0.3259,0.32796,0.32072,0.32684,84073.80801
2026-01-05 09:45:00+00:00,0.325,0.325,0.32096,0.32318,19078.47314
2026-01-05 10:00:00+00:00,0.32255,0.32255,0.315,0.315,100923.42376
2026-01-05 10:15:00+00:00,0.3144,0.31711,0.31043,0.3117,73443.66244
2026-01-05 10:30:00+00:00,0.31098,0.31545,0.30837,0.31399,41051.15028
2026-01-05 10:45:00+00:00,0.3124,0.32035,0.30787,0.31178,92328.18414
2026-01-05 11:00:00+00:00,0.31049,0.3113,0.30445,0.30857,47839.78521
2026-01-05 11:15:00+00:00,0.30915,0.31308,0.30478,0.31056,110706.06594
2026-01-05 11:30:00+00:00,0.31264,0.31858,0.31067,0.31481,70351.9698
2026-01-05 11:45:00+00:00,0.31314,0.35,0.31276,0.34771,199733.53371
2026-01-05 12:00:00+00:00,0.34997,0.3659,0.32,0.32,364935.59501
2026-01-05 12:15:00+00:00,0.32146,0.34499,0.32146,0.32763,206646.28204
2026-01-05 12:30:00+00:00,0.32763,0.3528,0.32763,0.33086,229390.78121
2026-01-05 12:45:00+00:00,0.33086,0.33099,0.32217,0.32999,133920.10211
2026-01-05 13:00:00+00:00,0.32692,0.33781,0.32311,0.33346,41071.71196
2026-01-05 13:15:00+00:00,0.33325,0.33325,0.31583,0.31722,123434.67628
2026-01-05 13:30:00+00:00,0.31847,0.32299,0.31587,0.31943,43915.24059
2026-01-05 13:45:00+00:00,0.31908,0.3254,0.31521,0.31728,106388.89768
2026-01-05 14:00:00+00:00,0.31693,0.319,0.3158,0.31632,51900.8406
2026-01-05 14:15:00+00:00,0.31709,0.32025,0.31606,0.31634,75196.17732
2026-01-05 14:30:00+00:00,0.31827,0.3275,0.31701,0.32551,149782.30171
2026-01-05 14:45:00+00:00,0.3255,0.34299,0.31971,0.32238,157851.40598
2026-01-05 15:00:00+00:00,0.3227,0.33895,0.32191,0.3309,133489.35852
2026-01-05 15:15:00+00:00,0.33089,0.33835,0.32914,0.33538,137041.21117
2026-01-05 15:30:00+00:00,0.33614,0.34784,0.33504,0.34126,133137.19229
2026-01-05 15:45:00+00:00,0.34056,0.34056,0.33328,0.33413,64045.65459
2026-01-05 16:00:00+00:00,0.3334,0.33631,0.32743,0.32878,106654.36505
2026-01-05 16:15:00+00:00,0.32678,0.3294,0.32355,0.32355,84006.28878
2026-01-05 16:30:00+00:00,0.3239,0.324,0.31828,0.31878,86707.84022
2026-01-05 16:45:00+00:00,0.31925,0.31957,0.31487,0.31616,111638.92183
2026-01-05 17:00:00+00:00,0.3153,0.31923,0.3051,0.31323,335927.64701
2026-01-05 17:15:00+00:00,0.31266,0.31553,0.31137,0.31419,77411.5864
2026-01-05 17:30:00+00:00,0.31436,0.32065,0.31358,0.31557,123234.80568
2026-01-05 17:45:00+00:00,0.31518,0.33193,0.31458,0.32278,212972.71662
2026-01-05 18:00:00+00:00,0.32386,0.3275,0.32125,0.32312,72202.87844
2026-01-05 18:15:00+00:00,0.32294,0.32312,0.31628,0.31628,41768.71955
2026-01-05 18:30:00+00:00,0.31703,0.32409,0.31603,0.319,41786.50234
2026-01-05 18:45:00+00:00,0.3201,0.3246,0.3198,0.32372,6425.5211
2026-01-05 19:00:00+00:00,0.32353,0.325,0.317,0.31769,137425.95252
2026-01-05 19:15:00+00:00,0.31792,0.32306,0.3167,0.32032,47820.51592
2026-01-05 19:30:00+00:00,0.32168,0.32205,0.31954,0.3205,45076.34335
2026-01-05 19:45:00+00:00,0.31929,0.32011,0.31586,0.32001,53063.32419
2026-01-05 20:00:00+00:00,0.31959,0.32141,0.31671,0.31671,46860.13591
2026-01-05 20:15:00+00:00,0.31805,0.32015,0.31726,0.31726,25836.77177
2026-01-05 20:30:00+00:00,0.31718,0.31726,0.31217,0.31445,384126.13759
2026-01-05 20:45:00+00:00,0.3141,0.31441,0.3117,0.313,38675.06002
2026-01-05 21:00:00+00:00,0.31334,0.3182,0.31267,0.31651,98980.7641
2026-01-05 21:15:00+00:00,0.31651,0.32011,0.31651,0.31664,59761.88895
2026-01-05 21:30:00+00:00,0.31721,0.3213,0.3172,0.3213,19542.96172
2026-01-05 21:45:00+00:00,0.32069,0.32096,0.31722,0.31957,23953.79024
2026-01-05 22:00:00+00:00,0.31918,0.31977,0.31785,0.31959,15594.22897
2026-01-05 22:15:00+00:00,0.31944,0.31944,0.31866,0.31903,2471.10121
2026-01-05 22:30:00+00:00,0.31811,0.31918,0.31665,0.3175,9228.81939
2026-01-05 22:45:00+00:00,0.318,0.3182,0.31595,0.31707,24353.63267
2026-01-05 23:00:00+00:00,0.31625,0.31745,0.314,0.314,6819.46562
2026-01-05 23:15:00+00:00,0.3143,0.31899,0.3143,0.31626,53233.27896
2026-01-05 23:30:00+00:00,0.31702,0.31815,0.31562,0.31811,10208.44602
2026-01-05 23:45:00+00:00,0.3173,0.31965,0.31234,0.31663,65107.18204
2026-01-06 00:00:00+00:00,0.3164,0.31781,0.3133,0.31398,7848.46609
2026-01-06 00:15:00+00:00,0.3148,0.31921,0.3148,0.31629,21736.39466
2026-01-06 00:30:00+00:00,0.3149,0.3149,0.31314,0.31314,2119.69247
2026-01-06 00:45:00+00:00,0.31234,0.31399,0.31234,0.31399,909.65917
2026-01-06 01:00:00+00:00,0.31789,0.31938,0.31639,0.31938,3333.67386
2026-01-06 01:15:00+00:00,0.31762,0.31816,0.3166,0.31736,3281.41211
2026-01-06 01:30:00+00:00,0.31699,0.31699,0.31627,0.31627,572.3831
2026-01-06 01:45:00+00:00,0.31466,0.31549,0.3125,0.3125,3646.66218
2026-01-06 02:00:00+00:00,0.31319,0.31443,0.31319,0.31337,6675.50004
2026-01-06 02:15:00+00:00,0.31538,0.31559,0.31538,0.31559,2508.22317
2026-01-06 03:00:00+00:00,0.316,0.316,0.31379,0.31379,3895.96514
2026-01-06 03:15:00+00:00,0.3155,0.316,0.31529,0.31529,2176.99701
2026-01-06 03:30:00+00:00,0.3149,0.31616,0.3149,0.31551,1570.66723
2026-01-06 03:45:00+00:00,0.31474,0.31474,0.31474,0.31474,160.0
2026-01-06 04:00:00+00:00,0.31561,0.31758,0.31561,0.31758,2717.01979
2026-01-06 04:15:00+00:00,0.31567,0.31567,0.31468,0.31482,1788.9143
2026-01-06 04:30:00+00:00,0.3125,0.3125,0.309,0.31,47652.78306
2026-01-06 04:45:00+00:00,0.31,0.31025,0.30928,0.30928,1319.09083
2026-01-06 05:00:00+00:00,0.30855,0.30959,0.30816,0.30816,50803.16878
2026-01-06 05:15:00+00:00,0.30923,0.31102,0.30876,0.3096,29903.70894
2026-01-06 05:30:00+00:00,0.30954,0.31102,0.30672,0.30745,65377.6605
2026-01-06 05:45:00+00:00,0.30713,0.31155,0.30713,0.31155,23187.37555
2026-01-06 06:00:00+00:00,0.31146,0.31146,0.30957,0.31061,21582.34576
2026-01-06 06:15:00+00:00,0.31064,0.31611,0.31034,0.314,61602.09363
2026-01-06 06:30:00+00:00,0.31449,0.31558,0.3134,0.31416,2786.12774
2026-01-06 06:45:00+00:00,0.31267,0.31435,0.31,0.31148,8201.39632
2026-01-06 07:00:00+00:00,0.31,0.31228,0.3095,0.31228,43526.28938
2026-01-06 07:15:00+00:00,0.3121,0.3121,0.3095,0.30988,18597.6431
2026-01-06 07:30:00+00:00,0.309,0.30912,0.30609,0.3068,54013.54702
2026-01-06 07:45:00+00:00,0.30643,0.30678,0.305,0.30513,35368.75319
2026-01-06 08:00:00+00:00,0.30776,0.31033,0.30579,0.30579,36106.86174
2026-01-06 08:15:00+00:00,0.30627,0.30732,0.30426,0.30495,47409.14509
2026-01-06 08:30:00+00:00,0.30437,0.30913,0.30425,0.30539,99492.3645
2026-01-06 08:45:00+00:00,0.30464,0.30602,0.30303,0.30303,10302.66163
2026-01-06 09:00:00+00:00,0.30495,0.30589,0.3045,0.305,5587.73986
2026-01-06 09:15:00+00:00,0.30588,0.30722,0.30483,0.30592,15384.78478
2026-01-06 09:30:00+00:00,0.30714,0.31066,0.30714,0.30885,22939.55264
2026-01-06 09:45:00+00:00,0.30879,0.30934,0.3079,0.30934,24850.95923
2026-01-06 10:00:00+00:00,0.31092,0.31565,0.31024,0.31122,41506.22665
2026-01-06 10:15:00+00:00,0.31068,0.31379,0.30914,0.31379,12104.0056
2026-01-06 10:30:00+00:00,0.315,0.31606,0.31239,0.31525,6564.69164
2026-01-06 10:45:00+00:00,0.31504,0.32349,0.31503,0.32289,124343.54844
2026-01-06 11:00:00+00:00,0.32432,0.33233,0.32395,0.32997,122764.77611
2026-01-06 11:15:00+00:00,0.3324,0.33745,0.33142,0.33662,213461.4042
2026-01-06 11:30:00+00:00,0.33776,0.33974,0.32171,0.32712,167248.8779
2026-01-06 11:45:00+00:00,0.32899,0.32911,0.32082,0.32082,88083.05298
2026-01-06 12:00:00+00:00,0.32155,0.32186,0.31743,0.31959,110747.6386
2026-01-06 12:15:00+00:00,0.31949,0.31952,0.31549,0.31649,47877.17542
2026-01-06 12:30:00+00:00,0.31646,0.31646,0.30825,0.30925,183559.84935
2026-01-06 12:45:00+00:00,0.31066,0.31123,0.30811,0.30902,114711.68832
2026-01-06 13:00:00+00:00,0.31072,0.31072,0.30533,0.30937,33335.32334
2026-01-06 13:15:00+00:00,0.31,0.31369,0.30866,0.31282,13731.71176
2026-01-06 13:30:00+00:00,0.31321,0.31398,0.31049,0.31398,6882.68964
2026-01-06 13:45:00+00:00,0.3123,0.32137,0.31146,0.31276,134408.00738
2026-01-06 14:00:00+00:00,0.3137,0.31514,0.3112,0.31246,22313.54564
2026-01-06 14:15:00+00:00,0.31339,0.31353,0.31001,0.31197,41059.40914
2026-01-06 14:30:00+00:00,0.31212,0.31212,0.30677,0.30767,15112.37506
2026-01-06 14:45:00+00:00,0.30665,0.30886,0.30436,0.3066,76936.97669
2026-01-06 15:00:00+00:00,0.30688,0.30959,0.30629,0.30649,23061.94611
2026-01-06 15:15:00+00:00,0.30699,0.31084,0.30685,0.31084,23288.61546
2026-01-06 15:30:00+00:00,0.30946,0.3123,0.30813,0.31006,19733.23007
2026-01-06 15:45:00+00:00,0.30901,0.31167,0.307,0.307,26322.89023
2026-01-06 16:00:00+00:00,0.30715,0.30923,0.30611,0.30919,18440.12794
2026-01-06 16:15:00+00:00,0.30987,0.31095,0.30736,0.30736,3874.08867
2026-01-06 16:30:00+00:00,0.30782,0.31219,0.30748,0.30748,12487.60969
2026-01-06 16:45:00+00:00,0.30892,0.31999,0.30892,0.31901,184628.40396
2026-01-06 17:00:00+00:00,0.31749,0.32045,0.31345,0.316,83239.09234
2026-01-06 17:15:00+00:00,0.31646,0.31808,0.31299,0.31484,66373.68131
2026-01-06 17:30:00+00:00,0.31365,0.31599,0.31133,0.31279,24265.26285
2026-01-06 17:45:00+00:00,0.31278,0.31382,0.31,0.3133,39071.54852
2026-01-06 18:00:00+00:00,0.31468,0.31985,0.31468,0.3158,38826.52825
2026-01-06 18:15:00+00:00,0.31731,0.31985,0.31373,0.31373,24830.72637
2026-01-06 18:30:00+00:00,0.31374,0.31934,0.31374,0.31916,6484.81375
2026-01-06 18:45:00+00:00,0.31905,0.32485,0.31853,0.31965,82982.58022
2026-01-06 19:00:00+00:00,0.32001,0.32002,0.31816,0.31855,14039.84893
2026-01-06 19:15:00+00:00,0.31953,0.32318,0.31953,0.32318,5501.1398
2026-01-06 19:30:00+00:00,0.32339,0.329,0.32339,0.32434,50242.05276
2026-01-06 19:45:00+00:00,0.32432,0.32757,0.32432,0.32492,27855.528
2026-01-06 20:00:00+00:00,0.32432,0.32563,0.32288,0.32547,30991.31885
2026-01-06 20:15:00+00:00,0.32606,0.32616,0.32369,0.32369,18184.86919
2026-01-06 20:30:00+00:00,0.32374,0.32374,0.32019,0.32019,41093.13452
2026-01-06 20:45:00+00:00,0.32199,0.32367,0.32059,0.322,58591.6435
2026-01-06 21:00:00+00:00,0.32147,0.32283,0.31975,0.32191,43437.54135
2026-01-06 21:15:00+00:00,0.32299,0.324,0.32161,0.32253,17598.21794
2026-01-06 21:30:00+00:00,0.32374,0.32419,0.32206,0.32419,20898.79872
2026-01-06 21:45:00+00:00,0.324,0.325,0.32338,0.3245,19787.03504
2026-01-06 22:00:00+00:00,0.3245,0.32504,0.32288,0.32402,37453.76071
2026-01-06 22:15:00+00:00,0.32416,0.325,0.32298,0.32416,17479.73713
2026-01-06 22:30:00+00:00,0.32229,0.32334,0.32031,0.32031,3337.32652
2026-01-06 22:45:00+00:00,0.3203,0.325,0.32013,0.325,15098.01601
2026-01-06 23:00:00+00:00,0.32499,0.32499,0.31901,0.31928,34036.07287
2026-01-06 23:15:00+00:00,0.31891,0.32054,0.31805,0.31884,1351.56334
2026-01-06 23:30:00+00:00,0.31869,0.31924,0.318,0.31834,12743.23434
2026-01-06 23:45:00+00:00,0.31973,0.31973,0.31973,0.31973,93.57895
2026-01-07 00:00:00+00:00,0.32088,0.32088,0.31758,0.31758,2981.97013
2026-01-07 00:15:00+00:00,0.31756,0.31863,0.31756,0.31863,11683.65864
2026-01-07 00:30:00+00:00,0.31952,0.31956,0.3183,0.3183,3184.70836
2026-01-07 00:45:00+00:00,0.3183,0.31851,0.31752,0.31851,17414.0736
2026-01-07 01:00:00+00:00,0.31695,0.31701,0.3138,0.31475,736.17501
2026-01-07 01:15:00+00:00,0.31346,0.31363,0.31346,0.31363,540.01685
2026-01-07 01:30:00+00:00,0.31221,0.31438,0.31221,0.31438,883.37832
2026-01-07 01:45:00+00:00,0.31461,0.31525,0.31461,0.31525,1280.65621
2026-01-07 02:00:00+00:00,0.31815,0.31833,0.31752,0.31833,1832.7252
2026-01-07 02:15:00+00:00,0.31774,0.31774,0.31774,0.31774,337.7919
2026-01-07 02:30:00+00:00,0.32299,0.32539,0.32016,0.32016,51503.94234
2026-01-07 02:45:00+00:00,0.31941,0.31994,0.31595,0.31595,12392.74302
2026-01-07 03:00:00+00:00,0.31786,0.31786,0.31681,0.31717,5382.73451
2026-01-07 03:15:00+00:00,0.31515,0.31515,0.31512,0.31513,2768.26198
2026-01-07 03:30:00+00:00,0.31514,0.31514,0.31514,0.31514,506.1
2026-01-07 03:45:00+00:00,0.31413,0.31518,0.31413,0.31518,1190.29962
2026-01-07 04:00:00+00:00,0.31332,0.31332,0.30856,0.30871,14623.23054
2026-01-07 04:15:00+00:00,0.30842,0.30852,0.30668,0.30668,35210.37368
2026-01-07 04:30:00+00:00,0.30698,0.30727,0.30678,0.30693,3115.86287
2026-01-07 04:45:00+00:00,0.30714,0.30912,0.30714,0.30912,60391.28568
2026-01-07 05:00:00+00:00,0.309,0.309,0.30875,0.30875,6472.82166
2026-01-07 05:15:00+00:00,0.30918,0.30919,0.30918,0.30919,3201.87183
2026-01-07 05:30:00+00:00,0.30937,0.30937,0.30937,0.30937,6051.66724
2026-01-07 05:45:00+00:00,0.3092,0.30981,0.30752,0.30964,4509.2538
2026-01-07 06:00:00+00:00,0.30799,0.3083,0.30754,0.30754,14037.35807
2026-01-07 06:15:00+00:00,0.30848,0.30961,0.30848,0.30961,20489.41581
2026-01-07 06:30:00+00:00,0.30794,0.30845,0.30738,0.3077,24666.40286
2026-01-07 06:45:00+00:00,0.30796,0.30816,0.307,0.30816,33480.69776
2026-01-07 07:00:00+00:00,0.30832,0.30861,0.30824,0.30853,3986.69208
2026-01-07 07:15:00+00:00,0.3084,0.31019,0.3084,0.31019,13044.38361
2026-01-07 07:30:00+00:00,0.31092,0.3117,0.31092,0.3117,738.62632
2026-01-07 07:45:00+00:00,0.31255,0.31255,0.31218,0.31218,3002.64563
2026-01-07 08:00:00+00:00,0.31214,0.31248,0.31191,0.31216,4587.3513
2026-01-07 08:15:00+00:00,0.31214,0.31214,0.31214,0.31214,108.14675
2026-01-07 08:30:00+00:00,0.31271,0.31271,0.31128,0.31258,2986.40689
2026-01-07 08:45:00+00:00,0.31265,0.31308,0.3125,0.3125,2735.43068
2026-01-07 09:00:00+00:00,0.31382,0.3164,0.31382,0.31487,6718.74582
2026-01-07 09:15:00+00:00,0.31566,0.31674,0.31361,0.31447,44125.38472
2026-01-07 09:30:00+00:00,0.31478,0.31594,0.31461,0.31594,30519.05966
2026-01-07 09:45:00+00:00,0.31494,0.3164,0.31479,0.31482,20840.38365
2026-01-07 10:00:00+00:00,0.31378,0.319,0.31368,0.319,14857.87796
2026-01-07 10:15:00+00:00,0.31908,0.32026,0.31699,0.31931,16997.93531
2026-01-07 10:30:00+00:00,0.3197,0.32165,0.31856,0.32165,65847.43496
2026-01-07 10:45:00+00:00,0.32144,0.32198,0.31876,0.31972,36605.6984
2026-01-07 11:00:00+00:00,0.3199,0.3199,0.3155,0.31746,58613.37742
2026-01-07 11:15:00+00:00,0.31741,0.32279,0.31676,0.32279,25020.85929
2026-01-07 11:30:00+00:00,0.32279,0.32462,0.32198,0.32246,32043.37962
2026-01-07 11:45:00+00:00,0.322,0.32218,0.32022,0.32071,5629.099
2026-01-07 12:00:00+00:00,0.32,0.32148,0.31932,0.32008,9629.96507
2026-01-07 12:15:00+00:00,0.31966,0.32113,0.31958,0.32113,1033.97063
2026-01-07 12:30:00+00:00,0.31958,0.31965,0.31759,0.31965,4433.15114
2026-01-07 12:45:00+00:00,0.321,0.32336,0.321,0.32203,26994.00531
2026-01-07 13:00:00+00:00,0.32404,0.329,0.32267,0.3264,89823.62891
2026-01-07 13:15:00+00:00,0.32543,0.32957,0.32011,0.32443,64807.32012
2026-01-07 13:30:00+00:00,0.32593,0.3296,0.32545,0.3289,23323.16504
2026-01-07 13:45:00+00:00,0.32968,0.33087,0.32725,0.32995,72202.53345
2026-01-07 14:00:00+00:00,0.33023,0.3383,0.32914,0.338,201349.27181
2026-01-07 14:15:00+00:00,0.33817,0.3458,0.33406,0.33636,205693.86262
2026-01-07 14:30:00+00:00,0.3368,0.345,0.33677,0.33887,161525.72406
2026-01-07 14:45:00+00:00,0.33719,0.3415,0.3362,0.33807,97892.50266
2026-01-07 15:00:00+00:00,0.33844,0.341,0.32784,0.33257,133082.58144
2026-01-07 15:15:00+00:00,0.33161,0.33895,0.3292,0.3292,104705.525
2026-01-07 15:30:00+00:00,0.32934,0.334,0.32596,0.333,124577.97832
2026-01-07 15:45:00+00:00,0.3341,0.339,0.3341,0.33813,46146.01636
2026-01-07 16:00:00+00:00,0.33707,0.34013,0.33367,0.34013,36866.90607
2026-01-07 16:15:00+00:00,0.34134,0.3414,0.33594,0.33934,74737.29623
2026-01-07 16:30:00+00:00,0.33951,0.3415,0.33857,0.3415,43282.40723
2026-01-07 16:45:00+00:00,0.34127,0.34229,0.33861,0.34071,115254.91539
2026-01-07 17:00:00+00:00,0.34194,0.35005,0.34087,0.3453,80939.95252
2026-01-07 17:15:00+00:00,0.34556,0.35454,0.34389,0.35186,115128.72162
2026-01-07 17:30:00+00:00,0.35282,0.353,0.34661,0.35167,67825.49485
2026-01-07 17:45:00+00:00,0.35043,0.35044,0.34337,0.34618,58565.53513
2026-01-07 18:00:00+00:00,0.34786,0.34786,0.34099,0.34603,93979.62363
2026-01-07 18:15:00+00:00,0.34573,0.354,0.34573,0.35036,58534.53525
2026-01-07 18:30:00+00:00,0.34956,0.37115,0.34956,0.36,299941.98957
2026-01-07 18:45:00+00:00,0.36102,0.372,0.35509,0.3674,154324.12851
2026-01-07 19:00:00+00:00,0.36907,0.372,0.35826,0.36128,185517.02671
2026-01-07 19:15:00+00:00,0.36115,0.36136,0.34978,0.35575,203384.83577
2026-01-07 19:30:00+00:00,0.35785,0.36644,0.35362,0.36403,84402.22215
2026-01-07 19:45:00+00:00,0.36183,0.38,0.36183,0.367,356044.97345
2026-01-07 20:00:00+00:00,0.36564,0.37727,0.35994,0.37339,89591.21448
2026-01-07 20:15:00+00:00,0.37377,0.37727,0.36176,0.3739,320453.10948
2026-01-07 20:30:00+00:00,0.37618,0.37686,0.36975,0.37344,69361.09247
2026-01-07 20:45:00+00:00,0.37393,0.37599,0.3699,0.37235,74817.92489
2026-01-07 21:00:00+00:00,0.37077,0.376,0.36786,0.37236,116873.5638
2026-01-07 21:15:00+00:00,0.37235,0.37365,0.36254,0.36342,75288.91935
2026-01-07 21:30:00+00:00,0.36573,0.36573,0.34506,0.34653,209647.9718
2026-01-07 21:45:00+00:00,0.34681,0.35243,0.345,0.35243,147615.92467
2026-01-07 22:00:00+00:00,0.35212,0.35668,0.35064,0.3515,120152.604
2026-01-07 22:15:00+00:00,0.3515,0.35267,0.34782,0.3516,46483.02974
2026-01-07 22:30:00+00:00,0.3494,0.3494,0.33395,0.345,95533.26817
2026-01-07 22:45:00+00:00,0.34565,0.34965,0.34149,0.34876,56494.81451
2026-01-07 23:00:00+00:00,0.34921,0.3497,0.34733,0.34733,7034.68174
2026-01-07 23:15:00+00:00,0.34742,0.34753,0.34213,0.34213,16330.6793
2026-01-07 23:30:00+00:00,0.34257,0.34273,0.33882,0.3402,35753.50544
2026-01-07 23:45:00+00:00,0.34071,0.34071,0.33784,0.33784,28964.55303
2026-01-08 00:00:00+00:00,0.33827,0.33933,0.33586,0.33885,25971.79648
2026-01-08 00:15:00+00:00,0.33935,0.3394,0.33104,0.33148,131507.67774
2026-01-08 00:30:00+00:00,0.33065,0.33065,0.32633,0.32861,24472.43827
2026-01-08 00:45:00+00:00,0.32749,0.32765,0.3259,0.32634,28573.7123
2026-01-08 01:00:00+00:00,0.33091,0.33225,0.32696,0.33126,21995.97969
2026-01-08 01:15:00+00:00,0.32976,0.33053,0.32775,0.3299,20381.11061
2026-01-08 01:30:00+00:00,0.33185,0.3348,0.33185,0.3348,13844.67809
2026-01-08 01:45:00+00:00,0.33416,0.33763,0.33357,0.33763,5444.61688
2026-01-08 02:00:00+00:00,0.33588,0.33972,0.33588,0.33758,13621.88053
2026-01-08 02:15:00+00:00,0.33648,0.34269,0.33648,0.34165,21107.81071
2026-01-08 02:30:00+00:00,0.34426,0.34426,0.33742,0.33742,3438.0255
2026-01-08 02:45:00+00:00,0.34064,0.34064,0.33817,0.33817,2496.45868
2026-01-08 03:00:00+00:00,0.34388,0.3466,0.34151,0.3466,8671.78681
2026-01-08 03:15:00+00:00,0.34649,0.34837,0.34337,0.34337,6642.07687
2026-01-08 03:30:00+00:00,0.343,0.34316,0.33948,0.33948,4604.67453
2026-01-08 03:45:00+00:00,0.3419,0.34285,0.34081,0.34285,615.18902
2026-01-08 04:00:00+00:00,0.33918,0.3398,0.33918,0.3398,531.2292
2026-01-08 04:15:00+00:00,0.33965,0.34151,0.33965,0.3415,24632.41279
2026-01-08 04:30:00+00:00,0.3415,0.34966,0.33424,0.33701,73490.26297
2026-01-08 04:45:00+00:00,0.33716,0.33996,0.335,0.3399,17867.7401
2026-01-08 05:00:00+00:00,0.33779,0.34133,0.33732,0.33808,8700.80315
2026-01-08 05:15:00+00:00,0.33782,0.33828,0.33652,0.33791,7043.66423
2026-01-08 05:30:00+00:00,0.33681,0.33722,0.3355,0.33722,16241.02437
2026-01-08 05:45:00+00:00,0.33705,0.33705,0.33484,0.33689,6909.66914
2026-01-08 06:00:00+00:00,0.33687,0.33729,0.33468,0.33541,10513.12309
2026-01-08 06:15:00+00:00,0.33626,0.33627,0.33007,0.33007,9240.91839
2026-01-08 06:30:00+00:00,0.33,0.33124,0.33,0.33111,13326.79003
2026-01-08 06:45:00+00:00,0.33214,0.33217,0.32994,0.33149,8162.0546
2026-01-08 07:00:00+00:00,0.33018,0.33231,0.32908,0.33139,33260.11101
2026-01-08 07:15:00+00:00,0.3318,0.33291,0.33096,0.33127,7396.199
2026-01-08 07:30:00+00:00,0.32886,0.33046,0.32859,0.32859,6110.07373
2026-01-08 07:45:00+00:00,0.32885,0.32892,0.32434,0.32718,66168.18579
2026-01-08 08:00:00+00:00,0.32651,0.33034,0.32515,0.32898,59602.81909
2026-01-08 08:15:00+00:00,0.32898,0.33056,0.327,0.33056,17822.63456
2026-01-08 08:30:00+00:00,0.33132,0.3315,0.33003,0.33014,21776.40135
2026-01-08 08:45:00+00:00,0.33026,0.33078,0.32699,0.32903,34292.97212
2026-01-08 09:00:00+00:00,0.32872,0.32892,0.32581,0.32763,73693.94459
2026-01-08 09:15:00+00:00,0.32615,0.33048,0.32234,0.3268,108807.45382
2026-01-08 09:30:00+00:00,0.32598,0.32598,0.3189,0.31999,49681.12406
2026-01-08 09:45:00+00:00,0.31999,0.32228,0.31987,0.32089,23998.16766
2026-01-08 10:00:00+00:00,0.32095,0.32401,0.31929,0.32288,7386.19736
2026-01-08 10:15:00+00:00,0.32295,0.32581,0.32222,0.32222,16936.98124
2026-01-08 10:30:00+00:00,0.3228,0.3228,0.32003,0.32098,9202.09588
2026-01-08 10:45:00+00:00,0.32099,0.32233,0.32051,0.32072,6573.9574
2026-01-08 11:00:00+00:00,0.32153,0.3216,0.3167,0.3167,25745.68148
2026-01-08 11:15:00+00:00,0.31639,0.31782,0.31592,0.31638,35712.99277
2026-01-08 11:30:00+00:00,0.31683,0.32,0.31584,0.31957,76494.26867
2026-01-08 11:45:00+00:00,0.32122,0.32268,0.31889,0.32017,32503.35351
2026-01-08 12:00:00+00:00,0.3199,0.32031,0.31873,0.3203,9053.76132
2026-01-08 12:15:00+00:00,0.32617,0.32617,0.313,0.31633,123396.29903
2026-01-08 12:30:00+00:00,0.31807,0.31807,0.31196,0.31327,70445.19332
2026-01-08 12:45:00+00:00,0.31353,0.31437,0.31252,0.31425,2314.01153
2026-01-08 13:00:00+00:00,0.32045,0.32083,0.31905,0.32083,6978.493
2026-01-08 13:15:00+00:00,0.32056,0.3239,0.31953,0.32061,39348.26028
2026-01-08 13:30:00+00:00,0.32002,0.3211,0.31993,0.32028,2358.2072
2026-01-08 13:45:00+00:00,0.32067,0.32462,0.31941,0.32356,16793.32123
2026-01-08 14:00:00+00:00,0.323,0.323,0.3208,0.32263,7273.16125
2026-01-08 14:15:00+00:00,0.32209,0.32335,0.32106,0.32106,9227.88496
2026-01-08 14:30:00+00:00,0.3224,0.32323,0.32139,0.32227,1368.81558
2026-01-08 14:45:00+00:00,0.32327,0.32647,0.32254,0.32583,18274.31495
2026-01-08 15:00:00+00:00,0.32386,0.328,0.32354,0.32573,34103.67801
2026-01-08 15:15:00+00:00,0.32655,0.32899,0.32655,0.32899,3280.26569
2026-01-08 15:30:00+00:00,0.32899,0.33313,0.32724,0.3283,45004.8123
2026-01-08 15:45:00+00:00,0.32679,0.32862,0.32678,0.32862,25613.09831
2026-01-08 16:00:00+00:00,0.32822,0.32822,0.32321,0.32321,9216.19513
2026-01-08 16:15:00+00:00,0.32333,0.32333,0.32239,0.3233,5694.5153
2026-01-08 16:30:00+00:00,0.3233,0.3233,0.32089,0.32092,11284.5285
2026-01-08 16:45:00+00:00,0.3211,0.3243,0.3211,0.32399,46326.18604
2026-01-08 17:00:00+00:00,0.32462,0.327,0.32461,0.327,4590.1956
2026-01-08 17:15:00+00:00,0.32652,0.32828,0.32638,0.32638,2414.27539
2026-01-08 17:30:00+00:00,0.325,0.325,0.32332,0.32332,5554.13412
2026-01-08 17:45:00+00:00,0.32433,0.32628,0.32389,0.32585,13334.10793
2026-01-08 18:00:00+00:00,0.32654,0.32654,0.32502,0.32533,1811.59174
2026-01-08 18:15:00+00:00,0.32567,0.32567,0.32428,0.32428,9076.0124
2026-01-08 18:30:00+00:00,0.323,0.32341,0.32002,0.32037,26892.92721
2026-01-08 18:45:00+00:00,0.32,0.32054,0.3182,0.3182,16609.01065
2026-01-08 19:00:00+00:00,0.3199,0.32053,0.31801,0.31944,6621.79403
2026-01-08 19:15:00+00:00,0.31946,0.32121,0.31636,0.31922,39207.06776
2026-01-08 19:30:00+00:00,0.32059,0.32189,0.32023,0.32187,5950.16852
2026-01-08 19:45:00+00:00,0.32198,0.3238,0.32188,0.32318,7258.02888
2026-01-08 20:00:00+00:00,0.32175,0.32276,0.31909,0.32131,8996.55635
2026-01-08 20:15:00+00:00,0.32076,0.32135,0.31885,0.3205,17058.55608
2026-01-08 20:30:00+00:00,0.31909,0.32179,0.31889,0.32025,8945.63854
2026-01-08 20:45:00+00:00,0.32,0.32,0.317,0.31776,17663.27867
2026-01-08 21:00:00+00:00,0.31677,0.32409,0.31677,0.3218,65620.31378
2026-01-08 21:15:00+00:00,0.32052,0.3211,0.31829,0.3211,25113.41648
2026-01-08 21:30:00+00:00,0.32212,0.32634,0.32212,0.32402,17163.33597
2026-01-08 21:45:00+00:00,0.32491,0.325,0.32389,0.325,5682.84936
2026-01-08 22:00:00+00:00,0.32479,0.32491,0.3225,0.3225,15770.62342
2026-01-08 22:15:00+00:00,0.322,0.32201,0.31948,0.32086,3130.59877
2026-01-08 22:30:00+00:00,0.32,0.32,0.318,0.31951,2133.9994
2026-01-08 22:45:00+00:00,0.31913,0.32275,0.31913,0.32275,12659.19379
2026-01-08 23:00:00+00:00,0.3207,0.32236,0.32006,0.32062,6407.24721
2026-01-08 23:15:00+00:00,0.32098,0.32098,0.31927,0.31927,1127.27286
2026-01-08 23:30:00+00:00,0.3205,0.32211,0.3195,0.32211,4212.67821
2026-01-08 23:45:00+00:00,0.32203,0.32203,0.32203,0.32203,126.2
2026-01-09 00:00:00+00:00,0.32337,0.32347,0.32164,0.32164,1068.69356
2026-01-09 00:15:00+00:00,0.324,0.325,0.324,0.32493,3928.35731
2026-01-09 00:30:00+00:00,0.32403,0.32403,0.32216,0.32216,645.77025
2026-01-09 00:45:00+00:00,0.3227,0.32484,0.3227,0.32484,14471.59292
2026-01-09 01:00:00+00:00,0.32426,0.32548,0.32426,0.32548,131.29408
2026-01-09 01:15:00+00:00,0.32386,0.32386,0.32194,0.32194,1095.28822
2026-01-09 01:30:00+00:00,0.32248,0.32248,0.32248,0.32248,66.89903
2026-01-09 01:45:00+00:00,0.32279,0.32279,0.3206,0.3214,12934.84973
2026-01-09 02:00:00+00:00,0.32339,0.32339,0.32308,0.32308,960.06759
2026-01-09 02:15:00+00:00,0.32024,0.32024,0.32,0.32,2000.0
2026-01-09 02:30:00+00:00,0.32068,0.32068,0.3186,0.31894,15255.11996
2026-01-09 02:45:00+00:00,0.31864,0.3198,0.31775,0.31775,1462.54632
2026-01-09 03:00:00+00:00,0.3196,0.3196,0.3196,0.3196,87.23347
2026-01-09 03:30:00+00:00,0.32086,0.32086,0.32086,0.32086,62.48832
2026-01-09 03:45:00+00:00,0.32459,0.32459,0.32431,0.32431,1945.7
2026-01-09 04:15:00+00:00,0.32265,0.32618,0.32265,0.32618,1260.0
2026-01-09 04:30:00+00:00,0.32823,0.33204,0.32823,0.33009,16957.1004
2026-01-09 04:45:00+00:00,0.32978,0.32978,0.32243,0.32681,7676.56803
2026-01-09 05:00:00+00:00,0.32607,0.32665,0.32568,0.32637,530.0
2026-01-09 05:15:00+00:00,0.32698,0.33071,0.32698,0.32895,9091.88171
2026-01-09 05:30:00+00:00,0.32987,0.33256,0.32987,0.33256,1272.91547
2026-01-09 05:45:00+00:00,0.33217,0.33218,0.33012,0.33031,1404.35447
2026-01-09 06:00:00+00:00,0.33008,0.33008,0.32636,0.32636,4791.85421
2026-01-09 06:15:00+00:00,0.326,0.33581,0.32278,0.3341,83750.19943
2026-01-09 06:30:00+00:00,0.33444,0.33444,0.33058,0.33398,4113.70037
2026-01-09 06:45:00+00:00,0.33181,0.33335,0.33181,0.33329,5356.35056
2026-01-09 07:00:00+00:00,0.3325,0.33388,0.3325,0.33332,376.66942
2026-01-09 07:15:00+00:00,0.33267,0.33267,0.3304,0.3313,3843.74795
2026-01-09 07:30:00+00:00,0.33228,0.33228,0.32965,0.32965,2631.72854
2026-01-09 07:45:00+00:00,0.328,0.3285,0.32777,0.32842,2178.45211
2026-01-09 08:00:00+00:00,0.32736,0.32736,0.32613,0.32647,4309.6722
2026-01-09 08:15:00+00:00,0.3263,0.32732,0.3263,0.32732,1820.47771
2026-01-09 08:30:00+00:00,0.32645,0.33177,0.32582,0.32955,19060.28811
2026-01-09 08:45:00+00:00,0.32899,0.32984,0.32754,0.328,17926.31326
2026-01-09 09:00:00+00:00,0.32856,0.32862,0.32574,0.3267,4786.85972
2026-01-09 09:15:00+00:00,0.32437,0.32453,0.32298,0.32336,7450.29304
2026-01-09 09:30:00+00:00,0.32246,0.32317,0.32084,0.32317,6325.85575
2026-01-09 09:45:00+00:00,0.32306,0.32306,0.32027,0.32153,10317.67695
2026-01-09 10:00:00+00:00,0.32123,0.32461,0.3212,0.32268,923.07278
2026-01-09 10:15:00+00:00,0.32445,0.32558,0.32223,0.32255,34790.03013
2026-01-09 10:30:00+00:00,0.32336,0.3303,0.32298,0.32589,12208.74947
2026-01-09 10:45:00+00:00,0.32607,0.329,0.32539,0.32825,10720.84703
2026-01-09 11:00:00+00:00,0.32985,0.3301,0.32786,0.32931,6591.81583
2026-01-09 11:15:00+00:00,0.32856,0.32897,0.32768,0.32816,2411.3576
2026-01-09 11:30:00+00:00,0.32944,0.33011,0.32921,0.32964,2716.82393
2026-01-09 11:45:00+00:00,0.33058,0.33316,0.32968,0.33301,13297.64781
2026-01-09 12:00:00+00:00,0.33081,0.33081,0.32807,0.32865,2553.52474
2026-01-09 12:15:00+00:00,0.32904,0.32995,0.32877,0.3298,1052.71735
2026-01-09 12:30:00+00:00,0.329,0.329,0.32739,0.32739,697.16749
2026-01-09 12:45:00+00:00,0.32725,0.32725,0.32549,0.32549,567.56983
2026-01-09 13:00:00+00:00,0.32554,0.3263,0.32413,0.3251,2008.48869
2026-01-09 13:15:00+00:00,0.32538,0.32653,0.325,0.326,13224.0727
2026-01-09 13:30:00+00:00,0.3268,0.32695,0.32618,0.32641,2987.92274
2026-01-09 13:45:00+00:00,0.3253,0.32903,0.3253,0.32903,6448.88573
2026-01-09 14:00:00+00:00,0.32777,0.32788,0.32642,0.32642,3196.4594
2026-01-09 14:15:00+00:00,0.32611,0.32676,0.32555,0.32611,3346.27458
2026-01-09 14:30:00+00:00,0.32636,0.32636,0.32558,0.32582,2468.72925
2026-01-09 14:45:00+00:00,0.32582,0.32582,0.32068,0.32068,44385.98752
2026-01-09 15:00:00+00:00,0.32142,0.32264,0.32076,0.32193,10855.75724
2026-01-09 15:15:00+00:00,0.32132,0.32498,0.32106,0.32498,1728.41423
2026-01-09 15:30:00+00:00,0.32399,0.32502,0.32186,0.32244,2917.36543
2026-01-09 15:45:00+00:00,0.32194,0.32194,0.32,0.32111,3943.66373
2026-01-09 16:00:00+00:00,0.32291,0.32291,0.32013,0.3215,25914.45359
2026-01-09 16:15:00+00:00,0.32148,0.32268,0.32,0.32,10008.75556
2026-01-09 16:30:00+00:00,0.3205,0.3227,0.32025,0.322,3010.26999
2026-01-09 16:45:00+00:00,0.32147,0.32147,0.32046,0.32046,529.92234
2026-01-09 17:00:00+00:00,0.32046,0.32078,0.32046,0.32078,1462.06805
2026-01-09 17:15:00+00:00,0.32046,0.32046,0.31897,0.31994,10575.49903
2026-01-09 17:30:00+00:00,0.31853,0.31929,0.31846,0.31929,14017.50132
2026-01-09 17:45:00+00:00,0.31801,0.32015,0.318,0.31958,5518.11278
2026-01-09 18:00:00+00:00,0.31955,0.31955,0.31736,0.3174,14730.0683
2026-01-09 18:15:00+00:00,0.317,0.31834,0.31566,0.31655,30606.84082
2026-01-09 18:30:00+00:00,0.31617,0.31784,0.31617,0.31784,5889.20817
2026-01-09 18:45:00+00:00,0.31817,0.31905,0.3181,0.31905,1252.39567
2026-01-09 19:00:00+00:00,0.31944,0.31954,0.31792,0.31792,12337.90578
2026-01-09 19:15:00+00:00,0.31744,0.31744,0.31603,0.31603,4827.74913
2026-01-09 19:30:00+00:00,0.31577,0.31681,0.31577,0.31613,13334.41347
2026-01-09 19:45:00+00:00,0.31823,0.31823,0.31709,0.31709,125.47175
2026-01-09 20:00:00+00:00,0.31722,0.318,0.31685,0.318,12860.70556
2026-01-09 20:15:00+00:00,0.31859,0.31859,0.31743,0.31743,2161.3737
2026-01-09 20:30:00+00:00,0.31858,0.32072,0.31858,0.32072,1228.45171
2026-01-09 20:45:00+00:00,0.32059,0.32075,0.31999,0.31999,4384.32353
2026-01-09 21:00:00+00:00,0.321,0.32324,0.32021,0.32121,23219.37538
2026-01-09 21:15:00+00:00,0.32184,0.32193,0.32105,0.32193,3156.20745
2026-01-09 21:30:00+00:00,0.32138,0.32138,0.32074,0.32074,2344.37379
2026-01-09 21:45:00+00:00,0.32052,0.32052,0.32016,0.32016,4099.02085
2026-01-09 22:00:00+00:00,0.32186,0.32186,0.32175,0.32175,53.23113
2026-01-09 22:15:00+00:00,0.32175,0.32211,0.3183,0.31993,5575.24283
2026-01-09 22:30:00+00:00,0.31988,0.32115,0.31988,0.32115,236.20427
2026-01-09 22:45:00+00:00,0.32226,0.32597,0.32226,0.32597,1006.68282
2026-01-09 23:00:00+00:00,0.32301,0.32356,0.32301,0.32307,830.0
2026-01-09 23:15:00+00:00,0.32404,0.32404,0.32404,0.32404,58.48043
2026-01-09 23:30:00+00:00,0.32191,0.32271,0.32191,0.32271,676.8
2026-01-09 23:45:00+00:00,0.32438,0.32438,0.32358,0.32358,1379.1944
2026-01-10 00:00:00+00:00,0.32487,0.32487,0.32354,0.32365,519.59837
2026-01-10 01:00:00+00:00,0.32004,0.32004,0.32004,0.32004,150.35621
2026-01-10 01:15:00+00:00,0.32189,0.32203,0.32189,0.32203,498.6
2026-01-10 01:30:00+00:00,0.3237,0.325,0.3237,0.32407,5820.38248
2026-01-10 01:45:00+00:00,0.32491,0.32491,0.32449,0.32449,665.77136
2026-01-10 02:00:00+00:00,0.32473,0.325,0.32473,0.325,44746.20105
2026-01-10 02:15:00+00:00,0.32474,0.325,0.32474,0.325,6632.26636
2026-01-10 02:30:00+00:00,0.325,0.325,0.32476,0.32476,399.27637
2026-01-10 02:45:00+00:00,0.32552,0.32552,0.32552,0.32552,7119.7
2026-01-10 03:00:00+00:00,0.32483,0.3252,0.32431,0.32431,3391.4
2026-01-10 03:15:00+00:00,0.32483,0.32509,0.32483,0.32509,5818.12136
2026-01-10 03:30:00+00:00,0.32473,0.32473,0.32236,0.32299,18956.22911
2026-01-10 03:45:00+00:00,0.32274,0.32408,0.32253,0.32408,25705.67091
2026-01-10 04:00:00+00:00,0.32213,0.32213,0.32008,0.32008,1095.88995
2026-01-10 04:30:00+00:00,0.32277,0.32277,0.32277,0.32277,180.0
2026-01-10 04:45:00+00:00,0.32306,0.32306,0.32252,0.32297,18426.152
2026-01-10 05:00:00+00:00,0.32557,0.32557,0.32557,0.32557,394.13951
2026-01-10 05:15:00+00:00,0.32587,0.32882,0.32587,0.32759,3349.02451
2026-01-10 05:30:00+00:00,0.32623,0.32623,0.32623,0.32623,30.74518
2026-01-10 05:45:00+00:00,0.32578,0.32578,0.32577,0.32577,784.61881
2026-01-10 06:00:00+00:00,0.32675,0.32721,0.32662,0.32662,4670.23949
2026-01-10 06:15:00+00:00,0.32828,0.32844,0.3268,0.32744,8478.0005
2026-01-10 06:45:00+00:00,0.33022,0.33022,0.33013,0.33013,2733.98001
2026-01-10 07:00:00+00:00,0.33104,0.33227,0.33033,0.33225,15645.79224
2026-01-10 07:15:00+00:00,0.33029,0.33029,0.32873,0.32873,14316.44777
2026-01-10 07:30:00+00:00,0.32831,0.329,0.328,0.329,15360.4759
2026-01-10 07:45:00+00:00,0.32816,0.329,0.328,0.328,10655.44459
2026-01-10 08:00:00+00:00,0.32655,0.32655,0.32436,0.32568,5393.3659
2026-01-10 08:15:00+00:00,0.32662,0.32662,0.32662,0.32662,149.59279
2026-01-10 08:30:00+00:00,0.32337,0.32367,0.32281,0.32367,4499.12919
2026-01-10 08:45:00+00:00,0.32314,0.32392,0.323,0.32392,1648.99447
2026-01-10 09:00:00+00:00,0.32483,0.32537,0.32483,0.32536,286.52743
2026-01-10 09:15:00+00:00,0.32655,0.32698,0.32655,0.32698,240.78069
2026-01-10 09:30:00+00:00,0.32611,0.32611,0.32595,0.32595,1206.81196
2026-01-10 09:45:00+00:00,0.325,0.32552,0.32404,0.32541,3032.78457
2026-01-10 10:00:00+00:00,0.32368,0.325,0.32368,0.325,3283.30785
2026-01-10 10:15:00+00:00,0.325,0.3251,0.325,0.325,25554.56198
2026-01-10 10:30:00+00:00,0.3251,0.32519,0.32501,0.32501,2780.39645
2026-01-10 10:45:00+00:00,0.32501,0.32501,0.3227,0.3236,43029.46099
2026-01-10 11:00:00+00:00,0.32415,0.32415,0.32391,0.32391,860.34648
2026-01-10 11:15:00+00:00,0.32347,0.32434,0.32286,0.32286,16717.73412
2026-01-10 11:30:00+00:00,0.32383,0.32404,0.32346,0.324,41755.53946
2026-01-10 11:45:00+00:00,0.322,0.322,0.32189,0.32189,4196.06467
2026-01-10 12:00:00+00:00,0.32194,0.32294,0.32193,0.32294,1892.54149
2026-01-10 12:15:00+00:00,0.32277,0.32277,0.32277,0.32277,30.88886
2026-01-10 12:30:00+00:00,0.32101,0.32128,0.3205,0.3205,985.98394
2026-01-10 12:45:00+00:00,0.32051,0.32185,0.32051,0.32151,1756.71263
2026-01-10 13:00:00+00:00,0.32109,0.32109,0.3205,0.3205,19782.88094
2026-01-10 13:15:00+00:00,0.32074,0.32074,0.32074,0.32074,500.1
2026-01-10 13:30:00+00:00,0.32074,0.32105,0.3205,0.3205,10212.49635
2026-01-10 13:45:00+00:00,0.321,0.32141,0.32006,0.32057,52483.57561
2026-01-10 14:00:00+00:00,0.32051,0.32051,0.318,0.318,1639.05134
2026-01-10 14:15:00+00:00,0.31897,0.32006,0.31897,0.32006,651.76677
2026-01-10 14:30:00+00:00,0.31862,0.32149,0.31862,0.32059,13573.22582
2026-01-10 14:45:00+00:00,0.31938,0.32079,0.31934,0.32079,1709.38459
2026-01-10 15:00:00+00:00,0.32106,0.32132,0.32035,0.32035,597.58714
2026-01-10 15:15:00+00:00,0.3198,0.3198,0.31667,0.31777,21014.85761
2026-01-10 15:30:00+00:00,0.31821,0.31864,0.31797,0.31798,2776.60156
2026-01-10 15:45:00+00:00,0.31902,0.3198,0.31894,0.31894,1745.98252
2026-01-10 16:00:00+00:00,0.31797,0.3194,0.31707,0.31827,11778.60765
2026-01-10 16:15:00+00:00,0.31764,0.31772,0.3165,0.3165,3495.58495
2026-01-10 16:30:00+00:00,0.31681,0.31681,0.315,0.31518,99469.3575
2026-01-10 16:45:00+00:00,0.31557,0.3196,0.315,0.31841,51557.71513
2026-01-10 17:00:00+00:00,0.31948,0.31948,0.316,0.31728,45913.64796
2026-01-10 17:15:00+00:00,0.31714,0.31756,0.317,0.317,3219.30004
2026-01-10 17:30:00+00:00,0.318,0.318,0.31782,0.31782,8488.38253
2026-01-10 17:45:00+00:00,0.31768,0.31768,0.315,0.31533,11866.4015
2026-01-10 18:00:00+00:00,0.31515,0.3155,0.315,0.315,10582.17718
2026-01-10 18:15:00+00:00,0.315,0.315,0.315,0.315,32.87444
2026-01-10 18:30:00+00:00,0.315,0.31592,0.315,0.31592,1260.03482
2026-01-10 18:45:00+00:00,0.31579,0.316,0.31579,0.316,3738.64936
2026-01-10 19:00:00+00:00,0.31629,0.31703,0.31629,0.31703,1895.1709
2026-01-10 19:15:00+00:00,0.31744,0.31747,0.31623,0.31747,3466.73957
2026-01-10 19:30:00+00:00,0.31704,0.31804,0.31704,0.31759,552.71749
2026-01-10 19:45:00+00:00,0.31887,0.31887,0.31887,0.31887,156.39602
2026-01-10 20:00:00+00:00,0.3179,0.318,0.31545,0.31796,1811.48531
2026-01-10 20:15:00+00:00,0.31554,0.3165,0.31554,0.3165,126.8988
2026-01-10 20:30:00+00:00,0.3168,0.318,0.3168,0.31682,650.87558
2026-01-10 20:45:00+00:00,0.31675,0.31681,0.31675,0.31681,869.73499
2026-01-10 21:00:00+00:00,0.31681,0.31747,0.31681,0.31747,343.38551
2026-01-10 21:15:00+00:00,0.3165,0.3165,0.3165,0.3165,15000.0
2026-01-10 21:30:00+00:00,0.316,0.316,0.316,0.316,9585.43351
2026-01-10 21:45:00+00:00,0.31655,0.31655,0.316,0.316,9961.25213
2026-01-10 22:00:00+00:00,0.31698,0.31698,0.316,0.316,13768.0144
2026-01-10 22:15:00+00:00,0.31603,0.31649,0.316,0.31649,20281.08236
2026-01-10 22:30:00+00:00,0.31533,0.31535,0.31408,0.31535,1324.26864
2026-01-10 22:45:00+00:00,0.314,0.314,0.31095,0.3118,11976.49039
2026-01-10 23:00:00+00:00,0.31318,0.31523,0.31254,0.31374,6113.33943
2026-01-10 23:15:00+00:00,0.31402,0.31619,0.31236,0.31236,5350.41329
2026-01-10 23:30:00+00:00,0.31613,0.31613,0.31424,0.31455,1420.5
2026-01-10 23:45:00+00:00,0.31383,0.31643,0.31369,0.31406,6175.23434
2026-01-11 00:00:00+00:00,0.31351,0.31443,0.31351,0.31443,926.81031
2026-01-11 00:15:00+00:00,0.31513,0.31513,0.31272,0.31338,6983.20718
2026-01-11 00:30:00+00:00,0.31455,0.317,0.31287,0.31287,8237.21391
2026-01-11 00:45:00+00:00,0.31478,0.31591,0.31437,0.31437,1756.47924
2026-01-11 01:00:00+00:00,0.31528,0.31528,0.31528,0.31528,162.10031
2026-01-11 01:15:00+00:00,0.31517,0.31517,0.31431,0.31431,318.61339
2026-01-11 01:30:00+00:00,0.31648,0.31648,0.31619,0.31619,360.0
2026-01-11 01:45:00+00:00,0.31733,0.31733,0.31733,0.31733,180.0
2026-01-11 02:15:00+00:00,0.31788,0.31788,0.31788,0.31788,180.0
2026-01-11 02:30:00+00:00,0.31791,0.32015,0.31791,0.32015,632.82422
2026-01-11 03:00:00+00:00,0.31746,0.31746,0.31725,0.31725,191.42
2026-01-11 03:15:00+00:00,0.31834,0.31834,0.31834,0.31834,180.0
2026-01-11 03:30:00+00:00,0.31849,0.31919,0.31849,0.31889,408.90605
2026-01-11 03:45:00+00:00,0.31889,0.31889,0.31889,0.31889,160.0
2026-01-11 04:15:00+00:00,0.31792,0.31792,0.31792,0.31792,160.0
2026-01-11 04:30:00+00:00,0.31719,0.31719,0.31451,0.31451,4000.92562
2026-01-11 04:45:00+00:00,0.31536,0.31536,0.315,0.31533,8264.27302
2026-01-11 05:00:00+00:00,0.31471,0.31757,0.31471,0.31757,1353.79949
2026-01-11 05:30:00+00:00,0.31426,0.31426,0.31426,0.31426,39.31172
2026-01-11 05:45:00+00:00,0.31491,0.31491,0.31459,0.31459,640.02219
2026-01-11 06:00:00+00:00,0.31376,0.31501,0.31376,0.31501,1856.15107
2026-01-11 06:15:00+00:00,0.31434,0.31656,0.31349,0.31656,1295.55724
2026-01-11 06:30:00+00:00,0.31302,0.31302,0.313,0.313,424.6
2026-01-11 06:45:00+00:00,0.31363,0.31363,0.31363,0.31363,514.80905
2026-01-11 07:00:00+00:00,0.31363,0.31363,0.31363,0.31363,3898.96848
2026-01-11 07:15:00+00:00,0.313,0.313,0.31285,0.31285,474.07764
2026-01-11 07:30:00+00:00,0.3132,0.3132,0.31296,0.31296,195.91257
2026-01-11 07:45:00+00:00,0.3125,0.31284,0.3121,0.31284,672.68957
2026-01-11 08:00:00+00:00,0.312,0.312,0.31014,0.31014,444.87179
2026-01-11 08:15:00+00:00,0.31058,0.31058,0.309,0.30935,4014.30299
2026-01-11 08:30:00+00:00,0.30912,0.31209,0.309,0.31118,1592.40896
2026-01-11 08:45:00+00:00,0.3099,0.31011,0.30887,0.31011,15339.59579
2026-01-11 09:00:00+00:00,0.30959,0.31293,0.30952,0.31141,2780.75955
2026-01-11 09:30:00+00:00,0.31104,0.31326,0.31104,0.31254,8319.79689
2026-01-11 09:45:00+00:00,0.31195,0.3138,0.31137,0.31137,912.84765
2026-01-11 10:00:00+00:00,0.31215,0.31215,0.31087,0.31185,2764.28673
2026-01-11 10:15:00+00:00,0.3112,0.31302,0.31111,0.31302,20742.73504
2026-01-11 10:30:00+00:00,0.31263,0.31274,0.31263,0.31274,1800.63871
2026-01-11 10:45:00+00:00,0.31355,0.31622,0.31349,0.3137,6271.88226
2026-01-11 11:00:00+00:00,0.31359,0.31359,0.31359,0.31359,60.74812
2026-01-11 11:15:00+00:00,0.3144,0.3144,0.31346,0.31346,8974.35685
2026-01-11 11:30:00+00:00,0.31299,0.31299,0.31228,0.31263,3517.2952
2026-01-11 11:45:00+00:00,0.31021,0.31021,0.31021,0.31021,27.17514
2026-01-11 12:00:00+00:00,0.3116,0.3116,0.3116,0.3116,42.34759
2026-01-11 12:15:00+00:00,0.31163,0.31163,0.31163,0.31163,64.01822
2026-01-11 12:30:00+00:00,0.31127,0.31127,0.31127,0.31127,191.94302
2026-01-11 12:45:00+00:00,0.31145,0.312,0.31141,0.312,15579.04084
2026-01-11 13:00:00+00:00,0.31263,0.31263,0.31227,0.31227,140.75141
2026-01-11 13:15:00+00:00,0.31219,0.31229,0.3112,0.3112,551.91228
2026-01-11 13:30:00+00:00,0.311,0.311,0.30992,0.31031,6114.862
2026-01-11 14:00:00+00:00,0.31057,0.311,0.31057,0.311,23353.42005
2026-01-11 14:15:00+00:00,0.311,0.31351,0.311,0.31351,2359.34069
2026-01-11 14:30:00+00:00,0.31309,0.31309,0.31092,0.31092,419.64284
2026-01-11 14:45:00+00:00,0.31064,0.31212,0.31064,0.31212,8576.21793
2026-01-11 15:00:00+00:00,0.31181,0.31181,0.3115,0.31154,19904.22732
2026-01-11 15:15:00+00:00,0.31071,0.3115,0.31064,0.3115,2484.01745
2026-01-11 15:30:00+00:00,0.31,0.31,0.30825,0.30825,9765.14599
2026-01-11 15:45:00+00:00,0.30756,0.30799,0.3068,0.307,15027.34195
2026-01-11 16:00:00+00:00,0.30834,0.30931,0.30834,0.30876,1999.26807
2026-01-11 16:15:00+00:00,0.3075,0.30916,0.3,0.30768,58077.99378
2026-01-11 16:30:00+00:00,0.30808,0.31437,0.30808,0.31254,6602.16548
2026-01-11 16:45:00+00:00,0.31202,0.31202,0.31202,0.31202,130.0
2026-01-11 17:00:00+00:00,0.31173,0.31173,0.30781,0.3093,33154.13061
2026-01-11 17:15:00+00:00,0.30824,0.31088,0.30776,0.30776,6445.87103
2026-01-11 17:30:00+00:00,0.30769,0.30861,0.30769,0.30861,310.62642
2026-01-11 17:45:00+00:00,0.30897,0.31219,0.30818,0.31219,6745.37051
2026-01-11 18:00:00+00:00,0.31082,0.31167,0.30987,0.30987,311.89366
2026-01-11 18:15:00+00:00,0.31127,0.31383,0.3094,0.31383,9356.53108
2026-01-11 18:30:00+00:00,0.314,0.31686,0.31277,0.31441,4859.81831
2026-01-11 18:45:00+00:00,0.3161,0.3161,0.31397,0.31397,6865.80545
2026-01-11 19:00:00+00:00,0.3153,0.31719,0.3153,0.31606,29502.12037
2026-01-11 19:15:00+00:00,0.31534,0.31609,0.31355,0.31355,2149.21002
2026-01-11 19:30:00+00:00,0.31473,0.31473,0.31219,0.31219,5414.5119
2026-01-11 19:45:00+00:00,0.31204,0.3133,0.31204,0.31308,1211.21249
2026-01-11 20:00:00+00:00,0.3126,0.31268,0.31164,0.31173,5278.51274
2026-01-11 20:15:00+00:00,0.31283,0.31464,0.31283,0.31369,3575.95601
2026-01-11 20:30:00+00:00,0.31305,0.31526,0.31305,0.31406,340.74232
2026-01-11 21:00:00+00:00,0.31234,0.31234,0.31046,0.31203,6779.7863
2026-01-11 21:15:00+00:00,0.31174,0.31251,0.31174,0.31251,219.8505
2026-01-11 21:30:00+00:00,0.31207,0.31236,0.31207,0.31236,932.87941
2026-01-11 22:00:00+00:00,0.3117,0.3117,0.30972,0.31081,3121.62007
2026-01-11 22:15:00+00:00,0.3102,0.31409,0.30921,0.31337,1296.77953
2026-01-11 22:30:00+00:00,0.31448,0.31463,0.31395,0.31395,600.0
2026-01-11 22:45:00+00:00,0.31362,0.31362,0.31321,0.31321,140.71853
2026-01-11 23:00:00+00:00,0.31218,0.31218,0.31114,0.31114,19300.83624
2026-01-11 23:15:00+00:00,0.31229,0.31229,0.31229,0.31229,31.92545
2026-01-11 23:30:00+00:00,0.31164,0.31221,0.31164,0.31221,386.67629
2026-01-12 00:00:00+00:00,0.30968,0.30968,0.30968,0.30968,116.77086
2026-01-12 00:15:00+00:00,0.30904,0.31116,0.30904,0.31116,660.0
2026-01-12 00:30:00+00:00,0.30988,0.31018,0.30725,0.30764,3991.87511
2026-01-12 00:45:00+00:00,0.30676,0.30676,0.30675,0.30675,229.49203
2026-01-12 01:00:00+00:00,0.30969,0.30969,0.30969,0.30969,120.0
2026-01-12 01:15:00+00:00,0.307,0.307,0.307,0.307,458.7526
2026-01-12 01:30:00+00:00,0.30822,0.30822,0.30822,0.30822,802.56355
2026-01-12 02:00:00+00:00,0.31073,0.31073,0.31041,0.31041,327.6523
2026-01-12 02:45:00+00:00,0.31006,0.31038,0.30948,0.30948,6232.08272
2026-01-12 04:00:00+00:00,0.31008,0.31008,0.31008,0.31008,120.0
2026-01-12 04:15:00+00:00,0.31233,0.3131,0.31233,0.31286,1896.65923
2026-01-12 04:30:00+00:00,0.31459,0.31459,0.31296,0.31328,2301.73646
2026-01-12 05:00:00+00:00,0.31375,0.31465,0.3128,0.3133,3793.00115
2026-01-12 05:15:00+00:00,0.31258,0.31258,0.31241,0.31241,2349.70919
2026-01-12 06:00:00+00:00,0.31114,0.31249,0.31114,0.31249,196.13422
2026-01-12 06:15:00+00:00,0.31131,0.31131,0.30981,0.30981,9444.31702
2026-01-12 06:30:00+00:00,0.30931,0.30931,0.30931,0.30931,436.66395
2026-01-12 06:45:00+00:00,0.30956,0.30967,0.30956,0.30967,265.05828
2026-01-12 07:00:00+00:00,0.3093,0.3093,0.3093,0.3093,45.39283
2026-01-12 07:15:00+00:00,0.3093,0.3093,0.30846,0.30846,3442.90688
2026-01-12 07:30:00+00:00,0.30825,0.30825,0.30825,0.30825,32.34387
2026-01-12 07:45:00+00:00,0.30807,0.30807,0.30807,0.30807,1019.6
2026-01-12 08:00:00+00:00,0.3079,0.3079,0.30755,0.30755,3612.3662
2026-01-12 08:15:00+00:00,0.30724,0.30724,0.30704,0.30704,6672.67895
2026-01-12 08:30:00+00:00,0.307,0.307,0.30618,0.307,2075.39716
2026-01-12 08:45:00+00:00,0.30609,0.30822,0.30609,0.30822,1656.71691
2026-01-12 09:00:00+00:00,0.30785,0.30785,0.3074,0.30774,8647.65194
2026-01-12 09:15:00+00:00,0.30883,0.30981,0.30883,0.30981,3441.83965
2026-01-12 09:30:00+00:00,0.30924,0.30924,0.3091,0.3091,690.34621
2026-01-12 09:45:00+00:00,0.30949,0.3099,0.30949,0.3099,1011.4658
2026-01-12 10:00:00+00:00,0.31287,0.31346,0.3128,0.31346,2428.69857
2026-01-12 10:45:00+00:00,0.30884,0.30963,0.30884,0.30963,8393.59304
2026-01-12 11:00:00+00:00,0.3097,0.31012,0.3096,0.31012,10466.54032
2026-01-12 11:15:00+00:00,0.30936,0.31014,0.30936,0.31014,4467.06167
2026-01-12 11:30:00+00:00,0.31293,0.31392,0.31293,0.31387,8549.45668
2026-01-12 11:45:00+00:00,0.31407,0.32127,0.31407,0.31502,51108.84785
2026-01-12 12:00:00+00:00,0.31444,0.31805,0.31417,0.31564,15165.83799
2026-01-12 12:15:00+00:00,0.31472,0.31841,0.31472,0.31697,4510.25713
2026-01-12 12:30:00+00:00,0.31418,0.31494,0.31418,0.31485,423.81693
2026-01-12 12:45:00+00:00,0.31506,0.31744,0.31426,0.31524,11529.19292
2026-01-12 13:00:00+00:00,0.31548,0.31932,0.31511,0.31932,5721.71024
2026-01-12 13:15:00+00:00,0.31575,0.31869,0.31575,0.31753,6502.3088
2026-01-12 13:30:00+00:00,0.31869,0.32157,0.31869,0.32018,12676.69629
2026-01-12 13:45:00+00:00,0.31908,0.31908,0.31633,0.31633,8643.26751
2026-01-12 14:00:00+00:00,0.31632,0.3181,0.315,0.31758,18182.05354
2026-01-12 14:15:00+00:00,0.31615,0.32328,0.31608,0.3218,36362.02534
2026-01-12 14:30:00+00:00,0.323,0.33,0.323,0.32768,81729.97874
2026-01-12 14:45:00+00:00,0.32736,0.33946,0.32633,0.33748,190007.75441
2026-01-12 15:00:00+00:00,0.33701,0.34333,0.33596,0.34333,73287.00044
2026-01-12 15:15:00+00:00,0.34174,0.35354,0.34136,0.349,145915.66555
2026-01-12 15:30:00+00:00,0.34993,0.34993,0.33603,0.33795,171209.18703
2026-01-12 15:45:00+00:00,0.34118,0.34716,0.34,0.34716,34177.34693
2026-01-12 16:00:00+00:00,0.34776,0.34889,0.34445,0.34738,31099.49639
2026-01-12 16:15:00+00:00,0.35,0.3575,0.35,0.35552,115002.13874
2026-01-12 16:30:00+00:00,0.35649,0.3627,0.34318,0.347,130764.04954
2026-01-12 16:45:00+00:00,0.34619,0.35838,0.33954,0.35272,115945.18836
2026-01-12 17:00:00+00:00,0.3522,0.3531,0.34944,0.34971,16123.24709
2026-01-12 17:15:00+00:00,0.35301,0.35951,0.35278,0.35951,45474.3085
2026-01-12 17:30:00+00:00,0.36095,0.362,0.35516,0.35985,99447.91354
2026-01-12 17:45:00+00:00,0.35964,0.3626,0.35188,0.35809,103622.76231
2026-01-12 18:00:00+00:00,0.35757,0.36288,0.34982,0.36288,48668.92129
2026-01-12 18:15:00+00:00,0.36071,0.365,0.35619,0.36,59161.33728
2026-01-12 18:30:00+00:00,0.35989,0.36127,0.35672,0.35913,90859.72241
2026-01-12 18:45:00+00:00,0.36075,0.36082,0.35805,0.36016,67815.66879
2026-01-12 19:00:00+00:00,0.36195,0.36195,0.35541,0.35845,15693.25596
2026-01-12 19:15:00+00:00,0.36,0.36,0.3566,0.35776,33097.00782
2026-01-12 19:30:00+00:00,0.35758,0.35772,0.35152,0.35205,42850.83412
2026-01-12 19:45:00+00:00,0.35136,0.35511,0.34349,0.35136,91844.72925
2026-01-12 20:00:00+00:00,0.34954,0.35094,0.34133,0.3459,99237.65219
2026-01-12 20:15:00+00:00,0.34335,0.35074,0.34132,0.34727,67809.53993
2026-01-12 20:30:00+00:00,0.34571,0.35442,0.34571,0.35442,73077.50208
2026-01-12 20:45:00+00:00,0.3535,0.3588,0.35263,0.3584,32174.02526
2026-01-12 21:00:00+00:00,0.35886,0.35886,0.35388,0.35779,59922.54327
2026-01-12 21:15:00+00:00,0.35554,0.35554,0.35297,0.35409,6252.41732
2026-01-12 21:30:00+00:00,0.35393,0.35492,0.35157,0.35478,34381.44128
2026-01-12 21:45:00+00:00,0.35181,0.35499,0.35174,0.35473,3194.61041
2026-01-12 22:00:00+00:00,0.35509,0.35742,0.35354,0.35566,28572.88715
2026-01-12 22:15:00+00:00,0.35599,0.35599,0.35037,0.3541,16614.35318
2026-01-12 22:30:00+00:00,0.35533,0.3567,0.34692,0.34817,18036.52155
2026-01-12 22:45:00+00:00,0.3469,0.34823,0.34404,0.34656,9804.10572
