timestamp,open,high,low,close,volume
2025-12-29 00:00:00+00:00,106.27,106.28,106.08,106.19,497.16303411
2025-12-29 00:05:00+00:00,106.08,106.39,106.08,106.22,43.38597449
2025-12-29 00:10:00+00:00,106.35,106.38,106.18,106.2,177.84492938
2025-12-29 00:15:00+00:00,106.32,106.41,106.26,106.41,36.27539566
2025-12-29 00:20:00+00:00,106.44,107.6,106.4,107.22,724.46888378
2025-12-29 00:25:00+00:00,107.28,107.47,107.15,107.33,280.11089594
2025-12-29 00:30:00+00:00,107.39,108.7,107.39,108.13,1244.69598535
2025-12-29 00:35:00+00:00,108.19,108.35,107.82,107.82,390.47927992
2025-12-29 00:40:00+00:00,107.89,107.94,107.77,107.79,179.79812016
2025-12-29 00:45:00+00:00,107.77,108.08,107.77,107.87,416.89553831
2025-12-29 00:50:00+00:00,108.1,108.11,107.61,107.85,416.06650076
2025-12-29 00:55:00+00:00,107.87,107.94,107.68,107.68,50.02995299
2025-12-29 01:00:00+00:00,107.69,107.72,107.24,107.24,290.81167902
2025-12-29 01:05:00+00:00,107.11,107.4,107.03,107.4,688.39934237
2025-12-29 01:10:00+00:00,107.4,107.65,107.3,107.3,73.14299973
2025-12-29 01:15:00+00:00,107.07,107.53,107.02,107.53,650.66813984
2025-12-29 01:20:00+00:00,107.59,107.59,107.28,107.35,44.08895806
2025-12-29 01:25:00+00:00,107.26,107.33,107.17,107.21,178.13301548
2025-12-29 01:30:00+00:00,107.21,107.27,107.14,107.27,121.65440299
2025-12-29 01:35:00+00:00,107.36,108.78,107.31,107.37,2615.93345495
2025-12-29 01:40:00+00:00,108.67,110.25,108.67,109.16,5520.03494995
2025-12-29 01:45:00+00:00,109.28,109.55,109.28,109.34,148.32044688
2025-12-29 01:50:00+00:00,109.53,109.53,108.95,109.29,372.06511616
2025-12-29 01:55:00+00:00,109.32,109.42,108.99,109.07,160.89375142
2025-12-29 02:00:00+00:00,109.11,109.29,108.78,108.9,677.53973521
2025-12-29 02:05:00+00:00,109.2,109.71,109.13,109.48,935.05459091
2025-12-29 02:10:00+00:00,109.3,109.38,109.08,109.21,873.24078599
2025-12-29 02:15:00+00:00,109.34,109.35,108.98,109.32,314.71457847
2025-12-29 02:20:00+00:00,108.92,109.03,108.65,108.65,83.25333354
2025-12-29 02:25:00+00:00,108.75,109.17,108.71,109.17,119.02034449
2025-12-29 02:30:00+00:00,109.29,109.31,109.13,109.13,39.30479708
2025-12-29 02:35:00+00:00,109.21,109.24,109.1,109.13,114.02465136
2025-12-29 02:40:00+00:00,109.34,109.4,109.18,109.18,186.06656815
2025-12-29 02:45:00+00:00,109.26,109.43,109.26,109.38,41.52659895
2025-12-29 02:50:00+00:00,109.4,109.5,109.11,109.14,2197.09365178
2025-12-29 02:55:00+00:00,109.2,109.22,109.09,109.09,349.706387
2025-12-29 03:00:00+00:00,109.12,109.18,109.01,109.01,88.46030245
2025-12-29 03:05:00+00:00,109.17,109.35,109.14,109.17,103.90768589
2025-12-29 03:10:00+00:00,109.33,109.58,109.33,109.48,362.77274234
2025-12-29 03:15:00+00:00,109.35,109.43,109.21,109.21,61.27591896
2025-12-29 03:20:00+00:00,109.23,109.23,109.09,109.09,112.63973393
2025-12-29 03:25:00+00:00,109.08,109.16,109.08,109.11,57.01078652
2025-12-29 03:30:00+00:00,109.11,109.34,109.04,109.14,685.73318987
2025-12-29 03:35:00+00:00,109.37,109.48,109.17,109.47,674.85524284
2025-12-29 03:40:00+00:00,109.57,109.77,109.44,109.51,557.76010439
2025-12-29 03:45:00+00:00,109.43,109.65,109.42,109.46,84.25282807
2025-12-29 03:50:00+00:00,109.5,109.5,109.15,109.15,711.99035404
2025-12-29 03:55:00+00:00,109.24,109.24,108.96,108.97,1042.95825188
2025-12-29 04:00:00+00:00,109.06,109.24,109.0,109.15,222.981397
2025-12-29 04:05:00+00:00,109.12,109.27,109.06,109.26,271.59600796
2025-12-29 04:10:00+00:00,109.27,109.32,109.24,109.24,190.82405427
2025-12-29 04:15:00+00:00,109.26,109.3,109.21,109.3,198.12206847
2025-12-29 04:20:00+00:00,109.32,109.4,109.03,109.12,905.35003165
2025-12-29 04:25:00+00:00,109.13,109.22,109.13,109.2,104.23356472
2025-12-29 04:30:00+00:00,109.16,109.32,109.14,109.32,44.6172522
2025-12-29 04:35:00+00:00,109.45,109.54,109.32,109.38,389.22251314
2025-12-29 04:40:00+00:00,109.35,109.43,109.0,109.07,945.88304046
2025-12-29 04:45:00+00:00,109.04,109.06,108.83,109.02,155.19933688
2025-12-29 04:50:00+00:00,108.87,109.15,108.87,109.15,440.65979529
2025-12-29 04:55:00+00:00,109.24,109.38,109.17,109.17,106.12128313
2025-12-29 05:00:00+00:00,109.07,109.09,108.92,108.92,119.46263095
2025-12-29 05:05:00+00:00,108.91,109.05,108.84,108.88,541.33100392
2025-12-29 05:10:00+00:00,108.89,109.11,108.89,109.04,416.9808744
2025-12-29 05:15:00+00:00,108.92,108.97,108.84,108.84,538.70444664
2025-12-29 05:20:00+00:00,108.83,108.94,108.8,108.91,234.21969486
2025-12-29 05:25:00+00:00,108.83,108.93,108.83,108.93,96.64493302
2025-12-29 05:30:00+00:00,108.89,108.94,108.61,108.69,61.45380345
2025-12-29 05:35:00+00:00,108.73,108.88,108.71,108.77,194.336981
2025-12-29 05:40:00+00:00,108.74,108.79,108.72,108.72,194.74162034
2025-12-29 05:45:00+00:00,108.8,108.8,108.56,108.72,42.65299056
2025-12-29 05:50:00+00:00,108.57,108.58,108.35,108.39,485.65838747
2025-12-29 05:55:00+00:00,108.39,108.51,108.39,108.44,69.57232776
2025-12-29 06:00:00+00:00,108.4,108.4,108.33,108.33,205.90411194
2025-12-29 06:05:00+00:00,108.27,108.4,108.22,108.35,137.33422559
2025-12-29 06:10:00+00:00,108.36,108.53,108.34,108.48,116.44146195
2025-12-29 06:15:00+00:00,108.48,108.6,108.47,108.54,113.98184015
2025-12-29 06:20:00+00:00,108.64,108.69,108.6,108.64,36.448768
2025-12-29 06:25:00+00:00,108.62,108.68,108.51,108.51,186.88286301
2025-12-29 06:30:00+00:00,108.56,108.58,108.38,108.41,115.28592443
2025-12-29 06:35:00+00:00,108.38,108.56,108.35,108.52,329.52632528
2025-12-29 06:40:00+00:00,108.41,108.54,108.41,108.54,44.09581294
2025-12-29 06:45:00+00:00,108.48,108.52,108.28,108.28,167.83431437
2025-12-29 06:50:00+00:00,108.43,108.54,108.37,108.4,406.38963173
2025-12-29 06:55:00+00:00,108.38,108.43,108.25,108.39,144.65179222
2025-12-29 07:00:00+00:00,108.36,108.46,108.14,108.2,1535.58932643
2025-12-29 07:05:00+00:00,108.09,108.28,107.9,108.19,1766.51433038
2025-12-29 07:10:00+00:00,108.19,108.43,108.19,108.35,1021.90883025
2025-12-29 07:15:00+00:00,108.37,108.4,108.15,108.16,282.6187264
2025-12-29 07:20:00+00:00,108.22,108.24,108.03,108.07,302.64111665
2025-12-29 07:25:00+00:00,108.09,108.16,108.05,108.05,63.88212622
2025-12-29 07:30:00+00:00,108.04,108.27,108.01,108.26,71.85869131
2025-12-29 07:35:00+00:00,108.34,108.38,108.26,108.34,154.06358737
2025-12-29 07:40:00+00:00,108.34,108.38,108.22,108.22,114.11374919
2025-12-29 07:45:00+00:00,108.25,108.44,108.25,108.41,53.18676624
2025-12-29 07:50:00+00:00,108.43,108.49,108.37,108.47,147.89637756
2025-12-29 07:55:00+00:00,108.46,108.46,108.34,108.35,190.84071844
2025-12-29 08:00:00+00:00,108.44,108.44,108.25,108.28,504.00631767
2025-12-29 08:05:00+00:00,108.32,108.44,108.27,108.38,239.14047416
2025-12-29 08:10:00+00:00,108.38,108.59,108.38,108.59,148.64851066
2025-12-29 08:15:00+00:00,108.58,108.61,108.5,108.54,365.25289922
2025-12-29 08:20:00+00:00,108.54,108.92,108.48,108.64,2771.59815015
2025-12-29 08:25:00+00:00,108.64,108.83,108.56,108.58,1387.72642718
2025-12-29 08:30:00+00:00,108.62,108.75,108.58,108.7,379.76916719
2025-12-29 08:35:00+00:00,108.73,108.73,108.44,108.57,966.95297902
2025-12-29 08:40:00+00:00,108.54,108.66,108.52,108.65,1067.77325732
2025-12-29 08:45:00+00:00,108.64,108.65,108.49,108.56,294.85701195
2025-12-29 08:50:00+00:00,108.63,108.64,108.18,108.25,283.26681595
2025-12-29 08:55:00+00:00,108.25,108.52,108.24,108.34,396.05817548
2025-12-29 09:00:00+00:00,108.3,108.43,108.14,108.4,578.92521186
2025-12-29 09:05:00+00:00,108.25,108.44,108.19,108.32,1229.94627106
2025-12-29 09:10:00+00:00,108.32,108.44,108.32,108.34,94.19708404
2025-12-29 09:15:00+00:00,108.29,108.36,108.29,108.31,139.91005098
2025-12-29 09:20:00+00:00,108.34,108.48,108.31,108.39,198.45856496
2025-12-29 09:25:00+00:00,108.31,108.31,108.11,108.18,457.90247667
2025-12-29 09:30:00+00:00,108.19,108.21,107.67,107.75,2028.13958416
2025-12-29 09:35:00+00:00,107.74,107.76,107.07,107.25,1349.31442758
2025-12-29 09:40:00+00:00,107.32,107.32,106.85,106.92,745.65383792
2025-12-29 09:45:00+00:00,106.85,106.85,106.43,106.62,2725.0790211
2025-12-29 09:50:00+00:00,106.52,106.68,106.36,106.6,415.97804096
2025-12-29 09:55:00+00:00,106.57,106.95,106.5,106.89,584.79992351
2025-12-29 10:00:00+00:00,106.86,106.91,106.75,106.8,917.74120154
2025-12-29 10:05:00+00:00,106.78,107.02,106.58,106.9,588.63159079
2025-12-29 10:10:00+00:00,106.99,107.16,106.86,106.86,251.90159359
2025-12-29 10:15:00+00:00,106.71,106.87,106.66,106.71,148.89694299
2025-12-29 10:20:00+00:00,106.7,106.83,106.68,106.78,215.49941838
2025-12-29 10:25:00+00:00,106.8,106.8,106.67,106.78,142.97589378
2025-12-29 10:30:00+00:00,106.78,106.78,106.64,106.65,96.05131432
2025-12-29 10:35:00+00:00,106.59,106.8,106.59,106.74,60.16044601
2025-12-29 10:40:00+00:00,106.76,106.79,106.74,106.79,254.66576823
2025-12-29 10:45:00+00:00,106.78,106.88,106.59,106.62,67.63748542
2025-12-29 10:50:00+00:00,106.58,106.76,106.58,106.75,282.35910939
2025-12-29 10:55:00+00:00,106.74,106.74,106.48,106.65,269.04608324
2025-12-29 11:00:00+00:00,106.58,106.58,106.1,106.21,303.88519883
2025-12-29 11:05:00+00:00,106.23,106.45,106.12,106.37,111.02101687
2025-12-29 11:10:00+00:00,106.33,106.46,106.33,106.44,140.37155039
2025-12-29 11:15:00+00:00,106.42,106.5,106.32,106.46,553.00816428
2025-12-29 11:20:00+00:00,106.49,106.49,106.35,106.4,87.12343272
2025-12-29 11:25:00+00:00,106.35,106.45,106.35,106.4,60.55281318
2025-12-29 11:30:00+00:00,106.38,106.39,106.28,106.39,143.05020536
2025-12-29 11:35:00+00:00,106.33,106.33,106.15,106.26,787.37740302
2025-12-29 11:40:00+00:00,106.22,106.3,106.19,106.23,576.78287905
2025-12-29 11:45:00+00:00,106.21,106.31,106.15,106.22,91.56763556
2025-12-29 11:50:00+00:00,106.22,106.36,106.19,106.34,222.47730358
2025-12-29 11:55:00+00:00,106.34,106.34,106.14,106.19,933.37847644
2025-12-29 12:00:00+00:00,106.19,106.43,105.99,106.24,1731.84615438
2025-12-29 12:05:00+00:00,106.23,106.23,104.87,105.37,3931.90503783
2025-12-29 12:10:00+00:00,105.23,105.35,104.72,105.05,508.17984155
2025-12-29 12:15:00+00:00,105.03,105.03,104.44,104.87,3558.99764982
2025-12-29 12:20:00+00:00,104.75,105.24,104.71,105.24,544.97354174
2025-12-29 12:25:00+00:00,105.14,105.34,105.05,105.16,272.49198828
2025-12-29 12:30:00+00:00,105.11,105.35,105.02,105.34,895.6530245
2025-12-29 12:35:00+00:00,105.35,105.38,105.18,105.34,143.48962396
2025-12-29 12:40:00+00:00,105.28,105.34,104.98,104.99,240.79299059
2025-12-29 12:45:00+00:00,105.0,105.12,104.95,105.09,200.8311064
2025-12-29 12:50:00+00:00,105.13,105.14,105.09,105.1,231.39455699
2025-12-29 12:55:00+00:00,105.11,105.15,105.05,105.09,58.48057673
2025-12-29 13:00:00+00:00,105.03,105.4,104.94,105.25,269.66410115
2025-12-29 13:05:00+00:00,105.17,105.17,105.09,105.13,62.08633422
2025-12-29 13:10:00+00:00,105.07,105.2,105.06,105.13,292.28492125
2025-12-29 13:15:00+00:00,105.15,105.33,105.15,105.29,336.12063207
2025-12-29 13:20:00+00:00,105.28,105.35,105.12,105.31,492.36435373
2025-12-29 13:25:00+00:00,105.27,105.29,105.09,105.18,165.5239991
2025-12-29 13:30:00+00:00,105.19,105.26,105.05,105.05,459.92961157
2025-12-29 13:35:00+00:00,105.09,105.15,104.99,105.0,152.29924779
2025-12-29 13:40:00+00:00,104.93,105.11,104.88,104.98,314.05958095
2025-12-29 13:45:00+00:00,104.99,105.05,104.65,104.65,1359.14744436
2025-12-29 13:50:00+00:00,104.5,104.7,104.44,104.52,195.31668263
2025-12-29 13:55:00+00:00,104.49,104.68,104.4,104.65,223.50414005
2025-12-29 14:00:00+00:00,104.65,104.67,104.31,104.36,483.30637569
2025-12-29 14:05:00+00:00,104.37,104.53,103.88,104.0,1496.68815657
2025-12-29 14:10:00+00:00,104.07,104.36,103.97,104.03,531.23829459
2025-12-29 14:15:00+00:00,104.33,104.46,104.23,104.4,436.02582624
2025-12-29 14:20:00+00:00,104.29,104.4,104.24,104.35,418.61533436
2025-12-29 14:25:00+00:00,104.37,104.6,104.29,104.57,1409.69851654
2025-12-29 14:30:00+00:00,104.47,105.25,104.44,105.23,317.55523268
2025-12-29 14:35:00+00:00,105.19,105.6,104.97,104.99,1113.34748784
2025-12-29 14:40:00+00:00,104.82,105.12,104.7,105.12,361.24357759
2025-12-29 14:45:00+00:00,105.1,105.3,104.98,105.05,196.6284162
2025-12-29 14:50:00+00:00,104.93,105.17,104.87,104.93,382.27561554
2025-12-29 14:55:00+00:00,104.89,105.02,104.46,104.68,340.43136765
2025-12-29 15:00:00+00:00,104.69,104.72,104.38,104.63,510.6603882
2025-12-29 15:05:00+00:00,104.65,104.81,103.56,104.78,6480.55605886
2025-12-29 15:10:00+00:00,104.9,105.11,104.84,105.11,364.35072639
2025-12-29 15:15:00+00:00,105.14,105.16,104.8,104.83,189.3826837
2025-12-29 15:20:00+00:00,104.84,104.91,104.69,104.91,333.00130545
2025-12-29 15:25:00+00:00,104.89,105.05,104.87,104.95,123.49785332
2025-12-29 15:30:00+00:00,104.91,105.13,104.89,105.13,622.09528968
2025-12-29 15:35:00+00:00,105.15,105.2,104.94,105.03,754.35081252
2025-12-29 15:40:00+00:00,105.04,105.14,105.01,105.04,30.7069878
2025-12-29 15:45:00+00:00,104.95,105.07,104.89,104.92,767.04900956
2025-12-29 15:50:00+00:00,104.84,104.91,104.73,104.87,656.12463573
2025-12-29 15:55:00+00:00,104.65,104.99,104.65,104.79,253.1731721
2025-12-29 16:00:00+00:00,104.81,104.94,104.71,104.88,317.89608756
2025-12-29 16:05:00+00:00,104.83,105.0,104.8,105.0,105.26257572
2025-12-29 16:10:00+00:00,104.82,105.08,104.81,104.95,293.04866962
2025-12-29 16:15:00+00:00,104.9,104.9,104.53,104.88,322.5156435
2025-12-29 16:20:00+00:00,104.7,104.8,104.59,104.71,145.22278134
2025-12-29 16:25:00+00:00,104.64,104.64,104.1,104.29,2615.15457742
2025-12-29 16:30:00+00:00,104.25,104.69,104.25,104.55,1020.90157221
2025-12-29 16:35:00+00:00,104.49,104.61,104.48,104.49,173.12328128
2025-12-29 16:40:00+00:00,104.47,104.66,104.46,104.66,369.20488604
2025-12-29 16:45:00+00:00,104.64,104.94,104.64,104.9,158.33225466
2025-12-29 16:50:00+00:00,104.91,105.01,104.83,104.96,64.83969154
2025-12-29 16:55:00+00:00,104.88,105.05,104.88,104.96,289.19117211
2025-12-29 17:00:00+00:00,104.95,105.09,104.89,104.97,99.88633481
2025-12-29 17:05:00+00:00,104.98,105.18,104.97,105.12,257.6582534
2025-12-29 17:10:00+00:00,105.0,105.08,104.95,104.98,71.17684148
2025-12-29 17:15:00+00:00,104.88,105.09,104.82,105.04,780.18329904
2025-12-29 17:20:00+00:00,105.01,105.12,104.85,104.88,109.99040284
2025-12-29 17:25:00+00:00,104.9,104.9,104.61,104.75,103.89988376
2025-12-29 17:30:00+00:00,104.83,104.83,104.71,104.76,139.50031155
2025-12-29 17:35:00+00:00,104.8,104.88,104.74,104.81,533.80895648
2025-12-29 17:40:00+00:00,104.82,104.94,104.72,104.84,219.66575142
2025-12-29 17:45:00+00:00,104.94,105.2,104.94,105.17,78.47755915
2025-12-29 17:50:00+00:00,105.17,105.32,105.13,105.25,185.51268669
2025-12-29 17:55:00+00:00,105.22,105.31,105.12,105.31,274.40558703
2025-12-29 18:00:00+00:00,105.31,105.39,105.1,105.27,601.22632468
2025-12-29 18:05:00+00:00,105.27,105.27,105.1,105.1,276.99612753
2025-12-29 18:10:00+00:00,105.11,105.13,105.0,105.09,103.99795993
2025-12-29 18:15:00+00:00,105.09,105.17,105.06,105.07,90.43058313
2025-12-29 18:20:00+00:00,105.09,105.35,105.09,105.21,108.6212335
2025-12-29 18:25:00+00:00,105.12,105.12,104.91,104.95,187.47960968
2025-12-29 18:30:00+00:00,104.97,105.05,104.95,105.0,238.51206212
2025-12-29 18:35:00+00:00,105.04,105.06,104.85,104.85,110.93705879
2025-12-29 18:40:00+00:00,104.83,104.83,104.71,104.73,76.7143935
2025-12-29 18:45:00+00:00,104.79,104.83,104.75,104.8,60.78377381
2025-12-29 18:50:00+00:00,104.68,104.84,104.68,104.71,142.44401884
2025-12-29 18:55:00+00:00,104.67,104.71,104.5,104.6,785.26962441
2025-12-29 19:00:00+00:00,104.64,104.65,104.43,104.52,324.37343747
2025-12-29 19:05:00+00:00,104.59,104.87,104.58,104.87,504.15723841
2025-12-29 19:10:00+00:00,104.88,104.92,104.78,104.8,65.65109249
2025-12-29 19:15:00+00:00,104.8,104.85,104.69,104.77,46.78450293
2025-12-29 19:20:00+00:00,104.78,104.83,104.66,104.68,80.81298957
2025-12-29 19:25:00+00:00,104.69,104.69,104.59,104.61,35.47167375
2025-12-29 19:30:00+00:00,104.61,104.8,104.57,104.66,241.99102537
2025-12-29 19:35:00+00:00,104.61,104.63,104.45,104.54,592.27758099
2025-12-29 19:40:00+00:00,104.55,104.56,104.48,104.52,120.25657418
2025-12-29 19:45:00+00:00,104.53,104.6,104.46,104.5,98.33213462
2025-12-29 19:50:00+00:00,104.52,104.52,104.38,104.44,369.6052653
2025-12-29 19:55:00+00:00,104.44,104.5,104.41,104.48,86.73132805
2025-12-29 20:00:00+00:00,104.48,104.62,104.35,104.62,149.7377812
2025-12-29 20:05:00+00:00,104.57,104.78,104.5,104.78,92.82174282
2025-12-29 20:10:00+00:00,104.66,104.8,104.63,104.78,34.71021867
2025-12-29 20:15:00+00:00,104.84,104.93,104.7,104.76,138.06453854
2025-12-29 20:20:00+00:00,104.63,104.72,104.56,104.57,205.31808337
2025-12-29 20:25:00+00:00,104.56,104.62,104.5,104.5,83.42778227
2025-12-29 20:30:00+00:00,104.52,104.56,104.41,104.42,113.89168857
2025-12-29 20:35:00+00:00,104.47,104.52,104.33,104.34,61.10933639
2025-12-29 20:40:00+00:00,104.49,104.49,104.38,104.41,48.13460839
2025-12-29 20:45:00+00:00,104.39,104.45,104.32,104.32,219.25134232
2025-12-29 20:50:00+00:00,104.43,104.5,104.37,104.5,93.56993048
2025-12-29 20:55:00+00:00,104.47,104.69,104.47,104.68,254.95789551
2025-12-29 21:00:00+00:00,104.63,104.68,104.54,104.68,122.74930798
2025-12-29 21:05:00+00:00,104.68,104.76,104.56,104.66,41.2573091
2025-12-29 21:10:00+00:00,104.8,104.82,104.66,104.77,41.03463071
2025-12-29 21:15:00+00:00,104.79,104.79,104.66,104.69,82.28090758
2025-12-29 21:20:00+00:00,104.68,104.7,104.53,104.58,146.00301467
2025-12-29 21:25:00+00:00,104.58,104.69,104.57,104.64,22.76276543
2025-12-29 21:30:00+00:00,104.6,104.72,104.56,104.72,41.69192741
2025-12-29 21:35:00+00:00,104.71,104.8,104.67,104.8,105.21172
2025-12-29 21:40:00+00:00,104.87,104.87,104.78,104.82,88.12018904
2025-12-29 21:45:00+00:00,104.83,104.83,104.75,104.75,100.56653539
2025-12-29 21:50:00+00:00,104.73,104.81,104.72,104.79,389.83797825
2025-12-29 21:55:00+00:00,104.76,104.84,104.76,104.82,121.23553093
2025-12-29 22:00:00+00:00,104.7,104.7,104.57,104.6,385.95167129
2025-12-29 22:05:00+00:00,104.63,104.68,104.55,104.55,92.65918356
2025-12-29 22:10:00+00:00,104.57,104.57,104.54,104.57,48.15017451
2025-12-29 22:15:00+00:00,104.58,104.64,104.56,104.56,111.914345
2025-12-29 22:20:00+00:00,104.59,104.79,104.58,104.74,89.39501712
2025-12-29 22:25:00+00:00,104.7,104.7,104.6,104.63,20.28025949
2025-12-29 22:30:00+00:00,104.62,104.77,104.62,104.75,186.12593715
2025-12-29 22:35:00+00:00,104.78,104.86,104.64,104.66,150.03880078
2025-12-29 22:40:00+00:00,104.76,104.83,104.69,104.83,41.1534843
2025-12-29 22:45:00+00:00,104.76,104.87,104.72,104.87,71.49238953
2025-12-29 22:50:00+00:00,104.79,104.82,104.78,104.82,60.67397232
2025-12-29 22:55:00+00:00,104.82,104.84,104.75,104.75,47.15178913
2025-12-29 23:00:00+00:00,104.73,104.73,104.56,104.63,299.46776497
2025-12-29 23:05:00+00:00,104.61,104.76,104.61,104.75,43.15145384
2025-12-29 23:10:00+00:00,104.8,104.83,104.75,104.83,116.82728991
2025-12-29 23:15:00+00:00,104.84,104.84,104.82,104.83,7.61008025
2025-12-29 23:20:00+00:00,104.84,104.84,104.76,104.83,44.55739271
2025-12-29 23:25:00+00:00,104.76,104.79,104.56,104.57,276.24632728
2025-12-29 23:30:00+00:00,104.6,104.69,104.6,104.64,84.39016036
2025-12-29 23:35:00+00:00,104.63,104.68,104.57,104.57,164.01687912
2025-12-29 23:45:00+00:00,104.6,104.66,104.59,104.63,239.23014827
2025-12-29 23:50:00+00:00,104.6,104.62,104.55,104.58,66.58842539
2025-12-29 23:55:00+00:00,104.61,104.63,104.6,104.62,12.19873314
2025-12-30 00:00:00+00:00,104.57,104.6,104.53,104.6,44.02651758
2025-12-30 00:05:00+00:00,104.59,104.65,104.45,104.65,100.75607498
2025-12-30 00:10:00+00:00,104.6,104.6,104.51,104.55,9.61141411
2025-12-30 00:15:00+00:00,104.52,104.6,104.52,104.55,87.23492476
2025-12-30 00:20:00+00:00,104.58,104.64,104.52,104.58,29.72058966
2025-12-30 00:25:00+00:00,104.58,104.62,104.48,104.49,7.39511723
2025-12-30 00:30:00+00:00,104.41,104.54,104.27,104.37,320.43956998
2025-12-30 00:35:00+00:00,104.38,104.38,104.28,104.34,19.91859634
2025-12-30 00:40:00+00:00,104.38,104.43,104.38,104.43,20.21625472
2025-12-30 00:45:00+00:00,104.48,104.48,104.41,104.46,20.53182859
2025-12-30 00:50:00+00:00,104.42,104.46,104.42,104.43,31.09230702
2025-12-30 00:55:00+00:00,104.43,104.46,104.43,104.43,65.07332788
2025-12-30 01:00:00+00:00,104.43,104.43,104.23,104.3,69.04694137
2025-12-30 01:05:00+00:00,104.32,104.38,104.31,104.38,11.35131342
2025-12-30 01:10:00+00:00,104.38,104.51,104.37,104.38,235.68475787
2025-12-30 01:15:00+00:00,104.31,104.55,104.29,104.55,1107.33663063
2025-12-30 01:20:00+00:00,104.53,104.53,104.43,104.45,26.00783547
2025-12-30 01:25:00+00:00,104.46,104.49,104.43,104.43,92.08197603
2025-12-30 01:30:00+00:00,104.45,104.45,104.31,104.31,23.5131081
2025-12-30 01:35:00+00:00,104.32,104.41,104.2,104.41,60.96775235
2025-12-30 01:40:00+00:00,104.42,104.57,104.42,104.54,22.23581239
2025-12-30 01:45:00+00:00,104.54,104.75,104.54,104.75,33.42569658
2025-12-30 01:50:00+00:00,104.68,104.73,104.5,104.66,154.52198527
2025-12-30 01:55:00+00:00,104.64,104.64,104.54,104.56,56.45255499
2025-12-30 02:00:00+00:00,104.52,104.52,104.41,104.41,30.14400794
2025-12-30 02:05:00+00:00,104.34,104.38,104.25,104.25,172.77096302
2025-12-30 02:10:00+00:00,104.21,104.36,104.12,104.35,147.84858714
2025-12-30 02:15:00+00:00,104.31,104.43,104.3,104.43,49.81079459
2025-12-30 02:20:00+00:00,104.53,104.55,104.26,104.26,75.22960099
2025-12-30 02:25:00+00:00,104.14,104.26,104.05,104.11,146.63311668
2025-12-30 02:30:00+00:00,104.21,104.25,104.05,104.08,492.25710194
2025-12-30 02:35:00+00:00,104.08,104.2,104.08,104.17,18.69437385
2025-12-30 02:40:00+00:00,104.12,104.16,104.02,104.16,84.93690198
2025-12-30 02:45:00+00:00,104.32,104.32,104.26,104.26,92.69700808
2025-12-30 02:50:00+00:00,104.26,104.31,104.17,104.31,12.69405096
2025-12-30 02:55:00+00:00,104.33,104.37,104.3,104.37,110.81665005
2025-12-30 03:00:00+00:00,104.34,104.35,104.32,104.35,4.13911446
2025-12-30 03:05:00+00:00,104.35,104.36,104.28,104.36,46.73276738
2025-12-30 03:10:00+00:00,104.31,104.38,104.31,104.33,81.57971687
2025-12-30 03:15:00+00:00,104.2,104.44,104.19,104.36,56.03235678
2025-12-30 03:20:00+00:00,104.53,104.74,104.51,104.74,276.63934812
2025-12-30 03:25:00+00:00,104.75,104.83,104.75,104.78,195.22295343
2025-12-30 03:30:00+00:00,104.79,104.9,104.72,104.72,282.39435864
2025-12-30 03:35:00+00:00,104.73,104.73,104.73,104.73,2.77791125
2025-12-30 03:40:00+00:00,104.74,104.74,104.7,104.74,14.01286216
2025-12-30 03:45:00+00:00,104.76,104.95,104.75,104.9,382.13709249
2025-12-30 03:50:00+00:00,104.87,105.09,104.86,105.09,194.64464472
2025-12-30 03:55:00+00:00,105.1,105.1,105.04,105.04,28.47486694
2025-12-30 04:00:00+00:00,105.07,105.22,105.06,105.19,51.60251537
2025-12-30 04:05:00+00:00,105.14,105.14,105.1,105.11,52.7473081
2025-12-30 04:10:00+00:00,105.13,105.13,104.98,104.98,103.79135933
2025-12-30 04:15:00+00:00,104.98,105.02,104.98,105.01,57.47748595
2025-12-30 04:20:00+00:00,105.07,105.13,105.04,105.13,9.26125062
2025-12-30 04:25:00+00:00,105.21,105.24,105.17,105.24,70.51983185
2025-12-30 04:30:00+00:00,105.25,105.28,105.19,105.19,5.07083502
2025-12-30 04:35:00+00:00,105.24,105.3,105.21,105.26,17.74955756
2025-12-30 04:40:00+00:00,105.3,105.31,105.29,105.31,17.75123356
2025-12-30 04:45:00+00:00,105.25,105.32,105.15,105.15,87.56816651
2025-12-30 04:50:00+00:00,105.22,105.22,105.16,105.16,10.34558945
2025-12-30 04:55:00+00:00,105.18,105.18,105.18,105.18,14.51770277
2025-12-30 05:00:00+00:00,105.13,105.17,105.13,105.17,54.37397262
2025-12-30 05:05:00+00:00,104.98,105.04,104.98,105.02,5.51959341
2025-12-30 05:10:00+00:00,104.99,105.03,104.98,105.03,28.55387785
2025-12-30 05:15:00+00:00,105.05,105.06,104.87,105.03,137.98884294
2025-12-30 05:20:00+00:00,104.85,104.91,104.71,104.77,79.86529388
2025-12-30 05:25:00+00:00,104.78,104.85,104.78,104.82,36.4466043
2025-12-30 05:30:00+00:00,104.77,104.77,104.52,104.53,101.0249354
2025-12-30 05:35:00+00:00,104.58,104.65,104.56,104.57,100.76688612
2025-12-30 05:40:00+00:00,104.59,104.59,104.59,104.59,9.4726994
2025-12-30 05:45:00+00:00,104.68,104.77,104.68,104.73,31.81493206
2025-12-30 05:50:00+00:00,104.7,104.77,104.65,104.77,62.56199924
2025-12-30 05:55:00+00:00,104.7,104.74,104.68,104.71,41.77956602
2025-12-30 06:00:00+00:00,104.67,104.74,104.65,104.7,92.05756819
2025-12-30 06:05:00+00:00,104.72,104.95,104.72,104.89,110.83582642
2025-12-30 06:10:00+00:00,104.84,105.04,104.84,105.04,72.32225312
2025-12-30 06:15:00+00:00,105.12,105.19,105.04,105.08,115.68129888
2025-12-30 06:20:00+00:00,105.02,105.03,104.89,104.89,135.03383546
2025-12-30 06:25:00+00:00,104.89,104.92,104.89,104.92,7.64114664
2025-12-30 06:30:00+00:00,104.92,105.12,104.9,105.12,35.92257674
2025-12-30 06:35:00+00:00,105.0,105.1,104.94,105.08,23.50203748
2025-12-30 06:40:00+00:00,105.1,105.14,105.07,105.14,16.79481897
2025-12-30 06:45:00+00:00,105.11,105.2,105.11,105.2,7.67905829
2025-12-30 06:50:00+00:00,105.09,105.1,105.07,105.1,27.07377748
2025-12-30 06:55:00+00:00,105.05,105.11,105.03,105.11,140.19349481
2025-12-30 07:00:00+00:00,105.09,105.17,105.09,105.17,50.54404862
2025-12-30 07:05:00+00:00,105.2,105.39,105.19,105.37,124.39859378
2025-12-30 07:10:00+00:00,105.26,105.32,105.25,105.3,21.88678672
2025-12-30 07:15:00+00:00,105.17,105.38,105.11,105.2,213.71548221
2025-12-30 07:20:00+00:00,105.13,105.18,105.08,105.1,271.38918466
2025-12-30 07:25:00+00:00,105.17,105.19,105.1,105.15,149.67752327
2025-12-30 07:30:00+00:00,105.14,105.22,105.09,105.22,175.22677661
2025-12-30 07:35:00+00:00,105.24,105.42,105.24,105.42,70.25688862
2025-12-30 07:40:00+00:00,105.47,105.52,105.37,105.37,225.38707392
2025-12-30 07:45:00+00:00,105.37,105.39,105.27,105.29,96.07402289
2025-12-30 07:50:00+00:00,105.32,105.34,105.27,105.29,132.65948196
2025-12-30 07:55:00+00:00,105.27,105.29,105.25,105.29,134.73016934
2025-12-30 08:00:00+00:00,105.22,105.75,105.22,105.68,654.46186978
2025-12-30 08:05:00+00:00,105.85,106.06,105.75,105.91,682.15924117
2025-12-30 08:10:00+00:00,105.87,106.15,105.83,105.98,779.77997163
2025-12-30 08:15:00+00:00,106.1,106.22,106.02,106.1,1215.12896315
2025-12-30 08:20:00+00:00,106.06,106.06,105.54,105.83,505.80034605
2025-12-30 08:25:00+00:00,105.78,105.86,105.72,105.86,58.12391645
2025-12-30 08:30:00+00:00,105.78,105.89,105.66,105.67,307.05732587
2025-12-30 08:35:00+00:00,105.73,106.01,105.73,106.01,341.41422703
2025-12-30 08:40:00+00:00,105.97,106.03,105.9,105.97,116.3007229
2025-12-30 08:45:00+00:00,105.96,105.99,105.9,105.94,124.24768123
2025-12-30 08:50:00+00:00,105.99,106.02,105.92,105.96,41.53558741
2025-12-30 08:55:00+00:00,105.92,105.94,105.87,105.94,46.63091443
2025-12-30 09:00:00+00:00,106.0,106.04,105.76,105.94,285.52569607
2025-12-30 09:05:00+00:00,105.91,106.07,105.83,105.97,192.2371145
2025-12-30 09:10:00+00:00,105.9,106.08,105.85,105.86,217.89502448
2025-12-30 09:15:00+00:00,105.8,105.86,105.68,105.68,1686.0757947
2025-12-30 09:20:00+00:00,105.74,105.78,105.56,105.6,217.13225178
2025-12-30 09:25:00+00:00,105.6,105.69,105.57,105.6,55.64755625
2025-12-30 09:30:00+00:00,105.58,105.74,105.57,105.68,898.93833339
2025-12-30 09:35:00+00:00,105.73,105.74,105.59,105.6,178.65874481
2025-12-30 09:40:00+00:00,105.55,105.76,105.55,105.76,104.22320972
2025-12-30 09:45:00+00:00,105.77,105.82,105.67,105.82,66.36904776
2025-12-30 09:50:00+00:00,105.81,106.13,105.81,105.92,863.99010353
2025-12-30 09:55:00+00:00,105.91,105.99,105.91,105.94,177.70523189
2025-12-30 10:00:00+00:00,105.93,106.07,105.88,105.88,1026.08862016
2025-12-30 10:05:00+00:00,105.89,105.93,105.82,105.84,60.38898985
2025-12-30 10:10:00+00:00,105.8,105.9,105.73,105.85,169.51597157
2025-12-30 10:15:00+00:00,105.85,105.87,105.71,105.71,143.2685857
2025-12-30 10:20:00+00:00,105.86,105.9,105.77,105.77,173.63023452
2025-12-30 10:25:00+00:00,105.74,105.8,105.72,105.8,78.96995066
2025-12-30 10:30:00+00:00,105.65,105.77,105.65,105.74,33.3936769
2025-12-30 10:35:00+00:00,105.76,105.85,105.76,105.77,37.72514231
2025-12-30 10:40:00+00:00,105.73,105.87,105.72,105.87,270.38753243
2025-12-30 10:45:00+00:00,105.9,105.9,105.78,105.81,123.63274581
2025-12-30 10:50:00+00:00,105.8,105.82,105.72,105.74,354.60242755
2025-12-30 10:55:00+00:00,105.7,105.71,105.65,105.71,88.65058959
2025-12-30 11:00:00+00:00,105.66,105.69,105.63,105.64,57.98847811
2025-12-30 11:05:00+00:00,105.64,105.75,105.61,105.71,140.07736398
2025-12-30 11:10:00+00:00,105.74,105.74,105.68,105.71,49.76323584
2025-12-30 11:15:00+00:00,105.7,105.71,105.63,105.65,48.42699724
2025-12-30 11:20:00+00:00,105.62,105.62,105.48,105.48,130.5028692
2025-12-30 11:25:00+00:00,105.51,105.52,105.46,105.47,64.48437924
2025-12-30 11:30:00+00:00,105.5,105.63,105.5,105.62,125.79618061
2025-12-30 11:35:00+00:00,105.61,105.7,105.61,105.64,182.03570977
2025-12-30 11:40:00+00:00,105.64,105.64,105.46,105.53,135.87918974
2025-12-30 11:45:00+00:00,105.54,105.63,105.51,105.54,610.01606824
2025-12-30 11:50:00+00:00,105.56,105.56,105.37,105.41,295.09524949
2025-12-30 11:55:00+00:00,105.33,105.54,105.33,105.53,309.17321666
2025-12-30 12:00:00+00:00,105.55,105.68,105.53,105.6,213.96752353
2025-12-30 12:05:00+00:00,105.55,105.56,105.51,105.52,153.73079086
2025-12-30 12:10:00+00:00,105.69,105.75,105.64,105.69,156.71231136
2025-12-30 12:15:00+00:00,105.68,105.74,105.66,105.72,45.6487236
2025-12-30 12:20:00+00:00,105.74,105.84,105.7,105.74,157.40565036
2025-12-30 12:25:00+00:00,105.74,105.79,105.72,105.73,314.94332547
2025-12-30 12:30:00+00:00,105.74,105.8,105.67,105.69,176.30864378
2025-12-30 12:35:00+00:00,105.66,105.66,105.57,105.62,159.1273107
2025-12-30 12:40:00+00:00,105.58,105.58,105.4,105.43,167.22008827
2025-12-30 12:45:00+00:00,105.46,105.46,105.41,105.45,177.37587358
2025-12-30 12:50:00+00:00,105.48,105.58,105.48,105.57,80.40631696
2025-12-30 12:55:00+00:00,105.53,105.56,105.48,105.55,72.82252806
2025-12-30 13:00:00+00:00,105.51,105.57,105.43,105.48,77.55613768
2025-12-30 13:05:00+00:00,105.49,105.61,105.42,105.42,228.01143113
2025-12-30 13:10:00+00:00,105.48,105.57,105.44,105.44,388.16298565
2025-12-30 13:15:00+00:00,105.45,105.49,105.39,105.42,522.87608923
2025-12-30 13:20:00+00:00,105.44,105.56,105.39,105.44,41.50542097
2025-12-30 13:25:00+00:00,105.52,105.65,105.52,105.56,70.75756423
2025-12-30 13:30:00+00:00,105.6,105.63,105.23,105.32,202.02660073
2025-12-30 13:35:00+00:00,105.32,105.47,105.29,105.45,157.59509746
2025-12-30 13:40:00+00:00,105.46,105.61,105.46,105.57,107.26929094
2025-12-30 13:45:00+00:00,105.61,105.65,105.55,105.63,141.41159959
2025-12-30 13:50:00+00:00,105.57,105.61,105.45,105.6,74.83399209
2025-12-30 13:55:00+00:00,105.6,105.63,105.54,105.54,172.76019197
2025-12-30 14:00:00+00:00,105.42,105.5,104.94,105.09,1885.77964791
2025-12-30 14:05:00+00:00,105.11,105.6,105.11,105.48,394.29813527
2025-12-30 14:10:00+00:00,105.56,105.9,105.56,105.8,238.56632031
2025-12-30 14:15:00+00:00,105.68,105.84,105.62,105.78,1776.52862819
2025-12-30 14:20:00+00:00,105.84,106.05,105.74,105.82,210.3130809
2025-12-30 14:25:00+00:00,105.76,105.81,105.56,105.56,216.93711475
2025-12-30 14:30:00+00:00,105.35,105.62,105.28,105.62,167.09437573
2025-12-30 14:35:00+00:00,105.59,105.79,105.5,105.54,211.83463266
2025-12-30 14:40:00+00:00,105.38,105.55,105.29,105.55,541.88032272
2025-12-30 14:45:00+00:00,105.56,105.76,105.45,105.73,854.12148354
2025-12-30 14:50:00+00:00,105.87,106.47,105.78,106.25,1508.96583575
2025-12-30 14:55:00+00:00,106.34,106.39,106.11,106.12,311.39419886
2025-12-30 15:00:00+00:00,106.39,106.39,105.35,106.18,1055.1531994
2025-12-30 15:05:00+00:00,105.54,105.69,105.47,105.61,498.74853113
2025-12-30 15:10:00+00:00,105.65,105.8,105.61,105.61,227.94303539
2025-12-30 15:15:00+00:00,105.6,105.76,105.59,105.68,146.65729738
2025-12-30 15:20:00+00:00,105.67,105.91,105.59,105.79,463.14012369
2025-12-30 15:25:00+00:00,105.79,105.94,105.76,105.87,873.79048516
2025-12-30 15:30:00+00:00,105.9,105.99,105.79,105.83,89.71993896
2025-12-30 15:35:00+00:00,105.86,106.09,105.86,105.98,474.76976293
2025-12-30 15:40:00+00:00,106.01,106.05,105.83,106.05,400.49664659
2025-12-30 15:45:00+00:00,106.04,106.14,105.84,106.14,235.56012952
2025-12-30 15:50:00+00:00,106.15,106.36,106.11,106.2,419.97573967
2025-12-30 15:55:00+00:00,106.33,106.42,106.24,106.38,613.47670679
2025-12-30 16:00:00+00:00,106.4,106.5,106.2,106.2,395.26718763
2025-12-30 16:05:00+00:00,106.3,106.38,106.2,106.35,114.1129761
2025-12-30 16:10:00+00:00,106.37,106.52,106.26,106.26,687.20911142
2025-12-30 16:15:00+00:00,106.28,107.02,106.2,107.0,636.32900559
2025-12-30 16:20:00+00:00,107.21,107.44,107.03,107.42,825.113888
2025-12-30 16:25:00+00:00,107.43,107.43,107.15,107.19,685.73295146
2025-12-30 16:30:00+00:00,107.01,107.26,106.81,106.85,336.92352431
2025-12-30 16:35:00+00:00,106.87,106.96,106.69,106.81,144.73534512
2025-12-30 16:40:00+00:00,106.77,106.77,106.56,106.67,487.64863087
2025-12-30 16:45:00+00:00,106.76,106.77,106.53,106.53,239.0126703
2025-12-30 16:50:00+00:00,106.54,106.67,106.4,106.43,1287.20987454
2025-12-30 16:55:00+00:00,106.59,106.77,106.59,106.73,168.10700996
2025-12-30 17:00:00+00:00,106.8,106.93,106.69,106.81,159.85558055
2025-12-30 17:05:00+00:00,106.79,106.92,106.76,106.9,97.35822836
2025-12-30 17:10:00+00:00,106.89,107.0,106.83,106.83,216.1197952
2025-12-30 17:15:00+00:00,106.8,106.93,106.57,106.59,405.86843536
2025-12-30 17:20:00+00:00,106.64,106.7,106.63,106.63,46.16995298
2025-12-30 17:25:00+00:00,106.73,106.82,106.55,106.64,237.66200572
2025-12-30 17:30:00+00:00,106.63,106.63,106.44,106.47,237.05221089
2025-12-30 17:35:00+00:00,106.63,106.64,106.54,106.58,38.69520501
2025-12-30 17:40:00+00:00,106.63,106.68,106.36,106.4,314.93908001
2025-12-30 17:45:00+00:00,106.37,106.37,105.73,105.92,3102.87301382
2025-12-30 17:50:00+00:00,105.99,106.2,105.93,106.05,318.99434229
2025-12-30 17:55:00+00:00,106.03,106.03,105.95,105.98,60.08226699
2025-12-30 18:00:00+00:00,105.98,105.98,105.76,105.8,115.16292986
2025-12-30 18:05:00+00:00,105.95,105.95,105.71,105.75,228.91662956
2025-12-30 18:10:00+00:00,105.73,105.73,105.65,105.7,98.18065718
2025-12-30 18:15:00+00:00,105.68,105.8,105.67,105.77,117.92892331
2025-12-30 18:20:00+00:00,105.87,105.96,105.72,105.86,305.92490973
2025-12-30 18:25:00+00:00,105.83,105.83,105.6,105.75,210.44831047
2025-12-30 18:30:00+00:00,105.75,105.75,105.68,105.74,94.8237601
2025-12-30 18:35:00+00:00,105.74,105.96,105.67,105.88,68.17600598
2025-12-30 18:40:00+00:00,105.87,105.88,105.77,105.84,74.36348662
2025-12-30 18:45:00+00:00,105.83,105.85,105.77,105.77,25.88224802
2025-12-30 18:50:00+00:00,105.8,105.8,105.55,105.67,638.67057634
2025-12-30 18:55:00+00:00,105.81,105.95,105.78,105.92,49.69524221
2025-12-30 19:00:00+00:00,105.76,105.82,105.7,105.71,54.14690425
2025-12-30 19:05:00+00:00,105.67,105.67,105.3,105.43,1073.59438491
2025-12-30 19:10:00+00:00,105.39,105.52,105.39,105.49,835.88155449
2025-12-30 19:15:00+00:00,105.49,105.51,105.4,105.4,266.83034834
2025-12-30 19:20:00+00:00,105.71,105.71,105.41,105.65,382.21783741
2025-12-30 19:25:00+00:00,105.65,105.83,105.65,105.81,121.51467394
2025-12-30 19:30:00+00:00,105.76,106.0,105.76,105.91,296.71653847
2025-12-30 19:35:00+00:00,105.96,106.02,105.91,105.93,88.77244562
2025-12-30 19:40:00+00:00,105.89,105.93,105.83,105.91,99.26501401
2025-12-30 19:45:00+00:00,105.92,106.09,105.78,105.78,208.84045256
2025-12-30 19:50:00+00:00,105.88,105.91,105.7,105.91,134.54739216
2025-12-30 19:55:00+00:00,105.94,106.06,105.94,106.06,118.29837091
2025-12-30 20:00:00+00:00,106.06,106.06,105.82,105.88,172.99523737
2025-12-30 20:05:00+00:00,105.99,106.0,105.87,105.92,127.87366214
2025-12-30 20:10:00+00:00,105.97,106.0,105.88,105.89,224.18715488
2025-12-30 20:15:00+00:00,105.93,106.08,105.87,106.08,191.16718034
2025-12-30 20:20:00+00:00,105.85,106.1,105.85,105.85,116.25495651
2025-12-30 20:25:00+00:00,105.87,105.97,105.78,105.79,51.43433722
2025-12-30 20:30:00+00:00,105.81,105.88,105.77,105.79,56.79884739
2025-12-30 20:35:00+00:00,105.86,105.86,105.63,105.65,430.60621049
2025-12-30 20:40:00+00:00,105.65,105.72,105.5,105.5,60.70318383
2025-12-30 20:45:00+00:00,105.46,105.46,105.34,105.38,80.83093156
2025-12-30 20:50:00+00:00,105.47,105.53,105.35,105.4,88.26674544
2025-12-30 20:55:00+00:00,105.39,105.45,105.34,105.45,215.81795069
2025-12-30 21:00:00+00:00,105.46,105.58,105.39,105.54,328.90864726
2025-12-30 21:05:00+00:00,105.45,105.51,105.43,105.51,18.38102072
2025-12-30 21:10:00+00:00,105.45,105.46,105.39,105.4,136.37598607
2025-12-30 21:15:00+00:00,105.43,105.48,105.4,105.45,71.78831345
2025-12-30 21:20:00+00:00,105.46,105.47,105.35,105.41,165.67604562
2025-12-30 21:25:00+00:00,105.38,105.38,105.26,105.27,25.14581184
2025-12-30 21:30:00+00:00,105.33,105.41,105.29,105.34,106.06473816
2025-12-30 21:35:00+00:00,105.29,105.34,105.11,105.12,277.86034439
2025-12-30 21:40:00+00:00,105.11,105.34,105.02,105.34,344.1948979
2025-12-30 21:45:00+00:00,105.35,105.45,105.31,105.31,86.20094194
2025-12-30 21:50:00+00:00,105.28,105.38,105.23,105.31,322.12699611
2025-12-30 21:55:00+00:00,105.3,105.35,105.28,105.34,57.37652401
2025-12-30 22:00:00+00:00,105.37,105.5,105.32,105.41,339.61503503
2025-12-30 22:05:00+00:00,105.49,105.55,105.48,105.55,160.13025124
2025-12-30 22:10:00+00:00,105.55,105.73,105.53,105.71,1381.40361816
2025-12-30 22:15:00+00:00,105.7,105.74,105.62,105.69,231.1310839
2025-12-30 22:20:00+00:00,105.74,105.84,105.66,105.74,173.10581641
2025-12-30 22:25:00+00:00,105.85,105.87,105.8,105.87,82.987658
2025-12-30 22:30:00+00:00,105.85,105.91,105.71,105.78,140.81632335
2025-12-30 22:35:00+00:00,105.74,105.76,105.54,105.63,254.1282847
2025-12-30 22:40:00+00:00,105.61,105.63,105.53,105.53,176.18061046
2025-12-30 22:45:00+00:00,105.54,105.66,105.54,105.65,700.01018069
2025-12-30 22:50:00+00:00,105.61,105.66,105.53,105.59,198.51797798
2025-12-30 22:55:00+00:00,105.66,105.79,105.64,105.76,485.2836686
2025-12-30 23:00:00+00:00,105.78,105.93,105.71,105.71,460.2738748
2025-12-30 23:05:00+00:00,105.68,105.83,105.65,105.72,171.58988633
2025-12-30 23:10:00+00:00,105.78,105.8,105.72,105.72,144.14200568
2025-12-30 23:15:00+00:00,105.71,105.98,105.67,105.93,75.70500022
2025-12-30 23:20:00+00:00,105.96,106.0,105.93,105.99,89.172058
2025-12-30 23:25:00+00:00,106.0,106.07,106.0,106.07,17.543348
2025-12-30 23:30:00+00:00,106.12,106.21,106.06,106.12,62.06212643
2025-12-30 23:35:00+00:00,106.06,106.11,106.01,106.11,64.05579175
2025-12-30 23:40:00+00:00,106.09,106.16,106.09,106.13,104.00494354
2025-12-30 23:45:00+00:00,106.15,106.3,106.14,106.23,1565.259351
2025-12-30 23:50:00+00:00,106.23,106.34,106.23,106.31,442.07944219
2025-12-30 23:55:00+00:00,106.33,106.41,106.31,106.31,121.82456462
2025-12-31 00:00:00+00:00,106.17,106.26,106.04,106.17,44.70827626
2025-12-31 00:05:00+00:00,106.24,106.24,106.09,106.1,114.66321685
2025-12-31 00:10:00+00:00,106.09,106.17,106.08,106.15,175.85365656
2025-12-31 00:15:00+00:00,106.14,106.21,105.94,105.94,59.80262343
2025-12-31 00:20:00+00:00,105.97,106.17,105.97,106.17,246.34647959
2025-12-31 00:25:00+00:00,106.04,106.12,105.99,106.04,165.7609473
2025-12-31 00:30:00+00:00,106.01,106.28,105.79,106.11,96.21961333
2025-12-31 00:35:00+00:00,106.3,106.35,106.12,106.12,84.36127319
2025-12-31 00:40:00+00:00,106.21,106.24,106.21,106.24,15.06409024
2025-12-31 00:45:00+00:00,106.27,106.27,106.2,106.25,36.91343575
2025-12-31 00:50:00+00:00,106.23,106.27,106.21,106.21,49.6007719
2025-12-31 00:55:00+00:00,106.18,106.22,106.18,106.22,35.42381152
2025-12-31 01:00:00+00:00,106.21,106.33,106.14,106.31,91.16533529
2025-12-31 01:05:00+00:00,106.38,106.38,106.17,106.17,12.03589516
2025-12-31 01:10:00+00:00,106.25,106.55,106.25,106.53,36.78200364
2025-12-31 01:15:00+00:00,106.56,106.82,106.56,106.79,109.93675578
2025-12-31 01:20:00+00:00,106.86,106.9,106.75,106.83,45.06978467
2025-12-31 01:25:00+00:00,106.77,106.86,106.77,106.8,6.01468026
2025-12-31 01:30:00+00:00,106.95,107.02,106.95,107.0,277.03112973
2025-12-31 01:35:00+00:00,107.05,107.07,106.86,106.9,188.63954969
2025-12-31 01:40:00+00:00,106.95,106.96,106.8,106.88,369.77919096
2025-12-31 01:45:00+00:00,106.9,106.96,106.8,106.92,419.78776279
2025-12-31 01:50:00+00:00,106.87,106.87,106.81,106.85,21.24980421
2025-12-31 01:55:00+00:00,106.79,106.79,106.68,106.78,240.94066618
2025-12-31 02:00:00+00:00,106.59,106.84,106.59,106.84,59.21504187
2025-12-31 02:05:00+00:00,106.77,106.77,106.67,106.69,43.23878516
2025-12-31 02:10:00+00:00,106.7,107.05,106.7,107.05,183.51210967
2025-12-31 02:15:00+00:00,107.09,107.09,106.94,106.94,40.61277291
2025-12-31 02:20:00+00:00,106.98,107.04,106.89,106.91,22.96130384
2025-12-31 02:25:00+00:00,106.82,106.85,106.76,106.85,107.73630122
2025-12-31 02:30:00+00:00,106.88,106.94,106.81,106.86,21.38139484
2025-12-31 02:35:00+00:00,106.95,106.95,106.76,106.76,7.02241544
2025-12-31 02:40:00+00:00,106.66,106.74,106.63,106.73,265.67553853
2025-12-31 02:45:00+00:00,106.78,106.89,106.78,106.82,50.67170271
2025-12-31 02:50:00+00:00,106.83,107.23,106.83,107.21,158.2507658
2025-12-31 02:55:00+00:00,107.13,107.23,107.1,107.13,104.01680377
2025-12-31 03:00:00+00:00,107.13,107.23,107.05,107.07,37.70506886
2025-12-31 03:05:00+00:00,107.06,107.1,107.06,107.08,72.59357121
2025-12-31 03:10:00+00:00,107.08,107.08,107.06,107.06,31.258414
2025-12-31 03:15:00+00:00,106.85,106.94,106.81,106.91,101.17817967
2025-12-31 03:20:00+00:00,106.84,106.84,106.73,106.75,90.12882093
2025-12-31 03:25:00+00:00,106.73,106.79,106.71,106.71,19.36295507
2025-12-31 03:30:00+00:00,106.71,106.75,106.61,106.61,72.56265846
2025-12-31 03:35:00+00:00,106.5,106.57,106.49,106.49,11.03734037
2025-12-31 03:40:00+00:00,106.57,106.62,106.56,106.62,45.4096321
2025-12-31 03:45:00+00:00,106.64,106.68,106.6,106.65,32.65553415
2025-12-31 03:50:00+00:00,106.64,106.84,106.64,106.84,31.48233919
2025-12-31 03:55:00+00:00,106.88,107.0,106.87,106.98,28.94488396
2025-12-31 04:00:00+00:00,107.03,107.06,107.02,107.03,111.14989439
2025-12-31 04:05:00+00:00,106.85,106.9,106.76,106.76,100.82068541
2025-12-31 04:10:00+00:00,106.65,106.89,106.65,106.75,56.69242843
2025-12-31 04:15:00+00:00,106.77,106.88,106.77,106.85,85.53247511
2025-12-31 04:20:00+00:00,106.86,106.86,106.7,106.72,229.71905729
2025-12-31 04:25:00+00:00,106.67,106.83,106.67,106.74,66.0540102
2025-12-31 04:30:00+00:00,106.85,106.93,106.85,106.88,100.19678863
2025-12-31 04:35:00+00:00,106.89,106.94,106.85,106.94,44.1097354
2025-12-31 04:40:00+00:00,106.9,107.0,106.9,106.98,67.37209148
2025-12-31 04:45:00+00:00,106.95,106.97,106.81,106.82,188.46541262
2025-12-31 04:50:00+00:00,106.84,106.9,106.83,106.83,31.21254224
2025-12-31 04:55:00+00:00,106.79,106.8,106.77,106.77,40.53717088
2025-12-31 05:00:00+00:00,106.73,106.9,106.73,106.9,118.97798412
2025-12-31 05:05:00+00:00,106.89,106.89,106.77,106.82,23.36252674
2025-12-31 05:10:00+00:00,106.87,106.87,106.82,106.85,53.4522362
2025-12-31 05:15:00+00:00,106.86,106.87,106.78,106.78,138.97526093
2025-12-31 05:20:00+00:00,106.79,106.83,106.79,106.83,71.83744395
2025-12-31 05:25:00+00:00,106.87,106.89,106.81,106.87,217.5686335
2025-12-31 05:30:00+00:00,106.91,106.92,106.82,106.82,81.93952998
2025-12-31 05:35:00+00:00,106.81,106.83,106.73,106.81,33.46663097
2025-12-31 05:40:00+00:00,106.82,106.98,106.82,106.97,35.41358073
2025-12-31 05:45:00+00:00,106.93,106.98,106.92,106.94,3.96699982
2025-12-31 05:50:00+00:00,106.92,106.95,106.82,106.87,89.15595768
2025-12-31 05:55:00+00:00,106.95,106.95,106.87,106.95,17.82504306
2025-12-31 06:00:00+00:00,106.9,106.95,106.9,106.93,58.23221617
2025-12-31 06:05:00+00:00,106.98,107.01,106.89,106.97,19.43340312
2025-12-31 06:10:00+00:00,107.04,107.09,107.0,107.03,415.97363079
2025-12-31 06:15:00+00:00,107.03,107.04,106.94,106.98,201.78577601
2025-12-31 06:20:00+00:00,107.05,107.08,107.04,107.07,29.95465056
2025-12-31 06:25:00+00:00,107.09,107.16,107.05,107.14,241.10487384
2025-12-31 06:30:00+00:00,107.14,107.17,107.13,107.16,17.05973191
2025-12-31 06:35:00+00:00,107.13,107.16,107.05,107.05,59.92705882
2025-12-31 06:40:00+00:00,107.1,107.16,107.05,107.11,78.12558272
2025-12-31 06:45:00+00:00,107.1,107.23,107.1,107.16,16.66343303
2025-12-31 06:50:00+00:00,107.1,107.1,107.1,107.1,16.81005524
2025-12-31 06:55:00+00:00,107.1,107.11,107.05,107.1,146.28425393
2025-12-31 07:00:00+00:00,107.07,107.09,107.0,107.04,212.80675682
2025-12-31 07:05:00+00:00,107.09,107.09,107.03,107.04,10.48530059
2025-12-31 07:10:00+00:00,107.03,107.11,107.03,107.1,124.8992576
2025-12-31 07:15:00+00:00,107.07,107.07,107.0,107.0,189.18523903
2025-12-31 07:20:00+00:00,106.95,107.09,106.9,107.08,260.80316402
2025-12-31 07:25:00+00:00,107.13,107.16,107.11,107.13,92.36360788
2025-12-31 07:30:00+00:00,107.1,107.11,107.0,107.0,102.47852037
2025-12-31 07:35:00+00:00,107.18,107.25,106.95,107.03,843.19259101
2025-12-31 07:40:00+00:00,107.04,107.1,107.02,107.09,45.6542697
2025-12-31 07:45:00+00:00,107.09,107.15,107.01,107.09,176.19483827
2025-12-31 07:50:00+00:00,107.06,107.2,107.01,107.11,123.78064165
2025-12-31 07:55:00+00:00,107.2,107.2,107.15,107.16,324.8325543
2025-12-31 08:00:00+00:00,107.17,107.29,107.14,107.26,131.60702675
2025-12-31 08:05:00+00:00,107.23,107.42,107.23,107.37,64.91438798
2025-12-31 08:10:00+00:00,107.28,107.29,107.23,107.28,30.26385817
2025-12-31 08:15:00+00:00,107.3,107.3,107.18,107.24,575.2049662
2025-12-31 08:20:00+00:00,107.29,107.29,107.15,107.18,97.91318146
2025-12-31 08:25:00+00:00,107.15,107.24,107.13,107.14,207.47441528
2025-12-31 08:30:00+00:00,107.18,107.19,107.11,107.11,132.07173106
2025-12-31 08:35:00+00:00,107.13,107.13,106.85,107.12,317.86994451
2025-12-31 08:40:00+00:00,106.91,106.91,106.81,106.87,356.24947843
2025-12-31 08:45:00+00:00,106.85,106.93,106.79,106.93,637.22256959
2025-12-31 08:50:00+00:00,106.95,106.95,106.85,106.92,114.45317985
2025-12-31 08:55:00+00:00,106.89,106.98,106.87,106.96,207.14993509
2025-12-31 09:00:00+00:00,106.99,107.08,106.97,107.06,160.05336995
2025-12-31 09:05:00+00:00,107.03,107.2,107.0,107.2,277.97611194
2025-12-31 09:10:00+00:00,107.17,107.18,106.94,107.09,409.43554743
2025-12-31 09:15:00+00:00,107.15,107.15,107.0,107.08,122.64200665
2025-12-31 09:20:00+00:00,107.09,107.13,107.07,107.07,62.70916554
2025-12-31 09:25:00+00:00,107.11,107.11,107.06,107.07,240.42329636
2025-12-31 09:30:00+00:00,107.01,107.13,106.98,107.09,124.41963826
2025-12-31 09:35:00+00:00,107.15,107.2,107.06,107.19,95.2545052
2025-12-31 09:40:00+00:00,107.18,107.2,107.15,107.15,102.99823745
2025-12-31 09:45:00+00:00,107.18,107.24,107.18,107.22,84.84575451
2025-12-31 09:50:00+00:00,107.23,107.35,107.19,107.34,473.89258861
2025-12-31 09:55:00+00:00,107.32,107.54,107.32,107.4,201.24754861
2025-12-31 10:00:00+00:00,107.45,107.53,107.39,107.44,413.69640355
2025-12-31 10:05:00+00:00,107.49,107.59,107.47,107.56,73.10600673
2025-12-31 10:10:00+00:00,107.48,107.59,107.46,107.46,119.65570013
2025-12-31 10:15:00+00:00,107.46,107.55,107.45,107.46,18.74720216
2025-12-31 10:20:00+00:00,107.38,107.39,107.23,107.39,203.65436653
2025-12-31 10:25:00+00:00,107.4,107.4,107.28,107.31,26.08041393
2025-12-31 10:30:00+00:00,107.34,107.34,107.19,107.29,65.8808193
2025-12-31 10:35:00+00:00,107.22,107.33,107.2,107.3,41.40083459
2025-12-31 10:40:00+00:00,107.28,107.35,107.27,107.35,40.97823408
2025-12-31 10:45:00+00:00,107.33,107.4,107.32,107.4,305.79277849
2025-12-31 10:50:00+00:00,107.4,107.4,107.33,107.33,126.70723271
2025-12-31 10:55:00+00:00,107.45,107.49,107.32,107.49,73.01065878
2025-12-31 11:00:00+00:00,107.49,107.52,107.4,107.45,232.04873693
2025-12-31 11:05:00+00:00,107.44,107.51,107.38,107.48,52.9506685
2025-12-31 11:10:00+00:00,107.51,107.53,107.44,107.46,92.77288158
2025-12-31 11:15:00+00:00,107.43,107.53,107.38,107.49,171.19888593
2025-12-31 11:20:00+00:00,107.5,107.5,107.4,107.41,240.22926002
2025-12-31 11:25:00+00:00,107.53,107.56,107.42,107.51,143.29062112
2025-12-31 11:30:00+00:00,107.54,107.55,107.45,107.47,272.47014114
2025-12-31 11:35:00+00:00,107.64,107.65,107.44,107.64,1120.94137533
2025-12-31 11:40:00+00:00,107.64,107.86,107.61,107.79,1655.83835043
2025-12-31 11:45:00+00:00,107.75,107.75,107.67,107.67,744.70667895
2025-12-31 11:50:00+00:00,107.67,107.81,107.67,107.73,171.5406051
2025-12-31 11:55:00+00:00,107.7,107.79,107.68,107.72,249.69140116
2025-12-31 12:00:00+00:00,107.71,107.74,107.57,107.65,195.42690521
2025-12-31 12:05:00+00:00,107.66,107.71,107.66,107.69,42.91159586
2025-12-31 12:10:00+00:00,107.68,107.68,107.61,107.62,111.28459768
2025-12-31 12:15:00+00:00,107.66,107.66,107.54,107.54,120.2491428
2025-12-31 12:20:00+00:00,107.56,107.64,107.5,107.56,148.87561981
2025-12-31 12:25:00+00:00,107.6,107.61,107.48,107.61,399.59251261
2025-12-31 12:30:00+00:00,107.58,107.7,107.58,107.68,302.05337094
2025-12-31 12:35:00+00:00,107.67,107.68,107.44,107.48,137.98052573
2025-12-31 12:40:00+00:00,107.45,107.45,107.31,107.31,44.06110051
2025-12-31 12:45:00+00:00,107.25,107.34,107.23,107.31,122.93032168
2025-12-31 12:50:00+00:00,107.31,107.31,107.11,107.11,273.17421398
2025-12-31 12:55:00+00:00,107.15,107.21,107.12,107.21,156.6707703
2025-12-31 13:00:00+00:00,107.17,107.21,107.06,107.19,374.8399365
2025-12-31 13:05:00+00:00,107.2,107.32,107.17,107.23,42.00168807
2025-12-31 13:10:00+00:00,107.21,107.24,107.15,107.24,104.14464209
2025-12-31 13:15:00+00:00,107.26,107.32,107.2,107.32,142.96576293
2025-12-31 13:20:00+00:00,107.32,107.4,107.3,107.3,41.51596714
2025-12-31 13:25:00+00:00,107.38,107.48,107.29,107.29,154.15248818
2025-12-31 13:30:00+00:00,107.31,107.32,107.15,107.15,266.19536784
2025-12-31 13:35:00+00:00,107.12,107.18,107.06,107.16,210.38690914
2025-12-31 13:40:00+00:00,107.05,107.18,107.05,107.14,85.43497949
2025-12-31 13:45:00+00:00,107.12,107.19,107.08,107.16,165.88522962
2025-12-31 13:50:00+00:00,107.24,107.5,107.21,107.43,383.61384171
2025-12-31 13:55:00+00:00,107.42,107.44,107.24,107.3,388.75593108
2025-12-31 14:00:00+00:00,107.35,107.63,107.35,107.6,470.59095857
2025-12-31 14:05:00+00:00,107.6,108.31,107.51,108.12,2295.76644964
2025-12-31 14:10:00+00:00,108.19,108.19,107.95,108.06,296.26792854
2025-12-31 14:15:00+00:00,108.0,108.03,107.68,107.68,383.37221244
2025-12-31 14:20:00+00:00,107.72,107.74,107.63,107.63,106.87766549
2025-12-31 14:25:00+00:00,107.63,107.69,107.59,107.62,193.2528121
2025-12-31 14:30:00+00:00,107.55,107.56,107.18,107.24,1895.4694878
2025-12-31 14:35:00+00:00,107.24,107.38,107.03,107.23,470.09484947
2025-12-31 14:40:00+00:00,107.11,107.25,107.0,107.05,707.50787611
2025-12-31 14:45:00+00:00,106.95,106.97,106.65,106.72,550.87960463
2025-12-31 14:50:00+00:00,106.83,107.12,106.78,106.94,613.90561182
2025-12-31 14:55:00+00:00,106.94,107.04,106.88,106.9,496.88174899
2025-12-31 15:00:00+00:00,106.99,107.05,106.86,106.93,328.60579525
2025-12-31 15:05:00+00:00,106.98,106.99,106.8,106.95,112.17162944
2025-12-31 15:10:00+00:00,106.82,106.86,106.43,106.63,841.99060674
2025-12-31 15:15:00+00:00,106.68,106.73,106.48,106.59,1026.11259894
2025-12-31 15:20:00+00:00,106.68,106.73,106.45,106.55,248.06532282
2025-12-31 15:25:00+00:00,106.6,106.77,106.55,106.66,1204.07568624
2025-12-31 15:30:00+00:00,106.66,106.66,106.35,106.42,128.86040024
2025-12-31 15:35:00+00:00,106.34,106.7,106.34,106.7,447.16886581
2025-12-31 15:40:00+00:00,106.8,106.8,106.63,106.7,211.31866839
2025-12-31 15:45:00+00:00,106.72,107.0,106.68,106.97,835.97994682
2025-12-31 15:50:00+00:00,107.01,107.08,106.85,106.92,990.37928392
2025-12-31 15:55:00+00:00,106.78,106.92,106.78,106.78,464.81908112
2025-12-31 16:00:00+00:00,106.79,106.91,106.57,106.59,759.94208405
2025-12-31 16:05:00+00:00,106.59,106.67,106.46,106.48,335.34040906
2025-12-31 16:10:00+00:00,106.5,106.59,106.47,106.59,406.04146163
2025-12-31 16:15:00+00:00,106.55,106.84,106.54,106.69,572.7636466
2025-12-31 16:20:00+00:00,106.72,106.81,106.51,106.51,680.90769988
2025-12-31 16:25:00+00:00,106.5,106.65,106.43,106.6,209.49653191
2025-12-31 16:30:00+00:00,106.59,106.61,106.43,106.49,303.16538253
2025-12-31 16:35:00+00:00,106.43,106.52,106.4,106.44,671.37441647
2025-12-31 16:40:00+00:00,106.4,106.44,105.78,106.01,1591.16608795
2025-12-31 16:45:00+00:00,105.95,106.11,105.86,106.08,249.11015363
2025-12-31 16:50:00+00:00,106.05,106.32,106.05,106.17,202.6537151
2025-12-31 16:55:00+00:00,106.19,106.23,106.1,106.19,149.38510163
2025-12-31 17:00:00+00:00,106.17,106.22,106.06,106.16,179.08955177
2025-12-31 17:05:00+00:00,106.17,106.24,106.02,106.05,219.98645227
2025-12-31 17:10:00+00:00,106.04,106.07,105.97,106.04,283.18086362
2025-12-31 17:15:00+00:00,106.01,106.36,105.97,106.36,198.12029358
2025-12-31 17:20:00+00:00,106.39,106.43,106.25,106.25,171.00724752
2025-12-31 17:25:00+00:00,106.29,106.53,106.29,106.3,110.16054521
2025-12-31 17:30:00+00:00,106.25,106.41,106.25,106.3,98.96212732
2025-12-31 17:35:00+00:00,106.28,106.29,105.98,106.02,333.26439816
2025-12-31 17:40:00+00:00,106.06,106.21,105.97,106.19,78.30078312
2025-12-31 17:45:00+00:00,106.16,106.27,106.11,106.26,92.94956016
2025-12-31 17:50:00+00:00,106.25,106.31,106.16,106.3,117.47344071
2025-12-31 17:55:00+00:00,106.27,106.34,106.21,106.34,107.8399195
2025-12-31 18:00:00+00:00,106.28,106.46,106.2,106.46,243.20181798
2025-12-31 18:05:00+00:00,106.45,106.7,106.41,106.6,190.45153972
2025-12-31 18:10:00+00:00,106.58,106.69,106.46,106.58,85.14517946
2025-12-31 18:15:00+00:00,106.53,106.63,106.53,106.6,102.29836973
2025-12-31 18:20:00+00:00,106.59,106.73,106.58,106.73,77.00577931
2025-12-31 18:25:00+00:00,106.7,106.7,106.64,106.67,74.80381039
2025-12-31 18:30:00+00:00,106.61,106.65,106.5,106.52,152.46168372
2025-12-31 18:35:00+00:00,106.53,106.58,106.36,106.36,146.02646577
2025-12-31 18:40:00+00:00,106.44,106.44,106.37,106.41,450.89225289
2025-12-31 18:45:00+00:00,106.48,106.48,106.05,106.1,178.06502976
2025-12-31 18:50:00+00:00,106.05,106.11,105.97,106.11,171.45286741
2025-12-31 18:55:00+00:00,106.09,106.16,106.09,106.12,25.27586723
2025-12-31 19:00:00+00:00,106.14,106.25,106.06,106.25,95.03860757
2025-12-31 19:05:00+00:00,106.24,106.42,106.24,106.36,13.01804388
2025-12-31 19:10:00+00:00,106.37,106.43,106.3,106.42,19.66483619
2025-12-31 19:15:00+00:00,106.25,106.27,106.22,106.27,3.51188947
2025-12-31 19:20:00+00:00,106.29,106.33,106.1,106.18,17.51510241
2025-12-31 19:25:00+00:00,106.07,106.21,106.07,106.17,23.90585267
2025-12-31 19:30:00+00:00,106.16,106.16,106.08,106.08,26.57432579
2025-12-31 19:35:00+00:00,106.06,106.07,105.97,105.97,53.47536308
2025-12-31 19:40:00+00:00,106.01,106.04,105.9,106.02,112.2170601
2025-12-31 19:45:00+00:00,105.92,105.93,105.87,105.87,83.34272915
2025-12-31 19:50:00+00:00,105.88,105.88,105.77,105.79,93.54318825
2025-12-31 19:55:00+00:00,105.8,105.91,105.67,105.67,476.88399726
2025-12-31 20:00:00+00:00,105.71,105.84,105.6,105.71,103.18488729
2025-12-31 20:05:00+00:00,105.66,105.67,105.5,105.57,113.35766005
2025-12-31 20:10:00+00:00,105.47,105.56,105.45,105.54,758.10456572
2025-12-31 20:15:00+00:00,105.51,105.55,105.49,105.49,275.94264564
2025-12-31 20:20:00+00:00,105.4,105.5,105.33,105.5,110.75974713
2025-12-31 20:25:00+00:00,105.48,111.7,105.32,105.6,22348.60938931
2025-12-31 20:30:00+00:00,105.59,105.89,104.53,105.51,4620.81153784
2025-12-31 20:35:00+00:00,105.04,105.22,104.99,105.1,2593.12466904
2025-12-31 20:40:00+00:00,105.04,105.19,105.0,105.13,507.42413344
2025-12-31 20:45:00+00:00,105.12,105.18,105.0,105.03,69.78861864
2025-12-31 20:50:00+00:00,105.06,105.33,105.02,105.25,392.63565742
2025-12-31 20:55:00+00:00,105.23,105.64,105.23,105.47,1061.0827849
2025-12-31 21:00:00+00:00,105.53,105.64,105.47,105.5,116.00488734
2025-12-31 21:05:00+00:00,105.48,105.68,105.48,105.52,463.6851621
2025-12-31 21:10:00+00:00,105.49,105.49,105.38,105.45,135.83912991
2025-12-31 21:15:00+00:00,105.45,105.56,105.42,105.56,195.59567531
2025-12-31 21:20:00+00:00,105.5,105.55,105.49,105.55,59.46932551
2025-12-31 21:25:00+00:00,105.53,105.53,105.35,105.38,55.04638858
2025-12-31 21:30:00+00:00,105.33,105.38,105.29,105.34,223.21180777
2025-12-31 21:35:00+00:00,105.36,105.59,105.33,105.59,131.47918041
2025-12-31 21:40:00+00:00,105.66,105.69,105.44,105.6,2412.15246239
2025-12-31 21:45:00+00:00,105.44,105.61,105.42,105.61,223.80368183
2025-12-31 21:50:00+00:00,105.6,105.6,105.52,105.53,415.13102748
2025-12-31 21:55:00+00:00,105.53,105.59,105.44,105.57,197.81902258
2025-12-31 22:00:00+00:00,105.55,105.66,105.52,105.52,117.05214872
2025-12-31 22:05:00+00:00,105.53,105.7,105.53,105.68,110.91629057
2025-12-31 22:10:00+00:00,105.73,106.01,105.7,105.73,347.5612539
2025-12-31 22:15:00+00:00,105.93,105.93,105.83,105.87,118.0704285
2025-12-31 22:20:00+00:00,105.86,106.1,105.86,106.1,80.88049251
2025-12-31 22:25:00+00:00,106.15,106.23,106.14,106.23,255.30602944
2025-12-31 22:30:00+00:00,106.18,106.18,106.0,106.04,627.75683625
2025-12-31 22:35:00+00:00,106.1,106.11,106.02,106.02,75.69353024
2025-12-31 22:40:00+00:00,106.01,106.07,105.96,105.96,348.1549006
2025-12-31 22:45:00+00:00,105.9,106.09,105.87,105.87,271.56039939
2025-12-31 22:50:00+00:00,105.87,105.93,105.8,105.86,2566.51008946
2025-12-31 22:55:00+00:00,105.82,105.92,105.81,105.92,364.49905573
2025-12-31 23:00:00+00:00,105.89,106.1,105.84,105.93,1959.29154891
2025-12-31 23:05:00+00:00,105.89,106.09,105.89,106.06,155.84979892
2025-12-31 23:10:00+00:00,106.14,106.14,106.05,106.13,22.74764058
2025-12-31 23:15:00+00:00,106.16,106.17,106.07,106.14,189.54959536
2025-12-31 23:20:00+00:00,106.17,106.2,106.06,106.17,383.24380799
2025-12-31 23:25:00+00:00,106.19,106.23,106.12,106.12,339.13931794
2025-12-31 23:30:00+00:00,106.09,106.12,106.07,106.09,44.60342517
2025-12-31 23:35:00+00:00,106.08,106.11,105.99,105.99,107.78955223
2025-12-31 23:40:00+00:00,106.04,106.09,105.99,106.08,164.22452528
2025-12-31 23:45:00+00:00,106.0,106.01,105.94,106.01,77.89510621
2025-12-31 23:50:00+00:00,105.99,105.99,105.88,105.93,73.09859173
2025-12-31 23:55:00+00:00,105.92,105.97,105.89,105.89,203.78108919
2026-01-01 00:00:00+00:00,105.96,106.07,105.86,106.07,48.34793594
2026-01-01 00:05:00+00:00,106.13,106.19,106.03,106.15,2920.63599698
2026-01-01 00:10:00+00:00,106.09,106.15,106.06,106.07,246.61745077
2026-01-01 00:15:00+00:00,106.1,106.13,106.01,106.13,62.25610609
2026-01-01 00:20:00+00:00,106.13,106.25,106.13,106.15,56.3028467
2026-01-01 00:25:00+00:00,106.18,106.3,106.18,106.29,77.38138108
2026-01-01 00:30:00+00:00,106.29,106.31,106.25,106.25,58.61619253
2026-01-01 00:35:00+00:00,106.31,106.31,106.27,106.27,1.97219825
2026-01-01 00:40:00+00:00,106.24,106.27,106.24,106.24,30.87097529
2026-01-01 00:45:00+00:00,106.24,106.35,106.2,106.35,48.49339822
2026-01-01 00:50:00+00:00,106.34,106.34,106.23,106.23,83.61536632
2026-01-01 00:55:00+00:00,106.28,106.29,106.21,106.24,156.22881912
2026-01-01 01:00:00+00:00,106.32,106.34,106.26,106.33,41.29260652
2026-01-01 01:05:00+00:00,106.35,106.63,106.32,106.63,626.24375891
2026-01-01 01:10:00+00:00,106.61,106.63,106.56,106.59,49.95301462
2026-01-01 01:15:00+00:00,106.63,106.75,106.62,106.7,294.07521011
2026-01-01 01:20:00+00:00,106.57,106.66,106.48,106.66,191.47399258
2026-01-01 01:25:00+00:00,106.53,106.54,106.46,106.49,13.58824913
2026-01-01 01:30:00+00:00,106.61,106.61,106.52,106.57,18.42979653
2026-01-01 01:35:00+00:00,106.57,106.58,106.26,106.28,51.66087784
2026-01-01 01:40:00+00:00,106.5,106.54,106.3,106.48,51.64947726
2026-01-01 01:45:00+00:00,106.54,106.54,106.33,106.33,162.28864613
2026-01-01 01:50:00+00:00,106.39,106.43,106.39,106.43,12.67809228
2026-01-01 01:55:00+00:00,106.43,106.43,106.09,106.11,208.07495187
2026-01-01 02:00:00+00:00,106.13,106.16,106.09,106.16,34.64266311
2026-01-01 02:05:00+00:00,106.19,106.26,106.18,106.22,362.62228418
2026-01-01 02:10:00+00:00,106.19,106.19,106.12,106.19,86.7400127
2026-01-01 02:15:00+00:00,106.16,106.17,106.1,106.14,6.73063796
2026-01-01 02:20:00+00:00,106.16,106.16,106.08,106.11,30.07641139
2026-01-01 02:25:00+00:00,106.1,106.1,105.98,106.02,63.69811401
2026-01-01 02:30:00+00:00,106.03,106.17,106.0,106.06,420.23469121
2026-01-01 02:35:00+00:00,106.04,106.19,105.97,106.19,18.34962358
2026-01-01 02:40:00+00:00,106.21,106.34,106.21,106.22,59.35722981
2026-01-01 02:45:00+00:00,106.2,106.2,106.18,106.2,52.43275578
2026-01-01 02:50:00+00:00,106.2,106.23,106.19,106.22,2.95834327
2026-01-01 02:55:00+00:00,106.24,106.27,106.24,106.27,23.165418
2026-01-01 03:00:00+00:00,106.29,106.36,106.29,106.33,71.51625545
2026-01-01 03:05:00+00:00,106.31,106.33,106.24,106.24,15.10585464
2026-01-01 03:10:00+00:00,106.35,106.36,106.35,106.35,1.88255172
2026-01-01 03:15:00+00:00,106.37,106.4,106.37,106.4,1.12417397
2026-01-01 03:20:00+00:00,106.42,106.42,106.31,106.33,160.24342051
2026-01-01 03:25:00+00:00,106.31,106.33,106.29,106.33,11.16048895
2026-01-01 03:30:00+00:00,106.33,106.39,106.29,106.32,58.74960226
2026-01-01 03:35:00+00:00,106.39,106.41,106.38,106.4,4.91909597
2026-01-01 03:40:00+00:00,106.46,106.5,106.46,106.49,21.92307077
2026-01-01 03:45:00+00:00,106.44,106.44,106.43,106.43,0.6559652
2026-01-01 03:50:00+00:00,106.44,106.46,106.29,106.29,9.273123
2026-01-01 03:55:00+00:00,106.24,106.3,106.18,106.3,62.48720078
2026-01-01 04:00:00+00:00,106.31,106.31,106.22,106.26,27.35580256
2026-01-01 04:05:00+00:00,106.29,106.35,106.21,106.24,40.06947907
2026-01-01 04:10:00+00:00,106.17,106.22,106.13,106.2,83.42616013
2026-01-01 04:15:00+00:00,106.14,106.2,106.11,106.14,32.08855657
2026-01-01 04:20:00+00:00,106.11,106.24,106.11,106.17,182.35997166
2026-01-01 04:25:00+00:00,106.18,106.29,106.18,106.26,36.27660601
2026-01-01 04:30:00+00:00,106.23,106.28,106.23,106.25,25.28252365
2026-01-01 04:35:00+00:00,106.24,106.24,106.15,106.19,50.83436632
2026-01-01 04:40:00+00:00,106.16,106.21,106.05,106.05,13.00739031
2026-01-01 04:45:00+00:00,106.17,106.17,106.12,106.12,0.28185642
2026-01-01 04:50:00+00:00,106.09,106.11,106.09,106.11,0.25843321
2026-01-01 04:55:00+00:00,106.12,106.13,106.09,106.13,12.55046778
2026-01-01 05:00:00+00:00,106.14,106.14,106.14,106.14,0.09393254
2026-01-01 05:05:00+00:00,106.23,106.24,106.19,106.19,4.60040684
2026-01-01 05:10:00+00:00,106.17,106.17,106.17,106.17,10.25894409
2026-01-01 05:15:00+00:00,106.22,106.22,106.17,106.19,1.82912269
2026-01-01 05:20:00+00:00,106.21,106.21,106.12,106.12,3.54304549
2026-01-01 05:25:00+00:00,106.15,106.24,106.14,106.24,3.12910826
2026-01-01 05:30:00+00:00,106.22,106.37,106.16,106.37,26.08418972
2026-01-01 05:35:00+00:00,106.4,106.4,106.29,106.29,1.4244696
2026-01-01 05:40:00+00:00,106.25,106.34,106.25,106.34,1.28740433
2026-01-01 05:45:00+00:00,106.35,106.35,106.33,106.33,3.61700687
2026-01-01 05:50:00+00:00,106.35,106.39,106.35,106.39,0.88604886
2026-01-01 05:55:00+00:00,106.37,106.4,106.37,106.4,17.05155398
2026-01-01 06:00:00+00:00,106.42,106.43,106.33,106.33,0.62678319
2026-01-01 06:05:00+00:00,106.35,106.35,106.26,106.26,2.09826401
2026-01-01 06:10:00+00:00,106.25,106.31,106.25,106.31,4.34886226
2026-01-01 06:15:00+00:00,106.35,106.35,106.25,106.25,22.31224259
2026-01-01 06:20:00+00:00,106.23,106.23,106.2,106.23,11.48828013
2026-01-01 06:25:00+00:00,106.19,106.2,106.17,106.2,5.65596338
2026-01-01 06:30:00+00:00,106.14,106.18,106.13,106.18,36.44173217
2026-01-01 06:35:00+00:00,106.19,106.19,106.14,106.14,1.45620261
2026-01-01 06:40:00+00:00,106.15,106.16,106.15,106.16,0.2347876
2026-01-01 06:45:00+00:00,106.11,106.12,106.11,106.12,19.90396348
2026-01-01 06:50:00+00:00,106.07,106.08,106.06,106.08,21.65963306
2026-01-01 06:55:00+00:00,106.04,106.05,106.04,106.05,8.43917374
2026-01-01 07:00:00+00:00,106.04,106.07,106.04,106.07,16.25646533
2026-01-01 07:05:00+00:00,106.08,106.12,106.08,106.08,53.4602223
2026-01-01 07:10:00+00:00,106.07,106.07,106.0,106.03,4.87345779
2026-01-01 07:15:00+00:00,106.05,106.06,106.04,106.06,0.1530347
2026-01-01 07:20:00+00:00,105.93,105.93,105.83,105.89,35.80776292
2026-01-01 07:25:00+00:00,105.9,105.9,105.75,105.75,136.32071346
2026-01-01 07:30:00+00:00,105.75,105.88,105.75,105.84,18.57437509
2026-01-01 07:35:00+00:00,105.85,105.86,105.8,105.86,39.7948155
2026-01-01 07:40:00+00:00,105.8,105.8,105.74,105.75,64.15519545
2026-01-01 07:45:00+00:00,105.73,105.76,105.6,105.64,48.51891539
2026-01-01 07:50:00+00:00,105.63,105.65,105.59,105.62,15.4711957
2026-01-01 07:55:00+00:00,105.62,105.62,105.5,105.5,37.74279741
2026-01-01 08:00:00+00:00,105.48,105.59,105.44,105.56,87.5550429
2026-01-01 08:05:00+00:00,105.56,105.72,105.56,105.7,30.75090594
2026-01-01 08:10:00+00:00,105.68,105.69,105.64,105.64,18.2094901
2026-01-01 08:15:00+00:00,105.65,105.84,105.65,105.84,87.69467866
2026-01-01 08:20:00+00:00,105.81,105.81,105.79,105.8,21.21099893
2026-01-01 08:25:00+00:00,105.81,105.81,105.81,105.81,1.80226256
2026-01-01 08:30:00+00:00,105.81,105.88,105.81,105.83,27.6116574
2026-01-01 08:35:00+00:00,105.84,105.89,105.81,105.81,30.88083038
2026-01-01 08:40:00+00:00,105.84,105.91,105.84,105.87,162.11737878
2026-01-01 08:45:00+00:00,105.92,105.97,105.88,105.89,144.83400688
2026-01-01 08:50:00+00:00,105.87,105.89,105.85,105.85,89.14395567
2026-01-01 08:55:00+00:00,105.83,105.94,105.83,105.9,39.66245995
2026-01-01 09:00:00+00:00,105.94,106.03,105.92,106.03,21.7289892
2026-01-01 09:05:00+00:00,105.98,106.14,105.98,106.0,431.78992081
2026-01-01 09:10:00+00:00,106.0,106.0,105.86,105.93,212.16404821
2026-01-01 09:15:00+00:00,106.01,106.16,105.96,106.13,32.10256882
2026-01-01 09:20:00+00:00,106.15,106.18,106.12,106.17,62.03186103
2026-01-01 09:25:00+00:00,106.19,106.19,106.09,106.13,153.26247273
2026-01-01 09:30:00+00:00,106.11,106.21,106.11,106.21,103.69740138
2026-01-01 09:35:00+00:00,106.2,106.29,106.18,106.29,36.72428194
2026-01-01 09:40:00+00:00,106.28,106.29,106.28,106.28,38.75915277
2026-01-01 09:45:00+00:00,106.28,106.3,106.28,106.3,7.95568031
2026-01-01 09:50:00+00:00,106.29,106.3,106.2,106.2,353.79056864
2026-01-01 09:55:00+00:00,106.19,106.29,106.16,106.29,134.58175899
2026-01-01 10:00:00+00:00,106.26,106.41,106.26,106.41,73.93713423
2026-01-01 10:05:00+00:00,106.4,106.41,106.4,106.41,94.66212861
2026-01-01 10:10:00+00:00,106.42,106.46,106.42,106.45,90.43302713
2026-01-01 10:15:00+00:00,106.41,106.45,106.38,106.43,105.09864717
2026-01-01 10:20:00+00:00,106.43,106.43,106.3,106.31,138.31331597
2026-01-01 10:25:00+00:00,106.31,106.37,106.31,106.34,47.05434856
2026-01-01 10:30:00+00:00,106.38,106.42,106.38,106.4,94.99269602
2026-01-01 10:35:00+00:00,106.44,106.44,106.35,106.35,40.07863928
2026-01-01 10:40:00+00:00,106.29,106.29,106.26,106.29,19.79041544
2026-01-01 10:45:00+00:00,106.28,106.29,106.19,106.21,56.88365411
2026-01-01 10:50:00+00:00,106.18,106.26,106.18,106.24,47.40332166
2026-01-01 10:55:00+00:00,106.24,106.26,106.23,106.25,29.41212513
2026-01-01 11:00:00+00:00,106.23,106.28,106.23,106.28,173.45657668
2026-01-01 11:05:00+00:00,106.27,106.31,106.26,106.28,32.07525058
2026-01-01 11:10:00+00:00,106.28,106.37,106.27,106.27,16.07935111
2026-01-01 11:15:00+00:00,106.3,106.39,106.19,106.21,102.58190934
2026-01-01 11:20:00+00:00,106.16,106.16,106.13,106.13,30.3388139
2026-01-01 11:25:00+00:00,106.16,106.16,106.11,106.15,27.08963342
2026-01-01 11:30:00+00:00,106.16,106.21,106.05,106.05,116.02410976
2026-01-01 11:35:00+00:00,106.07,106.11,106.04,106.04,319.98006296
2026-01-01 11:40:00+00:00,106.14,106.16,106.09,106.13,16.00569645
2026-01-01 11:45:00+00:00,106.32,106.32,106.21,106.27,110.13409847
2026-01-01 11:50:00+00:00,106.25,106.32,106.25,106.3,32.85681061
2026-01-01 11:55:00+00:00,106.27,106.37,106.26,106.37,64.04770107
2026-01-01 12:00:00+00:00,106.43,106.43,106.29,106.36,346.89956153
2026-01-01 12:05:00+00:00,106.32,106.37,106.3,106.37,95.66734361
2026-01-01 12:10:00+00:00,106.41,106.41,106.32,106.34,63.80973001
2026-01-01 12:15:00+00:00,106.35,106.38,106.29,106.33,40.68111877
2026-01-01 12:20:00+00:00,106.31,106.34,106.26,106.26,97.69953126
2026-01-01 12:25:00+00:00,106.31,106.33,106.29,106.32,163.99790886
2026-01-01 12:30:00+00:00,106.3,106.32,106.23,106.25,2.25445667
2026-01-01 12:35:00+00:00,106.27,106.32,106.27,106.29,27.99342944
2026-01-01 12:40:00+00:00,106.3,106.34,106.3,106.31,28.11316445
2026-01-01 12:45:00+00:00,106.38,106.4,106.35,106.35,39.80904322
2026-01-01 12:50:00+00:00,106.39,106.39,106.24,106.24,359.82289492
2026-01-01 12:55:00+00:00,106.24,106.26,106.23,106.26,90.17849199
2026-01-01 13:00:00+00:00,106.24,106.24,106.15,106.17,23.8123875
2026-01-01 13:05:00+00:00,106.21,106.27,106.17,106.18,37.00101373
2026-01-01 13:10:00+00:00,106.22,106.22,106.2,106.21,46.28692269
2026-01-01 13:15:00+00:00,106.18,106.23,106.18,106.23,78.60053461
2026-01-01 13:20:00+00:00,106.21,106.36,106.21,106.28,375.93604382
2026-01-01 13:25:00+00:00,106.23,106.33,106.21,106.32,56.99457145
2026-01-01 13:30:00+00:00,106.32,106.39,106.31,106.36,148.40507173
2026-01-01 13:35:00+00:00,106.33,106.33,106.23,106.25,190.87905009
2026-01-01 13:40:00+00:00,106.27,106.27,106.17,106.17,233.42439987
2026-01-01 13:45:00+00:00,106.19,106.24,106.12,106.22,25.12289408
2026-01-01 13:50:00+00:00,106.12,106.16,106.03,106.08,48.67985503
2026-01-01 13:55:00+00:00,106.05,106.09,106.03,106.07,80.97123928
2026-01-01 14:00:00+00:00,106.07,106.07,106.0,106.0,63.46934475
2026-01-01 14:05:00+00:00,106.1,106.1,106.01,106.07,16.64363597
2026-01-01 14:10:00+00:00,106.16,106.22,106.1,106.1,152.15893367
2026-01-01 14:15:00+00:00,106.11,106.11,105.95,106.07,233.45166422
2026-01-01 14:20:00+00:00,105.92,105.96,105.87,105.93,126.80578062
2026-01-01 14:25:00+00:00,105.88,105.91,105.8,105.86,77.53150091
2026-01-01 14:30:00+00:00,105.83,106.02,105.82,106.02,238.62945804
2026-01-01 14:35:00+00:00,106.0,106.14,106.0,106.06,104.82531273
2026-01-01 14:40:00+00:00,106.03,106.05,105.93,105.97,15.39032912
2026-01-01 14:45:00+00:00,106.01,106.01,105.97,106.0,18.42835969
2026-01-01 14:50:00+00:00,105.97,106.15,105.97,106.12,255.39101676
2026-01-01 14:55:00+00:00,106.05,106.08,106.02,106.06,16.20166651
2026-01-01 15:00:00+00:00,106.09,106.11,106.06,106.06,12.99993369
2026-01-01 15:05:00+00:00,106.07,106.08,105.97,106.04,76.64802494
2026-01-01 15:10:00+00:00,105.99,106.0,105.97,106.0,31.49865574
2026-01-01 15:15:00+00:00,106.0,106.26,106.0,106.26,74.04987767
2026-01-01 15:20:00+00:00,106.14,106.16,106.02,106.06,21.7031959
2026-01-01 15:25:00+00:00,106.15,106.23,106.11,106.23,24.57896515
2026-01-01 15:30:00+00:00,106.23,106.3,106.14,106.21,89.48020851
2026-01-01 15:35:00+00:00,106.22,106.24,105.95,105.95,42.33982205
2026-01-01 15:40:00+00:00,105.99,106.29,105.95,106.2,70.68440215
2026-01-01 15:45:00+00:00,106.21,106.47,106.14,106.18,26.59535024
2026-01-01 15:50:00+00:00,106.29,106.34,106.22,106.34,84.06621241
2026-01-01 15:55:00+00:00,106.35,106.35,106.22,106.26,31.72703553
2026-01-01 16:00:00+00:00,106.28,106.28,106.21,106.21,58.07243509
2026-01-01 16:05:00+00:00,106.17,106.2,106.13,106.16,53.13062333
2026-01-01 16:10:00+00:00,106.14,106.14,105.99,106.01,84.73722496
2026-01-01 16:15:00+00:00,105.94,106.01,105.86,105.86,45.84461122
2026-01-01 16:20:00+00:00,105.89,105.89,105.66,105.76,520.79238256
2026-01-01 16:25:00+00:00,105.75,105.94,105.74,105.94,458.81180793
2026-01-01 16:30:00+00:00,105.94,106.01,105.89,105.98,22.64904854
2026-01-01 16:35:00+00:00,106.0,106.06,105.95,106.01,73.22058205
2026-01-01 16:40:00+00:00,105.97,105.97,105.87,105.87,223.54603186
2026-01-01 16:45:00+00:00,105.9,105.91,105.87,105.89,46.54542414
2026-01-01 16:50:00+00:00,105.89,105.89,105.76,105.76,66.00342875
2026-01-01 16:55:00+00:00,105.77,105.83,105.76,105.83,26.65494548
2026-01-01 17:00:00+00:00,105.8,105.82,105.71,105.82,163.119346
2026-01-01 17:05:00+00:00,105.87,105.91,105.79,105.88,138.96938674
2026-01-01 17:10:00+00:00,105.92,106.04,105.89,105.98,390.19495022
2026-01-01 17:15:00+00:00,106.12,106.16,106.0,106.07,476.61735322
2026-01-01 17:20:00+00:00,106.11,106.39,106.11,106.25,149.37063086
2026-01-01 17:25:00+00:00,106.29,106.32,106.18,106.28,342.66610415
2026-01-01 17:30:00+00:00,106.34,106.81,106.34,106.54,1842.47924743
2026-01-01 17:35:00+00:00,106.58,106.66,106.55,106.58,236.08733573
2026-01-01 17:40:00+00:00,106.66,106.66,106.35,106.46,249.13122078
2026-01-01 17:45:00+00:00,106.5,106.58,106.46,106.53,178.66260486
2026-01-01 17:50:00+00:00,106.52,106.6,106.52,106.55,238.70422643
2026-01-01 17:55:00+00:00,106.54,106.54,106.28,106.44,182.82951077
2026-01-01 18:00:00+00:00,106.47,106.51,106.31,106.42,304.31226996
2026-01-01 18:05:00+00:00,106.38,106.42,106.32,106.42,92.48334938
2026-01-01 18:10:00+00:00,106.51,106.6,106.43,106.46,65.28720534
2026-01-01 18:15:00+00:00,106.41,106.44,106.3,106.36,22.99027912
2026-01-01 18:20:00+00:00,106.48,106.57,106.45,106.54,43.54932166
2026-01-01 18:25:00+00:00,106.52,106.54,106.38,106.39,120.14376951
2026-01-01 18:30:00+00:00,106.41,106.41,106.35,106.37,65.24787462
2026-01-01 18:35:00+00:00,106.45,106.51,106.42,106.45,112.29346376
2026-01-01 18:40:00+00:00,106.41,106.52,106.39,106.51,269.79321443
2026-01-01 18:45:00+00:00,106.53,106.54,106.5,106.5,22.04835179
2026-01-01 18:50:00+00:00,106.55,106.55,106.45,106.47,46.68428563
2026-01-01 18:55:00+00:00,106.46,106.59,106.46,106.59,27.2025884
2026-01-01 19:00:00+00:00,106.61,106.69,106.58,106.69,43.61439367
2026-01-01 19:05:00+00:00,106.61,106.72,106.59,106.59,14.19502675
2026-01-01 19:10:00+00:00,106.61,106.61,106.46,106.46,65.83400949
2026-01-01 19:15:00+00:00,106.49,106.54,106.49,106.51,13.89961942
2026-01-01 19:20:00+00:00,106.51,106.6,106.51,106.57,25.81624188
2026-01-01 19:25:00+00:00,106.59,106.6,106.54,106.54,21.26344096
2026-01-01 19:30:00+00:00,106.57,106.58,106.52,106.52,13.51195884
2026-01-01 19:35:00+00:00,106.55,106.73,106.55,106.73,23.26159746
2026-01-01 19:40:00+00:00,106.77,106.85,106.73,106.81,51.02191805
2026-01-01 19:45:00+00:00,106.82,106.92,106.79,106.9,76.08294206
2026-01-01 19:50:00+00:00,106.91,106.98,106.91,106.92,117.03118923
2026-01-01 19:55:00+00:00,106.93,106.96,106.86,106.9,88.27540828
2026-01-01 20:00:00+00:00,107.0,107.1,106.87,106.92,220.76716474
2026-01-01 20:05:00+00:00,106.89,106.9,106.81,106.86,145.70493737
2026-01-01 20:10:00+00:00,106.87,106.96,106.82,106.95,1130.64049543
2026-01-01 20:15:00+00:00,107.01,107.05,106.95,107.01,425.06332988
2026-01-01 20:20:00+00:00,107.0,107.0,106.87,106.94,109.42518706
2026-01-01 20:25:00+00:00,106.98,106.98,106.88,106.91,63.57645675
2026-01-01 20:30:00+00:00,106.92,106.92,106.78,106.86,44.15527626
2026-01-01 20:35:00+00:00,106.88,106.88,106.76,106.82,136.05865079
2026-01-01 20:40:00+00:00,106.83,106.83,106.7,106.72,63.93905139
2026-01-01 20:45:00+00:00,106.69,106.75,106.66,106.69,52.80329914
2026-01-01 20:50:00+00:00,106.69,106.69,106.63,106.68,21.24242152
2026-01-01 20:55:00+00:00,106.68,106.75,106.66,106.69,29.56362384
2026-01-01 21:00:00+00:00,106.68,106.72,106.68,106.71,30.03423079
2026-01-01 21:05:00+00:00,106.76,106.76,106.61,106.76,135.19806636
2026-01-01 21:10:00+00:00,106.76,106.85,106.76,106.81,298.17760171
2026-01-01 21:15:00+00:00,106.8,106.86,106.8,106.86,13.5324495
2026-01-01 21:20:00+00:00,106.86,106.87,106.83,106.84,55.39961116
2026-01-01 21:25:00+00:00,106.85,106.88,106.82,106.83,134.27299848
2026-01-01 21:30:00+00:00,106.82,106.82,106.68,106.7,185.33004612
2026-01-01 21:35:00+00:00,106.71,106.73,106.67,106.67,31.14275972
2026-01-01 21:40:00+00:00,106.67,106.73,106.6,106.62,18.38200499
2026-01-01 21:45:00+00:00,106.58,106.64,106.56,106.64,275.20786262
2026-01-01 21:50:00+00:00,106.63,106.67,106.63,106.66,38.84651814
2026-01-01 21:55:00+00:00,106.66,106.67,106.62,106.65,62.15998272
2026-01-01 22:00:00+00:00,106.73,106.78,106.7,106.76,178.05744986
2026-01-01 22:05:00+00:00,106.76,106.87,106.7,106.76,1143.88536939
2026-01-01 22:10:00+00:00,106.77,106.77,106.68,106.74,57.11339914
2026-01-01 22:15:00+00:00,106.72,106.72,106.67,106.68,31.29430374
2026-01-01 22:20:00+00:00,106.63,106.69,106.62,106.65,29.83498495
2026-01-01 22:25:00+00:00,106.7,106.75,106.68,106.74,31.03032611
2026-01-01 22:30:00+00:00,106.75,106.84,106.7,106.72,250.35288905
2026-01-01 22:35:00+00:00,106.69,106.69,106.59,106.67,8.43140322
2026-01-01 22:40:00+00:00,106.77,106.93,106.77,106.88,13.89873745
2026-01-01 22:45:00+00:00,106.89,106.92,106.86,106.87,49.2247924
2026-01-01 22:50:00+00:00,106.92,107.04,106.88,107.0,50.84209502
2026-01-01 22:55:00+00:00,107.07,107.26,107.07,107.15,177.72154371
2026-01-01 23:00:00+00:00,107.28,107.34,106.95,106.96,87.2244893
2026-01-01 23:05:00+00:00,106.95,107.26,106.89,107.16,186.08901186
2026-01-01 23:10:00+00:00,107.23,107.32,107.15,107.23,30.16927034
2026-01-01 23:15:00+00:00,107.31,107.5,107.31,107.47,124.7799203
2026-01-01 23:20:00+00:00,107.56,107.8,107.5,107.78,1151.04910154
2026-01-01 23:25:00+00:00,107.83,107.98,107.82,107.85,165.22339875
2026-01-01 23:30:00+00:00,107.88,108.05,107.88,107.91,869.08230259
2026-01-01 23:35:00+00:00,107.98,108.06,107.87,107.87,168.19939939
2026-01-01 23:40:00+00:00,107.89,108.07,107.89,108.07,859.89719339
2026-01-01 23:45:00+00:00,108.07,108.16,107.76,107.81,945.99646485
2026-01-01 23:50:00+00:00,107.82,107.95,107.8,107.89,415.50884061
2026-01-01 23:55:00+00:00,107.85,107.9,107.82,107.86,308.73550324
2026-01-02 00:00:00+00:00,107.93,108.05,107.88,107.96,70.74324029
2026-01-02 00:05:00+00:00,107.92,107.92,107.5,107.5,256.10072682
2026-01-02 00:10:00+00:00,107.52,107.66,107.52,107.61,169.24570909
2026-01-02 00:15:00+00:00,107.62,107.7,107.54,107.61,53.53975591
2026-01-02 00:20:00+00:00,107.68,107.76,107.68,107.73,33.94414036
2026-01-02 00:25:00+00:00,107.75,107.75,107.64,107.64,39.4124336
2026-01-02 00:30:00+00:00,107.64,107.86,107.64,107.86,6.41592001
2026-01-02 00:35:00+00:00,107.75,107.79,107.69,107.69,41.1862739
2026-01-02 00:40:00+00:00,107.55,107.63,107.5,107.51,18.3686549
2026-01-02 00:45:00+00:00,107.5,107.71,107.5,107.71,71.81042236
2026-01-02 00:50:00+00:00,107.67,107.75,107.63,107.67,24.01058668
2026-01-02 00:55:00+00:00,107.71,107.72,107.69,107.7,37.18982939
2026-01-02 01:00:00+00:00,107.74,107.82,107.57,107.62,210.69513303
2026-01-02 01:05:00+00:00,107.7,107.72,107.57,107.58,13.09959838
2026-01-02 01:10:00+00:00,107.56,107.76,107.56,107.64,55.81445444
2026-01-02 01:15:00+00:00,107.63,107.63,107.46,107.51,730.16443976
2026-01-02 01:20:00+00:00,107.47,107.47,107.37,107.4,170.50156975
2026-01-02 01:25:00+00:00,107.34,107.38,107.26,107.27,56.78483356
2026-01-02 01:30:00+00:00,107.29,107.29,107.23,107.25,36.94320423
2026-01-02 01:35:00+00:00,107.23,107.23,107.08,107.18,282.45644211
2026-01-02 01:40:00+00:00,107.16,107.19,107.14,107.17,112.51182843
2026-01-02 01:45:00+00:00,107.13,107.15,107.12,107.12,51.69508604
2026-01-02 01:50:00+00:00,107.25,107.25,107.2,107.2,14.70252542
2026-01-02 01:55:00+00:00,107.19,107.21,107.17,107.17,24.63288022
2026-01-02 02:00:00+00:00,107.12,107.12,106.98,107.04,135.07829838
2026-01-02 02:05:00+00:00,107.02,107.02,106.92,106.93,112.61200266
2026-01-02 02:10:00+00:00,106.97,107.01,106.97,106.99,20.28443338
2026-01-02 02:15:00+00:00,106.94,107.01,106.92,107.01,47.00601009
2026-01-02 02:20:00+00:00,106.95,106.97,106.95,106.95,9.60624823
2026-01-02 02:25:00+00:00,107.03,107.03,106.98,107.0,4.02627018
2026-01-02 02:30:00+00:00,107.0,107.21,107.0,107.21,53.6916335
2026-01-02 02:35:00+00:00,107.21,107.21,107.15,107.15,3.29654676
2026-01-02 02:40:00+00:00,107.2,107.2,107.12,107.18,15.17983892
2026-01-02 02:45:00+00:00,107.12,107.31,107.12,107.31,51.14755568
2026-01-02 02:50:00+00:00,107.43,107.56,107.43,107.45,122.10017366
2026-01-02 02:55:00+00:00,107.52,107.52,107.46,107.5,8.56078597
2026-01-02 03:00:00+00:00,107.5,107.55,107.38,107.48,165.01242615
2026-01-02 03:05:00+00:00,107.58,107.91,107.58,107.9,45.13464476
2026-01-02 03:10:00+00:00,108.0,108.35,107.9,108.21,97.74509097
2026-01-02 03:15:00+00:00,108.2,108.22,108.06,108.06,9.21553486
2026-01-02 03:20:00+00:00,108.09,108.09,107.95,107.95,17.36759513
2026-01-02 03:25:00+00:00,107.96,108.05,107.96,108.04,133.9145487
2026-01-02 03:30:00+00:00,108.06,108.17,108.03,108.14,132.38150292
2026-01-02 03:35:00+00:00,108.13,108.38,108.12,108.35,59.54942535
2026-01-02 03:40:00+00:00,108.4,108.67,108.31,108.56,81.59661695
2026-01-02 03:45:00+00:00,108.45,108.46,108.32,108.46,98.15625923
2026-01-02 03:50:00+00:00,108.46,108.56,108.36,108.48,396.10789173
2026-01-02 03:55:00+00:00,108.47,108.47,108.2,108.23,151.20265
2026-01-02 04:00:00+00:00,108.4,108.4,108.21,108.21,34.486167
2026-01-02 04:05:00+00:00,108.22,108.23,108.18,108.18,47.50279729
2026-01-02 04:10:00+00:00,108.09,108.24,108.07,108.12,39.36164623
2026-01-02 04:15:00+00:00,108.12,108.17,108.07,108.07,107.69326004
2026-01-02 04:20:00+00:00,107.91,108.06,107.84,107.94,172.8852937
2026-01-02 04:25:00+00:00,107.96,107.96,107.81,107.86,159.34294841
2026-01-02 04:30:00+00:00,107.94,108.03,107.85,108.0,32.8625009
2026-01-02 04:35:00+00:00,108.04,108.08,108.0,108.08,39.99456582
2026-01-02 04:40:00+00:00,108.05,108.07,108.0,108.0,79.88770929
2026-01-02 04:45:00+00:00,107.95,107.98,107.91,107.94,238.92938207
2026-01-02 04:50:00+00:00,107.91,108.04,107.91,108.04,125.26761621
2026-01-02 04:55:00+00:00,107.93,107.96,107.93,107.95,12.11872218
2026-01-02 05:00:00+00:00,107.86,107.86,107.78,107.85,4.77659066
2026-01-02 05:05:00+00:00,107.88,107.93,107.88,107.91,3.08472655
2026-01-02 05:10:00+00:00,107.88,107.92,107.88,107.9,35.32600172
2026-01-02 05:15:00+00:00,107.91,108.05,107.91,107.97,59.84137148
2026-01-02 05:20:00+00:00,107.94,107.94,107.75,107.85,189.21190452
2026-01-02 05:25:00+00:00,107.71,107.71,107.69,107.71,97.65216314
2026-01-02 05:30:00+00:00,107.7,107.78,107.68,107.78,47.4712521
2026-01-02 05:35:00+00:00,107.8,107.8,107.77,107.79,52.19301577
2026-01-02 05:40:00+00:00,107.8,107.92,107.8,107.8,7.66304799
2026-01-02 05:45:00+00:00,107.9,108.01,107.9,108.01,20.66140718
2026-01-02 05:50:00+00:00,108.13,108.14,108.01,108.1,81.47928193
2026-01-02 05:55:00+00:00,108.2,108.25,108.2,108.25,5.50682516
2026-01-02 06:00:00+00:00,108.23,108.33,108.21,108.23,36.30839176
2026-01-02 06:05:00+00:00,108.25,108.26,108.2,108.25,34.03592824
2026-01-02 06:10:00+00:00,108.33,108.33,108.28,108.33,17.12364237
2026-01-02 06:15:00+00:00,108.28,108.37,108.28,108.35,10.54667492
2026-01-02 06:20:00+00:00,108.35,108.37,108.3,108.3,132.192313
2026-01-02 06:25:00+00:00,108.32,108.38,108.29,108.34,82.34990854
2026-01-02 06:30:00+00:00,108.37,108.39,108.3,108.31,33.76018841
2026-01-02 06:35:00+00:00,108.28,108.61,108.25,108.57,1662.69889375
2026-01-02 06:40:00+00:00,108.59,108.62,108.4,108.44,582.80650089
2026-01-02 06:45:00+00:00,108.46,108.55,108.39,108.39,134.49537533
2026-01-02 06:50:00+00:00,108.45,108.48,108.41,108.43,93.18433213
2026-01-02 06:55:00+00:00,108.42,108.43,108.23,108.23,122.11398132
2026-01-02 07:00:00+00:00,108.32,108.35,108.32,108.34,238.69704502
2026-01-02 07:05:00+00:00,108.36,108.46,108.36,108.45,149.26778838
2026-01-02 07:10:00+00:00,108.46,108.47,108.35,108.37,74.47826543
2026-01-02 07:15:00+00:00,108.42,108.46,108.3,108.43,318.98082791
2026-01-02 07:20:00+00:00,108.43,108.46,108.4,108.44,113.69782792
2026-01-02 07:25:00+00:00,108.36,108.36,108.11,108.16,231.84881485
2026-01-02 07:30:00+00:00,108.16,108.2,108.04,108.15,167.26037287
2026-01-02 07:35:00+00:00,108.11,108.14,108.04,108.08,65.46456012
2026-01-02 07:40:00+00:00,108.07,108.07,107.97,107.97,293.3062305
2026-01-02 07:45:00+00:00,108.08,108.17,108.08,108.17,135.2478689
2026-01-02 07:50:00+00:00,108.17,108.22,108.13,108.18,141.97718101
2026-01-02 07:55:00+00:00,108.12,108.2,108.11,108.2,88.08818887
2026-01-02 08:00:00+00:00,108.22,108.3,108.19,108.3,86.87584283
2026-01-02 08:05:00+00:00,108.31,108.46,108.31,108.46,609.77879925
2026-01-02 08:10:00+00:00,108.46,108.51,108.37,108.47,553.07353773
2026-01-02 08:15:00+00:00,108.47,108.48,108.44,108.45,367.72939357
2026-01-02 08:20:00+00:00,108.47,108.73,108.47,108.53,948.8533251
2026-01-02 08:25:00+00:00,108.68,108.68,108.64,108.64,186.53276713
2026-01-02 08:30:00+00:00,108.66,108.78,108.55,108.71,1164.40781186
2026-01-02 08:35:00+00:00,108.74,108.91,108.71,108.8,344.23831968
2026-01-02 08:40:00+00:00,108.85,108.85,108.8,108.81,64.88432206
2026-01-02 08:45:00+00:00,108.84,108.94,108.8,108.94,53.03337921
2026-01-02 08:50:00+00:00,108.92,108.98,108.86,108.94,130.3336259
2026-01-02 08:55:00+00:00,108.87,108.96,108.86,108.96,59.56609966
2026-01-02 09:00:00+00:00,108.94,108.96,108.86,108.86,104.62865767
2026-01-02 09:05:00+00:00,108.88,109.14,108.88,109.14,583.39227515
2026-01-02 09:10:00+00:00,109.62,109.92,109.12,109.6,1778.33568605
2026-01-02 09:15:00+00:00,109.7,109.72,109.3,109.33,274.47660923
2026-01-02 09:20:00+00:00,109.36,109.45,109.31,109.35,166.66652533
2026-01-02 09:25:00+00:00,109.39,109.48,109.3,109.39,2614.18053941
2026-01-02 09:30:00+00:00,109.34,109.48,109.34,109.36,488.6123118
2026-01-02 09:35:00+00:00,109.36,109.42,109.35,109.36,108.66239391
2026-01-02 09:40:00+00:00,109.39,109.55,109.3,109.44,224.44835547
2026-01-02 09:45:00+00:00,109.54,110.61,109.51,110.49,2359.94865375
2026-01-02 09:50:00+00:00,110.16,110.46,110.05,110.42,1266.7502702
2026-01-02 09:55:00+00:00,110.39,110.39,110.2,110.22,1217.39333138
2026-01-02 10:00:00+00:00,110.27,110.53,110.27,110.27,175.93633882
2026-01-02 10:05:00+00:00,110.38,110.75,110.33,110.4,990.11738876
2026-01-02 10:10:00+00:00,110.35,110.47,110.21,110.23,406.58958995
2026-01-02 10:15:00+00:00,110.39,110.46,110.27,110.28,850.01816501
2026-01-02 10:20:00+00:00,110.29,110.29,110.01,110.15,284.59110459
2026-01-02 10:25:00+00:00,110.1,110.13,109.96,109.97,112.69452388
2026-01-02 10:30:00+00:00,110.0,110.05,109.92,109.92,147.95621983
2026-01-02 10:35:00+00:00,109.98,110.07,109.95,109.98,150.28136404
2026-01-02 10:40:00+00:00,109.98,110.08,109.95,110.0,703.70066987
2026-01-02 10:45:00+00:00,110.09,110.14,109.99,110.06,372.31068936
2026-01-02 10:50:00+00:00,110.12,110.15,109.95,110.01,132.83561628
2026-01-02 10:55:00+00:00,109.97,110.02,109.83,109.89,627.52296109
2026-01-02 11:00:00+00:00,109.9,109.91,109.67,109.69,113.30269951
2026-01-02 11:05:00+00:00,109.73,109.79,109.54,109.6,84.3248238
2026-01-02 11:10:00+00:00,109.61,109.67,109.55,109.55,134.90635284
2026-01-02 11:15:00+00:00,109.57,109.57,109.41,109.49,458.87998013
2026-01-02 11:20:00+00:00,109.53,109.62,109.51,109.55,258.8230808
2026-01-02 11:25:00+00:00,109.54,109.54,109.34,109.42,127.83703429
2026-01-02 11:30:00+00:00,109.43,109.46,109.26,109.43,220.51036053
2026-01-02 11:35:00+00:00,109.44,109.51,109.4,109.4,97.74160463
2026-01-02 11:40:00+00:00,109.44,109.48,109.15,109.25,281.86859614
2026-01-02 11:45:00+00:00,109.28,109.35,109.14,109.33,188.2766951
2026-01-02 11:50:00+00:00,109.33,109.33,109.18,109.25,93.14064598
2026-01-02 11:55:00+00:00,109.29,109.33,109.25,109.31,185.30312785
2026-01-02 12:00:00+00:00,109.16,109.31,109.08,109.16,120.78810025
2026-01-02 12:05:00+00:00,109.17,109.22,109.12,109.14,158.42513501
2026-01-02 12:10:00+00:00,109.14,109.28,109.14,109.25,256.41069948
2026-01-02 12:15:00+00:00,109.26,109.32,109.22,109.31,356.26901004
2026-01-02 12:20:00+00:00,109.31,109.31,108.99,109.07,283.03888393
2026-01-02 12:25:00+00:00,109.04,109.15,109.04,109.11,78.52969269
2026-01-02 12:30:00+00:00,109.12,109.42,109.08,109.28,117.95344254
2026-01-02 12:35:00+00:00,109.26,109.56,109.25,109.43,134.89311825
2026-01-02 12:40:00+00:00,109.48,109.55,109.36,109.51,133.79706349
2026-01-02 12:45:00+00:00,109.5,109.62,109.43,109.5,73.08036828
2026-01-02 12:50:00+00:00,109.48,109.55,109.46,109.52,102.83860521
2026-01-02 12:55:00+00:00,109.54,109.56,109.44,109.44,135.06213453
2026-01-02 13:00:00+00:00,109.45,109.45,109.35,109.44,444.04509769
2026-01-02 13:05:00+00:00,109.43,109.53,109.36,109.52,264.70234787
2026-01-02 13:10:00+00:00,109.43,109.46,109.38,109.46,160.06778701
2026-01-02 13:15:00+00:00,109.54,109.58,109.35,109.56,826.67794751
2026-01-02 13:20:00+00:00,109.58,109.74,109.39,109.4,562.95030768
2026-01-02 13:25:00+00:00,109.5,109.63,109.44,109.61,124.84483988
2026-01-02 13:30:00+00:00,109.61,109.64,109.46,109.52,364.76575219
2026-01-02 13:35:00+00:00,109.55,109.55,109.4,109.44,119.77558769
2026-01-02 13:40:00+00:00,109.46,109.61,109.45,109.58,125.63635979
2026-01-02 13:45:00+00:00,109.54,109.62,109.52,109.58,126.44056656
2026-01-02 13:50:00+00:00,109.58,109.64,109.57,109.59,489.42590956
2026-01-02 13:55:00+00:00,109.57,109.58,109.39,109.43,460.02760407
2026-01-02 14:00:00+00:00,109.44,109.71,109.44,109.7,38.51011822
2026-01-02 14:05:00+00:00,109.64,109.64,109.5,109.5,141.0158605
2026-01-02 14:10:00+00:00,109.47,109.47,109.11,109.16,400.29915286
2026-01-02 14:15:00+00:00,109.09,109.18,108.54,108.74,721.77545768
2026-01-02 14:20:00+00:00,108.73,108.73,108.47,108.63,770.75678618
2026-01-02 14:25:00+00:00,108.81,108.95,108.71,108.82,274.45725683
2026-01-02 14:30:00+00:00,108.79,108.85,108.19,108.34,489.03227837
2026-01-02 14:35:00+00:00,108.18,109.25,108.12,109.04,449.23239807
2026-01-02 14:40:00+00:00,109.07,109.47,108.97,109.4,234.46474066
2026-01-02 14:45:00+00:00,109.2,110.08,109.11,109.82,1198.24693569
2026-01-02 14:50:00+00:00,109.97,110.42,109.68,109.81,2518.96301948
2026-01-02 14:55:00+00:00,109.76,109.84,109.6,109.71,413.67337253
2026-01-02 15:00:00+00:00,109.72,110.01,109.36,109.43,279.85616825
2026-01-02 15:05:00+00:00,109.47,109.73,109.3,109.64,403.63248286
2026-01-02 15:10:00+00:00,109.59,109.59,109.26,109.42,537.29262861
2026-01-02 15:15:00+00:00,109.23,109.68,109.18,109.22,524.55189808
2026-01-02 15:20:00+00:00,109.24,109.25,108.57,108.79,1092.08509954
2026-01-02 15:25:00+00:00,108.77,109.27,108.76,108.88,170.87900268
2026-01-02 15:30:00+00:00,109.21,109.83,109.18,109.83,209.68610829
2026-01-02 15:35:00+00:00,109.76,110.07,109.7,110.07,373.53476657
2026-01-02 15:40:00+00:00,110.0,110.18,109.78,110.15,688.20884003
2026-01-02 15:45:00+00:00,110.14,110.37,110.03,110.15,919.02201313
2026-01-02 15:50:00+00:00,110.18,110.18,109.74,109.77,1662.85774162
2026-01-02 15:55:00+00:00,109.89,109.96,109.55,109.75,314.87632179
2026-01-02 16:00:00+00:00,109.75,109.87,109.57,109.63,295.06926817
2026-01-02 16:05:00+00:00,109.58,110.12,109.57,110.12,315.02344482
2026-01-02 16:10:00+00:00,110.1,110.55,109.96,110.47,229.79169113
2026-01-02 16:15:00+00:00,111.0,111.29,110.45,110.74,3227.17443739
2026-01-02 16:20:00+00:00,110.71,111.09,110.6,111.07,799.65374452
2026-01-02 16:25:00+00:00,110.8,111.03,110.66,110.71,325.89842988
2026-01-02 16:30:00+00:00,110.92,112.2,110.91,111.97,3331.94549938
2026-01-02 16:35:00+00:00,112.04,112.12,111.6,111.62,1685.07140992
2026-01-02 16:40:00+00:00,111.65,111.76,111.29,111.35,3298.37061385
2026-01-02 16:45:00+00:00,111.4,111.55,111.12,111.22,384.97499739
2026-01-02 16:50:00+00:00,111.5,111.56,110.95,111.25,795.7280971
2026-01-02 16:55:00+00:00,111.27,111.54,111.22,111.49,1271.16971597
2026-01-02 17:00:00+00:00,111.57,112.03,111.53,111.97,546.3397664
2026-01-02 17:05:00+00:00,112.05,112.38,111.9,112.09,602.17999443
2026-01-02 17:10:00+00:00,112.15,112.32,111.97,112.13,2053.80767573
2026-01-02 17:15:00+00:00,112.2,112.74,112.19,112.61,2303.83556095
2026-01-02 17:20:00+00:00,112.32,112.43,111.93,111.93,704.87017739
2026-01-02 17:25:00+00:00,112.0,112.05,111.89,111.96,366.47183505
2026-01-02 17:30:00+00:00,111.95,112.04,111.68,111.8,1373.36926348
2026-01-02 17:35:00+00:00,111.89,111.95,111.67,111.76,183.69008244
2026-01-02 17:40:00+00:00,111.67,111.91,111.67,111.79,306.3849901
2026-01-02 17:45:00+00:00,111.88,111.99,111.46,111.5,462.44479011
2026-01-02 17:50:00+00:00,111.5,111.79,111.37,111.73,1254.16635482
2026-01-02 17:55:00+00:00,111.97,112.01,111.74,112.0,144.71564502
2026-01-02 18:00:00+00:00,111.97,112.28,111.94,112.28,295.72941863
2026-01-02 18:05:00+00:00,112.32,112.35,112.04,112.15,244.32353059
2026-01-02 18:10:00+00:00,112.14,112.38,112.12,112.38,243.47554565
2026-01-02 18:15:00+00:00,112.26,112.42,112.23,112.39,536.84514964
2026-01-02 18:20:00+00:00,112.4,112.55,112.32,112.45,118.94654641
2026-01-02 18:25:00+00:00,112.4,112.48,112.28,112.35,639.70955904
2026-01-02 18:30:00+00:00,112.36,112.36,111.88,111.94,230.17925878
2026-01-02 18:35:00+00:00,111.93,112.15,111.77,111.99,275.67374775
2026-01-02 18:40:00+00:00,112.0,112.0,111.8,111.9,122.86389853
2026-01-02 18:45:00+00:00,112.01,112.01,111.64,111.64,621.86267349
2026-01-02 18:50:00+00:00,111.5,111.55,111.19,111.43,446.72859646
2026-01-02 18:55:00+00:00,111.56,111.68,111.36,111.53,104.49383659
2026-01-02 19:00:00+00:00,111.59,111.66,111.43,111.48,260.66502868
2026-01-02 19:05:00+00:00,111.47,111.68,111.47,111.68,205.86716253
2026-01-02 19:10:00+00:00,111.67,111.85,111.59,111.83,105.02978425
2026-01-02 19:15:00+00:00,112.03,112.13,111.83,112.07,430.9637195
2026-01-02 19:20:00+00:00,112.08,112.33,112.06,112.22,1922.86165184
2026-01-02 19:25:00+00:00,112.16,112.31,112.09,112.15,586.56794087
2026-01-02 19:30:00+00:00,112.23,112.38,112.21,112.24,508.5018454
2026-01-02 19:35:00+00:00,112.28,112.37,112.12,112.37,299.29502688
2026-01-02 19:40:00+00:00,112.35,112.46,112.28,112.3,196.5078503
2026-01-02 19:45:00+00:00,112.28,112.32,112.2,112.28,77.50193579
2026-01-02 19:50:00+00:00,112.33,112.33,112.2,112.33,44.62741992
2026-01-02 19:55:00+00:00,112.29,112.33,112.23,112.25,84.8064383
2026-01-02 20:00:00+00:00,112.34,112.55,112.28,112.35,50.44266909
2026-01-02 20:05:00+00:00,112.35,112.43,112.2,112.22,100.55457066
2026-01-02 20:10:00+00:00,112.2,112.63,112.2,112.61,101.82322745
2026-01-02 20:15:00+00:00,112.63,112.63,112.25,112.25,138.34142168
2026-01-02 20:20:00+00:00,112.36,112.73,112.36,112.47,555.98006648
2026-01-02 20:25:00+00:00,112.33,112.4,112.29,112.34,55.85749019
2026-01-02 20:30:00+00:00,112.33,112.33,112.1,112.21,159.51374818
2026-01-02 20:35:00+00:00,112.24,112.35,112.23,112.27,58.03828401
2026-01-02 20:40:00+00:00,112.22,112.34,112.22,112.23,89.6311749
2026-01-02 20:45:00+00:00,112.23,112.32,112.0,112.0,471.72120113
2026-01-02 20:50:00+00:00,112.01,112.04,111.77,111.77,113.27961029
2026-01-02 20:55:00+00:00,111.82,112.0,111.63,111.88,366.96441288
2026-01-02 21:00:00+00:00,111.96,112.13,111.96,112.03,46.55016069
2026-01-02 21:05:00+00:00,111.99,111.99,111.94,111.95,42.72019372
2026-01-02 21:10:00+00:00,111.96,112.09,111.96,111.99,186.59635187
2026-01-02 21:15:00+00:00,111.99,112.02,111.92,111.95,38.39667403
2026-01-02 21:20:00+00:00,111.98,112.15,111.98,112.15,84.69415757
2026-01-02 21:25:00+00:00,112.4,112.4,112.12,112.34,117.77706667
2026-01-02 21:30:00+00:00,112.4,112.46,112.38,112.39,63.81462098
2026-01-02 21:35:00+00:00,112.38,112.38,112.27,112.32,89.14586389
2026-01-02 21:40:00+00:00,112.31,112.42,112.31,112.42,351.14729972
2026-01-02 21:45:00+00:00,112.44,112.44,112.4,112.4,116.81614842
2026-01-02 21:50:00+00:00,112.46,112.72,112.38,112.66,419.64139928
2026-01-02 21:55:00+00:00,112.52,112.59,112.42,112.49,244.25605953
2026-01-02 22:00:00+00:00,112.58,113.37,112.54,113.27,1192.53978822
2026-01-02 22:05:00+00:00,113.25,113.68,113.15,113.39,1038.85927004
2026-01-02 22:10:00+00:00,113.35,113.43,112.89,113.0,448.94802701
2026-01-02 22:15:00+00:00,113.02,113.21,112.97,113.21,138.68728569
2026-01-02 22:20:00+00:00,113.24,113.41,113.23,113.25,133.38629895
2026-01-02 22:25:00+00:00,113.24,113.32,113.09,113.2,684.89167739
2026-01-02 22:30:00+00:00,113.13,113.42,113.1,113.1,491.47174737
2026-01-02 22:35:00+00:00,113.08,113.29,113.01,113.29,112.16449854
2026-01-02 22:40:00+00:00,113.2,113.62,113.13,113.5,1266.31409058
2026-01-02 22:45:00+00:00,113.48,113.6,113.41,113.5,263.53944643
2026-01-02 22:50:00+00:00,113.35,113.38,113.3,113.34,258.26968085
2026-01-02 22:55:00+00:00,113.15,113.34,113.14,113.18,165.99972256
2026-01-02 23:00:00+00:00,113.14,113.24,113.04,113.24,286.16615198
2026-01-02 23:05:00+00:00,113.19,113.24,113.08,113.08,26.19078833
2026-01-02 23:10:00+00:00,113.0,113.07,113.0,113.07,45.38970432
2026-01-02 23:15:00+00:00,113.1,113.29,113.1,113.26,226.69704166
2026-01-02 23:20:00+00:00,113.23,113.26,112.97,112.97,25.90770193
2026-01-02 23:25:00+00:00,112.95,113.26,112.93,113.02,641.26874226
2026-01-02 23:30:00+00:00,113.06,113.1,112.96,112.96,183.48910086
2026-01-02 23:35:00+00:00,112.93,112.95,112.81,112.9,116.17749146
2026-01-02 23:40:00+00:00,112.93,112.93,112.82,112.82,28.91683315
2026-01-02 23:45:00+00:00,112.82,112.82,112.74,112.77,103.36255913
2026-01-02 23:50:00+00:00,112.75,112.8,112.57,112.58,192.38216166
2026-01-02 23:55:00+00:00,112.67,112.91,112.67,112.8,292.81010808
2026-01-03 00:00:00+00:00,112.95,113.11,112.92,113.01,94.6139038
2026-01-03 00:05:00+00:00,113.08,113.16,113.06,113.11,89.66964993
2026-01-03 00:10:00+00:00,113.16,113.33,113.16,113.33,53.91968462
2026-01-03 00:15:00+00:00,113.21,113.23,113.09,113.19,71.99769141
2026-01-03 00:20:00+00:00,113.13,113.41,113.12,113.41,31.24977292
2026-01-03 00:25:00+00:00,113.29,113.44,113.29,113.38,61.20609287
2026-01-03 00:30:00+00:00,113.3,113.41,113.3,113.35,57.61026171
2026-01-03 00:35:00+00:00,113.32,113.35,113.2,113.33,21.81619282
2026-01-03 00:40:00+00:00,113.29,113.38,113.27,113.31,61.59736535
2026-01-03 00:45:00+00:00,113.27,113.37,113.25,113.28,114.21739921
2026-01-03 00:50:00+00:00,113.24,113.36,113.24,113.36,21.40115126
2026-01-03 00:55:00+00:00,113.3,113.3,113.12,113.12,91.96708359
2026-01-03 01:00:00+00:00,113.04,113.1,113.0,113.1,47.27293579
2026-01-03 01:05:00+00:00,113.18,113.18,113.08,113.17,7.29958188
2026-01-03 01:10:00+00:00,113.15,113.39,113.15,113.39,324.74124858
2026-01-03 01:15:00+00:00,113.39,113.47,113.09,113.19,84.60920517
2026-01-03 01:20:00+00:00,113.0,113.13,113.0,113.02,3.59948173
2026-01-03 01:25:00+00:00,113.05,113.11,113.03,113.04,82.71819923
2026-01-03 01:30:00+00:00,113.01,113.14,113.0,113.08,108.9667179
2026-01-03 01:35:00+00:00,113.11,113.2,113.08,113.2,28.24228035
2026-01-03 01:40:00+00:00,113.23,113.3,113.16,113.16,63.61625229
2026-01-03 01:45:00+00:00,113.19,113.25,113.17,113.19,29.51500178
2026-01-03 01:50:00+00:00,113.2,113.22,113.15,113.15,42.74650232
2026-01-03 01:55:00+00:00,113.14,113.24,113.1,113.24,133.62385537
2026-01-03 02:00:00+00:00,113.19,113.19,112.74,112.77,502.63178452
2026-01-03 02:05:00+00:00,112.78,112.94,112.74,112.79,870.54616426
2026-01-03 02:10:00+00:00,112.8,112.92,112.8,112.91,259.49055873
2026-01-03 02:15:00+00:00,112.89,112.96,112.86,112.96,14.53278397
2026-01-03 02:20:00+00:00,112.9,113.21,112.9,113.21,104.81029632
2026-01-03 02:25:00+00:00,113.28,113.32,113.22,113.3,115.59000091
2026-01-03 02:30:00+00:00,113.32,113.32,113.32,113.32,3.05919283
2026-01-03 02:35:00+00:00,113.33,113.35,113.3,113.33,24.57835519
2026-01-03 02:40:00+00:00,113.35,113.38,113.3,113.37,19.24158047
2026-01-03 02:45:00+00:00,113.37,113.55,113.37,113.55,270.14570742
2026-01-03 02:50:00+00:00,113.52,113.55,113.4,113.47,48.36116551
2026-01-03 02:55:00+00:00,113.43,113.47,113.38,113.39,100.41881906
2026-01-03 03:00:00+00:00,113.4,113.4,113.29,113.35,47.91435163
2026-01-03 03:05:00+00:00,113.33,113.35,113.12,113.14,407.45193299
2026-01-03 03:10:00+00:00,113.11,113.15,112.98,113.12,616.40796709
2026-01-03 03:15:00+00:00,113.19,113.27,112.98,113.04,149.59185514
2026-01-03 03:20:00+00:00,112.98,112.98,112.91,112.91,27.27085496
2026-01-03 03:25:00+00:00,112.89,113.02,112.83,113.02,1714.36385112
2026-01-03 03:30:00+00:00,113.07,113.11,113.04,113.11,170.66171477
2026-01-03 03:35:00+00:00,113.13,113.33,113.13,113.26,254.01890586
2026-01-03 03:40:00+00:00,113.34,113.4,113.34,113.4,20.09256104
2026-01-03 03:45:00+00:00,113.41,113.61,113.41,113.5,70.0247325
2026-01-03 03:50:00+00:00,113.42,113.49,113.41,113.41,46.1656117
2026-01-03 03:55:00+00:00,113.5,113.5,113.5,113.5,4.92325534
2026-01-03 04:00:00+00:00,113.37,113.39,113.35,113.39,30.51511637
2026-01-03 04:05:00+00:00,113.33,113.34,113.13,113.19,180.45487763
2026-01-03 04:10:00+00:00,113.12,113.12,113.11,113.11,0.84004688
2026-01-03 04:15:00+00:00,113.12,113.2,113.03,113.12,136.93937146
2026-01-03 04:20:00+00:00,113.07,113.17,113.07,113.17,28.38809129
2026-01-03 04:25:00+00:00,113.15,113.2,113.14,113.14,35.31703014
2026-01-03 04:30:00+00:00,113.12,113.16,113.04,113.12,81.3461625
2026-01-03 04:35:00+00:00,113.04,113.1,112.9,112.9,54.69695573
2026-01-03 04:40:00+00:00,112.93,113.02,112.82,112.83,268.048491
2026-01-03 04:45:00+00:00,112.83,112.98,112.83,112.89,81.64011323
2026-01-03 04:50:00+00:00,112.92,112.95,112.9,112.94,34.60961567
2026-01-03 04:55:00+00:00,112.94,112.99,112.94,112.95,17.94617835
2026-01-03 05:00:00+00:00,112.95,113.12,112.95,113.02,77.45166003
2026-01-03 05:05:00+00:00,112.99,113.03,112.96,113.02,18.30413946
2026-01-03 05:10:00+00:00,113.02,113.03,112.95,112.95,116.2270492
2026-01-03 05:15:00+00:00,112.96,112.96,112.88,112.89,79.21199004
2026-01-03 05:20:00+00:00,112.87,112.97,112.87,112.97,24.53270945
2026-01-03 05:25:00+00:00,112.95,112.95,112.8,112.81,52.22778244
2026-01-03 05:30:00+00:00,112.75,112.78,112.65,112.65,174.1543636
2026-01-03 05:35:00+00:00,112.63,112.63,112.42,112.43,262.53287154
2026-01-03 05:40:00+00:00,112.4,112.49,112.33,112.44,95.1829046
2026-01-03 05:45:00+00:00,112.43,112.52,112.43,112.5,554.83506234
2026-01-03 05:50:00+00:00,112.5,112.58,112.46,112.58,150.84502664
2026-01-03 05:55:00+00:00,112.55,112.61,112.5,112.61,124.50716568
2026-01-03 06:00:00+00:00,112.58,112.63,112.53,112.58,24.20819216
2026-01-03 06:05:00+00:00,112.65,112.78,112.65,112.78,448.11787134
2026-01-03 06:10:00+00:00,112.77,112.93,112.77,112.85,363.20081233
2026-01-03 06:15:00+00:00,112.84,112.85,112.7,112.74,65.1515094
2026-01-03 06:20:00+00:00,112.7,112.71,112.65,112.68,62.38650446
2026-01-03 06:25:00+00:00,112.61,112.62,112.51,112.52,140.25989809
2026-01-03 06:30:00+00:00,112.5,112.62,112.49,112.61,35.62605655
2026-01-03 06:35:00+00:00,112.6,112.62,112.28,112.28,89.26149433
2026-01-03 06:40:00+00:00,112.3,112.32,112.04,112.04,274.68878297
2026-01-03 06:45:00+00:00,112.12,112.16,111.97,111.98,961.05951033
2026-01-03 06:50:00+00:00,112.02,112.11,111.95,112.01,462.27855363
2026-01-03 06:55:00+00:00,111.91,112.08,111.9,111.99,1089.15290433
2026-01-03 07:00:00+00:00,112.04,112.14,112.01,112.06,81.50369655
2026-01-03 07:05:00+00:00,111.99,112.05,111.96,112.04,7.53305343
2026-01-03 07:10:00+00:00,112.07,112.07,111.65,111.65,1020.04711313
2026-01-03 07:15:00+00:00,111.69,111.73,111.43,111.5,879.0908016
2026-01-03 07:20:00+00:00,111.36,111.36,110.99,111.23,1466.31844703
2026-01-03 07:25:00+00:00,111.18,111.22,110.92,110.94,1900.35233678
2026-01-03 07:30:00+00:00,110.92,111.03,110.58,110.89,544.37608312
2026-01-03 07:35:00+00:00,110.92,111.1,110.92,111.02,549.75320567
2026-01-03 07:40:00+00:00,111.18,111.18,111.04,111.06,396.48713191
2026-01-03 07:45:00+00:00,111.15,111.23,111.01,111.17,323.41189496
2026-01-03 07:50:00+00:00,111.11,111.27,111.05,111.07,341.66738517
2026-01-03 07:55:00+00:00,111.02,111.04,110.97,111.0,89.94219781
2026-01-03 08:00:00+00:00,111.09,111.22,110.87,111.2,379.53194376
2026-01-03 08:05:00+00:00,111.01,111.04,110.78,111.01,166.72010592
2026-01-03 08:10:00+00:00,111.03,111.12,110.98,111.08,22.01567395
2026-01-03 08:15:00+00:00,111.08,111.29,111.08,111.22,886.8621488
2026-01-03 08:20:00+00:00,111.11,111.25,111.11,111.19,24.74372593
2026-01-03 08:25:00+00:00,111.3,111.42,111.3,111.41,20.02022608
2026-01-03 08:30:00+00:00,111.36,111.55,111.36,111.54,27.45706079
2026-01-03 08:35:00+00:00,111.47,111.57,111.45,111.51,146.92381943
2026-01-03 08:40:00+00:00,111.5,111.81,111.5,111.78,1637.23358363
2026-01-03 08:45:00+00:00,111.77,111.82,111.68,111.7,329.3434188
2026-01-03 08:50:00+00:00,111.65,111.76,111.65,111.73,123.83091898
2026-01-03 08:55:00+00:00,111.68,111.68,111.53,111.55,288.70755367
2026-01-03 09:00:00+00:00,111.57,111.64,111.52,111.52,19.60207031
2026-01-03 09:05:00+00:00,111.48,111.51,111.39,111.4,73.58569741
2026-01-03 09:10:00+00:00,111.41,111.5,111.32,111.34,141.03626671
2026-01-03 09:15:00+00:00,111.4,111.45,111.3,111.45,367.88733287
2026-01-03 09:20:00+00:00,111.46,111.51,111.37,111.47,575.61763061
2026-01-03 09:25:00+00:00,111.5,111.66,111.49,111.66,187.65247657
2026-01-03 09:30:00+00:00,111.71,112.05,111.58,112.03,674.60606115
2026-01-03 09:35:00+00:00,112.01,112.21,111.95,112.21,257.20038382
2026-01-03 09:40:00+00:00,112.2,112.2,112.07,112.16,64.27271329
2026-01-03 09:45:00+00:00,112.19,112.19,112.01,112.01,154.9564552
2026-01-03 09:50:00+00:00,112.13,112.13,112.0,112.03,46.30247403
2026-01-03 09:55:00+00:00,112.07,112.1,111.95,111.95,54.30656531
2026-01-03 10:00:00+00:00,111.98,112.04,111.95,112.03,108.64724347
2026-01-03 10:05:00+00:00,111.99,111.99,111.83,111.92,265.05817204
2026-01-03 10:10:00+00:00,111.92,111.92,111.68,111.69,375.61577486
2026-01-03 10:15:00+00:00,111.69,111.87,111.69,111.84,267.82491982
2026-01-03 10:20:00+00:00,111.84,111.85,111.77,111.82,124.72349915
2026-01-03 10:25:00+00:00,111.84,111.88,111.65,111.75,430.53846522
2026-01-03 10:30:00+00:00,111.73,111.84,111.69,111.8,267.40906125
2026-01-03 10:35:00+00:00,111.84,111.99,111.84,111.93,52.07884546
2026-01-03 10:40:00+00:00,111.93,111.98,111.91,111.91,26.37263824
2026-01-03 10:45:00+00:00,111.89,111.89,111.8,111.82,90.66736185
2026-01-03 10:50:00+00:00,111.85,111.87,111.81,111.84,38.35731661
2026-01-03 10:55:00+00:00,111.74,111.8,111.7,111.75,176.99877366
2026-01-03 11:00:00+00:00,111.7,111.79,111.64,111.66,413.62717534
2026-01-03 11:05:00+00:00,111.67,111.67,111.47,111.51,134.34892375
2026-01-03 11:10:00+00:00,111.53,111.55,111.42,111.54,107.49245612
2026-01-03 11:15:00+00:00,111.54,111.55,111.47,111.47,506.35387277
2026-01-03 11:20:00+00:00,111.56,111.57,111.45,111.52,102.92032164
2026-01-03 11:25:00+00:00,111.54,111.59,111.46,111.47,206.74278255
2026-01-03 11:30:00+00:00,111.48,111.5,111.33,111.39,306.7949675
2026-01-03 11:35:00+00:00,111.4,111.54,111.4,111.54,225.42368522
2026-01-03 11:40:00+00:00,111.57,111.62,111.53,111.56,16.58223959
2026-01-03 11:45:00+00:00,111.53,111.56,111.49,111.54,100.38235242
2026-01-03 11:50:00+00:00,111.52,111.57,111.51,111.53,35.74149086
2026-01-03 11:55:00+00:00,111.49,111.62,111.49,111.58,213.81873896
2026-01-03 12:00:00+00:00,111.49,111.53,111.4,111.4,109.90310035
2026-01-03 12:05:00+00:00,111.4,111.43,111.37,111.37,50.46075378
2026-01-03 12:10:00+00:00,111.41,111.49,111.41,111.43,24.44591488
2026-01-03 12:15:00+00:00,111.49,111.58,111.43,111.54,155.73617999
2026-01-03 12:20:00+00:00,111.56,111.64,111.5,111.61,38.90146635
2026-01-03 12:25:00+00:00,111.6,111.68,111.57,111.63,87.59226671
2026-01-03 12:30:00+00:00,111.64,111.64,111.54,111.58,105.94629276
2026-01-03 12:35:00+00:00,111.51,111.51,111.45,111.45,18.54891833
2026-01-03 12:40:00+00:00,111.44,111.53,111.44,111.5,139.64729556
2026-01-03 12:45:00+00:00,111.52,111.72,111.48,111.69,1559.12678325
2026-01-03 12:50:00+00:00,111.62,111.68,111.62,111.62,226.11556274
2026-01-03 12:55:00+00:00,111.65,111.73,111.65,111.71,159.2347286
2026-01-03 13:00:00+00:00,111.77,111.9,111.61,111.9,102.02095886
2026-01-03 13:05:00+00:00,111.82,111.89,111.82,111.87,162.03144912
2026-01-03 13:10:00+00:00,111.82,111.82,111.74,111.78,437.46093219
2026-01-03 13:15:00+00:00,111.87,111.95,111.87,111.95,62.3059059
2026-01-03 13:20:00+00:00,112.03,112.12,111.9,112.11,326.45096119
2026-01-03 13:25:00+00:00,112.11,112.11,111.95,111.98,83.74259713
2026-01-03 13:30:00+00:00,112.03,112.1,112.01,112.1,9.62366984
2026-01-03 13:35:00+00:00,112.12,112.13,112.07,112.08,23.84100297
2026-01-03 13:40:00+00:00,112.08,112.08,111.93,111.96,19.82648351
2026-01-03 13:45:00+00:00,111.91,112.06,111.9,112.06,60.09971002
2026-01-03 13:50:00+00:00,112.06,112.09,112.05,112.08,32.01669415
2026-01-03 13:55:00+00:00,112.04,112.05,111.99,112.03,50.52191524
2026-01-03 14:00:00+00:00,112.01,112.09,111.99,112.01,38.47416509
2026-01-03 14:05:00+00:00,112.01,112.08,111.91,112.08,88.00820253
2026-01-03 14:10:00+00:00,112.1,112.16,112.07,112.1,24.16142155
2026-01-03 14:15:00+00:00,112.09,112.09,112.02,112.02,6.79157765
2026-01-03 14:20:00+00:00,112.02,112.26,112.02,112.12,233.93993467
2026-01-03 14:25:00+00:00,112.26,112.6,112.26,112.54,707.65155386
2026-01-03 14:30:00+00:00,112.57,112.81,112.41,112.55,534.79349161
2026-01-03 14:35:00+00:00,112.53,112.68,112.5,112.68,829.34760533
2026-01-03 14:40:00+00:00,112.66,112.69,112.63,112.65,276.7592213
2026-01-03 14:45:00+00:00,112.61,112.62,112.47,112.57,97.21868319
2026-01-03 14:50:00+00:00,112.49,112.54,112.48,112.48,43.27359679
2026-01-03 14:55:00+00:00,112.44,112.7,112.41,112.68,97.76727627
2026-01-03 15:00:00+00:00,112.69,112.69,112.52,112.55,311.29776303
2026-01-03 15:05:00+00:00,112.5,112.54,112.39,112.44,146.10569968
2026-01-03 15:10:00+00:00,112.44,112.44,112.32,112.34,61.35710503
2026-01-03 15:15:00+00:00,112.23,112.31,112.23,112.31,72.28829411
2026-01-03 15:20:00+00:00,112.37,112.44,112.35,112.35,64.40429877
2026-01-03 15:25:00+00:00,112.35,112.43,112.34,112.41,42.30899374
2026-01-03 15:30:00+00:00,112.43,112.52,112.41,112.45,111.05030214
2026-01-03 15:35:00+00:00,112.44,112.52,112.35,112.47,42.22882854
2026-01-03 15:40:00+00:00,112.45,112.47,112.35,112.39,83.82079069
2026-01-03 15:45:00+00:00,112.37,112.45,112.35,112.4,65.99310411
2026-01-03 15:50:00+00:00,112.39,112.42,112.34,112.38,79.74784835
2026-01-03 15:55:00+00:00,112.41,112.41,112.01,112.22,2593.11542598
2026-01-03 16:00:00+00:00,112.23,112.44,112.23,112.4,565.43895569
2026-01-03 16:05:00+00:00,112.51,112.56,112.39,112.4,194.76907667
2026-01-03 16:10:00+00:00,112.45,112.54,112.45,112.5,89.4067141
2026-01-03 16:15:00+00:00,112.48,112.56,112.43,112.56,69.77160474
2026-01-03 16:20:00+00:00,112.56,112.56,112.22,112.27,447.40085025
2026-01-03 16:25:00+00:00,112.32,112.43,112.28,112.43,11.34159861
2026-01-03 16:30:00+00:00,112.47,112.5,112.42,112.47,142.91956871
2026-01-03 16:35:00+00:00,112.43,112.61,112.43,112.47,252.0978696
2026-01-03 16:40:00+00:00,112.53,112.59,112.5,112.59,205.30822854
2026-01-03 16:45:00+00:00,112.62,112.64,112.47,112.47,88.43385655
2026-01-03 16:50:00+00:00,112.58,112.64,112.54,112.61,294.21682571
2026-01-03 16:55:00+00:00,112.52,112.52,112.35,112.46,375.49780185
2026-01-03 17:00:00+00:00,112.46,112.58,112.42,112.55,151.91522812
2026-01-03 17:05:00+00:00,112.51,112.51,112.43,112.43,207.27894157
2026-01-03 17:10:00+00:00,112.45,112.46,112.35,112.38,65.75245453
2026-01-03 17:15:00+00:00,112.36,112.42,112.36,112.41,39.24552148
2026-01-03 17:20:00+00:00,112.39,112.59,112.39,112.58,224.90529866
2026-01-03 17:25:00+00:00,112.56,112.56,112.52,112.55,48.62409928
2026-01-03 17:30:00+00:00,112.54,112.61,112.53,112.61,37.90150365
2026-01-03 17:35:00+00:00,112.61,112.66,112.59,112.66,754.60344138
2026-01-03 17:40:00+00:00,112.67,112.69,112.6,112.65,184.97389245
2026-01-03 17:45:00+00:00,112.63,112.63,112.54,112.6,25.61462173
2026-01-03 17:50:00+00:00,112.61,112.65,112.59,112.63,40.49404743
2026-01-03 17:55:00+00:00,112.63,112.65,112.57,112.6,26.99926136
2026-01-03 18:00:00+00:00,112.52,112.52,112.4,112.42,58.63736432
2026-01-03 18:05:00+00:00,112.4,112.41,112.34,112.4,20.23996021
2026-01-03 18:10:00+00:00,112.39,112.4,112.33,112.4,45.23365025
2026-01-03 18:15:00+00:00,112.39,112.57,112.36,112.56,30.79104775
2026-01-03 18:20:00+00:00,112.56,112.74,112.55,112.74,274.0430513
2026-01-03 18:25:00+00:00,112.77,112.79,112.67,112.73,176.6813353
2026-01-03 18:30:00+00:00,112.71,112.74,112.66,112.71,348.2903638
2026-01-03 18:35:00+00:00,112.72,112.72,112.65,112.65,34.64691745
2026-01-03 18:40:00+00:00,112.69,112.69,112.62,112.65,139.02368143
2026-01-03 18:45:00+00:00,112.68,112.76,112.68,112.69,848.05807399
2026-01-03 18:50:00+00:00,112.68,112.68,112.62,112.66,30.58796791
2026-01-03 18:55:00+00:00,112.66,112.67,112.6,112.61,82.78956939
2026-01-03 19:00:00+00:00,112.56,112.63,112.47,112.59,42.55967458
2026-01-03 19:05:00+00:00,112.54,112.56,112.49,112.5,146.98442935
2026-01-03 19:10:00+00:00,112.44,112.45,112.4,112.4,18.65573705
2026-01-03 19:15:00+00:00,112.44,112.45,112.42,112.42,25.19897971
2026-01-03 19:20:00+00:00,112.43,112.45,112.42,112.45,22.78459786
2026-01-03 19:25:00+00:00,112.42,112.51,112.4,112.5,44.02704385
2026-01-03 19:30:00+00:00,112.47,112.55,112.45,112.51,33.70436307
2026-01-03 19:35:00+00:00,112.54,112.54,112.44,112.5,110.19957546
2026-01-03 19:40:00+00:00,112.49,112.53,112.46,112.51,34.97412725
2026-01-03 19:45:00+00:00,112.52,112.57,112.46,112.57,51.77362192
2026-01-03 19:50:00+00:00,112.5,112.59,112.49,112.59,380.38850462
2026-01-03 19:55:00+00:00,112.5,112.55,112.48,112.49,89.12539446
2026-01-03 20:00:00+00:00,112.49,112.53,112.33,112.34,34.99748945
2026-01-03 20:05:00+00:00,112.3,112.32,112.14,112.31,321.55637057
2026-01-03 20:10:00+00:00,112.18,112.23,112.14,112.19,90.517363
2026-01-03 20:15:00+00:00,112.25,112.27,112.21,112.21,27.55315247
2026-01-03 20:20:00+00:00,112.19,112.32,112.19,112.27,79.62018966
2026-01-03 20:25:00+00:00,112.25,112.32,112.25,112.32,61.53876067
2026-01-03 20:30:00+00:00,112.28,112.44,112.28,112.41,365.28626454
2026-01-03 20:35:00+00:00,112.59,112.64,112.42,112.54,148.89369171
2026-01-03 20:40:00+00:00,112.57,112.62,112.51,112.62,125.39978516
2026-01-03 20:45:00+00:00,112.61,112.63,112.53,112.63,171.07677361
2026-01-03 20:50:00+00:00,112.61,112.73,112.61,112.67,186.61934069
2026-01-03 20:55:00+00:00,112.64,112.69,112.64,112.66,28.24303256
2026-01-03 21:00:00+00:00,112.67,112.67,112.54,112.64,91.00845729
2026-01-03 21:05:00+00:00,112.68,112.71,112.59,112.67,118.05177416
2026-01-03 21:10:00+00:00,112.67,112.71,112.63,112.68,73.04545405
2026-01-03 21:15:00+00:00,112.71,112.8,112.71,112.74,140.51380836
2026-01-03 21:20:00+00:00,112.79,113.11,112.78,113.1,161.74039926
2026-01-03 21:25:00+00:00,113.05,113.27,113.05,113.18,307.34107093
2026-01-03 21:30:00+00:00,113.18,113.58,113.18,113.25,674.71306962
2026-01-03 21:35:00+00:00,113.23,113.32,113.13,113.32,90.96494638
2026-01-03 21:40:00+00:00,113.35,113.38,113.26,113.32,143.01986854
2026-01-03 21:45:00+00:00,113.27,113.34,113.25,113.34,53.0809907
2026-01-03 21:50:00+00:00,113.32,113.43,113.32,113.43,36.1280117
2026-01-03 21:55:00+00:00,113.45,113.5,113.38,113.43,180.28402465
2026-01-03 22:00:00+00:00,113.42,113.42,113.21,113.21,37.80354446
2026-01-03 22:05:00+00:00,113.25,113.4,113.18,113.4,504.45389748
2026-01-03 22:10:00+00:00,113.4,113.43,113.26,113.29,81.09924369
2026-01-03 22:15:00+00:00,113.32,113.55,113.32,113.48,252.01881438
2026-01-03 22:20:00+00:00,113.53,113.53,113.49,113.53,97.8002758
2026-01-03 22:25:00+00:00,113.55,113.58,113.35,113.35,39.80691431
2026-01-03 22:30:00+00:00,113.39,113.56,113.34,113.55,277.59532108
2026-01-03 22:35:00+00:00,113.75,114.34,113.56,113.82,1441.54318644
2026-01-03 22:40:00+00:00,113.79,113.87,113.64,113.64,177.89187107
2026-01-03 22:45:00+00:00,113.63,113.85,113.56,113.56,164.83903199
2026-01-03 22:50:00+00:00,113.61,113.72,113.61,113.66,610.54483753
2026-01-03 22:55:00+00:00,113.69,113.93,113.64,113.69,72.72548783
2026-01-03 23:00:00+00:00,113.89,113.95,113.77,113.8,80.61232505
2026-01-03 23:05:00+00:00,113.98,114.03,113.76,113.76,155.01126101
2026-01-03 23:10:00+00:00,113.71,113.79,113.67,113.78,203.35808034
2026-01-03 23:15:00+00:00,113.82,114.06,113.79,114.01,145.2621247
2026-01-03 23:20:00+00:00,114.02,114.26,114.01,114.09,561.08421806
2026-01-03 23:25:00+00:00,114.12,114.18,114.08,114.11,55.66417346
2026-01-03 23:30:00+00:00,114.02,114.17,113.98,114.0,73.3856461
2026-01-03 23:35:00+00:00,113.94,114.07,113.94,113.96,24.85569255
2026-01-03 23:40:00+00:00,113.94,113.97,113.86,113.86,48.84392943
2026-01-03 23:50:00+00:00,113.9,113.9,113.77,113.87,46.33587966
2026-01-03 23:55:00+00:00,113.86,113.89,113.82,113.88,57.81531059
2026-01-04 00:00:00+00:00,113.84,114.2,113.82,114.2,247.90086874
2026-01-04 00:05:00+00:00,114.13,115.21,114.13,114.95,2894.88573423
2026-01-04 00:10:00+00:00,114.67,114.92,114.67,114.8,2144.59254221
2026-01-04 00:15:00+00:00,114.89,114.93,114.64,114.91,84.92957048
2026-01-04 00:20:00+00:00,114.65,114.77,114.52,114.75,113.31325305
2026-01-04 00:25:00+00:00,114.57,114.71,114.31,114.31,51.62931804
2026-01-04 00:30:00+00:00,114.41,114.68,114.39,114.68,519.76975304
2026-01-04 00:35:00+00:00,114.59,114.62,114.45,114.45,66.53505282
2026-01-04 00:40:00+00:00,114.47,114.5,114.3,114.48,175.04018094
2026-01-04 00:45:00+00:00,114.43,114.67,114.39,114.63,136.93697189
2026-01-04 00:50:00+00:00,114.56,114.89,114.56,114.88,384.77517353
2026-01-04 00:55:00+00:00,114.96,115.06,114.86,114.89,107.75768334
2026-01-04 01:00:00+00:00,114.81,114.92,114.67,114.92,88.18604414
2026-01-04 01:05:00+00:00,114.88,114.96,114.87,114.95,85.88869103
2026-01-04 01:10:00+00:00,114.79,114.89,114.7,114.82,38.14993921
2026-01-04 01:15:00+00:00,114.87,114.92,114.52,114.52,172.35729998
2026-01-04 01:20:00+00:00,114.48,114.54,114.35,114.41,60.74748883
2026-01-04 01:25:00+00:00,114.41,114.41,114.24,114.29,1246.59733054
2026-01-04 01:30:00+00:00,114.28,114.29,114.02,114.29,324.8127119
2026-01-04 01:35:00+00:00,114.07,114.21,114.06,114.08,192.26080962
2026-01-04 01:40:00+00:00,114.18,114.2,113.89,114.11,375.26270065
2026-01-04 01:45:00+00:00,114.13,114.22,113.9,113.93,150.67576275
2026-01-04 01:50:00+00:00,114.09,114.21,114.09,114.21,35.21778223
2026-01-04 01:55:00+00:00,114.33,114.33,114.3,114.33,15.23498311
2026-01-04 02:00:00+00:00,114.35,114.38,114.21,114.25,67.79239196
2026-01-04 02:05:00+00:00,114.33,114.34,114.15,114.15,139.22195473
2026-01-04 02:10:00+00:00,114.21,114.23,114.13,114.13,38.71022133
2026-01-04 02:15:00+00:00,114.16,114.27,114.16,114.21,37.37297694
2026-01-04 02:20:00+00:00,114.3,114.31,114.3,114.31,25.93810111
2026-01-04 02:25:00+00:00,114.3,114.3,114.23,114.3,57.94410493
2026-01-04 02:30:00+00:00,114.34,114.34,114.27,114.27,12.20801766
2026-01-04 02:35:00+00:00,114.32,114.32,114.18,114.31,40.82414738
2026-01-04 02:40:00+00:00,114.24,114.29,114.09,114.17,94.72837085
2026-01-04 02:45:00+00:00,114.03,114.03,113.95,113.95,25.69966836
2026-01-04 02:50:00+00:00,114.11,114.17,114.1,114.1,13.36546626
2026-01-04 02:55:00+00:00,114.08,114.17,114.05,114.05,50.45179341
2026-01-04 03:00:00+00:00,114.12,114.3,114.12,114.15,17.80821966
2026-01-04 03:05:00+00:00,114.15,114.22,114.1,114.15,147.40865888
2026-01-04 03:10:00+00:00,114.15,114.67,114.15,114.61,180.00768968
2026-01-04 03:15:00+00:00,114.56,114.56,114.4,114.47,139.97179826
2026-01-04 03:20:00+00:00,114.42,114.42,114.37,114.37,81.35842259
2026-01-04 03:25:00+00:00,114.34,114.52,114.34,114.34,182.69448628
2026-01-04 03:30:00+00:00,114.38,114.38,114.24,114.27,22.44698726
2026-01-04 03:35:00+00:00,114.33,114.42,114.25,114.36,84.16133447
2026-01-04 03:40:00+00:00,114.42,114.58,114.41,114.52,118.30712016
2026-01-04 03:45:00+00:00,114.56,114.83,114.54,114.72,312.68129618
2026-01-04 03:50:00+00:00,114.71,114.86,114.69,114.85,181.56482143
2026-01-04 03:55:00+00:00,114.91,114.92,114.72,114.9,323.04721572
2026-01-04 04:00:00+00:00,114.86,114.9,114.78,114.9,803.03371848
2026-01-04 04:05:00+00:00,114.9,115.01,114.69,114.83,66.5860079
2026-01-04 04:10:00+00:00,114.74,114.85,114.74,114.85,45.93969054
2026-01-04 04:15:00+00:00,114.88,115.02,114.87,114.96,214.55066736
2026-01-04 04:20:00+00:00,114.98,115.1,114.85,114.88,136.90225232
2026-01-04 04:25:00+00:00,114.82,114.87,114.77,114.82,53.88650132
2026-01-04 04:30:00+00:00,114.75,114.94,114.75,114.91,53.90067502
2026-01-04 04:35:00+00:00,114.87,115.0,114.81,114.87,43.11876326
2026-01-04 04:40:00+00:00,114.82,114.84,114.73,114.77,45.13862894
2026-01-04 04:45:00+00:00,114.77,114.89,114.75,114.89,46.19039493
2026-01-04 04:50:00+00:00,114.77,114.77,114.6,114.6,99.4133648
2026-01-04 04:55:00+00:00,114.62,114.74,114.61,114.63,27.10766426
2026-01-04 05:00:00+00:00,114.67,114.73,114.64,114.68,179.82310847
2026-01-04 05:05:00+00:00,114.71,114.77,114.69,114.71,52.04427026
2026-01-04 05:10:00+00:00,114.7,114.7,114.68,114.68,132.33443201
2026-01-04 05:15:00+00:00,114.66,114.8,114.66,114.77,60.50029455
2026-01-04 05:20:00+00:00,114.84,114.88,114.76,114.86,86.16514006
2026-01-04 05:25:00+00:00,114.84,114.9,114.84,114.84,24.04710066
2026-01-04 05:30:00+00:00,114.84,114.9,114.84,114.9,190.56359916
2026-01-04 05:35:00+00:00,114.86,114.88,114.7,114.75,37.61573962
2026-01-04 05:40:00+00:00,114.68,114.72,114.66,114.71,58.8216178
2026-01-04 05:45:00+00:00,114.69,114.82,114.69,114.82,467.00214873
2026-01-04 05:50:00+00:00,114.79,114.84,114.75,114.77,32.90946879
2026-01-04 05:55:00+00:00,114.77,114.88,114.77,114.87,46.30478246
2026-01-04 06:00:00+00:00,114.83,114.91,114.81,114.87,76.98432048
2026-01-04 06:05:00+00:00,114.76,115.04,114.76,114.86,283.47714405
2026-01-04 06:10:00+00:00,115.02,115.04,114.85,114.88,27.74829604
2026-01-04 06:15:00+00:00,114.83,114.9,114.69,114.9,76.89819591
2026-01-04 06:20:00+00:00,114.91,115.25,114.91,115.07,311.27515527
2026-01-04 06:25:00+00:00,114.9,114.93,114.79,114.8,113.5174976
2026-01-04 06:30:00+00:00,114.74,114.9,114.64,114.69,4.3494681
2026-01-04 06:35:00+00:00,114.7,114.74,114.69,114.7,69.55213985
2026-01-04 06:40:00+00:00,114.62,114.62,114.21,114.32,48.16092454
2026-01-04 06:45:00+00:00,114.37,114.43,114.2,114.2,171.22115204
2026-01-04 06:50:00+00:00,114.24,114.37,114.24,114.37,50.07134544
2026-01-04 06:55:00+00:00,114.37,114.37,114.18,114.18,89.46196932
2026-01-04 07:00:00+00:00,114.24,114.38,114.23,114.26,344.87141067
2026-01-04 07:05:00+00:00,114.24,114.37,114.24,114.32,60.25088936
2026-01-04 07:10:00+00:00,114.35,114.42,114.33,114.33,32.80571006
2026-01-04 07:15:00+00:00,114.33,114.34,114.27,114.32,343.63985268
2026-01-04 07:20:00+00:00,114.37,114.38,114.25,114.25,42.89360526
2026-01-04 07:25:00+00:00,114.25,114.32,114.15,114.32,265.92369169
2026-01-04 07:30:00+00:00,114.33,114.37,114.23,114.23,129.78344829
2026-01-04 07:35:00+00:00,114.26,114.43,114.23,114.43,309.16516927
2026-01-04 07:40:00+00:00,114.33,114.51,114.32,114.51,552.56880372
2026-01-04 07:45:00+00:00,114.47,114.55,114.42,114.44,124.28426193
2026-01-04 07:50:00+00:00,114.5,114.52,114.36,114.36,17.23119914
2026-01-04 07:55:00+00:00,114.35,114.38,114.26,114.26,980.99182042
2026-01-04 08:00:00+00:00,114.27,114.33,113.75,113.8,1022.51521889
2026-01-04 08:05:00+00:00,113.86,114.06,113.86,114.03,49.04006341
2026-01-04 08:10:00+00:00,114.07,114.09,113.98,114.02,60.08560647
2026-01-04 08:15:00+00:00,113.99,114.16,113.94,114.06,359.19774707
2026-01-04 08:20:00+00:00,114.09,114.18,113.95,113.95,94.40645585
2026-01-04 08:25:00+00:00,113.97,114.02,113.85,114.0,308.27745178
2026-01-04 08:30:00+00:00,113.98,114.08,113.98,114.07,54.41704428
2026-01-04 08:35:00+00:00,114.08,114.32,114.08,114.16,174.01350249
2026-01-04 08:40:00+00:00,114.19,114.5,114.14,114.45,286.48200149
2026-01-04 08:45:00+00:00,114.47,114.47,114.38,114.45,60.57919428
2026-01-04 08:50:00+00:00,114.43,114.5,114.36,114.4,183.18448837
2026-01-04 08:55:00+00:00,114.42,114.57,114.42,114.53,32.23677803
2026-01-04 09:00:00+00:00,114.52,114.61,114.42,114.56,130.58978162
2026-01-04 09:05:00+00:00,114.44,114.46,114.31,114.46,122.06737307
2026-01-04 09:10:00+00:00,114.46,114.49,114.42,114.49,45.38857005
2026-01-04 09:15:00+00:00,114.48,114.62,114.48,114.62,239.35751667
2026-01-04 09:20:00+00:00,114.67,114.78,114.42,114.42,819.87442661
2026-01-04 09:25:00+00:00,114.43,114.45,114.37,114.43,68.11562668
2026-01-04 09:30:00+00:00,114.46,114.62,114.46,114.52,222.86070748
2026-01-04 09:35:00+00:00,114.56,114.77,114.53,114.72,276.15867527
2026-01-04 09:40:00+00:00,114.72,114.79,114.63,114.69,128.05220811
2026-01-04 09:45:00+00:00,114.68,114.76,114.65,114.72,161.3792156
2026-01-04 09:50:00+00:00,114.74,114.84,114.61,114.68,248.76959937
2026-01-04 09:55:00+00:00,114.68,114.9,114.47,114.71,288.07719312
2026-01-04 10:00:00+00:00,114.71,114.9,114.7,114.71,226.41887254
2026-01-04 10:05:00+00:00,114.9,115.06,114.9,114.93,438.35769043
2026-01-04 10:10:00+00:00,114.97,114.99,114.86,114.91,121.18086241
2026-01-04 10:15:00+00:00,114.93,114.95,114.83,114.89,271.79971328
2026-01-04 10:20:00+00:00,114.86,114.89,114.78,114.79,355.98819631
2026-01-04 10:25:00+00:00,114.75,114.81,114.66,114.8,120.15077994
2026-01-04 10:30:00+00:00,114.76,114.92,114.76,114.83,80.73858695
2026-01-04 10:35:00+00:00,114.81,114.88,114.76,114.84,152.59011413
2026-01-04 10:40:00+00:00,114.89,114.92,114.83,114.92,50.98492526
2026-01-04 10:45:00+00:00,114.94,115.24,114.92,115.08,294.16264892
2026-01-04 10:50:00+00:00,115.07,115.2,115.04,115.11,140.52395222
2026-01-04 10:55:00+00:00,115.11,115.15,115.04,115.09,95.53737354
2026-01-04 11:00:00+00:00,115.06,115.06,114.82,115.04,225.93170321
2026-01-04 11:05:00+00:00,114.93,114.99,114.86,114.87,259.1668478
2026-01-04 11:10:00+00:00,114.92,115.11,114.89,114.96,55.39707378
2026-01-04 11:15:00+00:00,114.89,115.05,114.89,115.05,81.19900427
2026-01-04 11:20:00+00:00,115.08,115.08,114.93,115.0,45.2480015
2026-01-04 11:25:00+00:00,115.0,115.0,114.89,114.94,148.20894221
2026-01-04 11:30:00+00:00,114.94,115.03,114.86,114.9,72.80807565
2026-01-04 11:35:00+00:00,114.94,114.94,114.79,114.86,85.54131831
2026-01-04 11:40:00+00:00,114.83,114.94,114.82,114.91,29.34551453
2026-01-04 11:45:00+00:00,114.87,114.91,114.81,114.81,63.69145151
2026-01-04 11:50:00+00:00,114.85,114.85,114.65,114.77,206.88734787
2026-01-04 11:55:00+00:00,114.8,114.9,114.77,114.81,95.86875984
2026-01-04 12:00:00+00:00,114.9,114.93,114.77,114.92,58.78330865
2026-01-04 12:05:00+00:00,114.9,114.91,114.73,114.73,96.95799391
2026-01-04 12:10:00+00:00,114.75,114.81,114.75,114.78,32.88281527
2026-01-04 12:15:00+00:00,114.86,115.0,114.79,115.0,257.39272409
2026-01-04 12:20:00+00:00,115.04,115.1,115.0,115.1,49.7415597
2026-01-04 12:25:00+00:00,115.11,115.21,115.1,115.14,271.06411133
2026-01-04 12:30:00+00:00,115.09,115.25,115.0,115.21,206.53817551
2026-01-04 12:35:00+00:00,115.04,115.04,114.86,114.88,69.54183614
2026-01-04 12:40:00+00:00,114.83,114.88,114.68,114.68,105.9048915
2026-01-04 12:45:00+00:00,114.67,114.8,114.67,114.73,182.28161984
2026-01-04 12:50:00+00:00,114.73,114.76,114.68,114.73,82.481463
2026-01-04 12:55:00+00:00,114.77,114.77,114.7,114.75,87.46004152
2026-01-04 13:00:00+00:00,114.75,114.75,114.61,114.63,158.94199276
2026-01-04 13:05:00+00:00,114.68,114.74,114.55,114.69,229.36352973
2026-01-04 13:10:00+00:00,114.71,114.74,114.66,114.68,604.57983243
2026-01-04 13:15:00+00:00,114.66,114.66,114.35,114.35,249.7977058
2026-01-04 13:20:00+00:00,114.36,114.44,114.26,114.42,115.0759317
2026-01-04 13:25:00+00:00,114.41,114.54,114.41,114.45,275.0042179
2026-01-04 13:30:00+00:00,114.44,114.65,114.4,114.45,262.66764304
2026-01-04 13:35:00+00:00,114.6,114.61,114.51,114.53,79.51245246
2026-01-04 13:40:00+00:00,114.65,114.65,114.5,114.56,130.37989758
2026-01-04 13:45:00+00:00,114.57,114.62,114.56,114.62,43.63623844
2026-01-04 13:50:00+00:00,114.64,114.82,114.64,114.82,110.04026777
2026-01-04 13:55:00+00:00,114.86,114.88,114.78,114.88,256.06544268
2026-01-04 14:00:00+00:00,114.98,114.98,114.83,114.93,257.07546084
2026-01-04 14:05:00+00:00,114.93,115.07,114.86,114.98,210.46009072
2026-01-04 14:10:00+00:00,115.04,115.11,115.0,115.04,101.2957019
2026-01-04 14:15:00+00:00,115.0,115.0,114.87,114.94,113.46925855
2026-01-04 14:20:00+00:00,114.93,115.02,114.92,114.98,206.20235079
2026-01-04 14:25:00+00:00,114.95,114.95,114.64,114.84,1740.01209874
2026-01-04 14:30:00+00:00,115.04,115.04,114.75,114.75,114.01699459
2026-01-04 14:35:00+00:00,114.74,115.05,114.72,115.0,406.38467227
2026-01-04 14:40:00+00:00,114.99,115.0,114.86,115.0,430.54751743
2026-01-04 14:45:00+00:00,114.91,115.1,114.86,115.1,45.70271903
2026-01-04 14:50:00+00:00,115.11,115.17,115.05,115.17,106.6283746
2026-01-04 14:55:00+00:00,115.15,115.27,115.15,115.22,189.37640081
2026-01-04 15:00:00+00:00,115.21,115.55,115.2,115.41,388.23241996
2026-01-04 15:05:00+00:00,115.26,115.43,115.26,115.38,98.78741301
2026-01-04 15:10:00+00:00,115.42,115.55,115.33,115.54,112.02012427
2026-01-04 15:15:00+00:00,115.53,115.55,115.41,115.48,27.26095068
2026-01-04 15:20:00+00:00,115.53,115.55,115.41,115.46,180.48476905
2026-01-04 15:25:00+00:00,115.43,115.5,115.37,115.48,160.50803013
2026-01-04 15:30:00+00:00,115.47,115.48,115.35,115.41,234.29551738
2026-01-04 15:35:00+00:00,115.32,115.38,115.03,115.05,113.29293366
2026-01-04 15:40:00+00:00,115.08,115.19,114.99,115.02,556.66316893
2026-01-04 15:45:00+00:00,115.02,115.05,114.66,114.8,230.14286109
2026-01-04 15:50:00+00:00,114.77,115.06,114.75,115.03,87.05243896
2026-01-04 15:55:00+00:00,115.02,115.21,115.01,115.2,65.75007219
2026-01-04 16:00:00+00:00,115.18,115.51,115.11,115.38,195.98803308
2026-01-04 16:05:00+00:00,115.57,115.72,115.33,115.4,186.12975156
2026-01-04 16:10:00+00:00,115.44,115.45,115.34,115.36,79.08943692
2026-01-04 16:15:00+00:00,115.37,115.47,115.24,115.24,109.25415624
2026-01-04 16:20:00+00:00,115.25,115.44,115.19,115.33,167.16250695
2026-01-04 16:25:00+00:00,115.36,115.36,115.12,115.17,44.40118238
2026-01-04 16:30:00+00:00,115.18,115.5,115.09,115.21,162.76084531
2026-01-04 16:35:00+00:00,115.56,115.59,115.36,115.43,190.25640455
2026-01-04 16:40:00+00:00,115.37,115.38,115.25,115.25,24.67182032
2026-01-04 16:45:00+00:00,115.32,115.45,115.32,115.35,309.57303008
2026-01-04 16:50:00+00:00,115.33,115.41,115.29,115.38,304.88220755
2026-01-04 16:55:00+00:00,115.31,115.41,115.29,115.37,40.36624644
2026-01-04 17:00:00+00:00,115.5,115.52,115.34,115.34,425.82456713
2026-01-04 17:05:00+00:00,115.37,115.45,115.33,115.35,192.77064138
2026-01-04 17:10:00+00:00,115.35,115.43,115.24,115.37,208.3771012
2026-01-04 17:15:00+00:00,115.32,115.55,115.24,115.55,43.92731276
2026-01-04 17:20:00+00:00,115.34,115.53,115.33,115.42,141.72643055
2026-01-04 17:25:00+00:00,115.45,115.45,115.3,115.36,145.64710503
2026-01-04 17:30:00+00:00,115.39,115.45,115.34,115.41,71.13821982
2026-01-04 17:35:00+00:00,115.41,115.48,115.35,115.35,61.20907855
2026-01-04 17:40:00+00:00,115.22,115.39,115.21,115.21,40.20331407
2026-01-04 17:45:00+00:00,115.24,115.36,115.24,115.36,128.21482384
2026-01-04 17:50:00+00:00,115.34,115.36,115.16,115.16,179.84333614
2026-01-04 17:55:00+00:00,115.15,115.17,115.09,115.17,200.74872758
2026-01-04 18:00:00+00:00,114.96,115.09,114.95,115.01,198.52150952
2026-01-04 18:05:00+00:00,115.0,115.0,114.85,114.95,113.82718626
2026-01-04 18:10:00+00:00,114.79,114.9,114.79,114.81,53.82047966
2026-01-04 18:15:00+00:00,114.85,114.87,114.58,114.6,127.22473772
2026-01-04 18:20:00+00:00,114.58,114.64,114.44,114.59,709.17792008
2026-01-04 18:25:00+00:00,114.56,114.6,114.53,114.53,199.80397091
2026-01-04 18:30:00+00:00,114.5,114.55,114.33,114.55,278.59606104
2026-01-04 18:35:00+00:00,114.49,114.51,114.18,114.36,465.15401962
2026-01-04 18:40:00+00:00,114.56,114.63,114.31,114.63,255.59789031
2026-01-04 18:45:00+00:00,114.62,114.67,114.46,114.52,219.92506659
2026-01-04 18:50:00+00:00,114.58,114.6,114.48,114.49,215.83315816
2026-01-04 18:55:00+00:00,114.48,114.61,114.41,114.57,101.69278505
2026-01-04 19:00:00+00:00,114.24,114.52,114.02,114.09,372.84891621
2026-01-04 19:05:00+00:00,114.05,114.05,113.64,113.77,1370.03906282
2026-01-04 19:10:00+00:00,113.75,113.85,113.63,113.74,203.49646499
2026-01-04 19:15:00+00:00,113.82,113.87,113.67,113.74,95.48663171
2026-01-04 19:20:00+00:00,113.87,114.05,113.81,113.91,567.99405088
2026-01-04 19:25:00+00:00,114.03,114.06,113.89,113.96,67.57405507
2026-01-04 19:30:00+00:00,113.98,114.14,113.98,114.11,54.91514939
2026-01-04 19:35:00+00:00,114.12,114.23,113.99,113.99,115.61872492
2026-01-04 19:40:00+00:00,113.9,113.97,113.81,113.86,105.19987705
2026-01-04 19:45:00+00:00,113.85,113.97,113.85,113.97,117.73773783
2026-01-04 19:50:00+00:00,113.94,113.97,113.83,113.9,53.38134787
2026-01-04 19:55:00+00:00,113.9,114.02,113.9,114.02,19.74349995
2026-01-04 20:00:00+00:00,113.98,114.04,113.87,114.04,215.29882004
2026-01-04 20:05:00+00:00,113.98,114.19,113.95,114.17,77.70500262
2026-01-04 20:10:00+00:00,114.37,114.42,114.18,114.38,106.34233916
2026-01-04 20:15:00+00:00,114.36,114.39,114.26,114.31,77.7285869
2026-01-04 20:20:00+00:00,114.27,114.29,114.17,114.29,103.21923893
2026-01-04 20:25:00+00:00,114.29,114.5,114.28,114.5,119.68242872
2026-01-04 20:30:00+00:00,114.44,114.5,114.32,114.37,1186.70968641
2026-01-04 20:35:00+00:00,114.35,114.46,114.34,114.42,94.03124882
2026-01-04 20:40:00+00:00,114.42,114.5,114.37,114.39,117.83988983
2026-01-04 20:45:00+00:00,114.37,114.45,114.31,114.45,187.50039485
2026-01-04 20:50:00+00:00,114.51,114.6,114.51,114.58,83.03457018
2026-01-04 20:55:00+00:00,114.57,114.57,114.39,114.39,296.61926177
2026-01-04 21:00:00+00:00,114.38,114.44,114.24,114.4,147.91540116
2026-01-04 21:05:00+00:00,114.44,114.67,114.43,114.56,158.55965892
2026-01-04 21:10:00+00:00,114.75,114.86,114.55,114.66,1506.13366045
2026-01-04 21:15:00+00:00,114.65,114.76,114.62,114.72,171.74204857
2026-01-04 21:20:00+00:00,114.73,114.74,114.64,114.64,35.80366326
2026-01-04 21:25:00+00:00,114.64,114.64,114.45,114.45,422.90152194
2026-01-04 21:30:00+00:00,114.44,114.51,114.37,114.38,24.76698896
2026-01-04 21:35:00+00:00,114.48,114.49,114.29,114.3,43.5909335
2026-01-04 21:40:00+00:00,114.28,114.28,114.12,114.14,81.25412749
2026-01-04 21:45:00+00:00,114.18,114.28,114.16,114.2,107.89706476
2026-01-04 21:50:00+00:00,114.23,114.34,114.21,114.34,57.20781346
2026-01-04 21:55:00+00:00,114.32,114.33,114.27,114.29,72.96636548
2026-01-04 22:00:00+00:00,114.25,114.59,114.23,114.59,47.04968172
2026-01-04 22:05:00+00:00,114.62,114.67,114.44,114.62,369.26608091
2026-01-04 22:10:00+00:00,114.62,114.7,114.35,114.42,144.84080897
2026-01-04 22:15:00+00:00,114.42,114.46,114.3,114.46,17.98532519
2026-01-04 22:20:00+00:00,114.49,114.5,114.37,114.37,50.4919167
2026-01-04 22:25:00+00:00,114.4,114.49,114.33,114.49,43.36372936
2026-01-04 22:30:00+00:00,114.48,114.52,114.42,114.43,50.91236916
2026-01-04 22:35:00+00:00,114.37,114.37,114.25,114.25,74.90668342
2026-01-04 22:40:00+00:00,114.27,114.37,114.19,114.31,149.17777562
2026-01-04 22:45:00+00:00,114.33,114.45,114.33,114.44,117.87152075
2026-01-04 22:50:00+00:00,114.37,114.42,114.3,114.3,37.41151059
2026-01-04 22:55:00+00:00,114.29,114.63,114.29,114.57,169.8905594
2026-01-04 23:00:00+00:00,114.72,115.21,114.72,115.12,331.26277256
2026-01-04 23:05:00+00:00,115.08,115.16,114.8,114.8,324.8194683
2026-01-04 23:10:00+00:00,114.82,114.82,114.28,114.33,386.9582261
2026-01-04 23:15:00+00:00,114.36,114.4,114.18,114.35,116.13536255
2026-01-04 23:20:00+00:00,114.34,114.69,114.26,114.64,138.10618257
2026-01-04 23:25:00+00:00,114.49,114.78,114.48,114.53,48.94130081
2026-01-04 23:30:00+00:00,114.6,114.64,114.49,114.64,46.27844403
2026-01-04 23:35:00+00:00,114.63,114.75,114.46,114.62,30.15131601
2026-01-04 23:40:00+00:00,114.56,114.56,114.46,114.47,42.77696692
2026-01-04 23:45:00+00:00,114.4,114.41,114.22,114.31,119.77707988
2026-01-04 23:50:00+00:00,114.4,114.55,114.4,114.55,41.14201641
2026-01-04 23:55:00+00:00,114.44,114.67,114.44,114.59,28.54122476
2026-01-05 00:00:00+00:00,114.65,115.2,114.58,114.7,1304.91687296
2026-01-05 00:05:00+00:00,114.63,114.82,114.48,114.59,77.22621897
2026-01-05 00:10:00+00:00,114.68,115.01,114.67,114.95,51.34783702
2026-01-05 00:15:00+00:00,114.97,115.05,114.89,115.02,116.73821084
2026-01-05 00:20:00+00:00,114.95,115.0,114.52,114.53,266.4732586
2026-01-05 00:25:00+00:00,114.62,114.8,114.61,114.8,28.75446271
2026-01-05 00:30:00+00:00,114.63,114.68,114.54,114.64,56.37417149
2026-01-05 00:35:00+00:00,114.78,114.89,114.7,114.7,111.13630446
2026-01-05 00:40:00+00:00,114.88,115.09,114.74,115.07,31.61695559
2026-01-05 00:45:00+00:00,115.1,115.88,115.09,115.76,582.39115719
2026-01-05 00:50:00+00:00,115.71,115.91,115.57,115.68,126.13337336
2026-01-05 00:55:00+00:00,115.69,115.99,115.6,115.73,152.68880427
2026-01-05 01:00:00+00:00,115.85,115.88,115.55,115.64,225.60607972
2026-01-05 01:05:00+00:00,115.62,116.6,115.62,116.41,1843.28522324
2026-01-05 01:10:00+00:00,116.38,116.52,116.09,116.52,582.48280825
2026-01-05 01:15:00+00:00,116.62,116.75,116.23,116.68,94.2775189
2026-01-05 01:20:00+00:00,116.35,116.37,115.99,116.19,852.91286854
2026-01-05 01:25:00+00:00,116.21,116.37,116.21,116.37,89.39678194
2026-01-05 01:30:00+00:00,116.5,116.66,116.28,116.63,274.41649906
2026-01-05 01:35:00+00:00,116.77,117.61,116.68,117.28,2037.12642799
2026-01-05 01:40:00+00:00,117.27,117.27,116.98,117.02,258.86531704
2026-01-05 01:45:00+00:00,116.87,117.21,116.86,117.06,144.56767109
2026-01-05 01:50:00+00:00,117.04,117.15,116.79,116.95,702.48375842
2026-01-05 01:55:00+00:00,116.97,116.99,116.78,116.82,277.87367876
2026-01-05 02:00:00+00:00,116.88,117.19,116.87,116.95,454.60808705
2026-01-05 02:05:00+00:00,117.07,117.27,116.79,116.99,252.44525929
2026-01-05 02:10:00+00:00,116.87,117.0,116.86,116.87,178.89722551
2026-01-05 02:15:00+00:00,117.02,117.03,116.85,116.92,91.54568486
2026-01-05 02:20:00+00:00,116.88,116.88,116.38,116.38,179.69492647
2026-01-05 02:25:00+00:00,116.34,116.35,116.13,116.13,85.29376338
2026-01-05 02:30:00+00:00,116.07,116.48,116.01,116.45,21.77539199
2026-01-05 02:35:00+00:00,116.45,116.61,116.45,116.6,90.9046681
2026-01-05 02:40:00+00:00,116.51,116.65,116.51,116.61,13.96162007
2026-01-05 02:45:00+00:00,116.93,117.08,116.7,117.08,19.88495591
2026-01-05 02:50:00+00:00,117.05,117.1,117.03,117.1,49.35605087
2026-01-05 02:55:00+00:00,117.06,117.14,117.06,117.08,67.74530028
2026-01-05 03:00:00+00:00,117.08,117.14,116.89,117.03,50.82677135
2026-01-05 03:05:00+00:00,117.15,117.28,117.09,117.16,64.37621272
2026-01-05 03:10:00+00:00,117.1,117.19,117.06,117.07,4.4928751
2026-01-05 03:15:00+00:00,117.05,117.17,117.0,117.05,127.8299072
2026-01-05 03:20:00+00:00,117.07,117.07,116.9,117.04,41.53545674
2026-01-05 03:25:00+00:00,117.04,117.35,117.02,117.27,662.16923245
2026-01-05 03:30:00+00:00,117.35,117.56,117.35,117.43,63.00538703
2026-01-05 03:35:00+00:00,117.41,117.6,117.4,117.41,75.75310027
2026-01-05 03:40:00+00:00,117.46,117.46,117.14,117.14,213.09766054
2026-01-05 03:45:00+00:00,117.17,117.17,117.06,117.17,67.73210405
2026-01-05 03:50:00+00:00,117.14,117.17,117.02,117.04,7.42948132
2026-01-05 03:55:00+00:00,116.98,117.05,116.97,117.04,16.90811053
2026-01-05 04:00:00+00:00,116.97,117.12,116.97,117.08,9.46666159
2026-01-05 04:05:00+00:00,116.95,116.95,116.78,116.92,865.43447463
2026-01-05 04:10:00+00:00,116.73,116.78,116.45,116.5,140.038499
2026-01-05 04:15:00+00:00,116.46,116.6,116.25,116.48,497.72478808
2026-01-05 04:20:00+00:00,116.28,116.4,116.19,116.4,64.92326776
2026-01-05 04:25:00+00:00,116.27,116.27,115.9,115.97,214.79589547
2026-01-05 04:30:00+00:00,115.93,116.0,115.63,115.78,92.37003257
2026-01-05 04:35:00+00:00,115.74,115.91,115.74,115.87,40.87477205
2026-01-05 04:40:00+00:00,115.84,115.84,115.75,115.79,49.98665018
2026-01-05 04:45:00+00:00,115.78,115.97,115.77,115.92,131.04000943
2026-01-05 04:50:00+00:00,115.94,116.06,115.9,115.98,61.71369956
2026-01-05 04:55:00+00:00,116.08,116.22,116.05,116.15,10.47821764
2026-01-05 05:00:00+00:00,116.08,116.11,116.0,116.08,3.32422443
2026-01-05 05:05:00+00:00,116.15,116.3,116.15,116.2,126.21143499
2026-01-05 05:10:00+00:00,116.31,116.31,116.15,116.17,215.90608789
2026-01-05 05:15:00+00:00,116.15,116.27,116.13,116.21,56.78921217
2026-01-05 05:20:00+00:00,116.23,116.34,116.23,116.34,91.72376346
2026-01-05 05:25:00+00:00,116.33,116.39,116.22,116.27,134.29891565
2026-01-05 05:30:00+00:00,116.34,116.37,116.2,116.2,60.00461091
2026-01-05 05:35:00+00:00,116.43,116.49,116.35,116.42,241.19900965
2026-01-05 05:40:00+00:00,116.46,116.59,116.36,116.36,516.29806039
2026-01-05 05:45:00+00:00,116.3,116.36,116.29,116.29,50.8722042
2026-01-05 05:50:00+00:00,116.26,116.26,115.96,115.96,299.100727
2026-01-05 05:55:00+00:00,115.89,116.08,115.53,115.57,258.1661289
2026-01-05 06:00:00+00:00,115.54,115.84,115.53,115.76,270.01821292
2026-01-05 06:05:00+00:00,115.76,115.92,115.76,115.87,259.01225959
2026-01-05 06:10:00+00:00,115.91,115.93,115.82,115.83,291.24569943
2026-01-05 06:15:00+00:00,115.83,115.99,115.83,115.88,77.82572362
2026-01-05 06:20:00+00:00,115.97,115.97,115.77,115.91,322.26052866
2026-01-05 06:25:00+00:00,115.84,115.84,115.43,115.49,699.08750888
2026-01-05 06:30:00+00:00,115.49,115.53,115.16,115.51,307.48196095
2026-01-05 06:35:00+00:00,115.55,115.86,115.55,115.66,61.2159512
2026-01-05 06:40:00+00:00,115.81,115.87,115.74,115.83,100.97369176
2026-01-05 06:45:00+00:00,115.76,115.92,115.7,115.92,344.40316677
2026-01-05 06:50:00+00:00,115.93,116.04,115.83,115.96,168.53633008
2026-01-05 06:55:00+00:00,116.04,116.05,115.93,115.96,77.51114627
2026-01-05 07:00:00+00:00,115.95,116.07,115.9,115.93,119.2068051
2026-01-05 07:05:00+00:00,115.68,115.93,115.64,115.64,276.31235424
2026-01-05 07:10:00+00:00,115.6,115.93,115.6,115.84,93.96886966
2026-01-05 07:15:00+00:00,115.83,115.9,115.76,115.76,133.45157979
2026-01-05 07:20:00+00:00,115.81,115.81,115.57,115.64,1431.57399829
2026-01-05 07:25:00+00:00,115.62,115.77,115.62,115.73,228.59781125
2026-01-05 07:30:00+00:00,115.83,115.88,115.81,115.81,133.22162907
2026-01-05 07:35:00+00:00,115.83,115.91,115.83,115.84,75.09473453
2026-01-05 07:40:00+00:00,115.9,116.05,115.89,116.01,270.50781187
2026-01-05 07:45:00+00:00,116.01,116.05,115.81,115.98,66.61403838
2026-01-05 07:50:00+00:00,115.82,115.95,115.8,115.87,78.69952835
2026-01-05 07:55:00+00:00,115.88,115.91,115.84,115.91,79.09257238
2026-01-05 08:00:00+00:00,115.88,116.05,115.84,116.05,326.86563661
2026-01-05 08:05:00+00:00,115.87,116.09,115.84,115.94,244.59645111
2026-01-05 08:10:00+00:00,115.97,116.11,115.89,116.11,168.91282745
2026-01-05 08:15:00+00:00,116.07,116.23,116.01,116.01,114.46877196
2026-01-05 08:20:00+00:00,116.07,116.22,116.07,116.22,60.90848846
2026-01-05 08:25:00+00:00,116.18,116.23,116.05,116.14,84.494282
2026-01-05 08:30:00+00:00,116.15,116.15,116.07,116.11,82.38771008
2026-01-05 08:35:00+00:00,115.89,116.11,115.7,115.72,251.67794373
2026-01-05 08:40:00+00:00,115.71,115.81,115.7,115.78,119.86240615
2026-01-05 08:45:00+00:00,115.97,115.97,115.78,115.87,126.46679862
2026-01-05 08:50:00+00:00,115.89,115.98,115.89,115.96,479.41099994
2026-01-05 08:55:00+00:00,115.9,115.94,115.74,115.74,111.01096248
2026-01-05 09:00:00+00:00,115.73,115.78,115.37,115.55,447.48421548
2026-01-05 09:05:00+00:00,115.5,115.66,115.43,115.53,45.90882848
2026-01-05 09:10:00+00:00,115.58,115.72,115.37,115.45,1057.57567747
2026-01-05 09:15:00+00:00,115.42,115.68,115.42,115.65,184.22624956
2026-01-05 09:20:00+00:00,115.59,115.74,115.59,115.71,74.18861168
2026-01-05 09:25:00+00:00,115.75,115.77,115.68,115.68,27.0205718
2026-01-05 09:30:00+00:00,115.72,115.76,115.6,115.76,105.26137179
2026-01-05 09:35:00+00:00,115.9,115.98,115.78,115.95,753.16231425
2026-01-05 09:40:00+00:00,115.96,116.03,115.96,116.0,222.00526422
2026-01-05 09:45:00+00:00,116.06,116.16,115.96,116.02,281.5840541
2026-01-05 09:50:00+00:00,115.97,116.08,115.88,116.05,31.63676151
2026-01-05 09:55:00+00:00,116.01,116.01,115.91,115.91,267.28580108
2026-01-05 10:00:00+00:00,116.05,116.05,115.93,116.04,204.64169998
2026-01-05 10:05:00+00:00,116.06,116.18,116.05,116.11,95.56727669
2026-01-05 10:10:00+00:00,116.16,116.24,115.98,116.21,483.69678116
2026-01-05 10:15:00+00:00,116.18,116.3,116.06,116.09,276.71655312
2026-01-05 10:20:00+00:00,116.1,116.21,116.07,116.21,73.54979842
2026-01-05 10:25:00+00:00,116.21,116.23,116.16,116.17,242.85157278
2026-01-05 10:30:00+00:00,116.14,116.26,116.07,116.18,58.62782422
2026-01-05 10:35:00+00:00,116.22,116.22,115.82,116.08,320.53446681
2026-01-05 10:40:00+00:00,116.02,116.02,115.88,115.95,399.36092102
2026-01-05 10:45:00+00:00,116.02,116.21,116.02,116.19,122.66363262
2026-01-05 10:50:00+00:00,116.13,116.38,116.13,116.38,49.35882812
2026-01-05 10:55:00+00:00,116.42,116.42,116.21,116.21,324.24259224
2026-01-05 11:00:00+00:00,116.13,116.17,115.96,115.96,159.31390649
2026-01-05 11:05:00+00:00,116.0,116.09,115.96,116.01,684.21671625
2026-01-05 11:10:00+00:00,116.04,116.04,115.89,115.92,114.48241834
2026-01-05 11:15:00+00:00,115.92,115.93,115.78,115.93,407.05062311
2026-01-05 11:20:00+00:00,115.97,116.09,115.9,116.09,103.89221827
2026-01-05 11:25:00+00:00,116.05,116.14,115.89,115.91,1154.14995355
2026-01-05 11:30:00+00:00,115.91,116.03,115.81,115.86,472.92483897
2026-01-05 11:35:00+00:00,115.88,116.01,115.85,115.94,241.24048815
2026-01-05 11:40:00+00:00,115.93,116.08,115.93,115.96,421.21924428
2026-01-05 11:45:00+00:00,116.21,116.23,115.95,116.2,363.39643782
2026-01-05 11:50:00+00:00,116.16,116.25,116.12,116.21,137.90690368
2026-01-05 11:55:00+00:00,116.18,116.25,116.11,116.23,64.10178732
2026-01-05 12:00:00+00:00,116.22,116.24,116.09,116.1,250.21076722
2026-01-05 12:05:00+00:00,116.13,116.18,116.04,116.12,186.06094243
2026-01-05 12:10:00+00:00,116.16,116.25,116.13,116.19,292.7998311
2026-01-05 12:15:00+00:00,116.18,116.27,116.06,116.07,182.21633498
2026-01-05 12:20:00+00:00,115.95,116.04,115.91,115.96,162.6550068
2026-01-05 12:25:00+00:00,115.9,115.96,115.89,115.91,100.68383529
2026-01-05 12:30:00+00:00,115.92,115.98,115.87,115.9,75.35636116
2026-01-05 12:35:00+00:00,115.89,115.9,115.69,115.76,397.27958292
2026-01-05 12:40:00+00:00,115.76,115.76,115.58,115.62,132.42688896
2026-01-05 12:45:00+00:00,115.68,115.83,115.54,115.64,345.46090103
2026-01-05 12:50:00+00:00,115.65,115.81,115.64,115.64,235.20910791
2026-01-05 12:55:00+00:00,115.64,115.76,115.64,115.76,64.10471959
2026-01-05 13:00:00+00:00,115.78,115.8,115.65,115.74,96.83131743
2026-01-05 13:05:00+00:00,115.8,116.03,115.8,115.84,70.25525517
2026-01-05 13:10:00+00:00,115.81,115.97,115.81,115.82,77.69308287
2026-01-05 13:15:00+00:00,115.87,115.87,115.4,115.4,106.42643252
2026-01-05 13:20:00+00:00,115.39,115.4,115.15,115.27,342.16057043
2026-01-05 13:25:00+00:00,115.32,115.32,115.11,115.14,143.9086492
2026-01-05 13:30:00+00:00,115.18,115.18,114.89,115.0,1224.21141206
2026-01-05 13:35:00+00:00,114.98,114.98,114.73,114.8,500.7941492
2026-01-05 13:40:00+00:00,114.72,114.82,114.31,114.7,2897.08186453
2026-01-05 13:45:00+00:00,114.62,114.68,114.54,114.56,183.10430425
2026-01-05 13:50:00+00:00,114.55,114.71,114.51,114.66,221.93341543
2026-01-05 13:55:00+00:00,114.65,114.77,114.49,114.67,589.59229
2026-01-05 14:00:00+00:00,114.65,115.06,114.57,115.04,830.3778531
2026-01-05 14:05:00+00:00,115.06,115.07,114.28,114.36,540.52796963
2026-01-05 14:10:00+00:00,114.36,114.41,114.18,114.25,2639.87527089
2026-01-05 14:15:00+00:00,114.33,114.53,114.29,114.49,150.5396382
2026-01-05 14:20:00+00:00,114.54,114.71,114.07,114.33,1528.82327455
2026-01-05 14:25:00+00:00,114.33,114.59,114.25,114.59,363.36714031
2026-01-05 14:30:00+00:00,114.58,114.83,114.48,114.6,2924.29041075
2026-01-05 14:35:00+00:00,114.62,115.12,114.17,114.98,1303.82277488
2026-01-05 14:40:00+00:00,115.0,115.46,114.81,115.3,923.9969119
2026-01-05 14:45:00+00:00,115.35,115.66,114.81,115.14,2288.00116524
2026-01-05 14:50:00+00:00,115.5,115.94,115.11,115.8,1364.11378226
2026-01-05 14:55:00+00:00,115.86,116.12,115.57,115.6,539.6513166
2026-01-05 15:00:00+00:00,115.72,115.72,115.21,115.37,1045.99993549
2026-01-05 15:05:00+00:00,115.37,115.45,114.8,114.95,1391.01156378
2026-01-05 15:10:00+00:00,115.05,115.23,115.0,115.17,457.93689017
2026-01-05 15:15:00+00:00,115.16,115.68,115.16,115.45,467.66497708
2026-01-05 15:20:00+00:00,115.43,115.52,115.03,115.03,528.30325314
2026-01-05 15:25:00+00:00,115.04,115.43,114.95,115.43,436.11084969
2026-01-05 15:30:00+00:00,115.4,116.0,115.34,115.96,144.8496567
2026-01-05 15:35:00+00:00,115.89,116.17,115.89,116.1,166.27394573
2026-01-05 15:40:00+00:00,116.18,116.74,116.09,116.4,1276.22650583
2026-01-05 15:45:00+00:00,116.44,116.72,116.26,116.39,591.80146569
2026-01-05 15:50:00+00:00,116.42,116.69,116.32,116.32,805.80552159
2026-01-05 15:55:00+00:00,116.32,116.5,116.21,116.4,3289.39706063
2026-01-05 16:00:00+00:00,116.38,116.49,116.25,116.43,1634.57295372
2026-01-05 16:05:00+00:00,116.44,116.51,115.93,115.95,813.87757337
2026-01-05 16:10:00+00:00,116.06,116.12,115.85,115.97,519.80153616
2026-01-05 16:15:00+00:00,116.0,116.18,115.89,116.17,617.30948718
2026-01-05 16:20:00+00:00,116.23,116.3,115.43,115.79,1404.16905
2026-01-05 16:25:00+00:00,115.71,115.99,115.71,115.81,499.07295641
2026-01-05 16:30:00+00:00,115.8,115.8,115.61,115.68,393.94006413
2026-01-05 16:35:00+00:00,115.68,115.92,115.63,115.75,355.53594047
2026-01-05 16:40:00+00:00,115.65,115.79,115.48,115.61,246.71415061
2026-01-05 16:45:00+00:00,115.59,115.59,115.32,115.48,557.03114455
2026-01-05 16:50:00+00:00,115.51,115.77,115.51,115.68,247.56199419
2026-01-05 16:55:00+00:00,115.74,115.75,115.59,115.62,121.91168683
2026-01-05 17:00:00+00:00,115.64,115.8,115.54,115.69,218.85361372
2026-01-05 17:05:00+00:00,115.67,115.69,115.44,115.44,193.70740153
2026-01-05 17:10:00+00:00,115.55,115.76,115.53,115.65,78.71403129
2026-01-05 17:15:00+00:00,115.63,115.71,115.26,115.27,1414.12810081
2026-01-05 17:20:00+00:00,115.2,115.3,114.66,114.81,1236.70200488
2026-01-05 17:25:00+00:00,114.78,114.94,114.64,114.88,412.35335777
2026-01-05 17:30:00+00:00,114.91,115.19,114.91,115.19,818.99977225
2026-01-05 17:35:00+00:00,115.24,115.63,115.24,115.53,370.59537264
2026-01-05 17:40:00+00:00,115.83,115.95,115.55,115.8,458.88045848
2026-01-05 17:45:00+00:00,115.87,116.0,115.79,115.96,239.30796979
2026-01-05 17:50:00+00:00,115.91,116.44,115.91,116.13,462.49642863
2026-01-05 17:55:00+00:00,116.35,116.8,116.35,116.57,969.1060951
2026-01-05 18:00:00+00:00,116.61,116.61,116.14,116.44,307.88581903
2026-01-05 18:05:00+00:00,116.43,116.44,116.15,116.19,962.43507937
2026-01-05 18:10:00+00:00,116.21,116.35,116.15,116.23,708.36499052
2026-01-05 18:15:00+00:00,116.41,116.41,115.88,115.9,736.05992989
2026-01-05 18:20:00+00:00,115.97,116.08,115.83,116.08,98.96872999
2026-01-05 18:25:00+00:00,116.12,116.29,116.11,116.21,202.76066425
2026-01-05 18:30:00+00:00,116.18,116.57,116.16,116.49,856.07927765
2026-01-05 18:35:00+00:00,116.5,116.63,116.3,116.3,191.51529378
2026-01-05 18:40:00+00:00,116.47,116.63,116.43,116.63,306.17296042
2026-01-05 18:45:00+00:00,116.7,117.08,116.67,116.98,379.70049483
2026-01-05 18:50:00+00:00,116.97,117.15,116.84,117.04,691.90282071
2026-01-05 18:55:00+00:00,117.07,117.39,117.07,117.21,396.26769398
2026-01-05 19:00:00+00:00,117.13,117.28,117.0,117.16,463.8280726
2026-01-05 19:05:00+00:00,117.29,117.33,117.12,117.16,374.21360707
2026-01-05 19:10:00+00:00,117.23,117.5,117.23,117.47,747.19832615
2026-01-05 19:15:00+00:00,117.32,117.91,117.11,117.79,849.43956257
2026-01-05 19:20:00+00:00,117.96,117.97,117.79,117.79,374.25951001
2026-01-05 19:25:00+00:00,117.81,118.12,117.69,117.93,502.32384129
2026-01-05 19:30:00+00:00,117.89,118.4,117.76,118.32,776.77256512
2026-01-05 19:35:00+00:00,118.32,118.43,118.0,118.01,863.61906601
2026-01-05 19:40:00+00:00,117.97,117.99,117.8,117.85,556.90300655
2026-01-05 19:45:00+00:00,117.91,118.15,117.81,118.1,315.03077895
2026-01-05 19:50:00+00:00,118.08,118.19,117.79,118.19,329.48179061
2026-01-05 19:55:00+00:00,117.86,117.99,117.83,117.9,321.41571921
2026-01-05 20:00:00+00:00,117.9,118.63,117.79,118.59,1214.79725901
2026-01-05 20:05:00+00:00,118.64,118.7,118.53,118.57,611.5445202
2026-01-05 20:10:00+00:00,118.5,118.63,118.37,118.46,484.21695752
2026-01-05 20:15:00+00:00,118.63,118.71,118.41,118.56,339.81432876
2026-01-05 20:20:00+00:00,118.33,118.64,118.31,118.54,259.68003712
2026-01-05 20:25:00+00:00,118.54,119.32,118.52,119.18,841.44672279
2026-01-05 20:30:00+00:00,119.13,119.13,118.42,118.45,978.61734423
2026-01-05 20:35:00+00:00,118.46,118.52,118.3,118.35,795.27617156
2026-01-05 20:40:00+00:00,118.07,118.4,118.02,118.13,678.06077518
2026-01-05 20:45:00+00:00,118.2,118.24,118.03,118.03,510.91069505
2026-01-05 20:50:00+00:00,118.02,118.02,117.75,117.87,574.68912719
2026-01-05 20:55:00+00:00,117.69,117.83,117.51,117.69,1077.52592916
2026-01-05 21:00:00+00:00,117.67,117.97,117.67,117.95,451.93523867
2026-01-05 21:05:00+00:00,117.92,118.04,117.77,117.77,695.7296027
2026-01-05 21:10:00+00:00,117.86,117.91,117.73,117.83,414.83780851
2026-01-05 21:15:00+00:00,117.84,118.13,117.82,117.95,433.36579062
2026-01-05 21:20:00+00:00,118.09,118.1,117.96,118.0,361.65827585
2026-01-05 21:25:00+00:00,118.02,118.12,117.72,117.72,813.18603648
2026-01-05 21:30:00+00:00,117.69,117.91,117.69,117.89,205.79026486
2026-01-05 21:35:00+00:00,117.9,118.1,117.86,118.05,282.08699482
2026-01-05 21:40:00+00:00,118.31,118.33,118.08,118.22,172.39934704
2026-01-05 21:45:00+00:00,118.21,118.22,118.04,118.04,367.62071312
2026-01-05 21:50:00+00:00,118.11,118.25,118.04,118.14,107.5426372
2026-01-05 21:55:00+00:00,118.23,118.24,118.01,118.09,699.08385039
2026-01-05 22:00:00+00:00,118.09,118.19,118.04,118.05,78.32004859
2026-01-05 22:05:00+00:00,118.06,118.12,118.02,118.02,200.19637082
2026-01-05 22:10:00+00:00,118.19,118.27,118.05,118.24,291.04000644
2026-01-05 22:15:00+00:00,118.32,118.54,118.3,118.52,224.10804749
2026-01-05 22:20:00+00:00,118.53,118.58,118.36,118.4,308.35833809
2026-01-05 22:25:00+00:00,118.45,118.46,118.2,118.27,182.30764107
2026-01-05 22:30:00+00:00,118.29,118.39,118.22,118.39,207.90540827
2026-01-05 22:35:00+00:00,118.39,118.71,118.39,118.71,482.02514138
2026-01-05 22:40:00+00:00,118.62,118.71,118.53,118.6,227.08404495
2026-01-05 22:45:00+00:00,118.62,118.69,118.33,118.36,361.75771492
2026-01-05 22:50:00+00:00,118.42,118.48,118.13,118.22,635.32309612
2026-01-05 22:55:00+00:00,118.37,118.54,118.35,118.44,192.34769033
2026-01-05 23:00:00+00:00,118.56,118.56,118.24,118.24,261.16200049
2026-01-05 23:05:00+00:00,118.21,118.38,118.21,118.3,67.22042999
2026-01-05 23:10:00+00:00,118.22,118.42,118.22,118.22,143.6612009
2026-01-05 23:15:00+00:00,118.27,118.46,118.07,118.23,399.81333758
2026-01-05 23:20:00+00:00,118.26,118.34,118.24,118.29,67.24139054
2026-01-05 23:25:00+00:00,118.27,118.32,118.16,118.23,289.36440655
2026-01-05 23:30:00+00:00,118.31,118.33,118.23,118.25,152.84280764
2026-01-05 23:35:00+00:00,118.23,118.24,117.87,117.9,497.05212809
2026-01-05 23:40:00+00:00,117.91,118.24,117.91,118.14,115.15368507
2026-01-05 23:45:00+00:00,118.12,118.12,118.0,118.06,12.71373694
2026-01-05 23:50:00+00:00,118.14,118.15,117.83,117.94,240.50498111
2026-01-05 23:55:00+00:00,117.81,117.87,117.75,117.75,197.44009212
2026-01-06 00:00:00+00:00,117.78,118.01,117.75,117.87,175.67705499
2026-01-06 00:05:00+00:00,117.89,117.92,117.33,117.4,916.81400265
2026-01-06 00:10:00+00:00,117.46,117.52,117.25,117.47,486.72507475
2026-01-06 00:15:00+00:00,117.27,117.43,117.22,117.43,422.3368022
2026-01-06 00:20:00+00:00,117.65,117.66,117.46,117.51,730.33767327
2026-01-06 00:25:00+00:00,117.48,117.88,117.46,117.88,270.322598
2026-01-06 00:30:00+00:00,117.87,117.87,117.33,117.36,535.3730347
2026-01-06 00:35:00+00:00,117.38,117.38,116.97,117.0,1134.06017974
2026-01-06 00:40:00+00:00,116.96,117.14,116.94,116.97,1374.24248059
2026-01-06 00:45:00+00:00,117.04,117.21,117.0,117.21,154.3861063
2026-01-06 00:50:00+00:00,117.3,117.46,117.18,117.38,151.07905689
2026-01-06 00:55:00+00:00,117.46,117.57,117.46,117.52,119.37079798
2026-01-06 01:00:00+00:00,117.6,118.04,117.6,117.75,168.49711974
2026-01-06 01:05:00+00:00,117.72,117.72,117.45,117.54,158.31748318
2026-01-06 01:10:00+00:00,117.62,117.69,117.45,117.67,114.93723651
2026-01-06 01:15:00+00:00,117.77,118.0,117.69,118.0,31.88340383
2026-01-06 01:20:00+00:00,117.94,118.2,117.94,117.94,1371.17764623
2026-01-06 01:25:00+00:00,118.02,118.3,118.01,118.29,313.45649971
2026-01-06 01:30:00+00:00,118.09,118.17,118.01,118.07,114.94797938
2026-01-06 01:35:00+00:00,118.1,118.13,117.83,117.83,151.42318233
2026-01-06 01:40:00+00:00,117.57,117.87,117.52,117.52,158.9983081
2026-01-06 01:45:00+00:00,117.61,117.86,117.48,117.65,298.54746501
2026-01-06 01:50:00+00:00,117.51,117.56,117.24,117.31,1124.16645969
2026-01-06 01:55:00+00:00,117.21,117.37,117.21,117.33,117.29110031
2026-01-06 02:00:00+00:00,117.42,117.69,117.38,117.44,145.60179217
2026-01-06 02:05:00+00:00,117.48,117.61,117.36,117.39,166.58348193
2026-01-06 02:10:00+00:00,117.19,117.49,117.19,117.49,29.64590412
2026-01-06 02:15:00+00:00,117.44,117.51,117.36,117.46,38.47812627
2026-01-06 02:20:00+00:00,117.39,117.67,117.39,117.62,255.33319955
2026-01-06 02:25:00+00:00,117.67,117.76,117.53,117.58,1459.65304397
2026-01-06 02:30:00+00:00,117.59,117.61,117.25,117.4,316.83821212
2026-01-06 02:35:00+00:00,117.27,117.47,117.21,117.35,779.89279284
2026-01-06 02:40:00+00:00,117.39,117.44,117.33,117.39,207.56076211
2026-01-06 02:45:00+00:00,117.42,117.42,117.23,117.37,78.43740275
2026-01-06 02:50:00+00:00,117.36,117.41,117.24,117.27,139.5712439
2026-01-06 02:55:00+00:00,117.33,117.43,117.33,117.38,36.08869541
2026-01-06 03:00:00+00:00,117.32,117.34,117.29,117.34,17.59410977
2026-01-06 03:05:00+00:00,117.48,117.66,117.48,117.66,54.73484426
2026-01-06 03:10:00+00:00,117.66,117.68,117.54,117.64,37.65838578
2026-01-06 03:15:00+00:00,117.68,117.78,117.68,117.7,78.83424191
2026-01-06 03:20:00+00:00,117.7,117.77,117.42,117.45,68.79370877
2026-01-06 03:25:00+00:00,117.4,117.58,117.32,117.58,115.94636674
2026-01-06 03:30:00+00:00,117.59,118.03,117.59,118.01,175.31131951
2026-01-06 03:35:00+00:00,118.06,118.15,117.99,118.1,100.44410116
2026-01-06 03:40:00+00:00,118.03,118.03,117.91,117.91,30.73907458
2026-01-06 03:45:00+00:00,118.08,118.08,117.94,117.94,39.44736636
2026-01-06 03:50:00+00:00,118.0,118.03,117.94,117.95,20.71709469
2026-01-06 03:55:00+00:00,117.91,117.97,117.9,117.97,7.53791529
2026-01-06 04:00:00+00:00,117.97,118.1,117.88,117.91,126.29653766
2026-01-06 04:05:00+00:00,117.92,118.16,117.92,118.16,103.02404574
2026-01-06 04:10:00+00:00,118.19,118.28,118.1,118.14,43.79265585
2026-01-06 04:15:00+00:00,118.25,118.38,118.2,118.36,350.51198503
2026-01-06 04:20:00+00:00,118.42,118.45,118.37,118.37,64.55139991
2026-01-06 04:25:00+00:00,118.32,118.35,118.09,118.19,531.78619713
2026-01-06 04:30:00+00:00,118.2,118.41,118.18,118.34,237.49785953
2026-01-06 04:35:00+00:00,118.42,118.5,118.41,118.41,29.04781574
2026-01-06 04:40:00+00:00,118.42,118.46,118.22,118.22,42.46078462
2026-01-06 04:45:00+00:00,118.16,118.29,118.16,118.27,194.72241411
2026-01-06 04:50:00+00:00,118.29,118.29,118.12,118.12,123.96537311
2026-01-06 04:55:00+00:00,118.12,118.15,118.04,118.12,49.31080033
2026-01-06 05:00:00+00:00,118.08,118.11,117.85,117.85,464.96406957
2026-01-06 05:05:00+00:00,117.88,117.96,117.73,117.74,388.0923684
2026-01-06 05:10:00+00:00,117.72,117.85,117.72,117.78,80.88006281
2026-01-06 05:15:00+00:00,117.82,118.06,117.76,118.06,287.62795773
2026-01-06 05:20:00+00:00,118.08,118.24,118.05,118.2,50.61843021
2026-01-06 05:25:00+00:00,118.03,118.12,117.94,118.12,121.15462737
2026-01-06 05:30:00+00:00,118.25,118.68,118.25,118.38,141.38096899
2026-01-06 05:35:00+00:00,118.39,118.54,118.31,118.54,138.78513101
2026-01-06 05:40:00+00:00,118.43,118.55,118.31,118.4,114.09926367
2026-01-06 05:45:00+00:00,118.27,118.55,118.2,118.55,69.29254106
2026-01-06 05:50:00+00:00,118.51,119.4,118.45,119.07,852.36898505
2026-01-06 05:55:00+00:00,119.06,119.13,118.97,119.09,313.31441837
2026-01-06 06:00:00+00:00,119.02,119.18,118.79,118.99,333.31500768
2026-01-06 06:05:00+00:00,118.99,119.01,118.84,118.91,685.67668769
2026-01-06 06:10:00+00:00,118.8,119.02,118.79,118.81,308.93818984
2026-01-06 06:15:00+00:00,118.81,118.81,118.49,118.66,298.41120688
2026-01-06 06:20:00+00:00,118.47,118.58,118.36,118.48,299.97684444
2026-01-06 06:25:00+00:00,118.48,118.58,118.43,118.53,384.83162086
2026-01-06 06:30:00+00:00,118.58,118.65,118.45,118.65,672.17499672
2026-01-06 06:35:00+00:00,118.69,118.8,118.62,118.73,385.8568086
2026-01-06 06:40:00+00:00,118.73,118.97,118.72,118.92,750.86286
2026-01-06 06:45:00+00:00,118.87,119.0,118.7,118.73,399.99949382
2026-01-06 06:50:00+00:00,118.73,118.73,118.49,118.73,416.26159018
2026-01-06 06:55:00+00:00,118.63,118.69,118.45,118.47,395.11867288
2026-01-06 07:00:00+00:00,118.53,118.53,118.21,118.21,337.2475706
2026-01-06 07:05:00+00:00,118.21,118.33,118.21,118.29,192.54548927
2026-01-06 07:10:00+00:00,118.26,118.26,118.09,118.16,138.61100252
2026-01-06 07:15:00+00:00,118.15,118.24,117.96,118.24,787.78791884
2026-01-06 07:20:00+00:00,118.02,118.03,117.52,117.62,209.56026027
2026-01-06 07:25:00+00:00,117.54,117.68,117.4,117.68,382.35304945
2026-01-06 07:30:00+00:00,117.51,117.57,117.31,117.48,678.29647124
2026-01-06 07:35:00+00:00,117.38,117.45,117.13,117.13,150.91597178
2026-01-06 07:40:00+00:00,117.16,117.32,117.14,117.24,390.41923272
2026-01-06 07:45:00+00:00,117.18,117.27,117.1,117.21,199.48994037
2026-01-06 07:50:00+00:00,117.16,117.46,117.04,117.41,132.59679103
2026-01-06 07:55:00+00:00,117.38,117.5,117.3,117.4,1288.52086957
2026-01-06 08:00:00+00:00,117.35,117.58,117.33,117.53,229.50820339
2026-01-06 08:05:00+00:00,117.51,117.72,117.51,117.62,237.46887605
2026-01-06 08:10:00+00:00,117.59,117.63,117.51,117.51,213.39875932
2026-01-06 08:15:00+00:00,117.53,117.59,117.44,117.45,105.22062812
2026-01-06 08:20:00+00:00,117.52,117.55,117.44,117.47,247.88965438
2026-01-06 08:25:00+00:00,117.55,117.57,117.38,117.46,88.33668307
2026-01-06 08:30:00+00:00,117.48,117.52,117.35,117.46,154.8322349
2026-01-06 08:35:00+00:00,117.44,117.47,117.37,117.41,139.88931826
2026-01-06 08:40:00+00:00,117.36,117.48,117.35,117.35,99.52221208
2026-01-06 08:45:00+00:00,117.38,117.38,117.16,117.28,392.18220475
2026-01-06 08:50:00+00:00,117.29,117.5,117.23,117.47,119.11071727
2026-01-06 08:55:00+00:00,117.43,117.49,117.32,117.32,57.15612946
2026-01-06 09:00:00+00:00,117.29,117.58,117.29,117.55,300.82903642
2026-01-06 09:05:00+00:00,117.6,117.82,117.55,117.55,93.70622456
2026-01-06 09:10:00+00:00,117.55,117.77,117.55,117.77,446.75183427
2026-01-06 09:15:00+00:00,117.84,118.02,117.84,117.98,146.41848805
2026-01-06 09:20:00+00:00,117.99,118.08,117.92,118.08,791.20875372
2026-01-06 09:25:00+00:00,118.01,118.08,117.92,117.94,135.11056696
2026-01-06 09:30:00+00:00,117.95,118.08,117.93,117.93,195.03200984
2026-01-06 09:35:00+00:00,117.97,117.99,117.88,117.95,281.45256697
2026-01-06 09:40:00+00:00,117.94,118.1,117.92,118.1,351.30830925
2026-01-06 09:45:00+00:00,118.01,118.13,118.01,118.04,333.49073618
2026-01-06 09:50:00+00:00,118.09,118.11,118.0,118.11,66.29845699
2026-01-06 09:55:00+00:00,118.11,118.11,117.64,117.99,124.82807947
2026-01-06 10:00:00+00:00,117.61,117.68,117.34,117.66,2271.32615574
2026-01-06 10:05:00+00:00,117.68,117.68,117.52,117.68,161.03379099
2026-01-06 10:10:00+00:00,117.56,117.9,117.56,117.81,771.84149445
2026-01-06 10:15:00+00:00,117.81,117.9,117.7,117.86,612.44162243
2026-01-06 10:20:00+00:00,117.65,117.73,117.54,117.69,256.18931617
2026-01-06 10:25:00+00:00,117.68,117.84,117.68,117.73,218.25155151
2026-01-06 10:30:00+00:00,117.75,117.96,117.75,117.87,406.34414008
2026-01-06 10:35:00+00:00,117.9,117.9,117.83,117.87,140.26500309
2026-01-06 10:40:00+00:00,117.84,117.89,117.81,117.89,84.33568155
2026-01-06 10:45:00+00:00,117.87,117.93,117.83,117.87,162.50229288
2026-01-06 10:50:00+00:00,117.87,117.88,117.75,117.85,135.6981344
2026-01-06 10:55:00+00:00,117.68,117.82,117.61,117.61,202.42268496
2026-01-06 11:00:00+00:00,117.62,117.87,117.54,117.86,169.8194108
2026-01-06 11:05:00+00:00,117.82,117.99,117.72,117.99,456.50886079
2026-01-06 11:10:00+00:00,118.0,118.63,118.0,118.46,859.48539241
2026-01-06 11:15:00+00:00,118.25,118.54,118.25,118.49,200.65509921
2026-01-06 11:20:00+00:00,118.47,118.73,118.43,118.59,646.07733659
2026-01-06 11:25:00+00:00,118.58,118.67,118.57,118.66,166.38489898
2026-01-06 11:30:00+00:00,118.65,118.76,118.52,118.68,246.64977715
2026-01-06 11:35:00+00:00,118.68,119.13,118.67,118.99,495.29927443
2026-01-06 11:40:00+00:00,118.99,119.0,118.82,118.89,134.66563715
2026-01-06 11:45:00+00:00,118.81,119.3,118.81,119.3,3754.8044232
2026-01-06 11:50:00+00:00,119.29,119.34,119.07,119.09,1214.65884346
2026-01-06 11:55:00+00:00,119.16,119.21,119.09,119.18,281.76322099
2026-01-06 12:00:00+00:00,119.12,119.15,118.99,119.02,67.79215679
2026-01-06 12:05:00+00:00,118.97,119.27,118.92,118.95,294.10737753
2026-01-06 12:10:00+00:00,119.0,119.1,118.97,119.09,77.80575939
2026-01-06 12:15:00+00:00,119.02,119.13,119.0,119.1,218.37080722
2026-01-06 12:20:00+00:00,119.11,119.11,118.94,119.02,58.2139266
2026-01-06 12:25:00+00:00,118.98,119.01,118.89,118.99,157.36841352
2026-01-06 12:30:00+00:00,118.94,119.01,118.88,119.01,60.90621435
2026-01-06 12:35:00+00:00,119.03,119.03,118.78,118.83,499.32550184
2026-01-06 12:40:00+00:00,118.84,118.96,118.82,118.83,515.25083013
2026-01-06 12:45:00+00:00,118.85,118.92,118.79,118.92,166.61283314
2026-01-06 12:50:00+00:00,118.8,118.83,118.67,118.74,746.85467951
2026-01-06 12:55:00+00:00,118.74,118.87,118.73,118.86,248.31051809
2026-01-06 13:00:00+00:00,118.79,118.81,118.65,118.7,264.99096122
2026-01-06 13:05:00+00:00,118.67,118.7,118.6,118.66,333.63774989
2026-01-06 13:10:00+00:00,118.63,119.0,118.5,119.0,249.84663146
2026-01-06 13:15:00+00:00,118.82,119.07,118.78,118.85,224.28431557
2026-01-06 13:20:00+00:00,118.8,118.93,118.73,118.88,210.91693496
2026-01-06 13:25:00+00:00,118.88,118.91,118.75,118.87,197.5371232
2026-01-06 13:30:00+00:00,118.8,118.88,118.69,118.72,119.06495021
2026-01-06 13:35:00+00:00,118.64,118.67,118.57,118.63,321.41214592
2026-01-06 13:40:00+00:00,118.59,118.66,118.58,118.63,87.08172785
2026-01-06 13:45:00+00:00,118.53,118.6,118.53,118.55,140.92458351
2026-01-06 13:50:00+00:00,118.57,118.96,118.55,118.9,260.83922639
2026-01-06 13:55:00+00:00,118.88,119.06,118.73,118.89,138.95762973
2026-01-06 14:00:00+00:00,118.91,119.19,118.82,119.06,179.20013678
2026-01-06 14:05:00+00:00,119.08,119.48,119.05,119.33,1238.53857518
2026-01-06 14:10:00+00:00,119.37,120.36,119.37,120.36,6999.9767852
2026-01-06 14:15:00+00:00,120.37,122.18,120.35,121.15,3401.76086259
2026-01-06 14:20:00+00:00,121.9,122.56,121.65,122.2,1623.08284432
2026-01-06 14:25:00+00:00,122.2,122.24,121.85,121.95,2515.99870206
2026-01-06 14:30:00+00:00,121.85,122.06,121.0,121.21,2815.02948113
2026-01-06 14:35:00+00:00,121.25,121.69,121.16,121.65,1674.01765333
2026-01-06 14:40:00+00:00,121.69,121.83,121.11,121.23,1439.7276469
2026-01-06 14:45:00+00:00,120.66,121.57,120.53,120.94,1740.96478226
2026-01-06 14:50:00+00:00,121.06,121.47,120.69,121.04,934.84923004
2026-01-06 14:55:00+00:00,121.03,121.33,120.54,121.14,2633.78653838
2026-01-06 15:00:00+00:00,121.29,121.39,121.03,121.13,461.83131395
2026-01-06 15:05:00+00:00,121.19,121.55,121.08,121.34,1219.44417162
2026-01-06 15:10:00+00:00,121.34,121.44,120.97,121.38,1685.75175707
2026-01-06 15:15:00+00:00,121.89,122.01,121.45,121.74,750.61845029
2026-01-06 15:20:00+00:00,121.73,122.44,121.73,122.39,1158.83736677
2026-01-06 15:25:00+00:00,122.41,122.49,122.17,122.31,1484.03078151
2026-01-06 15:30:00+00:00,122.5,122.51,122.09,122.32,533.57273681
2026-01-06 15:35:00+00:00,122.37,122.37,121.44,121.44,1330.13053899
2026-01-06 15:40:00+00:00,121.37,121.51,120.95,121.46,1568.4699171
2026-01-06 15:45:00+00:00,121.41,121.73,121.1,121.44,1984.06502199
2026-01-06 15:50:00+00:00,121.46,121.46,120.74,120.96,2511.95410586
2026-01-06 15:55:00+00:00,120.91,121.09,120.78,121.02,697.16996033
2026-01-06 16:00:00+00:00,121.13,121.36,121.07,121.2,1076.75929287
2026-01-06 16:05:00+00:00,121.25,121.25,120.28,120.31,1534.54331979
2026-01-06 16:10:00+00:00,120.32,120.59,120.28,120.28,870.00346545
2026-01-06 16:15:00+00:00,120.35,120.45,120.21,120.33,508.82171185
2026-01-06 16:20:00+00:00,120.21,120.23,119.93,120.05,1547.49644808
2026-01-06 16:25:00+00:00,120.05,120.07,119.22,119.25,2661.43427259
2026-01-06 16:30:00+00:00,119.29,119.55,118.87,119.12,3750.40923318
2026-01-06 16:35:00+00:00,119.13,119.21,118.87,118.95,1676.67479982
2026-01-06 16:40:00+00:00,118.93,119.08,118.18,118.53,3391.84211007
2026-01-06 16:45:00+00:00,118.5,118.6,118.25,118.48,1591.26715145
2026-01-06 16:50:00+00:00,118.56,119.01,118.54,118.9,411.56250447
2026-01-06 16:55:00+00:00,118.85,118.91,118.55,118.88,1768.72106784
2026-01-06 17:00:00+00:00,118.77,118.89,118.48,118.83,1205.66426163
2026-01-06 17:05:00+00:00,118.76,119.02,118.68,118.68,320.79106618
2026-01-06 17:10:00+00:00,118.75,118.75,118.43,118.43,761.53071098
2026-01-06 17:15:00+00:00,118.5,118.5,117.88,117.95,3217.16064123
2026-01-06 17:20:00+00:00,117.96,118.15,117.89,118.14,453.29851855
2026-01-06 17:25:00+00:00,118.25,118.45,118.21,118.3,409.09200129
2026-01-06 17:30:00+00:00,118.38,118.47,118.24,118.47,202.50365123
2026-01-06 17:35:00+00:00,118.51,118.67,118.27,118.6,210.11805737
2026-01-06 17:40:00+00:00,118.47,118.47,117.86,118.02,2842.92064399
2026-01-06 17:45:00+00:00,118.06,118.06,117.08,117.15,2734.74848886
2026-01-06 17:50:00+00:00,117.2,117.49,117.1,117.1,552.78517259
2026-01-06 17:55:00+00:00,117.07,117.07,116.55,116.64,1417.21567862
2026-01-06 18:00:00+00:00,116.5,117.32,116.33,117.18,4098.96500325
2026-01-06 18:05:00+00:00,117.17,117.61,117.0,117.56,2370.24581427
2026-01-06 18:10:00+00:00,117.47,117.65,117.39,117.46,1135.62511663
2026-01-06 18:15:00+00:00,117.58,117.88,117.39,117.68,932.7483436
2026-01-06 18:20:00+00:00,117.66,117.77,117.31,117.66,1269.37724609
2026-01-06 18:25:00+00:00,117.38,117.63,117.24,117.53,1758.39271421
2026-01-06 18:30:00+00:00,117.49,117.78,117.44,117.69,1298.30960409
2026-01-06 18:35:00+00:00,117.69,117.82,117.43,117.43,588.42590541
2026-01-06 18:40:00+00:00,117.49,117.58,117.47,117.5,176.90104967
2026-01-06 18:45:00+00:00,117.47,117.92,117.47,117.81,241.30741517
2026-01-06 18:50:00+00:00,117.79,117.94,117.66,117.88,217.3535101
2026-01-06 18:55:00+00:00,117.84,117.86,117.66,117.67,181.78565024
2026-01-06 19:00:00+00:00,117.68,117.72,117.57,117.7,167.41998483
2026-01-06 19:05:00+00:00,117.73,117.95,117.73,117.95,96.51210765
2026-01-06 19:10:00+00:00,117.9,118.1,117.82,118.08,601.34453891
2026-01-06 19:15:00+00:00,118.1,118.13,117.89,117.94,297.64937638
2026-01-06 19:20:00+00:00,117.89,117.95,117.8,117.86,376.61321974
2026-01-06 19:25:00+00:00,117.86,118.05,117.73,117.92,381.80162698
2026-01-06 19:30:00+00:00,117.93,118.0,117.83,117.9,122.42726625
2026-01-06 19:35:00+00:00,117.82,117.82,117.54,117.6,209.96557893
2026-01-06 19:40:00+00:00,117.64,117.65,117.46,117.52,325.10867532
2026-01-06 19:45:00+00:00,117.61,117.75,117.61,117.74,128.34144918
2026-01-06 19:50:00+00:00,117.67,117.72,117.54,117.57,86.04929166
2026-01-06 19:55:00+00:00,117.61,117.67,117.59,117.67,383.81376685
2026-01-06 20:00:00+00:00,117.65,118.17,117.65,117.82,324.41706965
2026-01-06 20:05:00+00:00,118.17,118.37,118.12,118.12,308.69826288
2026-01-06 20:10:00+00:00,118.13,118.2,118.0,118.19,311.12439907
2026-01-06 20:15:00+00:00,118.18,118.36,118.16,118.36,163.10484918
2026-01-06 20:20:00+00:00,118.39,118.51,118.32,118.5,304.49584947
2026-01-06 20:25:00+00:00,118.5,118.53,118.44,118.49,216.32170915
2026-01-06 20:30:00+00:00,118.54,118.73,118.43,118.68,993.5441394
2026-01-06 20:35:00+00:00,118.69,118.84,118.69,118.73,514.81268167
2026-01-06 20:40:00+00:00,118.78,118.93,118.78,118.85,260.16814848
2026-01-06 20:45:00+00:00,118.9,118.91,118.81,118.84,64.24940604
2026-01-06 20:50:00+00:00,118.82,118.89,118.8,118.88,237.09472331
2026-01-06 20:55:00+00:00,118.89,119.02,118.85,118.88,347.58785191
2026-01-06 21:00:00+00:00,118.84,119.01,118.77,118.82,191.78182601
2026-01-06 21:05:00+00:00,118.79,118.85,118.64,118.69,1543.16445597
2026-01-06 21:10:00+00:00,118.72,119.55,118.69,119.52,497.91866162
2026-01-06 21:15:00+00:00,119.48,121.04,119.48,120.81,4529.58078936
2026-01-06 21:20:00+00:00,120.9,120.99,120.52,120.8,705.73949409
2026-01-06 21:25:00+00:00,120.7,120.8,120.6,120.71,476.14512277
2026-01-06 21:30:00+00:00,120.8,121.44,120.78,120.91,1298.33538333
2026-01-06 21:35:00+00:00,121.45,121.45,120.67,120.69,1972.6908139
2026-01-06 21:40:00+00:00,120.66,120.91,120.66,120.85,516.1957694
2026-01-06 21:45:00+00:00,120.89,120.9,120.2,120.32,615.85145519
2026-01-06 21:50:00+00:00,120.05,120.32,119.97,120.19,1644.66728568
2026-01-06 21:55:00+00:00,120.2,120.24,119.94,119.94,201.87219174
2026-01-06 22:00:00+00:00,119.94,120.43,119.91,120.22,785.04316144
2026-01-06 22:05:00+00:00,120.51,120.6,120.26,120.56,470.35325595
2026-01-06 22:10:00+00:00,120.4,120.41,120.04,120.05,444.64187989
2026-01-06 22:15:00+00:00,120.08,120.2,119.66,119.66,343.58475056
2026-01-06 22:20:00+00:00,119.6,119.8,119.54,119.72,757.56281129
2026-01-06 22:25:00+00:00,119.85,119.97,119.7,119.74,572.72621194
2026-01-06 22:30:00+00:00,119.71,119.86,119.61,119.65,90.46465516
2026-01-06 22:35:00+00:00,119.56,119.66,119.37,119.5,221.99556768
2026-01-06 22:40:00+00:00,119.49,119.58,119.37,119.52,51.60551226
2026-01-06 22:45:00+00:00,119.61,119.87,119.57,119.85,1272.50119346
2026-01-06 22:50:00+00:00,119.79,119.88,119.67,119.77,198.7341973
2026-01-06 22:55:00+00:00,119.8,119.88,119.75,119.78,208.57432301
2026-01-06 23:00:00+00:00,119.86,120.15,119.82,119.95,388.46162691
2026-01-06 23:05:00+00:00,120.12,120.6,120.05,120.59,1367.86423979
2026-01-06 23:10:00+00:00,120.63,120.66,120.47,120.55,330.76473574
2026-01-06 23:15:00+00:00,120.66,120.81,120.51,120.6,364.49582528
2026-01-06 23:20:00+00:00,120.61,120.62,120.26,120.54,492.97685917
2026-01-06 23:25:00+00:00,120.3,120.56,120.27,120.54,112.52321304
2026-01-06 23:30:00+00:00,120.44,120.68,120.44,120.56,281.15842804
2026-01-06 23:35:00+00:00,120.61,120.85,120.61,120.72,128.21007819
2026-01-06 23:40:00+00:00,120.72,120.72,120.65,120.7,179.67302831
2026-01-06 23:45:00+00:00,120.67,120.92,120.63,120.64,269.24173206
2026-01-06 23:50:00+00:00,120.79,120.88,120.71,120.77,58.74908364
2026-01-06 23:55:00+00:00,120.77,120.8,120.68,120.72,29.09500954
2026-01-07 00:00:00+00:00,120.69,120.69,120.43,120.43,98.41870122
2026-01-07 00:05:00+00:00,120.69,120.69,120.47,120.62,243.39085745
2026-01-07 00:10:00+00:00,120.63,120.66,120.56,120.63,96.78212239
2026-01-07 00:15:00+00:00,120.56,120.73,120.44,120.65,522.61767256
2026-01-07 00:20:00+00:00,120.6,120.93,120.57,120.89,227.53745827
2026-01-07 00:25:00+00:00,120.5,120.54,120.48,120.49,49.52346756
2026-01-07 00:30:00+00:00,120.33,120.5,120.19,120.28,161.96235008
2026-01-07 00:35:00+00:00,120.41,120.55,120.3,120.55,147.44844374
2026-01-07 00:40:00+00:00,120.38,120.44,120.29,120.35,343.70535947
2026-01-07 00:45:00+00:00,120.29,120.39,120.03,120.05,69.28804499
2026-01-07 00:50:00+00:00,120.06,120.15,119.96,120.09,225.79768542
2026-01-07 00:55:00+00:00,119.98,120.14,119.55,119.55,97.43075333
2026-01-07 01:00:00+00:00,119.58,120.0,119.57,119.95,109.4137702
2026-01-07 01:05:00+00:00,119.91,120.17,119.9,120.11,81.18962421
2026-01-07 01:10:00+00:00,120.1,120.13,119.78,119.78,148.44445257
2026-01-07 01:15:00+00:00,119.68,119.68,119.14,119.15,518.01898428
2026-01-07 01:20:00+00:00,119.17,119.53,119.05,119.45,96.93900974
2026-01-07 01:25:00+00:00,119.53,119.66,119.41,119.41,62.53543369
2026-01-07 01:30:00+00:00,119.05,119.37,118.96,119.06,918.72526066
2026-01-07 01:35:00+00:00,119.15,119.26,118.85,118.96,332.05487383
2026-01-07 01:40:00+00:00,119.01,119.07,118.93,119.01,495.98007049
2026-01-07 01:45:00+00:00,118.94,119.01,118.76,118.86,276.4176891
2026-01-07 01:50:00+00:00,118.75,118.89,118.64,118.67,605.48338007
2026-01-07 01:55:00+00:00,118.71,118.85,118.68,118.82,370.44193375
2026-01-07 02:00:00+00:00,118.46,118.8,118.4,118.6,2474.68085632
2026-01-07 02:05:00+00:00,118.67,118.98,118.64,118.73,609.57292464
2026-01-07 02:10:00+00:00,118.83,118.83,118.69,118.79,96.46836796
2026-01-07 02:15:00+00:00,118.79,118.81,118.66,118.66,189.44353732
2026-01-07 02:20:00+00:00,118.77,118.87,118.77,118.86,353.42471869
2026-01-07 02:25:00+00:00,118.82,119.1,118.81,118.81,102.12731163
2026-01-07 02:30:00+00:00,118.63,119.02,118.46,119.01,250.1863781
2026-01-07 02:35:00+00:00,119.02,119.15,118.7,119.14,475.6137502
2026-01-07 02:40:00+00:00,119.22,119.22,118.98,119.11,680.46953324
2026-01-07 02:45:00+00:00,119.11,119.2,119.09,119.2,73.42919071
2026-01-07 02:50:00+00:00,119.12,119.71,119.12,119.61,767.65172967
2026-01-07 02:55:00+00:00,119.51,119.72,119.44,119.6,703.72258888
2026-01-07 03:00:00+00:00,119.65,119.76,119.65,119.76,101.2076064
2026-01-07 03:05:00+00:00,119.65,119.69,119.46,119.49,112.96916273
2026-01-07 03:10:00+00:00,119.63,119.69,119.63,119.69,25.48354834
2026-01-07 03:15:00+00:00,119.64,119.96,119.64,119.96,99.23695129
2026-01-07 03:20:00+00:00,119.93,120.09,119.89,119.93,60.13633952
2026-01-07 03:25:00+00:00,119.8,119.8,119.69,119.75,331.80926421
2026-01-07 03:30:00+00:00,119.51,119.71,119.42,119.5,163.05650836
2026-01-07 03:35:00+00:00,119.4,119.41,119.34,119.4,115.2228934
2026-01-07 03:40:00+00:00,119.38,119.38,119.22,119.3,124.89809405
2026-01-07 03:45:00+00:00,119.18,119.32,119.13,119.3,123.10845721
2026-01-07 03:50:00+00:00,119.21,119.28,119.18,119.18,3.77741655
2026-01-07 03:55:00+00:00,119.26,119.27,119.25,119.25,25.4775491
2026-01-07 04:00:00+00:00,119.22,119.31,119.15,119.31,12.3224165
2026-01-07 04:05:00+00:00,119.36,119.36,119.06,119.08,71.27541143
2026-01-07 04:10:00+00:00,119.09,119.09,118.92,119.06,60.29205702
2026-01-07 04:15:00+00:00,119.05,119.15,118.91,119.13,144.08054907
2026-01-07 04:20:00+00:00,119.03,119.08,119.0,119.08,39.73518632
2026-01-07 04:25:00+00:00,119.01,119.04,119.01,119.03,69.10540848
2026-01-07 04:30:00+00:00,119.08,119.15,119.05,119.06,87.35147469
2026-01-07 04:35:00+00:00,119.03,119.03,118.68,118.7,79.69474028
2026-01-07 04:40:00+00:00,118.72,119.01,118.72,118.98,274.42911493
2026-01-07 04:45:00+00:00,118.93,118.94,118.86,118.86,35.14716156
2026-01-07 04:50:00+00:00,118.77,118.83,118.69,118.78,67.42046011
2026-01-07 04:55:00+00:00,118.73,118.77,118.6,118.63,46.5511215
2026-01-07 05:00:00+00:00,118.57,118.63,118.52,118.52,151.13806829
2026-01-07 05:05:00+00:00,118.53,118.67,118.51,118.61,48.56881879
2026-01-07 05:10:00+00:00,118.65,118.65,118.58,118.61,35.61131583
2026-01-07 05:15:00+00:00,118.63,118.78,118.63,118.77,85.9756685
2026-01-07 05:20:00+00:00,118.78,118.86,118.76,118.76,120.16262377
2026-01-07 05:25:00+00:00,118.76,118.79,118.6,118.71,131.71398592
2026-01-07 05:30:00+00:00,118.79,119.13,118.79,119.11,118.25361096
2026-01-07 05:35:00+00:00,119.1,119.1,118.93,118.93,31.66672555
2026-01-07 05:40:00+00:00,118.93,118.93,118.67,118.71,417.78200778
2026-01-07 05:45:00+00:00,118.74,118.74,118.16,118.32,1543.38432541
2026-01-07 05:50:00+00:00,118.25,118.39,118.25,118.37,154.57165187
2026-01-07 05:55:00+00:00,118.34,118.43,118.29,118.43,109.18977819
2026-01-07 06:00:00+00:00,118.43,118.51,118.43,118.5,123.66270879
2026-01-07 06:05:00+00:00,118.51,118.54,118.44,118.5,56.87274377
2026-01-07 06:10:00+00:00,118.53,118.74,118.53,118.59,456.7198551
2026-01-07 06:15:00+00:00,118.63,118.69,118.63,118.65,100.84121211
2026-01-07 06:20:00+00:00,118.81,118.82,118.7,118.81,94.51244676
2026-01-07 06:25:00+00:00,118.79,118.9,118.74,118.74,23.0088172
2026-01-07 06:30:00+00:00,118.77,118.86,118.58,118.6,123.25457072
2026-01-07 06:35:00+00:00,118.65,118.75,118.61,118.75,35.49433437
2026-01-07 06:40:00+00:00,118.68,118.72,118.68,118.68,7.1289341
2026-01-07 06:45:00+00:00,118.69,118.81,118.69,118.81,56.98723594
2026-01-07 06:50:00+00:00,118.82,118.83,118.69,118.69,89.45751834
2026-01-07 06:55:00+00:00,118.67,118.7,118.58,118.63,68.43647949
2026-01-07 07:00:00+00:00,118.68,118.86,118.68,118.86,99.42866626
2026-01-07 07:05:00+00:00,118.8,118.86,118.77,118.79,156.79616735
2026-01-07 07:10:00+00:00,118.76,118.9,118.76,118.9,36.82987703
2026-01-07 07:15:00+00:00,118.9,119.09,118.9,119.09,313.71616834
2026-01-07 07:20:00+00:00,119.1,119.1,118.89,118.9,173.73216042
2026-01-07 07:25:00+00:00,118.99,119.07,118.99,119.05,26.8201965
2026-01-07 07:30:00+00:00,119.09,119.12,118.97,119.12,297.73738672
2026-01-07 07:35:00+00:00,119.06,119.3,119.04,119.19,37.64664134
2026-01-07 07:40:00+00:00,119.11,119.25,119.1,119.1,192.35433656
2026-01-07 07:45:00+00:00,119.05,119.2,119.05,119.15,62.56533394
2026-01-07 07:50:00+00:00,119.22,119.22,119.15,119.15,31.32133939
2026-01-07 07:55:00+00:00,119.18,119.23,119.15,119.23,74.57662809
2026-01-07 08:00:00+00:00,119.27,119.48,119.26,119.29,222.48796372
2026-01-07 08:05:00+00:00,119.36,119.58,119.36,119.58,159.14721456
2026-01-07 08:10:00+00:00,119.6,119.64,119.37,119.46,194.90805219
2026-01-07 08:15:00+00:00,119.46,119.56,119.42,119.43,148.07860655
2026-01-07 08:20:00+00:00,119.44,119.62,119.28,119.35,1295.62174219
2026-01-07 08:25:00+00:00,119.33,119.37,119.18,119.36,181.95997956
2026-01-07 08:30:00+00:00,119.39,119.67,119.39,119.42,208.7692245
2026-01-07 08:35:00+00:00,119.43,119.47,119.39,119.46,151.19747607
2026-01-07 08:40:00+00:00,119.54,119.54,119.35,119.41,306.94325068
2026-01-07 08:45:00+00:00,119.39,119.43,119.12,119.12,373.16201731
2026-01-07 08:50:00+00:00,119.11,119.41,119.02,119.31,282.54765666
2026-01-07 08:55:00+00:00,119.36,119.45,119.28,119.36,63.28311923
2026-01-07 09:00:00+00:00,119.31,119.35,119.12,119.32,226.08009501
2026-01-07 09:05:00+00:00,119.25,119.28,118.85,118.96,442.58842277
2026-01-07 09:10:00+00:00,119.02,119.02,118.75,118.75,199.62711216
2026-01-07 09:15:00+00:00,118.74,118.88,118.47,118.49,527.26050163
2026-01-07 09:20:00+00:00,118.51,118.6,118.22,118.23,467.93131703
2026-01-07 09:25:00+00:00,118.22,118.22,117.93,118.07,576.05900694
2026-01-07 09:30:00+00:00,118.08,118.09,117.3,117.42,3743.46530658
2026-01-07 09:35:00+00:00,117.35,117.5,117.29,117.35,489.39052311
2026-01-07 09:40:00+00:00,117.4,117.4,116.81,117.12,1282.51534575
2026-01-07 09:45:00+00:00,117.07,117.15,116.91,117.15,344.39813427
2026-01-07 09:50:00+00:00,117.11,117.36,117.05,117.36,554.68640855
2026-01-07 09:55:00+00:00,117.3,117.3,117.14,117.22,158.21279443
2026-01-07 10:00:00+00:00,117.11,117.37,117.0,117.36,690.35337728
2026-01-07 10:05:00+00:00,117.35,117.5,117.29,117.5,364.28345091
2026-01-07 10:10:00+00:00,117.3,117.52,117.29,117.47,235.38492207
2026-01-07 10:15:00+00:00,117.47,117.57,117.33,117.48,372.31005593
2026-01-07 10:20:00+00:00,117.46,117.46,117.33,117.37,157.39335739
2026-01-07 10:25:00+00:00,117.33,117.38,117.29,117.35,312.32986839
2026-01-07 10:30:00+00:00,117.37,117.64,117.34,117.64,392.72633905
2026-01-07 10:35:00+00:00,117.62,117.73,117.56,117.7,1397.76895507
2026-01-07 10:40:00+00:00,117.62,117.66,117.54,117.62,160.82770765
2026-01-07 10:45:00+00:00,117.64,117.71,117.55,117.63,166.6561734
2026-01-07 10:50:00+00:00,117.69,117.74,117.62,117.68,195.65168227
2026-01-07 10:55:00+00:00,117.67,117.71,117.62,117.62,153.11831852
2026-01-07 11:00:00+00:00,117.67,117.83,117.62,117.83,46.50470373
2026-01-07 11:05:00+00:00,117.85,118.07,117.85,117.87,50.32411324
2026-01-07 11:10:00+00:00,118.07,118.11,117.99,118.07,1086.02593729
2026-01-07 11:15:00+00:00,118.09,118.1,117.95,118.05,834.77735649
2026-01-07 11:20:00+00:00,117.98,118.06,117.98,118.06,237.8995395
2026-01-07 11:25:00+00:00,118.07,118.1,117.98,118.0,110.25589081
2026-01-07 11:30:00+00:00,118.01,118.05,117.83,118.05,271.13410208
2026-01-07 11:35:00+00:00,118.1,118.16,117.99,118.13,353.50120941
2026-01-07 11:40:00+00:00,118.16,118.23,118.15,118.15,57.92097984
2026-01-07 11:45:00+00:00,118.04,118.04,117.86,117.89,223.7834265
2026-01-07 11:50:00+00:00,117.92,118.1,117.92,118.04,325.30927167
2026-01-07 11:55:00+00:00,118.07,118.1,117.99,118.06,40.1928594
2026-01-07 12:00:00+00:00,118.0,118.13,117.94,118.11,289.88013347
2026-01-07 12:05:00+00:00,117.96,118.18,117.8,117.99,578.32623605
2026-01-07 12:10:00+00:00,117.98,118.08,117.76,117.8,822.15902573
2026-01-07 12:15:00+00:00,117.8,117.97,117.79,117.95,1331.86366404
2026-01-07 12:20:00+00:00,117.95,118.03,117.9,117.91,95.03843283
2026-01-07 12:25:00+00:00,117.91,117.92,117.75,117.83,249.73836985
2026-01-07 12:30:00+00:00,117.88,117.99,117.77,117.77,256.1767091
2026-01-07 12:35:00+00:00,117.83,117.9,117.79,117.87,343.35891841
2026-01-07 12:40:00+00:00,117.84,117.92,117.76,117.88,194.65608356
2026-01-07 12:45:00+00:00,117.92,118.03,117.92,118.03,57.65302975
2026-01-07 12:50:00+00:00,118.01,118.04,117.98,117.98,108.43277061
2026-01-07 12:55:00+00:00,117.98,117.99,117.92,117.94,100.48086274
2026-01-07 13:00:00+00:00,117.99,118.12,117.96,118.12,114.7899256
2026-01-07 13:05:00+00:00,118.05,118.15,117.82,117.82,89.40800244
2026-01-07 13:10:00+00:00,117.8,117.92,117.68,117.74,180.10077792
2026-01-07 13:15:00+00:00,117.72,117.99,117.72,117.8,355.67068011
2026-01-07 13:20:00+00:00,117.82,118.06,117.82,117.97,212.3385459
2026-01-07 13:25:00+00:00,118.07,118.32,118.06,118.21,212.83087174
2026-01-07 13:30:00+00:00,118.11,118.45,118.11,118.26,353.98750352
2026-01-07 13:35:00+00:00,118.21,118.27,118.17,118.27,294.66014056
2026-01-07 13:40:00+00:00,118.21,118.25,118.13,118.2,133.11577396
2026-01-07 13:45:00+00:00,118.17,118.27,118.04,118.24,131.84302633
2026-01-07 13:50:00+00:00,118.14,118.14,117.92,117.92,344.37209831
2026-01-07 13:55:00+00:00,117.95,118.08,117.92,117.96,121.15691582
2026-01-07 14:00:00+00:00,118.11,118.17,117.31,117.56,514.65883328
2026-01-07 14:05:00+00:00,117.52,117.53,117.3,117.39,298.92070655
2026-01-07 14:10:00+00:00,117.47,117.5,117.16,117.36,608.70358986
2026-01-07 14:15:00+00:00,117.44,117.49,117.03,117.09,165.6527896
2026-01-07 14:20:00+00:00,117.11,117.34,117.11,117.26,248.99634792
2026-01-07 14:25:00+00:00,117.31,117.37,117.22,117.26,284.64347411
2026-01-07 14:30:00+00:00,117.37,117.65,116.83,117.43,1071.51144434
2026-01-07 14:35:00+00:00,117.41,117.72,117.24,117.64,531.53561281
2026-01-07 14:40:00+00:00,117.69,117.98,117.56,117.57,523.51842172
2026-01-07 14:45:00+00:00,117.55,117.95,117.55,117.65,268.8534496
2026-01-07 14:50:00+00:00,117.6,118.0,117.48,117.81,690.32638096
2026-01-07 14:55:00+00:00,117.85,118.14,117.85,117.97,198.21581294
2026-01-07 15:00:00+00:00,117.99,118.09,116.65,116.98,1953.31938143
2026-01-07 15:05:00+00:00,117.05,117.29,116.95,117.19,899.13548643
2026-01-07 15:10:00+00:00,117.11,117.15,116.96,116.97,168.62048136
2026-01-07 15:15:00+00:00,116.98,116.98,115.96,116.14,2465.01315475
2026-01-07 15:20:00+00:00,116.16,116.36,115.83,116.12,741.15479143
2026-01-07 15:25:00+00:00,116.01,116.34,115.87,115.98,933.63455093
2026-01-07 15:30:00+00:00,116.11,116.13,115.83,115.97,1225.36619101
2026-01-07 15:35:00+00:00,116.1,116.25,115.72,115.87,2046.24342877
2026-01-07 15:40:00+00:00,115.9,116.08,115.87,116.05,699.54831727
2026-01-07 15:45:00+00:00,116.05,116.33,115.89,116.33,496.23727735
2026-01-07 15:50:00+00:00,116.3,116.46,116.26,116.4,471.08680906
2026-01-07 15:55:00+00:00,116.29,116.4,116.06,116.07,541.18406559
2026-01-07 16:00:00+00:00,116.05,116.38,116.0,116.36,413.4979774
2026-01-07 16:05:00+00:00,116.42,116.64,116.34,116.54,214.86440247
2026-01-07 16:10:00+00:00,116.47,116.71,116.46,116.7,2334.2502855
2026-01-07 16:15:00+00:00,116.73,116.76,116.54,116.54,841.90276878
2026-01-07 16:20:00+00:00,116.56,116.91,116.43,116.69,946.46732454
2026-01-07 16:25:00+00:00,116.52,116.67,116.43,116.5,218.36588272
2026-01-07 16:30:00+00:00,116.59,116.59,116.07,116.15,480.33512698
2026-01-07 16:35:00+00:00,116.15,116.19,115.81,116.16,1360.59902171
2026-01-07 16:40:00+00:00,116.08,116.28,116.05,116.24,179.11883457
2026-01-07 16:45:00+00:00,116.22,116.42,116.22,116.23,293.06558797
2026-01-07 16:50:00+00:00,116.15,116.23,115.92,116.0,529.05617401
2026-01-07 16:55:00+00:00,116.02,116.13,115.99,116.08,159.20532703
2026-01-07 17:00:00+00:00,116.01,116.03,115.75,115.89,474.26940959
2026-01-07 17:05:00+00:00,116.01,116.1,115.89,116.05,470.76263916
2026-01-07 17:10:00+00:00,116.07,116.11,115.98,116.06,394.5075711
2026-01-07 17:15:00+00:00,116.11,116.42,116.03,116.4,325.36841043
2026-01-07 17:20:00+00:00,116.45,116.68,116.39,116.54,204.01210915
2026-01-07 17:25:00+00:00,116.49,116.56,116.43,116.5,60.6123226
2026-01-07 17:30:00+00:00,116.52,116.66,116.5,116.61,73.43720892
2026-01-07 17:35:00+00:00,116.62,116.66,116.51,116.54,156.87812994
2026-01-07 17:40:00+00:00,116.58,116.58,116.21,116.29,170.91893325
2026-01-07 17:45:00+00:00,116.37,116.4,116.17,116.17,112.49535253
2026-01-07 17:50:00+00:00,116.16,116.16,115.79,115.92,302.21357148
2026-01-07 17:55:00+00:00,115.98,116.14,115.92,115.92,249.4842595
2026-01-07 18:00:00+00:00,115.94,115.94,115.74,115.8,348.80396092
2026-01-07 18:05:00+00:00,115.68,115.85,115.29,115.82,2628.57338652
2026-01-07 18:10:00+00:00,115.78,115.78,115.6,115.75,353.05560816
2026-01-07 18:15:00+00:00,115.72,115.74,115.56,115.71,358.80580145
2026-01-07 18:20:00+00:00,115.7,115.78,115.6,115.62,353.88368757
2026-01-07 18:25:00+00:00,115.64,115.92,115.25,115.88,1351.18785572
2026-01-07 18:30:00+00:00,115.87,116.23,115.87,116.17,934.12241728
2026-01-07 18:35:00+00:00,116.0,116.16,115.94,116.05,90.37796507
2026-01-07 18:40:00+00:00,116.1,116.14,115.85,115.87,136.62745039
2026-01-07 18:45:00+00:00,115.8,116.11,115.74,116.09,1160.04283818
2026-01-07 18:50:00+00:00,116.11,116.11,115.69,115.75,1174.89942894
2026-01-07 18:55:00+00:00,115.74,115.74,115.42,115.5,631.94480958
2026-01-07 19:00:00+00:00,115.72,115.96,115.63,115.94,634.343303
2026-01-07 19:05:00+00:00,115.65,115.95,115.5,115.5,401.76101058
2026-01-07 19:10:00+00:00,115.57,115.57,115.33,115.34,452.7031513
2026-01-07 19:15:00+00:00,115.37,115.44,115.03,115.43,820.86281537
2026-01-07 19:20:00+00:00,115.44,115.5,115.3,115.31,422.07030167
2026-01-07 19:25:00+00:00,115.31,115.51,115.28,115.43,251.87022651
2026-01-07 19:30:00+00:00,115.52,116.03,115.48,115.9,490.21386639
2026-01-07 19:35:00+00:00,115.89,116.13,115.84,116.12,1043.81272295
2026-01-07 19:40:00+00:00,116.05,116.07,115.86,115.95,726.66877677
2026-01-07 19:45:00+00:00,115.96,116.12,115.96,116.09,818.59138683
2026-01-07 19:50:00+00:00,116.09,116.3,116.06,116.08,539.11061301
2026-01-07 19:55:00+00:00,116.08,116.19,116.07,116.12,105.13712023
2026-01-07 20:00:00+00:00,116.17,116.31,116.07,116.2,253.54537142
2026-01-07 20:05:00+00:00,116.23,116.28,116.01,116.19,159.94178484
2026-01-07 20:10:00+00:00,116.05,116.11,115.81,115.85,159.57842034
2026-01-07 20:15:00+00:00,115.87,115.95,115.82,115.92,320.27575238
2026-01-07 20:20:00+00:00,115.93,115.93,115.48,115.48,311.33966366
2026-01-07 20:25:00+00:00,115.47,115.77,115.47,115.64,882.00422684
2026-01-07 20:30:00+00:00,115.77,116.0,115.77,115.96,155.65958655
2026-01-07 20:35:00+00:00,115.87,116.23,115.87,116.18,550.88229552
2026-01-07 20:40:00+00:00,116.2,116.28,116.1,116.16,106.2637424
2026-01-07 20:45:00+00:00,116.13,116.24,116.05,116.16,63.87710458
2026-01-07 20:50:00+00:00,116.25,116.27,116.12,116.18,153.50871838
2026-01-07 20:55:00+00:00,116.27,116.29,116.11,116.26,128.89972337
2026-01-07 21:00:00+00:00,116.2,116.27,116.08,116.22,253.06498968
2026-01-07 21:05:00+00:00,116.37,116.37,116.18,116.35,199.37467947
2026-01-07 21:10:00+00:00,116.36,116.54,116.25,116.48,116.90576011
2026-01-07 21:15:00+00:00,116.48,116.65,116.48,116.63,164.33147076
2026-01-07 21:20:00+00:00,116.63,116.63,116.44,116.57,289.16096392
2026-01-07 21:25:00+00:00,116.58,116.62,116.54,116.61,82.53027096
2026-01-07 21:30:00+00:00,116.59,116.69,116.56,116.67,75.98746395
2026-01-07 21:35:00+00:00,116.7,116.7,116.47,116.5,64.3541191
2026-01-07 21:40:00+00:00,116.57,116.57,116.53,116.53,96.28294589
2026-01-07 21:45:00+00:00,116.52,116.57,116.42,116.55,58.59068555
2026-01-07 21:50:00+00:00,116.56,116.56,116.46,116.54,169.43065733
2026-01-07 21:55:00+00:00,116.52,116.61,116.5,116.61,148.78341294
2026-01-07 22:00:00+00:00,116.52,116.54,116.34,116.45,121.47289108
2026-01-07 22:05:00+00:00,116.35,116.49,116.33,116.46,221.43951467
2026-01-07 22:10:00+00:00,116.33,116.34,116.21,116.32,157.45743821
2026-01-07 22:15:00+00:00,116.32,116.43,116.26,116.43,122.17816301
2026-01-07 22:20:00+00:00,116.43,116.61,116.43,116.61,134.58101413
2026-01-07 22:25:00+00:00,116.58,116.63,116.56,116.6,250.41534581
2026-01-07 22:30:00+00:00,116.63,117.09,116.6,116.9,802.29249764
2026-01-07 22:35:00+00:00,116.82,116.92,116.74,116.85,138.36992392
2026-01-07 22:40:00+00:00,116.7,116.79,116.67,116.76,244.03629643
2026-01-07 22:45:00+00:00,116.72,116.82,116.61,116.61,22.30786431
2026-01-07 22:50:00+00:00,116.61,116.86,116.46,116.83,194.8709422
2026-01-07 22:55:00+00:00,116.8,116.86,116.76,116.82,57.00943717
2026-01-07 23:00:00+00:00,116.63,116.8,116.39,116.41,177.01186727
2026-01-07 23:05:00+00:00,116.31,116.46,116.31,116.33,148.78115747
2026-01-07 23:10:00+00:00,116.38,116.89,116.38,116.76,501.32336574
2026-01-07 23:15:00+00:00,116.9,117.12,116.87,117.11,360.75596721
2026-01-07 23:20:00+00:00,117.01,117.22,116.91,117.12,808.45348501
2026-01-07 23:25:00+00:00,117.13,117.25,116.99,117.24,1118.54258989
2026-01-07 23:30:00+00:00,117.04,117.15,116.91,116.91,346.99995358
2026-01-07 23:35:00+00:00,116.79,117.29,116.79,116.98,743.48282539
2026-01-07 23:40:00+00:00,116.95,116.97,116.85,116.85,201.0352131
2026-01-07 23:45:00+00:00,116.79,116.8,116.73,116.75,21.50067124
2026-01-07 23:50:00+00:00,116.76,116.81,116.74,116.81,106.27858853
2026-01-07 23:55:00+00:00,116.83,116.83,116.75,116.78,52.42750578
2026-01-08 00:00:00+00:00,116.7,116.87,116.59,116.63,135.43936022
2026-01-08 00:05:00+00:00,116.61,116.71,116.6,116.69,42.54847418
2026-01-08 00:10:00+00:00,116.68,116.68,116.53,116.58,47.75720867
2026-01-08 00:15:00+00:00,116.55,116.78,116.48,116.58,311.19971591
2026-01-08 00:20:00+00:00,116.55,116.68,116.41,116.68,436.87468377
2026-01-08 00:25:00+00:00,116.71,116.71,116.56,116.6,127.00258215
2026-01-08 00:30:00+00:00,116.63,116.65,116.59,116.59,63.11298568
2026-01-08 00:35:00+00:00,116.52,116.64,116.52,116.63,39.68522985
2026-01-08 00:40:00+00:00,116.7,116.81,116.67,116.81,82.33339224
2026-01-08 00:45:00+00:00,116.81,117.19,116.81,117.04,702.37704542
2026-01-08 00:50:00+00:00,117.04,117.18,117.04,117.18,31.68593755
2026-01-08 00:55:00+00:00,117.19,117.19,117.09,117.1,108.53969069
2026-01-08 01:00:00+00:00,117.15,117.22,117.0,117.07,249.8638481
2026-01-08 01:05:00+00:00,117.13,117.21,117.13,117.19,12.61348126
2026-01-08 01:10:00+00:00,117.27,117.37,117.18,117.19,285.94174913
2026-01-08 01:15:00+00:00,117.18,117.18,116.99,117.07,44.4294109
2026-01-08 01:20:00+00:00,117.14,117.35,117.14,117.35,319.46283473
2026-01-08 01:25:00+00:00,117.39,117.6,117.29,117.47,2350.46506221
2026-01-08 01:30:00+00:00,117.24,117.46,117.24,117.26,234.36460816
2026-01-08 01:35:00+00:00,117.25,117.3,117.23,117.29,202.98825006
2026-01-08 01:40:00+00:00,117.25,117.34,117.24,117.25,421.36816371
2026-01-08 01:45:00+00:00,117.22,117.27,117.22,117.27,13.51760888
2026-01-08 01:50:00+00:00,117.17,117.17,117.11,117.16,47.79615797
2026-01-08 01:55:00+00:00,117.12,117.17,117.1,117.11,26.22341817
2026-01-08 02:00:00+00:00,117.03,117.17,116.96,116.98,125.61807303
2026-01-08 02:05:00+00:00,116.99,117.4,116.99,117.26,188.83091383
2026-01-08 02:10:00+00:00,117.36,117.87,117.21,117.36,2691.40093055
2026-01-08 02:15:00+00:00,117.58,118.11,117.52,118.07,1397.46009807
2026-01-08 02:20:00+00:00,118.06,118.1,117.51,117.51,1286.39166562
2026-01-08 02:25:00+00:00,117.52,117.99,117.48,117.91,5158.35062607
2026-01-08 02:30:00+00:00,117.65,117.88,117.47,117.52,177.23618734
2026-01-08 02:35:00+00:00,117.55,117.55,117.18,117.33,574.48957921
2026-01-08 02:40:00+00:00,117.35,117.76,117.26,117.76,745.66660004
2026-01-08 02:45:00+00:00,117.79,117.84,117.2,117.68,1765.27254324
2026-01-08 02:50:00+00:00,117.74,117.9,117.71,117.71,480.52893705
2026-01-08 02:55:00+00:00,117.68,118.03,117.52,117.96,1251.65233273
2026-01-08 03:00:00+00:00,118.02,118.03,117.7,117.72,305.46157333
2026-01-08 03:05:00+00:00,118.04,118.3,117.99,117.99,483.29853517
2026-01-08 03:10:00+00:00,117.87,117.92,117.79,117.79,12.07412361
2026-01-08 03:15:00+00:00,117.82,117.89,117.7,117.71,65.17548335
2026-01-08 03:20:00+00:00,117.75,117.75,117.65,117.66,22.01863915
2026-01-08 03:25:00+00:00,117.34,117.35,117.31,117.31,29.81005865
2026-01-08 03:30:00+00:00,117.33,117.55,117.33,117.4,50.67341657
2026-01-08 03:35:00+00:00,117.45,117.67,117.45,117.62,37.10706221
2026-01-08 03:40:00+00:00,117.6,117.65,117.06,117.17,357.27617106
2026-01-08 03:45:00+00:00,117.21,117.21,116.85,117.11,236.53966022
2026-01-08 03:50:00+00:00,117.1,117.24,117.02,117.03,112.60081511
2026-01-08 03:55:00+00:00,116.98,117.01,116.91,117.01,92.02053882
2026-01-08 04:00:00+00:00,117.04,117.18,116.97,117.03,20.76961358
2026-01-08 04:05:00+00:00,117.08,117.12,116.78,116.78,118.14759832
2026-01-08 04:10:00+00:00,116.92,117.0,116.74,116.99,186.70618477
2026-01-08 04:15:00+00:00,117.08,117.14,116.98,117.14,100.45776304
2026-01-08 04:20:00+00:00,117.16,117.28,117.1,117.28,117.23696947
2026-01-08 04:25:00+00:00,117.36,118.01,117.36,117.99,325.44945943
2026-01-08 04:30:00+00:00,118.04,118.29,118.04,118.1,237.27015133
2026-01-08 04:35:00+00:00,118.19,118.31,118.07,118.1,117.51868251
2026-01-08 04:40:00+00:00,118.08,118.13,117.87,118.11,162.24098414
2026-01-08 04:45:00+00:00,117.93,118.08,117.89,117.93,37.42949223
2026-01-08 04:50:00+00:00,117.9,117.92,117.79,117.82,137.02442169
2026-01-08 04:55:00+00:00,117.75,117.83,117.69,117.82,92.92193104
2026-01-08 05:00:00+00:00,117.86,118.04,117.71,117.84,77.99118481
2026-01-08 05:05:00+00:00,118.04,118.05,117.92,117.99,113.79583719
2026-01-08 05:10:00+00:00,117.97,118.0,117.83,117.86,187.06085205
2026-01-08 05:15:00+00:00,117.93,118.03,117.85,117.85,241.91818936
2026-01-08 05:20:00+00:00,117.88,118.02,117.61,117.69,394.3272692
2026-01-08 05:25:00+00:00,117.66,117.66,117.4,117.47,388.3277939
2026-01-08 05:30:00+00:00,117.4,117.42,117.36,117.4,10.13085457
2026-01-08 05:35:00+00:00,117.45,117.45,117.3,117.44,101.46879126
2026-01-08 05:40:00+00:00,117.44,117.44,117.03,117.2,91.11484677
2026-01-08 05:45:00+00:00,117.08,117.1,116.84,116.97,175.7995704
2026-01-08 05:50:00+00:00,116.99,117.02,116.81,116.87,360.43171078
2026-01-08 05:55:00+00:00,116.84,116.84,116.75,116.84,38.3851973
2026-01-08 06:00:00+00:00,116.74,116.95,116.66,116.66,126.90796226
2026-01-08 06:05:00+00:00,116.64,116.64,116.24,116.44,404.88048299
2026-01-08 06:10:00+00:00,116.46,116.46,116.1,116.22,95.79031453
2026-01-08 06:15:00+00:00,116.26,116.26,115.82,115.94,336.36787977
2026-01-08 06:20:00+00:00,115.89,116.16,115.47,115.47,851.39855102
2026-01-08 06:25:00+00:00,115.4,115.71,115.29,115.58,522.52299313
2026-01-08 06:30:00+00:00,115.73,115.74,115.49,115.72,251.28000946
2026-01-08 06:35:00+00:00,115.69,115.95,115.58,115.82,166.5239759
2026-01-08 06:40:00+00:00,115.8,115.95,115.8,115.93,411.30787266
2026-01-08 06:45:00+00:00,115.83,115.94,115.78,115.78,365.16481856
2026-01-08 06:50:00+00:00,115.84,115.85,115.63,115.63,427.08845617
2026-01-08 06:55:00+00:00,115.69,115.7,115.26,115.34,239.74776351
2026-01-08 07:00:00+00:00,115.31,115.48,114.44,115.11,2580.52538687
2026-01-08 07:05:00+00:00,115.1,115.47,114.97,115.37,811.1531975
2026-01-08 07:10:00+00:00,115.57,115.75,115.42,115.75,311.691121
2026-01-08 07:15:00+00:00,115.64,115.86,115.59,115.76,156.32602044
2026-01-08 07:20:00+00:00,115.71,115.93,115.61,115.91,454.5909355
2026-01-08 07:25:00+00:00,115.97,116.18,115.81,115.94,367.6549928
2026-01-08 07:30:00+00:00,115.96,116.14,115.83,116.1,199.42648686
2026-01-08 07:35:00+00:00,115.97,116.08,115.86,115.86,458.65417893
2026-01-08 07:40:00+00:00,115.86,116.14,115.83,116.1,94.03284884
2026-01-08 07:45:00+00:00,116.13,116.18,115.91,115.97,270.91097129
2026-01-08 07:50:00+00:00,116.01,116.17,116.01,116.13,89.07305258
2026-01-08 07:55:00+00:00,116.12,116.3,116.12,116.25,124.46038637
2026-01-08 08:00:00+00:00,116.33,116.44,116.15,116.2,215.9361981
2026-01-08 08:05:00+00:00,116.3,116.4,116.2,116.2,97.20983405
2026-01-08 08:10:00+00:00,116.27,116.37,116.12,116.31,190.57923497
2026-01-08 08:15:00+00:00,116.36,116.57,116.32,116.41,356.65838719
2026-01-08 08:20:00+00:00,116.41,116.41,116.18,116.31,328.39406762
2026-01-08 08:25:00+00:00,116.34,116.39,116.3,116.32,166.68616205
2026-01-08 08:30:00+00:00,115.92,116.42,115.92,116.08,446.84885502
2026-01-08 08:35:00+00:00,116.12,116.12,115.99,115.99,217.6451852
2026-01-08 08:40:00+00:00,116.04,116.06,115.96,116.05,135.98621759
2026-01-08 08:45:00+00:00,115.98,116.04,115.87,115.89,45.07798756
2026-01-08 08:50:00+00:00,115.9,115.95,115.74,115.8,81.91148102
2026-01-08 08:55:00+00:00,115.76,115.85,115.58,115.64,118.39638845
2026-01-08 09:00:00+00:00,115.66,115.98,115.66,115.73,291.15506838
2026-01-08 09:05:00+00:00,115.91,116.0,115.83,115.93,106.7014361
2026-01-08 09:10:00+00:00,115.83,115.91,115.79,115.79,177.89199667
2026-01-08 09:15:00+00:00,115.75,115.75,115.4,115.47,430.58913474
2026-01-08 09:20:00+00:00,115.37,115.37,115.21,115.25,142.59577199
2026-01-08 09:25:00+00:00,115.3,115.31,115.13,115.15,411.85655057
2026-01-08 09:30:00+00:00,115.15,115.34,115.12,115.34,248.25066172
2026-01-08 09:35:00+00:00,115.3,115.36,115.24,115.27,101.96647268
2026-01-08 09:40:00+00:00,115.25,115.29,115.1,115.25,271.5775175
2026-01-08 09:45:00+00:00,115.25,115.39,115.25,115.37,90.03259193
2026-01-08 09:50:00+00:00,115.44,115.46,115.2,115.22,151.30638324
2026-01-08 09:55:00+00:00,115.2,115.21,114.99,115.08,260.07862115
2026-01-08 10:00:00+00:00,115.11,115.11,114.62,114.63,129.66099912
2026-01-08 10:05:00+00:00,114.74,115.03,114.72,114.81,827.66239829
2026-01-08 10:10:00+00:00,114.87,115.0,114.84,114.98,389.61698031
2026-01-08 10:15:00+00:00,114.89,115.13,114.86,115.08,267.30035594
2026-01-08 10:20:00+00:00,115.09,115.35,115.04,115.31,91.60220561
2026-01-08 10:25:00+00:00,115.28,115.53,115.28,115.42,161.09979429
2026-01-08 10:30:00+00:00,115.38,115.43,115.31,115.33,93.00332892
2026-01-08 10:35:00+00:00,115.42,115.5,115.3,115.33,135.70210601
2026-01-08 10:40:00+00:00,115.4,115.41,115.33,115.4,49.14623525
2026-01-08 10:45:00+00:00,115.45,115.59,115.43,115.54,48.36029191
2026-01-08 10:50:00+00:00,115.54,115.72,115.54,115.72,197.06695167
2026-01-08 10:55:00+00:00,115.72,115.87,115.49,115.56,801.08595426
2026-01-08 11:00:00+00:00,115.57,115.71,115.56,115.64,252.50118573
2026-01-08 11:05:00+00:00,115.45,115.46,115.28,115.28,140.78499475
2026-01-08 11:10:00+00:00,115.37,115.4,115.29,115.29,81.23672873
2026-01-08 11:15:00+00:00,115.32,115.4,115.21,115.31,105.19631454
2026-01-08 11:20:00+00:00,115.13,115.18,114.92,115.02,419.32332518
2026-01-08 11:25:00+00:00,115.1,115.26,115.07,115.23,65.07678193
2026-01-08 11:30:00+00:00,115.23,115.26,115.04,115.25,137.69970675
2026-01-08 11:35:00+00:00,115.19,115.2,115.03,115.06,239.51822237
2026-01-08 11:40:00+00:00,115.09,115.3,115.05,115.2,142.15761998
2026-01-08 11:45:00+00:00,115.06,115.22,115.02,115.22,383.03070118
2026-01-08 11:50:00+00:00,115.27,115.37,115.27,115.28,70.87876736
2026-01-08 11:55:00+00:00,115.32,115.37,115.29,115.3,113.88348717
2026-01-08 12:00:00+00:00,115.33,115.33,115.08,115.1,99.91449834
2026-01-08 12:05:00+00:00,115.19,115.27,114.86,114.92,1672.72801156
2026-01-08 12:10:00+00:00,114.86,114.91,114.67,114.73,631.67504096
2026-01-08 12:15:00+00:00,114.8,114.91,114.66,114.87,297.91685338
2026-01-08 12:20:00+00:00,114.86,115.03,114.85,114.96,487.23157543
2026-01-08 12:25:00+00:00,114.98,115.03,114.89,114.94,275.02790473
2026-01-08 12:30:00+00:00,114.94,115.06,114.61,114.64,455.10739516
2026-01-08 12:35:00+00:00,114.64,114.72,114.48,114.72,439.97593591
2026-01-08 12:40:00+00:00,114.69,114.83,114.69,114.78,112.27732151
2026-01-08 12:45:00+00:00,114.79,114.84,114.71,114.77,50.3297458
2026-01-08 12:50:00+00:00,114.82,114.86,114.63,114.63,60.02783042
2026-01-08 12:55:00+00:00,114.65,114.82,114.65,114.8,55.06212546
2026-01-08 13:00:00+00:00,114.8,114.87,114.74,114.82,236.36306456
2026-01-08 13:05:00+00:00,114.76,114.87,114.73,114.84,254.48963002
2026-01-08 13:10:00+00:00,114.84,114.9,114.76,114.76,259.43505015
2026-01-08 13:15:00+00:00,114.83,114.86,114.64,114.86,505.66356074
2026-01-08 13:20:00+00:00,114.8,114.89,114.75,114.83,666.06534323
2026-01-08 13:25:00+00:00,114.83,114.92,114.77,114.91,60.19237125
2026-01-08 13:30:00+00:00,114.89,114.96,114.7,114.77,295.63518583
2026-01-08 13:35:00+00:00,114.77,114.86,114.63,114.73,295.59111712
2026-01-08 13:40:00+00:00,114.78,114.83,114.73,114.83,233.98106283
2026-01-08 13:45:00+00:00,114.84,114.94,114.78,114.78,221.86439338
2026-01-08 13:50:00+00:00,114.78,115.16,114.58,115.07,325.40675198
2026-01-08 13:55:00+00:00,115.1,115.28,115.09,115.22,537.6885514
2026-01-08 14:00:00+00:00,115.11,115.14,114.69,114.77,505.00256756
2026-01-08 14:05:00+00:00,114.87,114.98,114.66,114.94,959.19032781
2026-01-08 14:10:00+00:00,114.94,115.04,114.9,114.93,1303.85144773
2026-01-08 14:15:00+00:00,114.94,114.95,114.88,114.91,401.86998744
2026-01-08 14:20:00+00:00,114.97,114.99,114.8,114.88,507.71401485
2026-01-08 14:25:00+00:00,114.86,114.89,114.4,114.81,942.39599669
2026-01-08 14:30:00+00:00,114.74,114.9,114.53,114.9,983.40090575
2026-01-08 14:35:00+00:00,114.8,114.95,114.52,114.61,893.87112986
2026-01-08 14:40:00+00:00,114.61,115.08,114.16,114.2,1003.04006973
2026-01-08 14:45:00+00:00,113.86,114.65,113.73,114.55,933.2088543
2026-01-08 14:50:00+00:00,114.48,115.25,114.43,114.91,1962.85161487
2026-01-08 14:55:00+00:00,114.94,114.95,114.63,114.85,720.28941052
2026-01-08 15:00:00+00:00,114.73,114.85,114.4,114.41,140.22532905
2026-01-08 15:05:00+00:00,114.73,115.32,114.34,115.32,1709.22047
2026-01-08 15:10:00+00:00,115.28,115.86,115.16,115.67,624.69974451
2026-01-08 15:15:00+00:00,115.9,115.95,115.6,115.72,1089.77068776
2026-01-08 15:20:00+00:00,115.73,116.13,115.59,115.86,892.81737418
2026-01-08 15:25:00+00:00,115.97,116.1,115.85,116.04,523.7706906
2026-01-08 15:30:00+00:00,115.92,116.14,115.78,115.78,675.07695353
2026-01-08 15:35:00+00:00,115.6,115.81,115.48,115.77,415.51032133
2026-01-08 15:40:00+00:00,115.81,116.23,115.8,115.91,507.72804333
2026-01-08 15:45:00+00:00,115.96,116.24,115.8,116.24,812.76056006
2026-01-08 15:50:00+00:00,116.24,116.52,116.22,116.22,493.11621806
2026-01-08 15:55:00+00:00,116.26,116.95,116.25,116.95,824.17510482
2026-01-08 16:00:00+00:00,116.96,117.28,116.82,116.94,749.37590873
2026-01-08 16:05:00+00:00,116.83,117.26,116.75,117.1,1069.23833921
2026-01-08 16:10:00+00:00,117.1,117.54,116.99,117.23,1745.67789901
2026-01-08 16:15:00+00:00,116.98,117.25,116.92,116.94,1031.04795417
2026-01-08 16:20:00+00:00,117.0,117.51,116.95,117.51,396.72125352
2026-01-08 16:25:00+00:00,117.5,117.6,117.23,117.34,588.72203199
2026-01-08 16:30:00+00:00,117.32,117.57,117.17,117.57,386.17078907
2026-01-08 16:35:00+00:00,117.37,117.39,116.96,117.08,2570.17127784
2026-01-08 16:40:00+00:00,117.03,117.9,116.96,117.78,436.48425657
2026-01-08 16:45:00+00:00,118.06,118.18,117.76,118.09,763.20799861
2026-01-08 16:50:00+00:00,118.09,118.19,117.91,118.01,687.78274768
2026-01-08 16:55:00+00:00,118.01,118.48,118.01,118.46,621.64104744
2026-01-08 17:00:00+00:00,118.5,118.93,118.5,118.64,1015.26524431
2026-01-08 17:05:00+00:00,118.67,118.81,118.43,118.59,1192.22199527
2026-01-08 17:10:00+00:00,118.55,118.7,118.18,118.19,807.96854352
2026-01-08 17:15:00+00:00,118.25,118.41,118.14,118.18,638.06853978
2026-01-08 17:20:00+00:00,118.17,118.26,118.06,118.07,603.78451012
2026-01-08 17:25:00+00:00,118.07,118.09,117.79,117.91,2570.68968228
2026-01-08 17:30:00+00:00,117.96,118.21,117.96,118.17,198.80675427
2026-01-08 17:35:00+00:00,118.31,118.38,118.23,118.37,155.47551502
2026-01-08 17:40:00+00:00,118.41,118.52,118.32,118.42,239.18623922
2026-01-08 17:45:00+00:00,118.41,118.53,118.39,118.48,436.03588355
2026-01-08 17:50:00+00:00,118.6,118.83,118.6,118.76,287.84578683
2026-01-08 17:55:00+00:00,118.83,119.13,118.8,119.04,495.55114966
2026-01-08 18:00:00+00:00,118.97,119.05,118.75,118.94,310.05520353
2026-01-08 18:05:00+00:00,118.9,119.19,118.77,118.85,410.45484169
2026-01-08 18:10:00+00:00,119.19,119.23,118.57,118.62,233.33038531
2026-01-08 18:15:00+00:00,118.61,118.94,118.51,118.94,290.45285764
2026-01-08 18:20:00+00:00,119.03,119.06,118.77,118.77,386.33003424
2026-01-08 18:25:00+00:00,118.76,119.18,118.72,119.16,134.97247256
2026-01-08 18:30:00+00:00,119.15,119.29,118.89,118.93,730.39236842
2026-01-08 18:35:00+00:00,119.02,119.08,118.84,119.01,535.89195035
2026-01-08 18:40:00+00:00,118.77,118.8,118.55,118.6,241.22997873
2026-01-08 18:45:00+00:00,118.62,118.78,118.53,118.77,93.22348943
2026-01-08 18:50:00+00:00,118.72,118.77,118.58,118.66,1166.96810815
2026-01-08 18:55:00+00:00,118.58,118.58,118.38,118.5,859.54275198
2026-01-08 19:00:00+00:00,118.54,118.69,118.33,118.6,234.73224087
2026-01-08 19:05:00+00:00,118.61,118.74,118.47,118.59,223.03628855
2026-01-08 19:10:00+00:00,118.53,118.55,118.24,118.29,640.58027275
2026-01-08 19:15:00+00:00,117.81,118.21,117.75,117.92,993.98976395
2026-01-08 19:20:00+00:00,117.92,118.11,117.91,118.02,471.93757326
2026-01-08 19:25:00+00:00,118.03,118.09,117.97,118.03,381.40484403
2026-01-08 19:30:00+00:00,118.04,118.58,118.04,118.56,251.05666292
2026-01-08 19:35:00+00:00,118.52,118.69,118.5,118.59,54.31749561
2026-01-08 19:40:00+00:00,118.58,118.61,118.42,118.42,173.98666545
2026-01-08 19:45:00+00:00,118.43,118.45,118.1,118.4,362.98898085
2026-01-08 19:50:00+00:00,118.21,118.39,118.21,118.36,76.51699963
2026-01-08 19:55:00+00:00,118.26,118.26,117.87,118.0,163.70056808
2026-01-08 20:00:00+00:00,117.99,117.99,117.4,117.54,1241.36836686
2026-01-08 20:05:00+00:00,117.3,117.58,117.2,117.3,806.64978701
2026-01-08 20:10:00+00:00,117.36,117.59,117.36,117.59,440.75448392
2026-01-08 20:15:00+00:00,117.51,117.59,117.34,117.4,210.14794636
2026-01-08 20:20:00+00:00,117.46,117.54,117.28,117.29,138.19215579
2026-01-08 20:25:00+00:00,117.28,117.33,117.11,117.27,96.1842051
2026-01-08 20:30:00+00:00,117.34,117.53,117.34,117.49,121.69110797
2026-01-08 20:35:00+00:00,117.6,117.82,117.6,117.77,171.78182332
2026-01-08 20:40:00+00:00,117.75,117.81,117.66,117.72,45.26623965
2026-01-08 20:45:00+00:00,117.86,117.86,117.78,117.85,80.91883518
2026-01-08 20:50:00+00:00,117.79,118.01,117.69,117.97,206.83403964
2026-01-08 20:55:00+00:00,117.99,118.25,117.92,118.17,404.8736457
2026-01-08 21:00:00+00:00,118.18,118.4,118.18,118.4,1541.73220631
2026-01-08 21:05:00+00:00,118.44,118.61,118.43,118.43,184.53186568
2026-01-08 21:10:00+00:00,118.43,118.53,118.35,118.49,273.09712209
2026-01-08 21:15:00+00:00,118.29,118.54,118.22,118.35,342.11413262
2026-01-08 21:20:00+00:00,118.37,118.37,118.25,118.32,317.35371856
2026-01-08 21:25:00+00:00,118.32,118.45,118.28,118.34,317.43862146
2026-01-08 21:30:00+00:00,118.36,118.5,118.36,118.5,49.21295892
2026-01-08 21:35:00+00:00,118.55,119.09,118.54,118.74,1862.39148771
2026-01-08 21:40:00+00:00,118.97,119.13,118.93,119.06,612.95855287
2026-01-08 21:45:00+00:00,119.12,119.12,118.95,119.06,238.67754536
2026-01-08 21:50:00+00:00,119.08,119.35,119.08,119.3,625.34981117
2026-01-08 21:55:00+00:00,119.36,119.86,119.36,119.65,3460.26329674
2026-01-08 22:00:00+00:00,119.69,120.0,119.6,119.78,974.13155347
2026-01-08 22:05:00+00:00,119.95,120.08,119.65,119.84,3912.19466695
2026-01-08 22:10:00+00:00,119.82,120.06,119.77,119.97,886.15768675
2026-01-08 22:15:00+00:00,119.97,120.04,119.74,119.93,677.59364218
2026-01-08 22:20:00+00:00,119.87,119.98,119.78,119.93,833.79633252
2026-01-08 22:25:00+00:00,119.91,119.91,119.54,119.62,1478.69797018
2026-01-08 22:30:00+00:00,119.65,119.65,119.37,119.42,787.32000432
2026-01-08 22:35:00+00:00,119.15,119.43,118.58,118.6,725.96007242
2026-01-08 22:40:00+00:00,118.6,118.94,118.57,118.84,231.44354381
2026-01-08 22:45:00+00:00,118.87,119.1,118.87,119.0,114.03032102
2026-01-08 22:50:00+00:00,119.03,119.12,119.03,119.06,29.80372963
2026-01-08 22:55:00+00:00,119.11,119.17,119.03,119.04,149.87127901
2026-01-08 23:00:00+00:00,119.07,119.14,118.89,118.9,219.65144639
2026-01-08 23:05:00+00:00,119.19,119.28,118.98,119.12,260.17979936
2026-01-08 23:10:00+00:00,119.06,119.06,118.89,118.92,150.884444
2026-01-08 23:15:00+00:00,118.91,119.0,118.86,118.96,59.44986478
2026-01-08 23:20:00+00:00,118.9,118.97,118.87,118.91,72.86559288
2026-01-08 23:25:00+00:00,118.8,118.92,118.8,118.92,66.79872255
2026-01-08 23:30:00+00:00,118.97,118.97,118.61,118.85,1110.05851102
2026-01-08 23:35:00+00:00,119.12,119.18,118.8,119.08,1242.46394845
2026-01-08 23:40:00+00:00,119.07,119.25,119.03,119.1,1839.63203215
2026-01-08 23:45:00+00:00,118.75,119.05,118.64,118.75,1054.41229285
2026-01-08 23:55:00+00:00,118.63,118.7,118.6,118.65,255.99441846
2026-01-09 00:00:00+00:00,118.68,118.85,118.68,118.84,115.15225348
2026-01-09 00:05:00+00:00,118.74,118.85,118.71,118.77,58.09083295
2026-01-09 00:10:00+00:00,118.79,118.96,118.79,118.88,293.64648121
2026-01-09 00:15:00+00:00,118.83,118.9,118.63,118.79,628.20534875
2026-01-09 00:20:00+00:00,118.87,119.0,118.86,118.98,132.9457597
2026-01-09 00:25:00+00:00,119.0,119.04,118.88,118.88,97.48883779
2026-01-09 00:30:00+00:00,118.94,119.02,118.94,119.02,19.42587941
2026-01-09 00:35:00+00:00,119.03,119.21,119.03,119.21,112.43615944
2026-01-09 00:40:00+00:00,119.18,119.29,119.17,119.27,346.52643879
2026-01-09 00:45:00+00:00,119.25,119.44,119.21,119.4,335.28360759
2026-01-09 00:50:00+00:00,119.37,119.47,119.31,119.42,119.68983638
2026-01-09 00:55:00+00:00,119.34,119.37,119.26,119.33,34.99814394
2026-01-09 01:00:00+00:00,119.36,119.46,119.32,119.43,135.70254215
2026-01-09 01:05:00+00:00,119.3,119.39,119.27,119.32,94.66468081
2026-01-09 01:10:00+00:00,119.33,119.34,119.18,119.18,50.91263382
2026-01-09 01:15:00+00:00,119.17,119.21,119.06,119.15,60.61644949
2026-01-09 01:20:00+00:00,119.02,119.08,118.74,118.81,218.64379714
2026-01-09 01:25:00+00:00,118.71,119.69,118.57,119.48,1364.50896458
2026-01-09 01:30:00+00:00,119.68,119.71,118.63,118.65,1353.63186184
2026-01-09 01:35:00+00:00,118.66,118.71,118.17,118.52,1552.49170727
2026-01-09 01:40:00+00:00,118.46,118.46,118.2,118.24,202.89671362
2026-01-09 01:45:00+00:00,118.24,118.69,118.24,118.66,740.32634621
2026-01-09 01:50:00+00:00,118.56,118.56,118.36,118.46,245.59624902
2026-01-09 01:55:00+00:00,118.52,118.72,118.52,118.67,160.84160134
2026-01-09 02:00:00+00:00,118.67,119.03,118.57,118.89,65.28434494
2026-01-09 02:05:00+00:00,119.07,119.42,119.07,119.41,556.96246865
2026-01-09 02:10:00+00:00,119.38,119.58,119.38,119.5,199.5800041
2026-01-09 02:15:00+00:00,119.48,119.59,119.47,119.5,673.28174011
2026-01-09 02:20:00+00:00,119.6,119.71,119.56,119.57,505.98659082
2026-01-09 02:25:00+00:00,119.51,119.56,119.39,119.4,15.10021118
2026-01-09 02:30:00+00:00,119.42,119.46,119.21,119.28,78.23652804
2026-01-09 02:35:00+00:00,119.29,119.43,119.27,119.29,65.12526544
2026-01-09 02:40:00+00:00,119.25,119.33,119.22,119.3,107.0979925
2026-01-09 02:45:00+00:00,119.34,119.35,119.18,119.21,94.77838439
2026-01-09 02:50:00+00:00,119.16,119.28,119.13,119.19,54.86820549
2026-01-09 02:55:00+00:00,119.14,119.17,119.08,119.14,59.74722815
2026-01-09 03:00:00+00:00,119.21,119.5,119.21,119.5,15.05475902
2026-01-09 03:05:00+00:00,119.49,119.8,119.49,119.71,44.01865632
2026-01-09 03:10:00+00:00,119.65,119.87,119.61,119.85,84.75061089
2026-01-09 03:15:00+00:00,119.81,120.0,119.74,119.81,1453.58938826
2026-01-09 03:20:00+00:00,120.0,120.16,119.62,119.65,718.30054182
2026-01-09 03:25:00+00:00,119.59,119.6,119.4,119.54,143.68616502
2026-01-09 03:30:00+00:00,119.55,119.73,119.49,119.7,284.38239986
2026-01-09 03:35:00+00:00,119.85,120.09,119.85,120.09,67.99498847
2026-01-09 03:40:00+00:00,119.94,119.97,119.86,119.97,170.87319468
2026-01-09 03:45:00+00:00,119.99,121.0,119.99,120.8,2219.55251611
2026-01-09 03:50:00+00:00,120.82,120.85,120.65,120.68,125.75768698
2026-01-09 03:55:00+00:00,120.74,120.87,120.61,120.7,544.73212242
2026-01-09 04:00:00+00:00,120.64,120.83,120.61,120.79,251.51066884
2026-01-09 04:05:00+00:00,120.7,120.74,120.5,120.56,216.79190742
2026-01-09 04:10:00+00:00,120.44,120.53,120.33,120.4,70.99541169
2026-01-09 04:15:00+00:00,120.42,120.54,120.33,120.51,48.63317923
2026-01-09 04:20:00+00:00,120.43,120.46,120.36,120.43,62.83215332
2026-01-09 04:25:00+00:00,120.42,120.47,120.28,120.31,56.27794804
2026-01-09 04:30:00+00:00,120.29,120.38,119.97,120.02,452.31824125
2026-01-09 04:35:00+00:00,120.01,120.01,119.84,119.87,186.0487244
2026-01-09 04:40:00+00:00,119.82,119.92,119.77,119.92,56.76197905
2026-01-09 04:45:00+00:00,119.82,119.97,119.82,119.83,55.60917515
2026-01-09 04:50:00+00:00,119.87,119.98,119.85,119.88,237.32195679
2026-01-09 04:55:00+00:00,119.84,119.85,119.73,119.81,25.94123238
2026-01-09 05:00:00+00:00,119.9,120.15,119.9,120.14,62.75438908
2026-01-09 05:05:00+00:00,120.13,120.14,119.97,120.06,156.08084076
2026-01-09 05:10:00+00:00,119.96,120.11,119.96,119.96,83.66494807
2026-01-09 05:15:00+00:00,120.01,120.15,119.78,119.81,92.13746698
2026-01-09 05:20:00+00:00,119.82,119.83,119.6,119.8,868.47363627
2026-01-09 05:25:00+00:00,119.82,119.83,119.72,119.72,36.6230839
2026-01-09 05:30:00+00:00,119.69,119.77,119.64,119.65,217.29735521
2026-01-09 05:35:00+00:00,119.6,119.74,119.6,119.72,40.06454047
2026-01-09 05:40:00+00:00,119.78,119.84,119.68,119.68,98.45253255
2026-01-09 05:45:00+00:00,119.71,119.78,119.71,119.78,27.15382268
2026-01-09 05:50:00+00:00,119.75,119.87,119.75,119.85,19.53969953
2026-01-09 05:55:00+00:00,119.87,120.04,119.86,120.02,79.56279712
2026-01-09 06:00:00+00:00,119.98,120.0,119.98,120.0,14.74365859
2026-01-09 06:05:00+00:00,119.94,120.08,119.94,119.95,74.68856456
2026-01-09 06:10:00+00:00,120.01,120.07,119.88,120.02,252.0607035
2026-01-09 06:15:00+00:00,119.86,120.1,119.86,119.97,182.5931242
2026-01-09 06:20:00+00:00,120.02,120.02,119.92,120.02,27.460475
2026-01-09 06:25:00+00:00,119.91,119.95,119.79,119.79,31.14666122
2026-01-09 06:30:00+00:00,119.81,120.14,119.8,120.13,76.21116569
2026-01-09 06:35:00+00:00,120.05,120.07,119.99,120.07,199.70161223
2026-01-09 06:40:00+00:00,120.12,120.17,120.09,120.12,38.80976004
2026-01-09 06:45:00+00:00,120.19,120.62,120.13,120.62,419.83069308
2026-01-09 06:50:00+00:00,120.79,120.81,120.5,120.51,156.76165156
2026-01-09 06:55:00+00:00,120.56,120.71,120.56,120.71,448.20146659
2026-01-09 07:00:00+00:00,120.69,120.69,120.52,120.54,206.03759726
2026-01-09 07:05:00+00:00,120.51,120.52,120.3,120.43,108.82075834
2026-01-09 07:10:00+00:00,120.33,120.43,120.3,120.34,80.59345679
2026-01-09 07:15:00+00:00,120.34,120.34,120.28,120.3,81.8049533
2026-01-09 07:20:00+00:00,120.24,120.47,120.22,120.29,379.87275396
2026-01-09 07:25:00+00:00,120.42,120.56,120.41,120.56,298.05442391
2026-01-09 07:30:00+00:00,120.56,120.66,120.33,120.33,91.45017614
2026-01-09 07:35:00+00:00,120.33,120.41,120.28,120.39,56.92607098
2026-01-09 07:40:00+00:00,120.4,120.44,120.26,120.28,97.36099229
2026-01-09 07:45:00+00:00,120.27,120.27,119.93,119.99,260.2974226
2026-01-09 07:50:00+00:00,119.94,120.01,119.89,120.01,267.69960666
2026-01-09 07:55:00+00:00,120.0,120.0,119.74,119.74,931.77498881
2026-01-09 08:00:00+00:00,119.72,119.81,119.23,119.26,2672.67628569
2026-01-09 08:05:00+00:00,119.2,119.38,118.93,119.29,1597.76769416
2026-01-09 08:10:00+00:00,119.35,119.35,119.16,119.27,315.02146533
2026-01-09 08:15:00+00:00,119.18,119.3,119.1,119.29,991.26561448
2026-01-09 08:20:00+00:00,119.17,119.39,119.16,119.31,242.87602905
2026-01-09 08:25:00+00:00,119.27,119.29,119.01,119.04,174.1143452
2026-01-09 08:30:00+00:00,119.06,119.13,118.81,119.05,343.90061836
2026-01-09 08:35:00+00:00,119.08,119.08,118.76,118.76,288.79251278
2026-01-09 08:40:00+00:00,118.82,118.85,118.63,118.78,570.13478552
2026-01-09 08:45:00+00:00,118.64,118.69,117.9,118.07,2362.83453902
2026-01-09 08:50:00+00:00,118.01,118.13,117.57,117.68,934.7549314
2026-01-09 08:55:00+00:00,117.62,118.38,117.62,118.31,1213.77079932
2026-01-09 09:00:00+00:00,118.33,119.26,118.31,119.06,2819.53912951
2026-01-09 09:05:00+00:00,119.05,119.08,118.77,119.04,711.46289472
2026-01-09 09:10:00+00:00,119.09,119.09,118.89,118.93,554.08901979
2026-01-09 09:15:00+00:00,118.92,118.92,118.69,118.91,1376.62794106
2026-01-09 09:20:00+00:00,118.92,119.21,118.89,119.03,64.47897877
2026-01-09 09:25:00+00:00,119.15,119.36,119.13,119.36,397.1033074
2026-01-09 09:30:00+00:00,119.32,119.32,119.1,119.24,542.2683859
2026-01-09 09:35:00+00:00,119.18,119.18,119.13,119.17,137.78352091
2026-01-09 09:40:00+00:00,119.15,119.16,119.08,119.12,49.03815397
2026-01-09 09:45:00+00:00,119.12,119.12,118.86,119.01,126.21570979
2026-01-09 09:50:00+00:00,119.03,119.06,118.98,118.98,58.21373259
2026-01-09 09:55:00+00:00,118.95,118.95,118.86,118.86,219.81421762
2026-01-09 10:00:00+00:00,118.84,118.89,118.55,118.63,787.10092543
2026-01-09 10:05:00+00:00,118.67,119.16,118.67,119.16,269.41064932
2026-01-09 10:10:00+00:00,119.07,119.24,119.05,119.24,142.43907934
2026-01-09 10:15:00+00:00,119.22,119.28,119.09,119.09,90.94370155
2026-01-09 10:20:00+00:00,119.08,119.21,119.02,119.07,72.54588928
2026-01-09 10:25:00+00:00,119.12,119.26,119.11,119.11,369.61831493
2026-01-09 10:30:00+00:00,119.08,119.14,118.93,119.04,429.46966927
2026-01-09 10:35:00+00:00,119.01,119.1,118.97,118.99,233.01576032
2026-01-09 10:40:00+00:00,118.97,119.06,118.97,119.0,128.53055292
2026-01-09 10:45:00+00:00,119.01,119.13,118.99,119.11,110.58133072
2026-01-09 10:50:00+00:00,119.16,119.24,119.14,119.2,1428.52746084
2026-01-09 10:55:00+00:00,119.17,119.19,119.05,119.05,402.52085972
2026-01-09 11:00:00+00:00,119.04,119.15,119.04,119.11,371.26572827
2026-01-09 11:05:00+00:00,119.08,119.21,118.82,118.82,340.39985848
2026-01-09 11:10:00+00:00,118.78,118.87,118.63,118.7,657.94784206
2026-01-09 11:15:00+00:00,118.86,119.02,118.83,119.02,411.93464103
2026-01-09 11:20:00+00:00,118.93,119.01,118.85,118.87,92.20357413
2026-01-09 11:25:00+00:00,118.87,118.95,118.84,118.88,325.24327146
2026-01-09 11:30:00+00:00,118.88,119.06,118.86,118.98,113.83806363
2026-01-09 11:35:00+00:00,118.97,118.97,118.61,118.65,225.18707853
2026-01-09 11:40:00+00:00,118.57,118.66,118.5,118.66,228.61057545
2026-01-09 11:45:00+00:00,118.64,118.81,118.59,118.81,339.39112264
2026-01-09 11:50:00+00:00,118.85,118.88,118.71,118.71,205.56055443
2026-01-09 11:55:00+00:00,118.68,118.7,118.6,118.7,58.01666155
2026-01-09 12:00:00+00:00,118.64,118.77,118.63,118.76,31.12612521
2026-01-09 12:05:00+00:00,118.76,118.87,118.69,118.69,113.12885492
2026-01-09 12:10:00+00:00,118.67,118.67,118.54,118.62,37.92509149
2026-01-09 12:15:00+00:00,118.56,118.56,118.39,118.49,88.85016845
2026-01-09 12:20:00+00:00,118.56,118.57,118.45,118.56,96.13551597
2026-01-09 12:25:00+00:00,118.53,118.53,118.39,118.5,149.9455494
2026-01-09 12:30:00+00:00,118.51,118.62,118.36,118.61,259.73114123
2026-01-09 12:35:00+00:00,118.52,118.52,118.29,118.39,205.12382757
2026-01-09 12:40:00+00:00,118.4,118.43,118.16,118.2,65.71113524
2026-01-09 12:45:00+00:00,118.18,118.29,118.11,118.29,29.73785725
2026-01-09 12:50:00+00:00,118.33,118.34,118.24,118.24,21.19772975
2026-01-09 12:55:00+00:00,118.29,118.3,118.2,118.21,60.52468942
2026-01-09 13:00:00+00:00,118.21,118.36,118.2,118.36,362.5830114
2026-01-09 13:05:00+00:00,118.31,118.56,118.3,118.48,941.33043585
2026-01-09 13:10:00+00:00,118.49,119.0,118.49,118.81,801.83972143
2026-01-09 13:15:00+00:00,118.72,118.75,118.62,118.7,75.98254567
2026-01-09 13:20:00+00:00,118.71,118.82,118.59,118.74,202.05273018
2026-01-09 13:25:00+00:00,118.69,119.1,118.69,118.96,561.05824407
2026-01-09 13:30:00+00:00,118.9,119.71,118.54,119.04,5148.80769211
2026-01-09 13:35:00+00:00,119.2,119.24,118.96,119.02,439.57576976
2026-01-09 13:40:00+00:00,119.0,119.14,118.75,118.75,736.35768084
2026-01-09 13:45:00+00:00,118.81,118.84,118.58,118.58,665.14619456
2026-01-09 13:50:00+00:00,119.11,119.13,118.63,119.13,556.45769616
2026-01-09 13:55:00+00:00,119.11,119.11,118.93,118.93,223.42570895
2026-01-09 14:00:00+00:00,118.95,118.95,118.74,118.81,48.20738705
2026-01-09 14:05:00+00:00,118.8,118.8,118.0,118.0,527.99622687
2026-01-09 14:10:00+00:00,118.02,118.04,117.79,118.02,819.35128715
2026-01-09 14:15:00+00:00,117.86,118.15,117.86,118.12,399.36807744
2026-01-09 14:20:00+00:00,118.07,118.45,118.07,118.25,252.26848266
2026-01-09 14:25:00+00:00,118.34,118.39,118.26,118.35,373.91844882
2026-01-09 14:30:00+00:00,118.43,118.45,117.74,117.86,522.1664572
2026-01-09 14:35:00+00:00,117.83,118.44,117.83,118.19,660.3176977
2026-01-09 14:40:00+00:00,118.04,118.06,117.8,117.98,211.344546
2026-01-09 14:45:00+00:00,117.73,117.83,117.46,117.51,2633.6216826
2026-01-09 14:50:00+00:00,117.52,117.66,117.27,117.55,1396.34375342
2026-01-09 14:55:00+00:00,117.38,117.71,117.38,117.6,998.33899604
2026-01-09 15:00:00+00:00,117.8,117.91,117.34,117.5,1291.8734597
2026-01-09 15:05:00+00:00,117.44,117.51,117.1,117.51,3816.20719625
2026-01-09 15:10:00+00:00,117.59,117.86,117.45,117.85,386.93934604
2026-01-09 15:15:00+00:00,117.77,118.15,117.71,118.05,268.44262842
2026-01-09 15:20:00+00:00,119.04,119.52,118.11,119.52,2137.68420795
2026-01-09 15:25:00+00:00,119.56,120.52,119.42,120.35,2604.01833385
2026-01-09 15:30:00+00:00,120.36,120.81,119.89,120.5,1131.88911955
2026-01-09 15:35:00+00:00,120.62,121.0,120.01,120.05,1875.24084178
2026-01-09 15:40:00+00:00,120.03,120.29,119.2,119.4,3606.85443822
2026-01-09 15:45:00+00:00,119.41,119.92,119.26,119.41,1216.57762093
2026-01-09 15:50:00+00:00,119.37,119.53,118.81,119.24,1519.99807496
2026-01-09 15:55:00+00:00,118.68,119.13,118.64,119.13,209.34105993
2026-01-09 16:00:00+00:00,119.21,119.67,119.11,119.57,482.26159505
2026-01-09 16:05:00+00:00,119.57,119.7,119.49,119.52,674.90803789
2026-01-09 16:10:00+00:00,119.46,120.35,119.46,120.28,2624.24162431
2026-01-09 16:15:00+00:00,120.33,120.41,119.9,120.25,1045.22578398
2026-01-09 16:20:00+00:00,120.11,120.26,120.09,120.11,647.9265105
2026-01-09 16:25:00+00:00,120.06,120.22,119.79,120.0,759.91389975
2026-01-09 16:30:00+00:00,119.89,120.14,119.58,119.58,515.6853486
2026-01-09 16:35:00+00:00,119.6,119.8,119.59,119.73,67.06173866
2026-01-09 16:40:00+00:00,119.77,120.13,119.68,119.98,215.35253506
2026-01-09 16:45:00+00:00,119.94,120.11,119.87,120.05,314.06342899
2026-01-09 16:50:00+00:00,120.05,120.28,119.98,120.11,259.28149699
2026-01-09 16:55:00+00:00,120.07,120.33,120.05,120.21,201.04794438
2026-01-09 17:00:00+00:00,120.26,120.27,120.07,120.17,454.99075251
2026-01-09 17:05:00+00:00,120.2,120.32,119.99,119.99,366.15816707
2026-01-09 17:10:00+00:00,119.97,120.01,119.56,119.63,426.12541817
2026-01-09 17:15:00+00:00,119.61,119.64,118.63,118.71,1018.30962715
2026-01-09 17:20:00+00:00,118.7,118.97,118.6,118.89,115.23927387
2026-01-09 17:25:00+00:00,118.78,118.8,118.3,118.39,538.44934086
2026-01-09 17:30:00+00:00,118.34,118.6,118.24,118.26,809.75241294
2026-01-09 17:35:00+00:00,118.26,118.49,118.01,118.39,777.38948814
2026-01-09 17:40:00+00:00,118.29,118.37,118.21,118.31,484.89437726
2026-01-09 17:45:00+00:00,118.21,118.91,118.21,118.21,176.66205073
2026-01-09 17:50:00+00:00,118.86,119.05,118.74,118.98,310.68243117
2026-01-09 17:55:00+00:00,118.98,119.1,118.95,118.95,997.201907
2026-01-09 18:00:00+00:00,118.97,118.97,118.69,118.84,177.91574531
2026-01-09 18:05:00+00:00,118.84,118.92,118.67,118.68,36.73964199
2026-01-09 18:10:00+00:00,118.63,118.65,118.35,118.37,133.18534826
2026-01-09 18:15:00+00:00,118.05,118.14,117.7,117.8,2498.88698073
2026-01-09 18:20:00+00:00,117.79,117.79,117.41,117.45,1765.04257366
2026-01-09 18:25:00+00:00,117.36,117.54,116.87,116.94,2044.53130712
2026-01-09 18:30:00+00:00,116.99,117.09,116.66,117.0,4221.41311411
2026-01-09 18:35:00+00:00,117.09,117.42,117.09,117.17,530.38442076
2026-01-09 18:40:00+00:00,117.21,117.38,117.06,117.23,259.42908176
2026-01-09 18:45:00+00:00,117.26,117.54,117.14,117.54,1196.76792391
2026-01-09 18:50:00+00:00,117.46,117.56,117.45,117.54,129.03144811
2026-01-09 18:55:00+00:00,117.5,117.65,117.5,117.5,388.11545275
2026-01-09 19:00:00+00:00,117.54,117.54,117.11,117.25,363.28616081
2026-01-09 19:05:00+00:00,117.17,117.21,116.97,117.17,627.21807463
2026-01-09 19:10:00+00:00,117.08,117.1,116.76,116.83,272.91331719
2026-01-09 19:15:00+00:00,116.85,116.85,116.6,116.84,246.42449632
2026-01-09 19:20:00+00:00,116.67,116.69,116.45,116.6,881.87424831
2026-01-09 19:25:00+00:00,116.5,116.64,116.49,116.61,76.83026001
2026-01-09 19:30:00+00:00,116.62,116.67,116.4,116.67,93.27548221
2026-01-09 19:35:00+00:00,116.75,116.88,116.7,116.73,69.63485966
2026-01-09 19:40:00+00:00,116.73,116.79,116.63,116.63,58.24080679
2026-01-09 19:45:00+00:00,116.71,116.97,116.63,116.87,349.63269636
2026-01-09 19:50:00+00:00,116.93,117.06,116.8,116.8,420.16123957
2026-01-09 19:55:00+00:00,116.79,116.79,116.61,116.75,181.16753982
2026-01-09 20:00:00+00:00,116.53,116.64,116.28,116.37,625.58528715
2026-01-09 20:05:00+00:00,116.2,116.32,115.95,116.32,976.06916942
2026-01-09 20:10:00+00:00,116.29,116.35,116.12,116.28,128.69268461
2026-01-09 20:15:00+00:00,116.3,116.46,116.29,116.32,119.97780011
2026-01-09 20:20:00+00:00,116.44,116.76,116.44,116.76,84.40876547
2026-01-09 20:25:00+00:00,116.76,116.76,116.47,116.49,94.78106055
2026-01-09 20:30:00+00:00,116.49,116.86,116.45,116.82,103.2760774
2026-01-09 20:35:00+00:00,116.84,116.88,116.64,116.64,82.08476818
2026-01-09 20:40:00+00:00,116.45,116.46,116.15,116.25,270.13441386
2026-01-09 20:45:00+00:00,116.29,116.54,116.29,116.48,56.69706616
2026-01-09 20:50:00+00:00,116.6,116.6,116.49,116.57,22.42855639
2026-01-09 20:55:00+00:00,116.53,116.67,116.4,116.65,225.03885009
2026-01-09 21:00:00+00:00,116.46,116.53,116.41,116.49,85.1023465
2026-01-09 21:05:00+00:00,116.44,116.79,116.35,116.75,147.57631793
2026-01-09 21:10:00+00:00,116.79,116.79,116.63,116.7,68.88018877
2026-01-09 21:15:00+00:00,116.8,116.86,116.63,116.86,83.84961834
2026-01-09 21:20:00+00:00,116.86,116.9,116.86,116.88,30.42015468
2026-01-09 21:25:00+00:00,116.9,117.07,116.86,117.0,373.31952082
2026-01-09 21:30:00+00:00,117.03,117.19,116.8,116.81,286.37484393
2026-01-09 21:35:00+00:00,116.78,116.87,116.7,116.85,209.36716376
2026-01-09 21:40:00+00:00,116.89,116.89,116.76,116.79,83.23288398
2026-01-09 21:45:00+00:00,116.94,116.94,116.68,116.79,117.52774906
2026-01-09 21:50:00+00:00,116.71,116.84,116.68,116.82,186.80785705
2026-01-09 21:55:00+00:00,116.9,116.91,116.82,116.83,171.36249417
2026-01-09 22:00:00+00:00,116.74,116.82,116.69,116.7,35.33460457
2026-01-09 22:05:00+00:00,116.69,116.9,116.63,116.9,124.73689996
2026-01-09 22:10:00+00:00,116.9,116.9,116.46,116.59,67.46553664
2026-01-09 22:15:00+00:00,116.6,116.66,116.48,116.48,80.19437797
2026-01-09 22:20:00+00:00,116.64,116.67,116.57,116.59,54.232577
2026-01-09 22:25:00+00:00,116.48,116.76,116.44,116.74,52.73595438
2026-01-09 22:30:00+00:00,116.75,116.98,116.75,116.98,64.60750232
2026-01-09 22:35:00+00:00,116.94,116.94,116.71,116.85,40.59080357
2026-01-09 22:40:00+00:00,116.8,116.84,116.67,116.68,74.15741338
2026-01-09 22:45:00+00:00,116.67,116.89,116.67,116.71,447.68498438
2026-01-09 22:50:00+00:00,116.86,116.98,116.82,116.9,203.29204442
2026-01-09 22:55:00+00:00,116.88,116.98,116.88,116.91,74.07844821
2026-01-09 23:00:00+00:00,116.95,117.08,116.81,117.06,90.15524637
2026-01-09 23:05:00+00:00,117.04,117.1,117.01,117.01,303.64322895
2026-01-09 23:10:00+00:00,116.99,116.99,116.9,116.93,315.85153117
2026-01-09 23:15:00+00:00,116.9,116.9,116.75,116.76,180.21568601
2026-01-09 23:20:00+00:00,116.75,116.91,116.75,116.88,125.35146158
2026-01-09 23:25:00+00:00,117.01,117.05,116.92,116.92,48.59049386
2026-01-09 23:30:00+00:00,116.94,117.17,116.89,117.14,97.37100661
2026-01-09 23:35:00+00:00,117.09,117.09,116.71,116.74,57.52623436
2026-01-09 23:40:00+00:00,116.75,116.95,116.72,116.83,126.87941438
2026-01-09 23:45:00+00:00,116.88,117.0,116.88,116.88,15.69540191
2026-01-09 23:50:00+00:00,116.89,116.9,116.68,116.68,303.48000217
2026-01-09 23:55:00+00:00,116.68,116.81,116.6,116.78,70.38889482
2026-01-10 00:00:00+00:00,116.68,116.78,116.66,116.77,78.5896743
2026-01-10 00:05:00+00:00,116.77,116.77,116.74,116.76,13.76092896
2026-01-10 00:10:00+00:00,116.83,116.83,116.6,116.6,175.63133685
2026-01-10 00:15:00+00:00,116.57,116.66,116.55,116.55,72.93094522
2026-01-10 00:20:00+00:00,116.66,116.67,116.63,116.63,23.5355867
2026-01-10 00:25:00+00:00,116.66,116.78,116.64,116.78,15.2350082
2026-01-10 00:30:00+00:00,116.81,116.89,116.81,116.87,46.59003351
2026-01-10 00:35:00+00:00,116.84,116.86,116.76,116.76,48.78678964
2026-01-10 00:40:00+00:00,116.79,116.87,116.73,116.78,73.9720534
2026-01-10 00:45:00+00:00,116.78,116.78,116.64,116.68,16.50001643
2026-01-10 00:50:00+00:00,116.7,116.72,116.7,116.71,42.69457008
2026-01-10 00:55:00+00:00,116.63,116.63,116.63,116.63,0.07716711
2026-01-10 01:00:00+00:00,116.71,116.84,116.71,116.84,14.3359428
2026-01-10 01:05:00+00:00,116.79,116.9,116.79,116.8,33.05040763
2026-01-10 01:10:00+00:00,116.81,116.86,116.66,116.86,178.89472282
2026-01-10 01:15:00+00:00,116.87,117.03,116.86,116.95,53.59192117
2026-01-10 01:20:00+00:00,116.98,117.05,116.82,116.82,101.36002192
2026-01-10 01:25:00+00:00,116.85,116.92,116.85,116.91,46.57306393
2026-01-10 01:30:00+00:00,116.9,117.04,116.89,117.01,26.49848714
2026-01-10 01:35:00+00:00,116.96,117.04,116.89,116.89,26.53087965
2026-01-10 01:40:00+00:00,116.95,116.99,116.95,116.99,3.95734502
2026-01-10 01:45:00+00:00,117.01,117.11,117.01,117.02,390.01612239
2026-01-10 01:50:00+00:00,117.14,117.15,116.95,117.05,507.50571091
2026-01-10 01:55:00+00:00,117.14,117.24,117.14,117.24,100.17493385
2026-01-10 02:00:00+00:00,117.21,117.31,117.21,117.23,20.38253107
2026-01-10 02:05:00+00:00,117.19,117.19,117.18,117.18,15.54291102
2026-01-10 02:10:00+00:00,117.18,117.31,117.18,117.31,69.31653463
2026-01-10 02:15:00+00:00,117.25,117.27,117.13,117.15,67.5515387
2026-01-10 02:20:00+00:00,117.18,117.39,117.18,117.2,80.26002017
2026-01-10 02:25:00+00:00,117.21,117.21,117.16,117.16,28.25463719
2026-01-10 02:30:00+00:00,117.12,117.16,117.1,117.14,66.84105063
2026-01-10 02:35:00+00:00,117.12,117.14,116.8,116.8,101.51720772
2026-01-10 02:40:00+00:00,116.86,116.86,116.75,116.83,69.05532692
2026-01-10 02:45:00+00:00,116.95,116.99,116.89,116.97,80.32779238
2026-01-10 02:50:00+00:00,116.99,117.01,116.97,117.01,105.89546089
2026-01-10 02:55:00+00:00,117.14,117.14,117.02,117.12,179.38242248
2026-01-10 03:00:00+00:00,117.14,117.14,117.06,117.06,277.12561028
2026-01-10 03:05:00+00:00,117.0,117.0,116.78,116.81,419.6491603
2026-01-10 03:10:00+00:00,116.77,116.86,116.77,116.8,101.06299872
2026-01-10 03:15:00+00:00,116.8,116.95,116.8,116.86,48.67199557
2026-01-10 03:20:00+00:00,116.92,116.98,116.92,116.96,21.26213981
2026-01-10 03:25:00+00:00,116.95,116.99,116.95,116.97,9.80818683
2026-01-10 03:30:00+00:00,116.97,116.97,116.84,116.84,6.71545181
2026-01-10 03:35:00+00:00,116.8,116.86,116.76,116.86,49.31821072
2026-01-10 03:40:00+00:00,116.9,116.93,116.77,116.8,25.7576808
2026-01-10 03:45:00+00:00,116.92,116.93,116.8,116.93,9.75353599
2026-01-10 03:50:00+00:00,116.95,117.0,116.95,117.0,7.58251701
2026-01-10 03:55:00+00:00,116.95,116.95,116.94,116.94,42.908562
2026-01-10 04:00:00+00:00,116.94,116.94,116.8,116.82,30.85819226
2026-01-10 04:05:00+00:00,116.75,116.75,116.68,116.72,15.71699014
2026-01-10 04:10:00+00:00,116.65,116.66,116.6,116.66,10.54389699
2026-01-10 04:15:00+00:00,116.72,116.72,116.67,116.69,25.71010239
2026-01-10 04:20:00+00:00,116.7,116.78,116.66,116.74,34.49419943
2026-01-10 04:25:00+00:00,116.65,116.66,116.63,116.64,29.44456008
2026-01-10 04:30:00+00:00,116.7,116.72,116.67,116.67,19.6219193
2026-01-10 04:35:00+00:00,116.67,116.69,116.6,116.66,34.3036605
2026-01-10 04:40:00+00:00,116.63,116.74,116.63,116.74,26.24364601
2026-01-10 04:45:00+00:00,116.68,116.72,116.67,116.68,24.66140798
2026-01-10 04:50:00+00:00,116.72,116.78,116.66,116.68,31.89813817
2026-01-10 04:55:00+00:00,116.66,116.77,116.63,116.73,37.55994202
2026-01-10 05:00:00+00:00,116.73,116.74,116.63,116.63,31.62729969
2026-01-10 05:05:00+00:00,116.73,116.73,116.73,116.73,7.61536542
2026-01-10 05:10:00+00:00,116.79,116.88,116.79,116.88,10.74419553
2026-01-10 05:20:00+00:00,116.8,116.81,116.8,116.8,3.55078304
2026-01-10 05:25:00+00:00,116.86,116.86,116.84,116.86,24.24109764
2026-01-10 05:30:00+00:00,116.9,116.9,116.79,116.79,43.31582094
2026-01-10 05:35:00+00:00,116.88,117.04,116.87,117.03,20.55842082
2026-01-10 05:40:00+00:00,117.07,117.1,116.99,116.99,41.20658562
2026-01-10 05:45:00+00:00,116.96,117.01,116.96,117.0,22.0663401
2026-01-10 05:50:00+00:00,116.94,116.94,116.91,116.91,3.14770168
2026-01-10 05:55:00+00:00,116.92,116.94,116.81,116.81,8.92427066
2026-01-10 06:00:00+00:00,116.67,116.76,116.67,116.73,209.48915025
2026-01-10 06:05:00+00:00,116.75,116.79,116.73,116.79,20.80694988
2026-01-10 06:10:00+00:00,116.83,116.86,116.82,116.83,49.38004698
2026-01-10 06:15:00+00:00,116.81,116.82,116.62,116.62,114.3642123
2026-01-10 06:20:00+00:00,116.68,116.7,116.67,116.67,21.6495567
2026-01-10 06:25:00+00:00,116.74,116.81,116.74,116.81,22.20238238
2026-01-10 06:30:00+00:00,116.79,116.85,116.78,116.84,11.34921759
2026-01-10 06:35:00+00:00,116.89,116.9,116.87,116.87,16.20155414
2026-01-10 06:40:00+00:00,116.85,116.85,116.82,116.82,5.94151301
2026-01-10 06:45:00+00:00,116.89,116.98,116.89,116.98,6.69002602
2026-01-10 06:50:00+00:00,116.96,116.96,116.89,116.89,79.62522311
2026-01-10 06:55:00+00:00,116.84,116.84,116.8,116.8,51.2830412
2026-01-10 07:00:00+00:00,116.8,116.92,116.8,116.92,0.34231264
2026-01-10 07:05:00+00:00,116.96,116.97,116.88,116.9,108.35863251
2026-01-10 07:10:00+00:00,116.91,117.04,116.91,116.93,422.42044322
2026-01-10 07:15:00+00:00,116.94,117.0,116.88,116.89,16.60564425
2026-01-10 07:20:00+00:00,116.91,116.93,116.82,116.91,41.51947013
2026-01-10 07:25:00+00:00,116.88,116.92,116.84,116.88,73.21632484
2026-01-10 07:30:00+00:00,116.83,116.92,116.83,116.91,123.0822865
2026-01-10 07:35:00+00:00,116.87,116.98,116.87,116.87,164.38175122
2026-01-10 07:40:00+00:00,116.85,116.85,116.78,116.85,71.66078844
2026-01-10 07:45:00+00:00,116.82,116.86,116.81,116.86,40.6645371
2026-01-10 07:50:00+00:00,116.85,116.9,116.85,116.88,6.28138915
2026-01-10 07:55:00+00:00,116.9,116.95,116.88,116.88,34.01883996
2026-01-10 08:00:00+00:00,116.92,116.93,116.9,116.9,4.70548951
2026-01-10 08:05:00+00:00,117.0,117.01,116.84,116.88,133.45142908
2026-01-10 08:10:00+00:00,116.9,117.03,116.9,117.03,46.09683121
2026-01-10 08:15:00+00:00,117.02,117.11,116.95,116.96,139.11021538
2026-01-10 08:20:00+00:00,116.94,116.97,116.9,116.9,30.53092136
2026-01-10 08:25:00+00:00,116.94,116.95,116.92,116.92,16.92499627
2026-01-10 08:30:00+00:00,116.89,116.9,116.83,116.85,16.95949972
2026-01-10 08:35:00+00:00,116.85,116.89,116.82,116.89,9.49254372
2026-01-10 08:40:00+00:00,116.9,116.91,116.89,116.91,54.95241743
2026-01-10 08:45:00+00:00,116.93,116.95,116.9,116.93,62.91562849
2026-01-10 08:50:00+00:00,116.94,116.98,116.93,116.98,29.24116266
2026-01-10 08:55:00+00:00,116.96,117.01,116.96,117.01,36.09977793
2026-01-10 09:00:00+00:00,117.03,117.11,117.0,117.01,63.82668048
2026-01-10 09:05:00+00:00,117.01,117.08,117.0,117.02,59.22591511
2026-01-10 09:10:00+00:00,116.93,116.96,116.93,116.96,14.88660132
2026-01-10 09:15:00+00:00,116.92,116.95,116.92,116.94,19.78255201
2026-01-10 09:20:00+00:00,116.98,116.99,116.95,116.99,19.76869964
2026-01-10 09:25:00+00:00,117.0,117.01,116.98,117.01,10.20083534
2026-01-10 09:30:00+00:00,117.0,117.03,116.95,117.01,14.52906686
2026-01-10 09:35:00+00:00,117.01,117.09,117.0,117.05,137.8180736
2026-01-10 09:40:00+00:00,117.07,117.09,117.03,117.04,82.43910169
2026-01-10 09:45:00+00:00,117.06,117.21,117.02,117.12,426.04110966
2026-01-10 09:50:00+00:00,117.15,117.27,117.15,117.27,29.27743451
2026-01-10 09:55:00+00:00,117.26,117.38,117.26,117.38,27.59882191
2026-01-10 10:00:00+00:00,117.33,117.39,117.24,117.39,173.86010273
2026-01-10 10:05:00+00:00,117.37,117.42,117.34,117.41,10.65357748
2026-01-10 10:10:00+00:00,117.38,117.39,117.36,117.39,9.44748644
2026-01-10 10:15:00+00:00,117.33,117.37,117.25,117.26,57.71543404
2026-01-10 10:20:00+00:00,117.3,117.33,117.21,117.32,85.73711359
2026-01-10 10:25:00+00:00,117.23,117.34,117.23,117.29,40.5577401
2026-01-10 10:30:00+00:00,117.32,117.36,117.23,117.36,15.34806485
2026-01-10 10:35:00+00:00,117.36,117.51,117.36,117.45,801.6817727
2026-01-10 10:40:00+00:00,117.44,117.61,117.44,117.55,173.29436773
2026-01-10 10:45:00+00:00,117.56,117.74,117.56,117.74,123.31833679
2026-01-10 10:50:00+00:00,117.63,117.73,117.63,117.64,96.85685223
2026-01-10 10:55:00+00:00,117.65,117.67,117.61,117.64,71.63560067
2026-01-10 11:00:00+00:00,117.71,117.73,117.52,117.63,101.4982871
2026-01-10 11:05:00+00:00,117.57,117.57,117.48,117.52,90.99536861
2026-01-10 11:10:00+00:00,117.52,117.65,117.52,117.61,26.70037695
2026-01-10 11:15:00+00:00,117.6,117.65,117.59,117.61,49.11125252
2026-01-10 11:20:00+00:00,117.57,117.61,117.53,117.53,16.37757997
2026-01-10 11:25:00+00:00,117.48,117.5,117.43,117.43,77.69575287
2026-01-10 11:30:00+00:00,117.43,117.5,117.43,117.5,9.47495776
2026-01-10 11:35:00+00:00,117.45,117.46,117.31,117.37,10.35392226
2026-01-10 11:40:00+00:00,117.39,117.4,117.37,117.38,9.68299995
2026-01-10 11:45:00+00:00,117.38,117.38,117.26,117.26,227.23090214
2026-01-10 11:50:00+00:00,117.24,117.3,117.21,117.22,109.9137763
2026-01-10 11:55:00+00:00,117.24,117.39,117.23,117.33,188.9701474
2026-01-10 12:00:00+00:00,117.41,117.52,117.4,117.51,191.82309579
2026-01-10 12:05:00+00:00,117.51,117.54,117.49,117.5,24.84221029
2026-01-10 12:10:00+00:00,117.56,117.58,117.45,117.5,40.96142636
2026-01-10 12:15:00+00:00,117.5,117.68,117.49,117.65,120.410501
2026-01-10 12:20:00+00:00,117.61,117.75,117.55,117.6,64.82993796
2026-01-10 12:25:00+00:00,117.6,117.6,117.52,117.52,47.42006369
2026-01-10 12:30:00+00:00,117.52,117.53,117.39,117.41,28.91987832
2026-01-10 12:35:00+00:00,117.48,117.5,117.44,117.44,14.28523705
2026-01-10 12:40:00+00:00,117.39,117.39,117.32,117.34,56.90191075
2026-01-10 12:45:00+00:00,117.35,117.44,117.35,117.43,148.21948335
2026-01-10 12:50:00+00:00,117.36,117.46,117.35,117.45,158.2214609
2026-01-10 12:55:00+00:00,117.47,117.47,117.35,117.42,29.43335305
2026-01-10 13:00:00+00:00,117.41,117.41,117.25,117.38,116.63483869
2026-01-10 13:05:00+00:00,117.26,117.36,117.25,117.3,347.35373039
2026-01-10 13:10:00+00:00,117.3,117.31,117.08,117.11,967.8588128
2026-01-10 13:15:00+00:00,117.07,117.29,117.06,117.29,129.82811297
2026-01-10 13:20:00+00:00,117.15,117.32,117.11,117.11,32.27387832
2026-01-10 13:25:00+00:00,117.0,117.14,116.93,117.12,117.1334307
2026-01-10 13:30:00+00:00,117.15,117.2,117.1,117.17,39.99405803
2026-01-10 13:35:00+00:00,117.18,117.21,117.12,117.15,56.75237134
2026-01-10 13:40:00+00:00,117.12,117.19,117.12,117.19,97.93760386
2026-01-10 13:45:00+00:00,117.19,117.24,117.17,117.17,43.74686684
2026-01-10 13:50:00+00:00,117.2,117.21,117.14,117.14,14.00680228
2026-01-10 13:55:00+00:00,117.16,117.22,117.13,117.16,22.15543957
2026-01-10 14:00:00+00:00,117.08,117.15,117.06,117.06,85.44097983
2026-01-10 14:05:00+00:00,117.05,117.16,117.05,117.15,131.1132098
2026-01-10 14:10:00+00:00,117.15,117.15,116.95,117.07,201.1872468
2026-01-10 14:15:00+00:00,117.07,117.19,117.07,117.19,10.76954387
2026-01-10 14:20:00+00:00,117.23,117.25,117.17,117.17,22.49060644
2026-01-10 14:25:00+00:00,117.18,117.21,117.13,117.13,183.25798128
2026-01-10 14:30:00+00:00,116.99,117.11,116.96,116.96,68.65101256
2026-01-10 14:35:00+00:00,117.01,117.06,116.98,116.98,47.22289941
2026-01-10 14:40:00+00:00,116.99,117.0,116.94,116.94,245.17808577
2026-01-10 14:45:00+00:00,117.0,117.02,116.94,116.94,26.76178954
2026-01-10 14:50:00+00:00,116.95,116.95,116.87,116.9,2120.73556683
2026-01-10 14:55:00+00:00,116.91,116.99,116.91,116.98,76.60127901
2026-01-10 15:00:00+00:00,116.99,117.09,116.98,117.04,70.39652395
2026-01-10 15:05:00+00:00,117.05,117.11,116.96,117.11,40.42277589
2026-01-10 15:10:00+00:00,117.06,117.09,117.04,117.04,16.6623661
2026-01-10 15:15:00+00:00,117.05,117.06,117.02,117.02,44.14176425
2026-01-10 15:20:00+00:00,117.0,117.06,116.98,116.99,28.45406647
2026-01-10 15:25:00+00:00,116.93,116.97,116.92,116.94,26.9680068
2026-01-10 15:30:00+00:00,117.11,117.17,116.96,117.17,26.38154937
2026-01-10 15:35:00+00:00,117.18,117.22,117.11,117.22,81.41934286
2026-01-10 15:40:00+00:00,117.18,117.28,117.18,117.25,151.55897492
2026-01-10 15:45:00+00:00,117.23,117.26,117.13,117.25,30.56375308
2026-01-10 15:50:00+00:00,117.27,117.31,117.2,117.2,17.54701589
2026-01-10 15:55:00+00:00,117.18,117.24,117.18,117.24,991.04418952
2026-01-10 16:00:00+00:00,117.28,117.29,117.2,117.28,172.71595353
2026-01-10 16:05:00+00:00,117.24,117.29,117.24,117.29,152.85391184
2026-01-10 16:10:00+00:00,117.31,117.31,117.15,117.18,17.47586993
2026-01-10 16:15:00+00:00,117.17,117.17,117.02,117.03,42.16532715
2026-01-10 16:20:00+00:00,117.1,117.14,117.01,117.14,21.78658447
2026-01-10 16:25:00+00:00,117.11,117.2,117.11,117.17,30.38758461
2026-01-10 16:30:00+00:00,117.2,117.3,117.1,117.3,33.49185423
2026-01-10 16:35:00+00:00,117.28,117.41,117.28,117.41,63.8149034
2026-01-10 16:40:00+00:00,117.39,117.39,117.32,117.37,69.65681669
2026-01-10 16:45:00+00:00,117.36,117.36,117.28,117.28,109.40891552
2026-01-10 16:50:00+00:00,117.24,117.27,117.2,117.27,87.63920194
2026-01-10 16:55:00+00:00,117.23,117.23,117.2,117.21,10.98051108
2026-01-10 17:00:00+00:00,117.24,117.37,117.24,117.34,28.62912627
2026-01-10 17:05:00+00:00,117.28,117.43,117.25,117.37,1482.47637492
2026-01-10 17:10:00+00:00,117.37,117.44,117.27,117.4,1098.17648373
2026-01-10 17:15:00+00:00,117.37,117.44,117.37,117.43,277.34298026
2026-01-10 17:20:00+00:00,117.44,117.44,117.42,117.42,22.37538649
2026-01-10 17:25:00+00:00,117.45,117.47,117.37,117.37,205.84918279
2026-01-10 17:30:00+00:00,117.29,117.37,117.27,117.28,86.05895932
2026-01-10 17:35:00+00:00,117.29,117.29,117.25,117.28,3.24946855
2026-01-10 17:40:00+00:00,117.25,117.26,117.21,117.26,4.4163421
2026-01-10 17:45:00+00:00,117.16,117.23,117.1,117.11,57.22255962
2026-01-10 17:50:00+00:00,117.11,117.11,117.07,117.08,29.15294172
2026-01-10 17:55:00+00:00,117.06,117.06,116.95,116.96,607.67265296
2026-01-10 18:00:00+00:00,117.01,117.06,116.95,116.99,54.86358464
2026-01-10 18:05:00+00:00,117.06,117.07,116.85,116.85,109.06091973
2026-01-10 18:10:00+00:00,116.91,116.91,116.8,116.89,96.50086368
2026-01-10 18:15:00+00:00,116.9,117.04,116.87,117.01,185.25686708
2026-01-10 18:20:00+00:00,117.01,117.03,116.99,116.99,39.72770627
2026-01-10 18:25:00+00:00,117.0,117.06,116.99,117.04,15.97910103
2026-01-10 18:30:00+00:00,117.05,117.11,117.04,117.05,144.44780437
2026-01-10 18:35:00+00:00,117.07,117.09,117.07,117.08,6.01868921
2026-01-10 18:40:00+00:00,117.08,117.09,117.06,117.06,51.10389052
2026-01-10 18:45:00+00:00,117.06,117.06,117.02,117.04,14.11523425
2026-01-10 18:50:00+00:00,117.03,117.03,116.97,117.0,79.26978238
2026-01-10 18:55:00+00:00,117.01,117.04,117.0,117.01,28.49376966
2026-01-10 19:00:00+00:00,117.02,117.04,116.97,117.01,46.47069855
2026-01-10 19:05:00+00:00,116.97,116.99,116.86,116.86,87.27530209
2026-01-10 19:10:00+00:00,116.88,116.92,116.84,116.87,28.19491234
2026-01-10 19:15:00+00:00,116.9,116.98,116.88,116.98,68.67485567
2026-01-10 19:20:00+00:00,116.93,116.99,116.93,116.99,48.20424515
2026-01-10 19:25:00+00:00,116.99,117.01,116.95,116.96,32.19939421
2026-01-10 19:30:00+00:00,116.99,116.99,116.9,116.96,44.7609302
2026-01-10 19:35:00+00:00,116.96,116.98,116.9,116.98,38.85808843
2026-01-10 19:40:00+00:00,116.99,117.0,116.97,116.98,23.07648329
2026-01-10 19:45:00+00:00,116.91,116.92,116.88,116.88,9.73508932
2026-01-10 19:50:00+00:00,116.9,116.95,116.9,116.95,3.25048721
2026-01-10 19:55:00+00:00,116.97,117.07,116.95,117.06,208.6315732
2026-01-10 20:00:00+00:00,117.1,117.1,117.04,117.06,15.00901145
2026-01-10 20:05:00+00:00,117.05,117.1,117.05,117.07,15.70270607
2026-01-10 20:10:00+00:00,117.08,117.08,117.0,117.04,35.19788544
2026-01-10 20:15:00+00:00,117.02,117.03,116.93,116.96,44.73815486
2026-01-10 20:20:00+00:00,116.96,116.97,116.92,116.97,4.07336687
2026-01-10 20:25:00+00:00,116.93,116.95,116.9,116.9,34.94971363
2026-01-10 20:30:00+00:00,116.91,117.0,116.88,116.91,105.42904803
2026-01-10 20:35:00+00:00,116.9,116.9,116.86,116.86,33.21357701
2026-01-10 20:40:00+00:00,116.87,116.91,116.86,116.91,13.38580629
2026-01-10 20:45:00+00:00,116.89,116.94,116.86,116.94,27.36811963
2026-01-10 20:50:00+00:00,116.92,116.96,116.91,116.91,10.71487789
2026-01-10 20:55:00+00:00,116.87,116.94,116.87,116.93,15.22217529
2026-01-10 21:00:00+00:00,116.94,116.94,116.87,116.93,37.24314099
2026-01-10 21:05:00+00:00,116.86,116.86,116.72,116.75,163.18413
2026-01-10 21:10:00+00:00,116.75,116.84,116.75,116.79,505.33726158
2026-01-10 21:15:00+00:00,116.79,116.86,116.79,116.8,186.64139985
2026-01-10 21:20:00+00:00,116.8,116.92,116.8,116.92,34.69445784
2026-01-10 21:25:00+00:00,116.94,116.96,116.86,116.88,15.19227996
2026-01-10 21:30:00+00:00,116.85,116.93,116.81,116.81,53.90278345
2026-01-10 21:35:00+00:00,116.79,116.8,116.66,116.66,159.04472374
2026-01-10 21:40:00+00:00,116.67,116.75,116.67,116.72,59.83116848
2026-01-10 21:45:00+00:00,116.72,116.76,116.64,116.72,26.68217894
2026-01-10 21:50:00+00:00,116.72,116.76,116.7,116.7,39.40505341
2026-01-10 21:55:00+00:00,116.69,116.74,116.67,116.68,58.31030749
2026-01-10 22:00:00+00:00,116.6,116.66,116.6,116.66,45.51543312
2026-01-10 22:05:00+00:00,116.59,116.6,116.54,116.58,26.07294904
2026-01-10 22:10:00+00:00,116.6,116.66,116.36,116.45,96.61750402
2026-01-10 22:15:00+00:00,116.45,116.49,116.37,116.37,27.47676669
2026-01-10 22:20:00+00:00,116.38,116.44,116.38,116.43,44.08604079
2026-01-10 22:25:00+00:00,116.47,116.48,116.4,116.48,65.72060958
2026-01-10 22:30:00+00:00,116.48,116.77,116.47,116.73,392.4117563
2026-01-10 22:35:00+00:00,116.73,116.8,116.72,116.73,291.30456147
2026-01-10 22:40:00+00:00,116.79,116.8,116.74,116.77,98.23656669
2026-01-10 22:45:00+00:00,116.78,116.78,116.64,116.69,62.07303185
2026-01-10 22:50:00+00:00,116.69,116.69,116.54,116.55,109.50361368
2026-01-10 22:55:00+00:00,116.55,116.61,116.41,116.5,585.76894328
2026-01-10 23:00:00+00:00,116.47,116.67,116.47,116.63,210.00396886
2026-01-10 23:05:00+00:00,116.58,116.72,116.54,116.72,316.81487263
2026-01-10 23:10:00+00:00,116.71,116.71,116.56,116.57,708.37805409
2026-01-10 23:15:00+00:00,116.61,116.65,116.6,116.62,20.58769159
2026-01-10 23:20:00+00:00,116.58,116.68,116.58,116.68,61.67505751
2026-01-10 23:25:00+00:00,116.66,116.72,116.66,116.72,31.3636576
2026-01-10 23:30:00+00:00,116.73,116.76,116.72,116.76,167.55741842
2026-01-10 23:35:00+00:00,116.76,116.76,116.72,116.73,168.97405922
2026-01-10 23:40:00+00:00,116.74,116.9,116.74,116.9,232.80759925
2026-01-10 23:45:00+00:00,116.86,116.92,116.84,116.92,12.04233125
2026-01-10 23:50:00+00:00,116.9,116.9,116.86,116.86,8.75722072
2026-01-10 23:55:00+00:00,116.82,116.87,116.72,116.73,47.36721979
2026-01-11 00:00:00+00:00,116.75,116.75,116.71,116.73,42.14951914
2026-01-11 00:05:00+00:00,116.7,116.76,116.68,116.72,72.89417975
2026-01-11 00:10:00+00:00,116.73,117.12,116.73,117.04,411.24060682
2026-01-11 00:15:00+00:00,117.11,117.26,116.91,116.92,158.70332108
2026-01-11 00:20:00+00:00,116.87,117.08,116.87,117.08,170.3549584
2026-01-11 00:25:00+00:00,117.14,117.14,117.09,117.13,141.8960816
2026-01-11 00:30:00+00:00,117.13,117.14,117.13,117.14,102.22029583
2026-01-11 00:35:00+00:00,117.08,117.11,116.95,117.08,80.43354121
2026-01-11 00:40:00+00:00,117.04,117.08,117.04,117.08,12.85383179
2026-01-11 00:45:00+00:00,117.17,117.17,117.14,117.15,4.63947035
2026-01-11 00:50:00+00:00,117.18,117.19,117.16,117.19,27.1371397
2026-01-11 00:55:00+00:00,117.2,117.24,117.2,117.22,59.02208928
2026-01-11 01:00:00+00:00,117.19,117.25,117.19,117.25,10.68210007
2026-01-11 01:05:00+00:00,117.28,117.29,117.26,117.28,136.10866997
2026-01-11 01:10:00+00:00,117.27,117.27,117.2,117.21,125.90356622
2026-01-11 01:15:00+00:00,117.21,117.21,117.11,117.17,19.03844736
2026-01-11 01:20:00+00:00,117.18,117.19,117.03,117.03,10.88257352
2026-01-11 01:25:00+00:00,117.1,117.11,117.05,117.11,11.90233166
2026-01-11 01:30:00+00:00,117.07,117.07,117.0,117.04,22.99360164
2026-01-11 01:35:00+00:00,116.98,117.02,116.95,117.02,500.36982923
2026-01-11 01:40:00+00:00,117.02,117.16,117.02,117.15,513.09511039
2026-01-11 01:45:00+00:00,117.15,117.16,117.04,117.04,789.34845482
2026-01-11 01:50:00+00:00,117.09,117.14,117.07,117.07,16.04404417
2026-01-11 01:55:00+00:00,117.08,117.12,117.06,117.08,44.33600669
2026-01-11 02:00:00+00:00,117.11,117.15,117.11,117.15,121.82186344
2026-01-11 02:05:00+00:00,117.03,117.06,117.01,117.03,125.31956182
2026-01-11 02:10:00+00:00,117.08,117.2,117.08,117.18,102.56804277
2026-01-11 02:15:00+00:00,117.22,117.25,117.21,117.25,57.46253256
2026-01-11 02:20:00+00:00,117.2,117.23,117.13,117.15,15.47057612
2026-01-11 02:25:00+00:00,117.15,117.18,117.09,117.18,78.61204971
2026-01-11 02:30:00+00:00,117.09,117.09,117.0,117.0,39.71734507
2026-01-11 02:35:00+00:00,116.98,117.05,116.96,117.05,40.35649517
2026-01-11 02:40:00+00:00,117.09,117.09,117.09,117.09,4.79813884
2026-01-11 02:45:00+00:00,117.1,117.1,117.05,117.06,20.53107716
2026-01-11 02:50:00+00:00,117.05,117.06,116.91,116.91,115.28929689
2026-01-11 02:55:00+00:00,116.93,116.96,116.83,116.83,103.33245669
2026-01-11 03:00:00+00:00,116.86,116.87,116.82,116.83,2.12840751
2026-01-11 03:05:00+00:00,116.78,116.85,116.76,116.77,198.72657185
2026-01-11 03:10:00+00:00,116.78,116.85,116.73,116.81,185.27761832
2026-01-11 03:15:00+00:00,116.91,116.95,116.9,116.95,9.8731567
2026-01-11 03:20:00+00:00,116.94,116.94,116.78,116.78,176.31898466
2026-01-11 03:25:00+00:00,116.85,116.85,116.81,116.83,17.3744822
2026-01-11 03:30:00+00:00,116.85,116.86,116.85,116.86,38.61276786
2026-01-11 03:35:00+00:00,116.91,116.91,116.91,116.91,2.45585231
2026-01-11 03:40:00+00:00,116.91,116.92,116.91,116.91,3.43488716
2026-01-11 03:45:00+00:00,116.98,117.06,116.98,117.06,3.97413356
2026-01-11 03:50:00+00:00,117.1,117.14,117.06,117.06,9.40710914
2026-01-11 03:55:00+00:00,117.04,117.12,117.04,117.05,35.06856087
2026-01-11 04:00:00+00:00,117.05,117.17,117.05,117.13,169.01662999
2026-01-11 04:05:00+00:00,117.1,117.18,117.09,117.12,61.93050212
2026-01-11 04:10:00+00:00,117.13,117.13,117.08,117.08,5.77721971
2026-01-11 04:15:00+00:00,117.08,117.1,116.91,116.91,466.57286476
2026-01-11 04:20:00+00:00,116.89,116.97,116.88,116.89,131.32032171
2026-01-11 04:25:00+00:00,116.89,116.89,116.84,116.85,96.47050268
2026-01-11 04:30:00+00:00,116.87,116.97,116.87,116.97,61.5685104
2026-01-11 04:35:00+00:00,117.11,117.11,117.0,117.04,107.40259973
2026-01-11 04:40:00+00:00,117.03,117.06,116.94,116.98,74.71978686
2026-01-11 04:45:00+00:00,116.98,117.03,116.97,116.98,195.94887397
2026-01-11 04:50:00+00:00,116.96,117.02,116.96,117.01,42.33280389
2026-01-11 04:55:00+00:00,117.03,117.03,117.01,117.03,62.43791101
2026-01-11 05:00:00+00:00,117.03,117.03,116.93,116.95,84.68567032
2026-01-11 05:05:00+00:00,116.93,116.96,116.92,116.96,31.58696263
2026-01-11 05:10:00+00:00,116.96,116.96,116.89,116.89,140.89100927
2026-01-11 05:15:00+00:00,116.92,116.92,116.9,116.9,6.75676858
2026-01-11 05:20:00+00:00,116.89,116.89,116.85,116.85,3.46675594
2026-01-11 05:25:00+00:00,116.9,116.97,116.9,116.97,7.97337871
2026-01-11 05:30:00+00:00,117.01,117.05,117.01,117.01,39.82171185
2026-01-11 05:35:00+00:00,117.01,117.11,117.01,117.05,390.17711526
2026-01-11 05:40:00+00:00,117.06,117.07,116.99,117.01,298.92445153
2026-01-11 05:45:00+00:00,116.99,117.16,116.94,117.09,546.78400729
2026-01-11 05:50:00+00:00,117.06,117.19,117.0,117.19,430.11114296
2026-01-11 05:55:00+00:00,117.16,117.16,117.08,117.09,81.24211708
2026-01-11 06:00:00+00:00,117.07,117.15,117.03,117.15,79.24594755
2026-01-11 06:05:00+00:00,117.08,117.14,117.02,117.02,240.96212956
2026-01-11 06:10:00+00:00,117.15,117.17,117.07,117.07,91.60673498
2026-01-11 06:15:00+00:00,117.05,117.05,116.93,116.93,33.33663122
2026-01-11 06:20:00+00:00,116.83,116.84,116.8,116.84,43.06950603
2026-01-11 06:25:00+00:00,116.84,116.91,116.84,116.91,10.54110319
2026-01-11 06:30:00+00:00,116.84,116.84,116.84,116.84,7.775417
2026-01-11 06:35:00+00:00,116.89,116.89,116.87,116.89,7.04881159
2026-01-11 06:40:00+00:00,116.89,116.91,116.86,116.86,9.00098215
2026-01-11 06:45:00+00:00,116.88,116.91,116.86,116.86,22.83903059
2026-01-11 06:50:00+00:00,116.89,116.95,116.89,116.95,15.15533825
2026-01-11 06:55:00+00:00,117.0,117.0,116.97,116.97,58.39152898
2026-01-11 07:00:00+00:00,117.0,117.04,117.0,117.04,180.40465371
2026-01-11 07:05:00+00:00,117.01,117.04,116.93,117.03,226.86901947
2026-01-11 07:10:00+00:00,116.89,116.91,116.89,116.9,41.51871289
2026-01-11 07:15:00+00:00,116.95,116.95,116.89,116.89,7.85553057
2026-01-11 07:20:00+00:00,116.91,116.91,116.86,116.89,14.12235044
2026-01-11 07:25:00+00:00,116.95,116.97,116.91,116.92,4.01299167
2026-01-11 07:30:00+00:00,116.92,116.99,116.92,116.99,6.52421407
2026-01-11 07:35:00+00:00,116.92,116.99,116.91,116.92,18.63666548
2026-01-11 07:40:00+00:00,116.93,116.93,116.9,116.9,8.87637103
2026-01-11 07:45:00+00:00,116.94,116.99,116.93,116.99,99.57624901
2026-01-11 07:50:00+00:00,116.96,116.98,116.95,116.96,36.06460586
2026-01-11 07:55:00+00:00,116.99,117.03,116.99,117.0,13.47443503
2026-01-11 08:00:00+00:00,117.0,117.05,117.0,117.05,11.96866643
2026-01-11 08:05:00+00:00,116.95,117.0,116.95,116.95,109.6410623
2026-01-11 08:10:00+00:00,116.99,117.05,116.99,117.0,52.10139533
2026-01-11 08:15:00+00:00,117.05,117.07,117.05,117.06,100.13707009
2026-01-11 08:20:00+00:00,117.04,117.06,116.96,117.06,36.3394369
2026-01-11 08:25:00+00:00,117.08,117.09,117.06,117.09,134.84678077
2026-01-11 08:30:00+00:00,117.07,117.15,117.03,117.12,128.71309712
2026-01-11 08:35:00+00:00,117.25,117.28,117.15,117.28,90.4763426
2026-01-11 08:40:00+00:00,117.22,117.43,117.21,117.43,142.95602818
2026-01-11 08:45:00+00:00,117.32,117.44,117.31,117.44,102.23537745
2026-01-11 08:50:00+00:00,117.44,117.48,117.44,117.45,285.3515995
2026-01-11 08:55:00+00:00,117.46,117.58,117.46,117.5,412.08610093
2026-01-11 09:00:00+00:00,117.49,117.49,117.35,117.35,20.5655643
2026-01-11 09:05:00+00:00,117.24,117.38,117.24,117.27,292.7583034
2026-01-11 09:10:00+00:00,117.34,117.35,117.3,117.3,20.21414869
2026-01-11 09:15:00+00:00,117.31,117.43,117.3,117.43,61.45239914
2026-01-11 09:20:00+00:00,117.45,117.53,117.44,117.44,54.21910071
2026-01-11 09:25:00+00:00,117.44,117.46,117.39,117.45,98.81637474
2026-01-11 09:30:00+00:00,117.43,117.47,117.42,117.42,95.73838307
2026-01-11 09:35:00+00:00,117.28,117.33,117.28,117.29,19.76595621
2026-01-11 09:40:00+00:00,117.24,117.24,117.15,117.19,51.13285109
2026-01-11 09:45:00+00:00,117.19,117.28,117.19,117.28,13.85597804
2026-01-11 09:50:00+00:00,117.27,117.27,117.22,117.22,16.48450498
2026-01-11 09:55:00+00:00,117.23,117.26,117.21,117.22,17.65136527
2026-01-11 10:00:00+00:00,117.22,117.34,117.2,117.2,472.46306118
2026-01-11 10:05:00+00:00,117.17,117.22,117.07,117.2,10.95457318
2026-01-11 10:10:00+00:00,117.26,117.28,117.23,117.28,9.00097739
2026-01-11 10:15:00+00:00,117.29,117.29,117.21,117.23,2.81134219
2026-01-11 10:20:00+00:00,117.21,117.25,117.2,117.25,14.32912642
2026-01-11 10:25:00+00:00,117.17,117.2,117.17,117.2,4.9819993
2026-01-11 10:30:00+00:00,117.23,117.36,117.2,117.36,54.93342467
2026-01-11 10:35:00+00:00,117.4,117.46,117.35,117.36,172.35280369
2026-01-11 10:40:00+00:00,117.4,117.4,117.3,117.32,57.49934808
2026-01-11 10:45:00+00:00,117.35,117.36,117.29,117.29,44.42166022
2026-01-11 10:50:00+00:00,117.33,117.41,117.3,117.34,122.78582482
2026-01-11 10:55:00+00:00,117.36,117.38,117.33,117.33,11.30629891
2026-01-11 11:00:00+00:00,117.33,117.41,117.31,117.37,202.43020228
2026-01-11 11:05:00+00:00,117.37,117.37,117.33,117.36,75.21958438
2026-01-11 11:10:00+00:00,117.34,117.37,117.34,117.35,45.3504622
2026-01-11 11:15:00+00:00,117.37,117.41,117.29,117.41,7.39912193
2026-01-11 11:20:00+00:00,117.38,117.46,117.38,117.38,58.96690031
2026-01-11 11:25:00+00:00,117.44,117.47,117.43,117.43,5.46587993
2026-01-11 11:30:00+00:00,117.46,117.5,117.45,117.49,55.49120582
2026-01-11 11:35:00+00:00,117.5,117.5,117.46,117.47,29.61215325
2026-01-11 11:40:00+00:00,117.5,117.5,117.48,117.5,27.29066283
2026-01-11 11:45:00+00:00,117.41,117.41,117.31,117.31,50.66501203
2026-01-11 11:50:00+00:00,117.3,117.32,117.27,117.3,77.0340564
2026-01-11 11:55:00+00:00,117.3,117.31,117.25,117.25,49.58863905
2026-01-11 12:00:00+00:00,117.32,117.34,117.25,117.29,574.23969781
2026-01-11 12:05:00+00:00,117.32,117.33,117.24,117.28,29.53808512
2026-01-11 12:10:00+00:00,117.28,117.34,117.28,117.34,131.00976928
2026-01-11 12:15:00+00:00,117.33,117.49,117.27,117.45,81.62997486
2026-01-11 12:20:00+00:00,117.43,117.53,117.41,117.51,189.19509398
2026-01-11 12:25:00+00:00,117.44,117.47,117.37,117.47,152.14266906
2026-01-11 12:30:00+00:00,117.46,117.49,117.44,117.44,396.76893625
2026-01-11 12:35:00+00:00,117.51,117.53,117.47,117.5,49.07613867
2026-01-11 12:40:00+00:00,117.52,117.64,117.52,117.64,73.01729208
2026-01-11 12:45:00+00:00,117.64,117.9,117.64,117.77,1096.16138843
2026-01-11 12:50:00+00:00,117.74,117.74,117.56,117.66,147.61293748
2026-01-11 12:55:00+00:00,117.68,117.82,117.65,117.75,624.02376436
2026-01-11 13:00:00+00:00,117.77,117.87,117.68,117.75,291.99545192
2026-01-11 13:05:00+00:00,117.75,117.81,117.75,117.8,47.40303992
2026-01-11 13:10:00+00:00,117.82,117.97,117.82,117.94,54.45142326
2026-01-11 13:15:00+00:00,117.94,117.95,117.83,117.84,216.24799551
2026-01-11 13:20:00+00:00,117.9,117.92,117.84,117.85,35.52453016
2026-01-11 13:25:00+00:00,117.87,117.91,117.78,117.91,340.37122637
2026-01-11 13:30:00+00:00,117.87,117.87,117.73,117.75,138.43030413
2026-01-11 13:35:00+00:00,117.76,117.79,117.72,117.78,17.33288135
2026-01-11 13:40:00+00:00,117.79,117.8,117.68,117.69,64.0257612
2026-01-11 13:45:00+00:00,117.68,117.75,117.63,117.7,69.57304816
2026-01-11 13:50:00+00:00,117.7,117.83,117.7,117.8,31.92084429
2026-01-11 13:55:00+00:00,117.86,117.93,117.81,117.93,119.61162926
2026-01-11 14:00:00+00:00,117.91,118.05,117.9,118.04,79.02193666
2026-01-11 14:05:00+00:00,118.06,118.15,118.04,118.15,171.91653291
2026-01-11 14:10:00+00:00,118.15,118.26,118.08,118.19,457.20605033
2026-01-11 14:15:00+00:00,118.27,118.27,118.07,118.2,165.18359554
2026-01-11 14:20:00+00:00,118.21,118.3,118.21,118.22,183.59831093
2026-01-11 14:25:00+00:00,118.3,118.44,118.3,118.43,114.56390224
2026-01-11 14:30:00+00:00,118.5,118.54,118.37,118.41,131.18820219
2026-01-11 14:35:00+00:00,118.44,118.53,118.42,118.5,121.42886564
2026-01-11 14:40:00+00:00,118.62,118.73,118.6,118.63,391.73412401
2026-01-11 14:45:00+00:00,118.66,118.82,118.64,118.71,208.9251666
2026-01-11 14:50:00+00:00,118.58,119.09,118.57,119.09,449.11397691
2026-01-11 14:55:00+00:00,119.06,119.68,119.06,119.49,666.46498623
2026-01-11 15:00:00+00:00,119.59,119.82,119.13,119.7,1084.60264535
2026-01-11 15:05:00+00:00,119.13,119.13,118.86,119.08,1813.66148956
2026-01-11 15:10:00+00:00,119.06,119.07,118.8,119.04,249.30456853
2026-01-11 15:15:00+00:00,118.93,119.28,118.86,119.18,346.38661482
2026-01-11 15:20:00+00:00,119.21,119.35,119.13,119.35,238.37853855
2026-01-11 15:25:00+00:00,119.36,119.36,119.16,119.21,265.56914777
2026-01-11 15:30:00+00:00,119.21,119.35,119.05,119.18,53.05870076
2026-01-11 15:35:00+00:00,119.12,119.16,119.05,119.05,70.18530883
2026-01-11 15:40:00+00:00,119.11,119.15,118.69,118.69,859.15227123
2026-01-11 15:45:00+00:00,118.72,118.85,118.38,118.41,915.02858528
2026-01-11 15:50:00+00:00,118.39,118.67,118.39,118.53,1022.81883974
2026-01-11 15:55:00+00:00,118.55,118.86,118.5,118.86,1146.83217469
2026-01-11 16:00:00+00:00,118.92,119.27,118.89,119.27,257.83364799
2026-01-11 16:05:00+00:00,119.17,119.26,119.15,119.17,79.35293435
2026-01-11 16:10:00+00:00,119.04,119.16,118.99,118.99,535.56564535
2026-01-11 16:15:00+00:00,119.02,119.12,118.95,119.12,50.80550746
2026-01-11 16:20:00+00:00,119.14,119.14,119.04,119.09,4.93319376
2026-01-11 16:25:00+00:00,119.08,120.75,118.99,120.3,7060.44099165
2026-01-11 16:30:00+00:00,120.89,121.51,120.4,120.93,4045.59837833
2026-01-11 16:35:00+00:00,121.06,121.39,120.92,120.92,1510.21375326
2026-01-11 16:40:00+00:00,120.91,121.05,120.71,120.95,728.78895817
2026-01-11 16:45:00+00:00,121.02,121.24,120.24,120.3,2575.16410627
2026-01-11 16:50:00+00:00,120.22,120.32,119.89,120.32,923.68959773
2026-01-11 16:55:00+00:00,120.22,120.28,120.12,120.21,48.66265359
2026-01-11 17:00:00+00:00,120.22,120.32,119.96,120.06,201.10322164
2026-01-11 17:05:00+00:00,120.11,120.2,119.99,120.2,201.100381
2026-01-11 17:10:00+00:00,120.16,120.21,120.05,120.05,93.22412826
2026-01-11 17:15:00+00:00,120.0,120.0,119.58,119.58,360.54717057
2026-01-11 17:20:00+00:00,119.65,119.75,119.52,119.72,404.6026673
2026-01-11 17:25:00+00:00,119.68,119.75,119.65,119.75,27.99132642
2026-01-11 17:30:00+00:00,119.73,119.74,119.5,119.5,797.20566294
2026-01-11 17:35:00+00:00,119.55,119.55,119.17,119.44,714.64126223
2026-01-11 17:40:00+00:00,119.56,119.72,119.49,119.72,80.61876401
2026-01-11 17:45:00+00:00,119.73,119.82,119.63,119.73,43.19875178
2026-01-11 17:50:00+00:00,119.74,120.02,119.74,119.96,235.87503861
2026-01-11 17:55:00+00:00,119.94,120.0,119.88,119.93,135.68849533
2026-01-11 18:00:00+00:00,119.85,119.96,119.76,119.84,33.28052702
2026-01-11 18:05:00+00:00,119.75,119.75,119.62,119.62,112.82609793
2026-01-11 18:10:00+00:00,119.58,119.64,119.48,119.64,109.42954242
2026-01-11 18:15:00+00:00,119.53,119.56,119.48,119.55,19.83087087
2026-01-11 18:20:00+00:00,119.55,119.65,119.52,119.59,56.13382076
2026-01-11 18:25:00+00:00,119.59,119.83,119.51,119.83,333.81425539
2026-01-11 18:30:00+00:00,119.85,120.05,119.85,119.93,98.75836044
2026-01-11 18:35:00+00:00,119.94,119.94,119.73,119.9,78.888829
2026-01-11 18:40:00+00:00,119.99,120.02,119.88,120.01,69.92026367
2026-01-11 18:45:00+00:00,120.01,120.1,120.01,120.05,106.85912038
2026-01-11 18:50:00+00:00,120.02,120.36,120.02,120.21,314.98656973
2026-01-11 18:55:00+00:00,120.32,120.32,120.17,120.18,703.63592194
2026-01-11 19:00:00+00:00,120.12,120.21,120.07,120.18,198.04884406
2026-01-11 19:05:00+00:00,120.17,120.19,120.03,120.05,147.97660885
2026-01-11 19:10:00+00:00,120.24,120.34,120.03,120.29,628.39089556
2026-01-11 19:15:00+00:00,120.29,120.29,120.08,120.18,357.19494528
2026-01-11 19:20:00+00:00,120.14,120.17,120.05,120.08,149.82542725
2026-01-11 19:25:00+00:00,120.07,120.17,119.94,120.07,317.95284387
2026-01-11 19:30:00+00:00,119.98,120.05,119.87,119.93,83.63328934
2026-01-11 19:35:00+00:00,119.92,119.92,119.8,119.82,26.70514403
2026-01-11 19:40:00+00:00,119.68,119.83,119.62,119.67,1207.70638314
2026-01-11 19:45:00+00:00,119.68,119.68,119.37,119.48,597.91697116
2026-01-11 19:50:00+00:00,119.45,120.1,119.45,119.94,1397.90101239
2026-01-11 19:55:00+00:00,119.96,119.96,119.67,119.68,101.53705345
2026-01-11 20:00:00+00:00,119.66,119.66,119.38,119.39,189.73549343
2026-01-11 20:05:00+00:00,119.45,119.45,119.02,119.26,858.83211733
2026-01-11 20:10:00+00:00,119.26,119.45,119.08,119.25,236.41101267
2026-01-11 20:15:00+00:00,119.1,119.1,118.5,118.6,4210.68535226
2026-01-11 20:20:00+00:00,118.53,118.75,118.49,118.49,365.98418948
2026-01-11 20:25:00+00:00,118.52,118.67,118.49,118.62,424.61010604
2026-01-11 20:30:00+00:00,118.59,118.83,118.44,118.78,376.6360818
2026-01-11 20:35:00+00:00,118.84,118.9,118.77,118.81,518.69383589
2026-01-11 20:40:00+00:00,118.68,118.83,118.59,118.62,161.59538881
2026-01-11 20:45:00+00:00,118.62,118.9,118.58,118.9,765.15820184
2026-01-11 20:50:00+00:00,118.84,118.94,118.79,118.86,402.27336434
2026-01-11 20:55:00+00:00,118.85,119.05,118.85,118.93,1176.25355539
2026-01-11 21:00:00+00:00,118.77,118.77,118.49,118.67,164.19991121
2026-01-11 21:05:00+00:00,118.5,118.66,118.48,118.51,237.38527912
2026-01-11 21:10:00+00:00,118.57,118.67,118.5,118.67,75.99794644
2026-01-11 21:15:00+00:00,118.67,118.86,118.59,118.78,331.5616168
2026-01-11 21:20:00+00:00,118.78,118.85,118.69,118.82,152.50645831
2026-01-11 21:25:00+00:00,118.79,118.86,118.75,118.86,58.07097588
2026-01-11 21:30:00+00:00,118.84,119.0,118.78,118.82,454.2386205
2026-01-11 21:35:00+00:00,118.81,118.88,118.61,118.64,711.77563059
2026-01-11 21:40:00+00:00,118.63,118.78,118.61,118.73,356.25228147
2026-01-11 21:45:00+00:00,118.68,118.88,118.67,118.88,217.29606389
2026-01-11 21:50:00+00:00,118.93,119.19,118.88,119.17,76.74261427
2026-01-11 21:55:00+00:00,119.13,119.16,119.08,119.09,123.99655055
2026-01-11 22:00:00+00:00,118.7,118.8,118.57,118.77,666.08833275
2026-01-11 22:05:00+00:00,118.58,118.63,118.26,118.37,254.97336116
2026-01-11 22:10:00+00:00,118.46,118.52,118.31,118.5,99.41382695
2026-01-11 22:15:00+00:00,118.47,118.47,118.3,118.31,8.10053296
2026-01-11 22:20:00+00:00,118.36,118.82,118.35,118.82,19.98744992
2026-01-11 22:25:00+00:00,118.85,118.85,118.73,118.8,181.71271798
2026-01-11 22:30:00+00:00,118.99,119.0,118.8,119.0,120.46182913
2026-01-11 22:35:00+00:00,118.97,118.97,118.54,118.73,75.02195431
2026-01-11 22:40:00+00:00,118.72,118.98,118.72,118.83,13.4191647
2026-01-11 22:45:00+00:00,118.92,119.02,118.9,118.95,47.96895313
2026-01-11 22:50:00+00:00,118.87,118.89,118.67,118.69,89.52397206
2026-01-11 22:55:00+00:00,118.84,118.86,118.68,118.72,19.91460002
2026-01-11 23:00:00+00:00,118.7,118.7,118.26,118.53,59.5517039
2026-01-11 23:05:00+00:00,118.27,118.63,118.04,118.6,546.85316131
2026-01-11 23:10:00+00:00,118.75,119.29,118.72,119.07,48.68933421
2026-01-11 23:15:00+00:00,119.47,120.0,119.47,120.0,790.7522747
2026-01-11 23:20:00+00:00,120.0,120.02,119.56,119.59,548.06289846
2026-01-11 23:25:00+00:00,119.54,119.73,119.52,119.55,131.74405962
2026-01-11 23:30:00+00:00,119.55,119.74,119.52,119.72,46.05739775
2026-01-11 23:35:00+00:00,119.55,119.55,119.28,119.46,252.9225295
2026-01-11 23:40:00+00:00,119.49,119.85,119.49,119.56,73.84035086
2026-01-11 23:45:00+00:00,119.75,120.02,119.74,119.91,161.09193267
2026-01-11 23:50:00+00:00,119.87,120.06,119.87,120.06,246.28117146
2026-01-11 23:55:00+00:00,120.03,120.08,119.88,119.98,198.98346738
2026-01-12 00:00:00+00:00,119.97,119.97,119.66,119.81,205.71887697
2026-01-12 00:05:00+00:00,119.69,119.7,119.37,119.39,252.42486696
2026-01-12 00:10:00+00:00,119.41,119.45,119.24,119.45,69.79687053
2026-01-12 00:15:00+00:00,119.45,120.43,119.45,120.34,3149.28839048
2026-01-12 00:20:00+00:00,120.38,120.7,120.38,120.68,2330.09138149
2026-01-12 00:25:00+00:00,120.69,120.87,120.48,120.72,869.47699908
2026-01-12 00:30:00+00:00,120.61,121.0,120.17,120.27,3907.33456493
2026-01-12 00:35:00+00:00,120.38,120.7,120.02,120.31,1028.23759669
2026-01-12 00:40:00+00:00,120.27,120.3,120.08,120.15,281.68323339
2026-01-12 00:45:00+00:00,120.06,120.47,120.05,120.38,164.56035492
2026-01-12 00:50:00+00:00,120.42,120.47,119.9,120.24,442.13442489
2026-01-12 00:55:00+00:00,120.56,121.05,120.37,120.99,500.81533932
2026-01-12 01:00:00+00:00,121.11,121.38,120.64,121.28,1916.00639991
2026-01-12 01:05:00+00:00,121.08,121.5,120.98,121.08,302.68979971
2026-01-12 01:10:00+00:00,121.04,121.24,120.93,121.15,207.63791539
2026-01-12 01:15:00+00:00,121.12,121.19,120.82,121.17,484.21594034
2026-01-12 01:20:00+00:00,121.13,121.3,121.06,121.13,102.37847797
2026-01-12 01:25:00+00:00,120.99,121.53,120.95,121.51,84.58297499
2026-01-12 01:30:00+00:00,121.49,121.49,120.89,121.09,420.68745174
2026-01-12 01:35:00+00:00,120.69,121.22,120.56,121.12,263.93113385
2026-01-12 01:40:00+00:00,121.17,121.27,121.06,121.24,218.53923974
2026-01-12 01:45:00+00:00,121.05,121.22,121.05,121.07,393.46982051
2026-01-12 01:50:00+00:00,121.07,121.11,120.94,121.11,167.87849432
2026-01-12 01:55:00+00:00,121.06,121.06,120.84,120.87,50.70856419
2026-01-12 02:00:00+00:00,120.95,121.41,120.88,121.41,120.85570341
2026-01-12 02:05:00+00:00,121.24,121.41,121.21,121.31,232.9783249
2026-01-12 02:10:00+00:00,121.51,121.53,121.24,121.53,140.77891482
2026-01-12 02:15:00+00:00,121.54,122.27,121.54,121.92,1202.3637227
2026-01-12 02:20:00+00:00,121.85,121.85,121.5,121.54,157.71795654
2026-01-12 02:25:00+00:00,121.65,121.84,121.58,121.8,80.31634757
2026-01-12 02:30:00+00:00,121.81,121.85,121.51,121.56,290.95911965
2026-01-12 02:35:00+00:00,121.53,121.8,121.47,121.65,132.61368136
2026-01-12 02:40:00+00:00,121.67,121.79,121.58,121.75,312.63621032
2026-01-12 02:45:00+00:00,121.76,122.04,121.76,122.02,83.77226216
2026-01-12 02:50:00+00:00,122.08,122.17,121.98,121.98,42.86033525
2026-01-12 02:55:00+00:00,122.09,122.29,122.0,122.04,125.22579666
2026-01-12 03:00:00+00:00,122.08,122.34,122.06,122.12,136.85667178
2026-01-12 03:05:00+00:00,122.16,122.43,122.16,122.38,156.8376926
2026-01-12 03:10:00+00:00,122.37,123.54,122.37,123.3,1547.09406852
2026-01-12 03:15:00+00:00,123.41,123.66,123.11,123.11,537.28624548
2026-01-12 03:20:00+00:00,123.12,123.21,123.0,123.12,50.49432367
2026-01-12 03:25:00+00:00,123.17,123.21,122.94,122.97,58.15049546
2026-01-12 03:30:00+00:00,122.97,123.02,122.53,122.73,1104.00957519
2026-01-12 03:35:00+00:00,122.74,122.76,122.26,122.47,1064.46817754
2026-01-12 03:40:00+00:00,122.5,122.51,122.23,122.33,326.28412076
2026-01-12 03:45:00+00:00,122.31,122.38,122.27,122.34,247.57710024
2026-01-12 03:50:00+00:00,122.37,122.41,122.29,122.4,98.93243211
2026-01-12 03:55:00+00:00,122.42,122.58,122.06,122.14,417.50894385
2026-01-12 04:00:00+00:00,122.15,122.31,122.08,122.17,1559.00616701
2026-01-12 04:05:00+00:00,122.29,122.58,122.2,122.39,300.75754553
2026-01-12 04:10:00+00:00,122.34,122.46,122.23,122.38,78.47646086
2026-01-12 04:15:00+00:00,122.38,122.5,122.27,122.48,57.3389446
2026-01-12 04:20:00+00:00,122.49,122.49,122.22,122.28,103.27972453
2026-01-12 04:25:00+00:00,122.23,122.23,122.08,122.2,58.89283364
2026-01-12 04:30:00+00:00,122.19,122.48,122.19,122.47,534.48236049
2026-01-12 04:35:00+00:00,122.42,122.52,122.39,122.45,158.87872492
2026-01-12 04:40:00+00:00,122.46,122.5,122.42,122.46,349.55601515
2026-01-12 04:45:00+00:00,122.45,122.56,122.42,122.51,65.50513149
2026-01-12 04:50:00+00:00,122.49,122.49,122.36,122.36,58.59421473
2026-01-12 04:55:00+00:00,122.38,122.41,122.31,122.31,165.77972309
2026-01-12 05:00:00+00:00,122.29,122.3,122.09,122.22,617.78075086
2026-01-12 05:05:00+00:00,122.18,122.3,122.18,122.3,397.68497795
2026-01-12 05:10:00+00:00,122.33,122.39,122.18,122.19,245.63338945
2026-01-12 05:15:00+00:00,122.13,122.29,122.13,122.29,74.49650544
2026-01-12 05:20:00+00:00,122.29,122.41,122.27,122.38,691.3728184
2026-01-12 05:25:00+00:00,122.37,122.42,122.34,122.41,197.32297398
2026-01-12 05:30:00+00:00,122.39,122.55,122.28,122.5,157.28017464
2026-01-12 05:35:00+00:00,122.42,122.6,122.28,122.34,104.58088218
2026-01-12 05:40:00+00:00,122.35,122.37,122.2,122.24,188.47234788
2026-01-12 05:45:00+00:00,122.25,122.25,122.15,122.25,164.56726809
2026-01-12 05:50:00+00:00,122.16,122.26,122.14,122.26,69.27509182
2026-01-12 05:55:00+00:00,122.21,122.22,122.16,122.22,75.81304664
2026-01-12 06:00:00+00:00,122.21,122.26,122.07,122.22,204.93421381
2026-01-12 06:05:00+00:00,122.28,122.71,122.26,122.26,514.99988298
2026-01-12 06:10:00+00:00,122.56,122.68,122.56,122.6,219.48210645
2026-01-12 06:15:00+00:00,122.66,122.68,122.37,122.47,119.83725219
2026-01-12 06:20:00+00:00,122.47,122.47,122.29,122.31,255.75484773
2026-01-12 06:25:00+00:00,122.23,122.27,121.89,121.94,606.97447111
2026-01-12 06:30:00+00:00,121.92,121.95,121.8,121.84,1096.29138158
2026-01-12 06:35:00+00:00,121.7,121.86,121.58,121.63,594.50067574
2026-01-12 06:40:00+00:00,121.64,121.79,121.63,121.76,289.61291095
2026-01-12 06:45:00+00:00,121.67,121.75,121.64,121.66,204.15611921
2026-01-12 06:50:00+00:00,121.66,121.73,121.41,121.43,365.78413759
2026-01-12 06:55:00+00:00,121.42,121.55,121.41,121.52,95.20547492
2026-01-12 07:00:00+00:00,121.54,121.7,121.49,121.69,260.83253044
2026-01-12 07:05:00+00:00,121.69,121.88,121.66,121.8,1256.82660057
2026-01-12 07:10:00+00:00,121.78,121.83,121.73,121.75,62.35011708
2026-01-12 07:15:00+00:00,121.69,121.77,121.39,121.77,372.46171268
2026-01-12 07:20:00+00:00,121.39,121.44,121.31,121.39,176.34308801
2026-01-12 07:25:00+00:00,121.39,121.49,121.29,121.46,351.73906848
2026-01-12 07:30:00+00:00,121.45,121.45,121.21,121.24,681.49820333
2026-01-12 07:35:00+00:00,121.3,121.41,121.15,121.41,611.06137522
2026-01-12 07:40:00+00:00,121.45,121.49,121.31,121.31,517.67618214
2026-01-12 07:45:00+00:00,121.34,121.34,120.99,121.08,942.80082814
2026-01-12 07:50:00+00:00,121.15,121.23,120.96,120.97,478.8511811
2026-01-12 07:55:00+00:00,120.99,121.04,120.84,120.89,1186.03476615
2026-01-12 08:00:00+00:00,120.89,120.94,120.69,120.7,507.73416111
2026-01-12 08:05:00+00:00,120.71,121.11,120.71,120.85,187.57825671
2026-01-12 08:10:00+00:00,121.09,121.18,121.03,121.11,358.50171482
2026-01-12 08:15:00+00:00,121.02,121.44,120.94,121.42,1027.54837056
2026-01-12 08:20:00+00:00,121.41,121.45,121.23,121.26,273.35256291
2026-01-12 08:25:00+00:00,121.26,121.28,121.16,121.16,637.67515722
2026-01-12 08:30:00+00:00,121.17,121.17,120.39,120.57,1117.29953665
2026-01-12 08:35:00+00:00,120.53,120.58,119.8,120.01,1647.31253641
2026-01-12 08:40:00+00:00,119.99,120.0,119.32,119.37,801.95335012
2026-01-12 08:45:00+00:00,119.32,119.41,118.92,119.03,987.46503335
2026-01-12 08:50:00+00:00,119.38,119.56,118.96,119.5,2063.31171551
2026-01-12 08:55:00+00:00,119.54,119.82,119.43,119.75,569.51724643
2026-01-12 09:00:00+00:00,119.72,119.78,118.94,119.19,2425.84904269
2026-01-12 09:05:00+00:00,119.49,119.54,119.22,119.46,649.97875978
2026-01-12 09:10:00+00:00,119.44,119.56,119.38,119.5,197.56240681
2026-01-12 09:15:00+00:00,119.65,119.77,119.5,119.6,254.564408
2026-01-12 09:20:00+00:00,119.61,119.73,119.54,119.73,182.19965603
2026-01-12 09:25:00+00:00,119.69,119.78,119.53,119.58,160.56804902
2026-01-12 09:30:00+00:00,119.58,119.72,119.55,119.58,642.18182332
2026-01-12 09:35:00+00:00,119.58,119.67,119.45,119.48,365.1649624
2026-01-12 09:40:00+00:00,119.47,119.69,119.45,119.68,57.94370553
2026-01-12 09:45:00+00:00,119.67,119.89,119.54,119.84,241.82777356
2026-01-12 09:50:00+00:00,119.67,119.67,119.34,119.34,583.74467267
2026-01-12 09:55:00+00:00,119.34,119.36,119.17,119.35,2412.66373926
2026-01-12 10:00:00+00:00,119.42,119.59,119.22,119.59,220.97216227
2026-01-12 10:05:00+00:00,119.7,119.8,119.68,119.72,136.5733237
2026-01-12 10:10:00+00:00,119.8,119.82,119.37,119.37,444.37171745
2026-01-12 10:15:00+00:00,119.43,119.43,119.2,119.21,516.45473888
2026-01-12 10:20:00+00:00,119.46,119.47,119.34,119.45,370.68773329
2026-01-12 10:25:00+00:00,119.43,119.45,119.33,119.41,361.0260832
2026-01-12 10:30:00+00:00,119.38,119.58,119.36,119.58,368.94684298
2026-01-12 10:35:00+00:00,119.52,119.56,119.5,119.56,250.94741656
2026-01-12 10:40:00+00:00,119.53,119.53,119.34,119.34,169.31373777
2026-01-12 10:45:00+00:00,119.36,119.36,119.17,119.33,514.41201034
2026-01-12 10:50:00+00:00,119.12,119.19,119.0,119.13,270.82971629
2026-01-12 10:55:00+00:00,119.12,119.12,118.94,119.08,75.26321022
2026-01-12 11:00:00+00:00,119.05,119.21,119.03,119.2,14.06301013
2026-01-12 11:05:00+00:00,119.17,119.32,119.17,119.24,229.80166086
2026-01-12 11:10:00+00:00,119.27,119.42,119.27,119.42,431.66317473
2026-01-12 11:15:00+00:00,119.3,119.46,119.28,119.36,95.52331738
2026-01-12 11:20:00+00:00,119.35,119.66,119.35,119.63,66.27675392
2026-01-12 11:25:00+00:00,119.62,119.69,119.52,119.52,1255.55181775
2026-01-12 11:30:00+00:00,119.45,119.59,119.45,119.58,121.62504048
2026-01-12 11:35:00+00:00,119.62,119.7,119.52,119.57,135.75412661
2026-01-12 11:40:00+00:00,119.61,119.69,119.55,119.69,44.66221588
2026-01-12 11:45:00+00:00,119.66,119.79,119.63,119.73,202.15678481
2026-01-12 11:50:00+00:00,119.78,119.95,119.72,119.92,117.39655892
2026-01-12 11:55:00+00:00,119.92,119.93,119.83,119.84,60.03758699
2026-01-12 12:00:00+00:00,119.82,119.89,119.8,119.88,108.06309841
2026-01-12 12:05:00+00:00,119.91,120.0,119.62,119.76,145.00842387
2026-01-12 12:10:00+00:00,119.65,119.79,119.65,119.73,556.55990382
2026-01-12 12:15:00+00:00,119.73,119.8,119.7,119.8,16.83004388
2026-01-12 12:20:00+00:00,119.76,120.0,119.71,120.0,52.92677622
2026-01-12 12:25:00+00:00,119.94,119.98,119.74,119.79,213.37220578
2026-01-12 12:30:00+00:00,119.78,119.91,119.75,119.9,55.3480893
2026-01-12 12:35:00+00:00,119.95,119.97,119.64,119.78,199.26879102
2026-01-12 12:40:00+00:00,119.64,119.77,119.56,119.7,204.39948152
2026-01-12 12:45:00+00:00,119.7,119.75,119.64,119.68,1808.33379226
2026-01-12 12:50:00+00:00,119.71,119.73,119.54,119.57,598.59650776
2026-01-12 12:55:00+00:00,119.56,119.73,119.48,119.51,409.81405646
2026-01-12 13:00:00+00:00,119.52,119.84,119.46,119.71,293.58417943
2026-01-12 13:05:00+00:00,119.66,119.66,119.19,119.24,706.36497059
2026-01-12 13:10:00+00:00,119.34,119.58,119.27,119.27,226.44618322
2026-01-12 13:15:00+00:00,119.4,119.43,119.32,119.38,285.89224439
2026-01-12 13:20:00+00:00,119.37,119.55,119.26,119.28,31.52930641
2026-01-12 13:25:00+00:00,119.21,119.44,119.21,119.38,217.31706357
2026-01-12 13:30:00+00:00,119.34,119.52,119.23,119.49,51.13717318
2026-01-12 13:35:00+00:00,119.62,119.65,119.52,119.57,149.46969016
2026-01-12 13:40:00+00:00,119.56,119.56,119.28,119.33,19.65759548
2026-01-12 13:45:00+00:00,119.36,119.43,119.17,119.39,262.60357061
2026-01-12 13:50:00+00:00,119.35,119.52,119.35,119.5,100.60353345
2026-01-12 13:55:00+00:00,119.48,119.48,119.41,119.44,9.38654837
2026-01-12 14:00:00+00:00,119.43,119.51,119.39,119.42,134.92945167
2026-01-12 14:05:00+00:00,119.4,119.64,119.4,119.52,596.96357694
2026-01-12 14:10:00+00:00,119.59,119.76,119.59,119.72,71.65224638
2026-01-12 14:15:00+00:00,119.5,119.81,119.2,119.45,181.34227587
2026-01-12 14:20:00+00:00,119.37,119.41,118.63,118.92,580.17782718
2026-01-12 14:25:00+00:00,118.86,119.15,118.84,119.12,665.83243923
2026-01-12 14:30:00+00:00,119.11,119.9,119.11,119.72,357.30957069
2026-01-12 14:35:00+00:00,120.06,120.42,119.53,120.33,717.41892679
2026-01-12 14:40:00+00:00,120.26,120.26,119.82,119.93,545.7778263
2026-01-12 14:45:00+00:00,119.91,120.13,119.82,119.97,136.66795699
2026-01-12 14:50:00+00:00,120.05,120.46,119.85,119.85,440.08668347
2026-01-12 14:55:00+00:00,119.81,120.18,119.81,120.18,83.37009281
2026-01-12 15:00:00+00:00,120.16,120.25,119.93,120.06,529.83556055
2026-01-12 15:05:00+00:00,120.05,120.21,119.86,120.21,150.54380199
2026-01-12 15:10:00+00:00,120.06,120.24,119.82,120.18,63.43773985
2026-01-12 15:15:00+00:00,120.24,120.75,120.16,120.39,533.28187015
2026-01-12 15:20:00+00:00,120.68,121.25,120.61,121.01,941.29451895
2026-01-12 15:25:00+00:00,121.02,121.23,120.85,120.99,499.77732991
2026-01-12 15:30:00+00:00,121.07,121.23,120.83,121.16,320.17588709
2026-01-12 15:35:00+00:00,121.3,121.6,121.3,121.38,345.67708633
2026-01-12 15:40:00+00:00,121.44,121.8,121.33,121.7,916.94690762
2026-01-12 15:45:00+00:00,121.64,121.96,121.55,121.58,857.43262643
2026-01-12 15:50:00+00:00,121.73,122.05,121.73,121.99,411.99660186
2026-01-12 15:55:00+00:00,121.99,122.06,121.85,121.92,290.79544374
2026-01-12 16:00:00+00:00,121.91,122.09,121.72,121.94,3752.42369108
2026-01-12 16:05:00+00:00,121.97,122.38,121.97,122.36,1110.95622132
2026-01-12 16:10:00+00:00,122.33,122.4,121.99,122.11,266.3765095
2026-01-12 16:15:00+00:00,122.11,122.34,121.79,121.94,865.4580885
2026-01-12 16:20:00+00:00,121.82,122.51,121.56,122.51,1069.89955822
2026-01-12 16:25:00+00:00,122.53,123.25,122.53,123.12,1745.99948887
2026-01-12 16:30:00+00:00,123.17,123.42,122.65,122.66,2641.88750795
2026-01-12 16:35:00+00:00,122.83,123.03,122.6,122.8,215.64351481
2026-01-12 16:40:00+00:00,122.82,122.88,122.49,122.73,260.32460517
2026-01-12 16:45:00+00:00,122.22,122.7,122.08,122.22,409.04147617
2026-01-12 16:50:00+00:00,122.27,122.59,122.25,122.48,946.15753792
2026-01-12 16:55:00+00:00,122.48,122.62,122.34,122.39,473.86480651
2026-01-12 17:00:00+00:00,122.34,122.97,122.27,122.91,2135.24800031
2026-01-12 17:05:00+00:00,122.86,123.0,122.6,122.66,651.97989313
2026-01-12 17:10:00+00:00,122.53,122.56,122.23,122.34,292.67827325
2026-01-12 17:15:00+00:00,122.4,122.55,122.36,122.51,203.756614
2026-01-12 17:20:00+00:00,122.54,122.62,122.12,122.16,253.69134922
2026-01-12 17:25:00+00:00,122.17,122.17,121.68,121.9,1137.07908828
2026-01-12 17:30:00+00:00,121.9,121.94,121.05,121.12,366.63298167
2026-01-12 17:35:00+00:00,121.12,121.49,120.88,121.39,927.71419289
2026-01-12 17:40:00+00:00,121.37,121.79,121.16,121.41,803.2248702
2026-01-12 17:45:00+00:00,121.41,121.81,121.41,121.7,564.87567745
2026-01-12 17:50:00+00:00,121.65,121.66,121.29,121.65,515.17852589
2026-01-12 17:55:00+00:00,121.58,121.61,121.35,121.5,330.21676776
2026-01-12 18:00:00+00:00,121.54,121.55,121.27,121.27,66.04035638
2026-01-12 18:05:00+00:00,121.34,122.14,121.34,121.95,209.5603174
2026-01-12 18:10:00+00:00,121.99,122.31,121.96,122.01,418.43954998
2026-01-12 18:15:00+00:00,122.04,122.2,121.92,121.98,538.41551049
2026-01-12 18:20:00+00:00,122.01,122.2,121.92,122.05,225.34821193
2026-01-12 18:25:00+00:00,122.08,122.21,121.97,122.2,162.62995681
2026-01-12 18:30:00+00:00,122.21,122.23,121.36,121.4,960.20306941
2026-01-12 18:35:00+00:00,121.41,121.42,120.51,120.86,1557.97297524
2026-01-12 18:40:00+00:00,120.69,120.72,120.38,120.62,212.13008145
2026-01-12 18:45:00+00:00,120.62,120.84,120.54,120.81,261.69323534
2026-01-12 18:50:00+00:00,120.88,121.0,120.68,120.93,141.92001711
2026-01-12 18:55:00+00:00,120.92,121.05,120.85,120.9,675.150205
2026-01-12 19:00:00+00:00,120.86,120.86,120.43,120.55,138.47096528
2026-01-12 19:05:00+00:00,120.59,121.06,120.46,121.06,105.23221113
2026-01-12 19:10:00+00:00,121.03,121.03,120.78,120.78,117.63020745
2026-01-12 19:15:00+00:00,120.84,121.05,120.84,121.01,78.31738952
2026-01-12 19:20:00+00:00,120.95,121.11,120.92,120.92,153.37232024
2026-01-12 19:25:00+00:00,120.94,120.95,120.4,120.57,2980.63307215
2026-01-12 19:30:00+00:00,120.58,120.86,120.58,120.74,705.3821532
2026-01-12 19:35:00+00:00,120.7,120.73,120.55,120.68,89.37055786
2026-01-12 19:40:00+00:00,120.7,120.81,120.68,120.78,132.02838707
2026-01-12 19:45:00+00:00,120.78,120.8,120.6,120.8,77.59600405
2026-01-12 19:50:00+00:00,120.77,121.0,120.71,120.93,108.5155745
2026-01-12 19:55:00+00:00,120.88,121.02,120.69,120.75,218.93685228
2026-01-12 20:00:00+00:00,120.72,121.11,120.68,121.1,152.37301682
2026-01-12 20:05:00+00:00,121.11,121.42,121.09,121.15,636.14036487
2026-01-12 20:10:00+00:00,121.05,121.1,121.0,121.04,72.39636244
2026-01-12 20:15:00+00:00,120.99,120.99,120.75,120.85,199.69397758
2026-01-12 20:20:00+00:00,120.81,120.95,120.81,120.87,36.12429564
2026-01-12 20:25:00+00:00,120.85,120.87,120.68,120.73,114.54796399
2026-01-12 20:30:00+00:00,120.71,120.71,120.22,120.3,254.39357222
2026-01-12 20:35:00+00:00,120.28,120.34,120.17,120.34,67.43172842
2026-01-12 20:40:00+00:00,120.29,120.38,120.21,120.23,158.06246972
2026-01-12 20:45:00+00:00,120.25,120.39,120.12,120.39,224.95034788
2026-01-12 20:50:00+00:00,120.35,120.37,120.03,120.05,291.8104098
2026-01-12 20:55:00+00:00,120.06,120.12,119.89,120.12,652.81641935
2026-01-12 21:00:00+00:00,120.1,120.1,119.71,119.75,962.92775819
2026-01-12 21:05:00+00:00,119.76,119.89,119.67,119.89,520.09897316
2026-01-12 21:10:00+00:00,119.93,120.06,119.92,119.98,82.89816354
2026-01-12 21:15:00+00:00,119.94,119.96,119.84,119.89,118.41523123
2026-01-12 21:20:00+00:00,119.85,119.92,119.72,119.77,143.04468945
2026-01-12 21:25:00+00:00,119.69,119.84,119.53,119.54,376.76943633
2026-01-12 21:30:00+00:00,119.58,119.61,119.49,119.55,898.17378361
2026-01-12 21:35:00+00:00,119.55,119.61,119.44,119.5,2427.75216962
2026-01-12 21:40:00+00:00,119.57,119.62,119.27,119.39,501.74489352
2026-01-12 21:45:00+00:00,119.32,119.32,119.03,119.22,269.58554418
2026-01-12 21:50:00+00:00,118.96,119.21,118.53,118.6,849.89303975
2026-01-12 21:55:00+00:00,118.52,118.93,118.45,118.91,952.63218479
2026-01-12 22:00:00+00:00,118.9,119.32,118.89,119.22,498.16116528
2026-01-12 22:05:00+00:00,119.22,119.52,119.13,119.49,959.41353431
2026-01-12 22:10:00+00:00,119.6,119.67,119.47,119.66,828.17593044
2026-01-12 22:15:00+00:00,119.28,119.62,119.28,119.62,246.56583981
2026-01-12 22:20:00+00:00,119.63,119.74,119.53,119.6,399.74271146
2026-01-12 22:25:00+00:00,119.54,119.54,119.3,119.3,220.02339436
2026-01-12 22:30:00+00:00,119.31,119.52,119.28,119.52,62.70915447
2026-01-12 22:35:00+00:00,119.44,119.5,119.23,119.39,404.214079
2026-01-12 22:40:00+00:00,119.51,119.54,119.4,119.45,239.58118742
2026-01-12 22:45:00+00:00,119.47,119.48,119.26,119.27,101.26807464
2026-01-12 22:50:00+00:00,119.23,119.37,119.22,119.24,754.04084934
2026-01-12 22:55:00+00:00,119.19,119.24,119.14,119.14,133.27031658
2026-01-12 23:00:00+00:00,119.17,119.28,118.96,118.98,1195.77166802
2026-01-12 23:05:00+00:00,119.09,119.35,118.99,118.99,414.00550907
2026-01-12 23:10:00+00:00,118.98,119.02,118.8,118.88,1394.51437824
2026-01-12 23:15:00+00:00,118.92,119.0,118.81,118.81,140.73229036
2026-01-12 23:20:00+00:00,118.84,119.0,118.75,119.0,765.23045646
2026-01-12 23:25:00+00:00,119.09,119.35,119.09,119.31,55.41247154
2026-01-12 23:30:00+00:00,119.31,119.47,119.24,119.27,103.1017154
2026-01-12 23:35:00+00:00,119.25,119.42,119.25,119.32,125.31427889
2026-01-12 23:40:00+00:00,119.35,119.38,119.31,119.38,107.40020097
2026-01-12 23:45:00+00:00,119.27,119.31,119.27,119.27,17.01043692
2026-01-12 23:50:00+00:00,119.25,119.31,119.24,119.29,149.10144068
2026-01-12 23:55:00+00:00,119.29,119.31,119.24,119.3,87.48604049
2026-01-13 00:00:00+00:00,119.21,119.37,119.16,119.17,133.46643921
2026-01-13 00:05:00+00:00,119.19,119.33,118.96,119.03,268.52018971
2026-01-13 00:10:00+00:00,119.03,119.2,118.93,119.2,302.20125269
2026-01-13 00:15:00+00:00,119.04,119.11,119.0,119.05,33.34907451
2026-01-13 00:20:00+00:00,119.1,119.27,119.03,119.22,69.14324822
2026-01-13 00:25:00+00:00,119.34,119.42,119.17,119.17,121.88524493
2026-01-13 00:30:00+00:00,119.16,119.35,119.15,119.15,113.43569783
2026-01-13 00:35:00+00:00,119.2,119.34,119.18,119.18,19.82777718
2026-01-13 00:40:00+00:00,119.14,119.16,118.83,119.04,113.17167023
2026-01-13 00:45:00+00:00,119.07,119.24,119.07,119.21,16.59550403
2026-01-13 00:50:00+00:00,119.21,119.22,119.18,119.22,0.78624939
2026-01-13 00:55:00+00:00,119.2,119.34,119.2,119.33,27.20582315
2026-01-13 01:00:00+00:00,119.32,119.34,119.23,119.28,46.10423325
2026-01-13 01:05:00+00:00,119.28,119.54,119.28,119.46,3.73209737
2026-01-13 01:10:00+00:00,119.45,119.54,119.43,119.51,14.23500542
2026-01-13 01:15:00+00:00,119.42,119.55,119.27,119.27,186.38116806
2026-01-13 01:20:00+00:00,119.29,119.3,119.27,119.27,13.03413471
2026-01-13 01:25:00+00:00,119.35,119.35,119.22,119.24,125.6762412
2026-01-13 01:30:00+00:00,119.22,119.26,119.01,119.08,55.55980522
2026-01-13 01:35:00+00:00,118.93,118.96,118.71,118.78,379.78532746
2026-01-13 01:40:00+00:00,118.81,118.81,118.68,118.7,462.0965623
2026-01-13 01:45:00+00:00,118.77,118.89,118.77,118.88,96.24930495
2026-01-13 01:50:00+00:00,119.01,119.11,119.0,119.08,61.53294845
2026-01-13 01:55:00+00:00,118.97,119.02,118.96,119.02,84.37238208
2026-01-13 02:00:00+00:00,119.03,119.32,119.02,119.32,48.6793419
2026-01-13 02:05:00+00:00,119.36,119.36,118.89,118.89,157.35441009
2026-01-13 02:10:00+00:00,118.9,118.95,118.9,118.9,9.79697874
2026-01-13 02:15:00+00:00,119.1,119.13,119.06,119.06,136.02008089
2026-01-13 02:20:00+00:00,119.03,119.09,118.93,119.02,71.8279446
2026-01-13 02:25:00+00:00,119.02,119.04,118.84,118.84,182.91627755
2026-01-13 02:30:00+00:00,118.88,118.97,118.88,118.91,221.12677273
2026-01-13 02:35:00+00:00,118.96,118.97,118.76,118.78,128.69683819
2026-01-13 02:40:00+00:00,118.78,118.78,118.37,118.75,365.3871102
2026-01-13 02:45:00+00:00,118.51,118.71,118.49,118.7,59.86407879
2026-01-13 02:50:00+00:00,118.71,118.81,118.61,118.64,74.55510275
2026-01-13 02:55:00+00:00,118.66,118.66,118.56,118.57,23.01553897
2026-01-13 03:00:00+00:00,118.57,118.65,118.57,118.64,206.33238913
2026-01-13 03:05:00+00:00,118.65,118.65,118.17,118.17,294.02218008
2026-01-13 03:10:00+00:00,118.17,118.34,118.14,118.22,32.81119012
2026-01-13 03:15:00+00:00,118.34,118.55,118.34,118.47,7.93110697
2026-01-13 03:20:00+00:00,118.51,118.88,118.5,118.85,32.17546196
2026-01-13 03:25:00+00:00,118.71,118.74,118.7,118.74,213.22239265
2026-01-13 03:30:00+00:00,118.75,118.78,118.57,118.7,592.91595621
2026-01-13 03:35:00+00:00,118.7,118.77,118.66,118.7,46.38208427
2026-01-13 03:40:00+00:00,118.65,118.68,118.64,118.65,40.34131444
2026-01-13 03:45:00+00:00,118.68,118.84,118.67,118.84,8.12121031
2026-01-13 03:50:00+00:00,118.73,118.83,118.69,118.76,103.2058814
2026-01-13 03:55:00+00:00,118.82,118.92,118.82,118.9,39.59848127
2026-01-13 04:00:00+00:00,118.84,118.96,118.84,118.88,99.32682698
2026-01-13 04:05:00+00:00,118.95,118.95,118.83,118.83,5.91018275
2026-01-13 04:10:00+00:00,118.94,118.98,118.87,118.95,52.68481184
2026-01-13 04:15:00+00:00,118.99,119.04,118.92,118.95,24.87498266
2026-01-13 04:20:00+00:00,118.82,119.01,118.78,118.78,146.46809677
2026-01-13 04:25:00+00:00,118.76,118.85,118.71,118.85,135.68021656
2026-01-13 04:30:00+00:00,118.79,118.79,118.65,118.65,9.27085239
2026-01-13 04:35:00+00:00,118.59,118.73,118.59,118.73,31.67142767
2026-01-13 04:40:00+00:00,118.87,118.89,118.72,118.89,20.34657179
2026-01-13 04:45:00+00:00,118.88,118.99,118.84,118.99,19.81719
2026-01-13 04:50:00+00:00,118.99,119.0,118.96,118.99,37.76238974
2026-01-13 04:55:00+00:00,119.06,119.19,119.06,119.19,164.84843718
2026-01-13 05:00:00+00:00,119.19,119.35,119.09,119.09,58.62920944
2026-01-13 05:05:00+00:00,118.94,119.28,118.94,119.28,89.60036982
2026-01-13 05:10:00+00:00,119.28,119.63,119.28,119.52,495.33098046
2026-01-13 05:15:00+00:00,119.64,120.01,119.5,119.96,667.36788042
2026-01-13 05:20:00+00:00,119.93,120.3,119.8,119.97,905.10225301
2026-01-13 05:25:00+00:00,120.01,120.09,119.92,119.93,114.35534259
2026-01-13 05:30:00+00:00,119.94,119.95,119.65,119.65,325.87845366
2026-01-13 05:35:00+00:00,119.62,119.66,119.49,119.64,66.06479367
2026-01-13 05:40:00+00:00,119.56,119.62,119.55,119.62,80.83704647
2026-01-13 05:45:00+00:00,119.65,119.99,119.62,119.99,230.89968601
2026-01-13 05:50:00+00:00,119.94,120.16,119.78,119.98,2568.08437969
2026-01-13 05:55:00+00:00,119.97,119.97,119.82,119.83,451.52838321
2026-01-13 06:00:00+00:00,119.89,120.13,119.83,120.02,176.21439666
2026-01-13 06:05:00+00:00,120.05,120.16,119.83,120.03,568.55988729
2026-01-13 06:10:00+00:00,120.02,120.08,119.94,119.95,66.53861795
2026-01-13 06:15:00+00:00,120.08,120.27,119.99,120.13,115.53787632
2026-01-13 06:20:00+00:00,120.13,120.31,120.11,120.29,95.80272077
2026-01-13 06:25:00+00:00,120.3,120.43,120.24,120.25,232.69163441
2026-01-13 06:30:00+00:00,120.21,120.3,120.17,120.22,164.06942245
2026-01-13 06:35:00+00:00,120.31,120.55,120.3,120.53,77.00048909
2026-01-13 06:40:00+00:00,120.55,120.57,120.21,120.21,449.79149393
2026-01-13 06:45:00+00:00,120.22,120.38,120.22,120.37,46.29009769
2026-01-13 06:50:00+00:00,120.6,120.63,120.39,120.6,302.10778431
2026-01-13 06:55:00+00:00,120.58,120.58,120.45,120.5,193.24378127
2026-01-13 07:00:00+00:00,120.54,120.54,120.35,120.39,70.18743573
2026-01-13 07:05:00+00:00,120.42,120.47,120.29,120.36,197.42816684
2026-01-13 07:10:00+00:00,120.4,120.4,120.33,120.39,85.04511863
2026-01-13 07:15:00+00:00,120.39,120.4,120.14,120.23,338.31211791
2026-01-13 07:20:00+00:00,120.18,120.35,120.16,120.34,214.71159186
2026-01-13 07:25:00+00:00,120.28,120.44,120.2,120.3,239.28125697
2026-01-13 07:30:00+00:00,120.31,120.31,120.19,120.23,96.97731876
2026-01-13 07:35:00+00:00,120.25,120.27,119.94,119.94,33.26769822
2026-01-13 07:40:00+00:00,120.01,120.11,120.01,120.08,341.43700566
2026-01-13 07:45:00+00:00,120.06,120.1,120.0,120.02,24.69908015
2026-01-13 07:50:00+00:00,120.04,120.19,120.02,120.04,78.8776617
2026-01-13 07:55:00+00:00,120.04,120.08,119.92,119.92,19.98709826
2026-01-13 08:00:00+00:00,119.95,120.08,119.95,120.08,144.4561898
2026-01-13 08:05:00+00:00,120.09,120.23,120.02,120.2,130.77988138
2026-01-13 08:10:00+00:00,120.09,120.31,119.99,120.31,122.33981148
2026-01-13 08:15:00+00:00,120.4,120.45,120.27,120.44,19.71961556
2026-01-13 08:20:00+00:00,120.45,120.7,120.45,120.68,167.6298089
2026-01-13 08:25:00+00:00,120.64,120.69,120.47,120.51,355.68107112
2026-01-13 08:30:00+00:00,120.49,120.6,120.48,120.54,71.84673621
2026-01-13 08:35:00+00:00,120.64,120.95,120.64,120.95,311.53787394
2026-01-13 08:40:00+00:00,120.95,121.12,120.92,121.12,307.47965634
2026-01-13 08:45:00+00:00,121.09,121.24,121.07,121.09,241.39964589
2026-01-13 08:50:00+00:00,121.27,121.51,121.27,121.47,413.45296163
2026-01-13 08:55:00+00:00,121.17,121.37,121.16,121.26,104.20521129
2026-01-13 09:00:00+00:00,121.25,121.35,121.2,121.32,242.85589954
2026-01-13 09:05:00+00:00,121.35,121.49,121.26,121.37,1042.02984049
2026-01-13 09:10:00+00:00,121.45,121.72,121.44,121.66,483.513889
2026-01-13 09:15:00+00:00,121.65,121.85,121.44,121.85,314.82332131
2026-01-13 09:20:00+00:00,121.87,122.56,121.87,122.11,3573.95612645
2026-01-13 09:25:00+00:00,122.09,122.17,121.87,122.11,369.84931171
2026-01-13 09:30:00+00:00,121.93,121.96,121.47,121.47,1398.27910606
2026-01-13 09:35:00+00:00,121.46,121.52,121.27,121.43,95.31838016
2026-01-13 09:40:00+00:00,121.44,121.45,120.97,121.16,694.46784819
2026-01-13 09:45:00+00:00,121.16,121.49,121.14,121.48,498.58652329
2026-01-13 09:50:00+00:00,121.42,121.61,121.42,121.51,178.71565456
2026-01-13 09:55:00+00:00,121.53,121.6,121.47,121.53,345.24112918
2026-01-13 10:00:00+00:00,121.59,121.59,121.37,121.38,227.98992826
2026-01-13 10:05:00+00:00,121.38,121.8,121.29,121.72,208.29684889
2026-01-13 10:10:00+00:00,121.92,122.04,121.75,121.75,433.4961347
2026-01-13 10:15:00+00:00,121.7,121.75,121.63,121.67,222.73827705
2026-01-13 10:20:00+00:00,121.74,121.88,121.71,121.79,34.87698854
2026-01-13 10:25:00+00:00,121.79,121.87,121.77,121.78,98.04602431
2026-01-13 10:30:00+00:00,121.83,121.83,121.69,121.74,67.94275342
2026-01-13 10:35:00+00:00,121.76,121.9,121.76,121.9,174.04668318
2026-01-13 10:40:00+00:00,121.89,121.89,121.6,121.61,316.78583047
2026-01-13 10:45:00+00:00,121.58,121.58,121.37,121.42,672.67796794
2026-01-13 10:50:00+00:00,121.48,121.59,121.45,121.55,468.97762293
2026-01-13 10:55:00+00:00,121.76,121.85,121.58,121.66,85.15055793
2026-01-13 11:00:00+00:00,121.69,121.7,121.5,121.56,140.87320842
2026-01-13 11:05:00+00:00,121.62,121.62,121.45,121.47,72.56260235
2026-01-13 11:10:00+00:00,121.48,121.63,121.43,121.44,385.46654643
2026-01-13 11:15:00+00:00,121.45,121.61,121.43,121.46,234.65983904
2026-01-13 11:20:00+00:00,121.39,121.41,121.2,121.39,134.72850352
2026-01-13 11:25:00+00:00,121.42,121.48,121.35,121.35,174.77337992
2026-01-13 11:30:00+00:00,121.36,121.41,121.27,121.38,104.88026898
2026-01-13 11:35:00+00:00,121.38,121.71,121.38,121.71,382.81386707
2026-01-13 11:40:00+00:00,121.71,121.74,121.51,121.51,241.44715533
2026-01-13 11:45:00+00:00,121.6,121.62,121.5,121.54,76.67200347
2026-01-13 11:50:00+00:00,121.54,121.56,121.5,121.54,160.18145611
2026-01-13 11:55:00+00:00,121.49,121.68,121.43,121.44,40.63544
2026-01-13 12:00:00+00:00,121.47,121.56,121.37,121.38,30.3509999
2026-01-13 12:05:00+00:00,121.33,121.53,121.33,121.53,246.89230427
2026-01-13 12:10:00+00:00,121.52,121.56,121.13,121.13,665.89579302
2026-01-13 12:15:00+00:00,121.15,121.55,121.07,121.37,332.55126038
2026-01-13 12:20:00+00:00,121.51,121.69,121.51,121.52,51.02165093
2026-01-13 12:25:00+00:00,121.49,121.59,121.47,121.57,340.41101018
2026-01-13 12:30:00+00:00,121.54,121.77,121.54,121.69,202.90872799
2026-01-13 12:35:00+00:00,121.69,121.73,121.62,121.66,34.18703629
2026-01-13 12:40:00+00:00,121.68,121.76,121.63,121.69,96.91000633
2026-01-13 12:45:00+00:00,121.71,121.76,121.65,121.76,258.71458913
2026-01-13 12:50:00+00:00,121.74,121.92,121.72,121.92,66.44888616
2026-01-13 12:55:00+00:00,121.91,121.95,121.81,121.89,267.19642117
2026-01-13 13:00:00+00:00,121.88,121.88,121.58,121.58,89.63701603
2026-01-13 13:05:00+00:00,121.68,121.84,121.67,121.76,439.77858956
2026-01-13 13:10:00+00:00,121.79,121.79,121.64,121.67,142.60983023
2026-01-13 13:15:00+00:00,121.63,121.68,121.57,121.65,31.68987071
2026-01-13 13:20:00+00:00,121.57,121.72,121.57,121.64,86.53138778
2026-01-13 13:25:00+00:00,121.79,121.97,121.64,121.97,449.62030875
2026-01-13 13:30:00+00:00,121.95,122.75,121.68,121.95,12707.10882963
2026-01-13 13:35:00+00:00,121.97,122.38,121.8,121.85,5238.9907916
2026-01-13 13:40:00+00:00,121.86,122.34,121.74,122.24,713.03568284
2026-01-13 13:45:00+00:00,122.19,122.41,122.13,122.39,664.86237798
2026-01-13 13:50:00+00:00,122.37,122.56,122.06,122.44,582.16400537
2026-01-13 13:55:00+00:00,122.33,122.35,121.99,122.11,350.2389743
2026-01-13 14:00:00+00:00,121.97,121.97,121.32,121.57,3354.69513139
2026-01-13 14:05:00+00:00,121.65,121.77,121.57,121.71,273.04121925
2026-01-13 14:10:00+00:00,121.72,121.75,121.61,121.63,95.86982626
2026-01-13 14:15:00+00:00,121.77,122.16,121.77,121.94,368.82131664
2026-01-13 14:20:00+00:00,122.12,122.47,122.12,122.38,109.8284724
2026-01-13 14:25:00+00:00,122.32,122.59,122.32,122.42,348.07813537
2026-01-13 14:30:00+00:00,122.58,122.81,122.31,122.61,408.20751341
2026-01-13 14:35:00+00:00,122.66,123.16,122.64,122.82,2383.10662069
2026-01-13 14:40:00+00:00,122.88,123.05,122.63,122.67,954.69396876
2026-01-13 14:45:00+00:00,122.68,122.74,122.26,122.52,771.45833767
2026-01-13 14:50:00+00:00,122.27,122.4,121.54,121.58,2143.25570091
2026-01-13 14:55:00+00:00,121.6,121.95,121.57,121.83,1137.42189287
2026-01-13 15:00:00+00:00,121.66,121.79,121.0,121.35,971.74900169
2026-01-13 15:05:00+00:00,121.43,121.86,121.28,121.66,384.16729238
2026-01-13 15:10:00+00:00,121.63,121.86,121.42,121.84,262.07847359
2026-01-13 15:15:00+00:00,121.82,121.82,121.23,121.6,367.14264644
2026-01-13 15:20:00+00:00,121.43,121.57,121.22,121.54,224.0310814
2026-01-13 15:25:00+00:00,121.54,121.64,121.41,121.52,266.81331533
2026-01-13 15:30:00+00:00,121.72,122.43,121.72,122.37,348.38284069
2026-01-13 15:35:00+00:00,122.39,122.91,122.33,122.65,359.37268346
2026-01-13 15:40:00+00:00,122.68,122.81,122.44,122.52,403.29458442
2026-01-13 15:45:00+00:00,122.41,122.67,122.16,122.23,316.61791643
2026-01-13 15:50:00+00:00,122.15,122.63,122.11,122.63,1039.55794246
2026-01-13 15:55:00+00:00,122.98,123.12,122.59,123.09,1328.5415969
2026-01-13 16:00:00+00:00,123.12,123.5,123.1,123.27,1782.52728338
2026-01-13 16:05:00+00:00,123.23,123.37,122.92,122.95,647.95526613
2026-01-13 16:10:00+00:00,122.98,123.09,122.77,122.77,1771.54608026
2026-01-13 16:15:00+00:00,122.77,123.02,122.66,122.82,641.14103775
2026-01-13 16:20:00+00:00,123.03,123.8,122.99,123.27,2004.60781966
2026-01-13 16:25:00+00:00,123.1,123.48,122.94,123.33,549.50050517
2026-01-13 16:30:00+00:00,123.23,123.65,123.15,123.59,941.86118388
2026-01-13 16:35:00+00:00,123.64,124.01,123.48,123.56,1503.8755036
2026-01-13 16:40:00+00:00,123.59,123.64,123.28,123.28,343.65018598
2026-01-13 16:45:00+00:00,123.3,123.56,123.25,123.42,838.52434694
2026-01-13 16:50:00+00:00,123.45,123.49,123.26,123.3,254.67674456
2026-01-13 16:55:00+00:00,123.32,123.48,122.82,123.16,594.9833855
2026-01-13 17:00:00+00:00,122.9,123.26,122.85,123.23,438.66796171
2026-01-13 17:05:00+00:00,123.22,123.22,122.87,122.87,275.4314218
2026-01-13 17:10:00+00:00,122.86,122.86,122.62,122.78,1219.04423831
2026-01-13 17:15:00+00:00,122.72,122.88,122.33,122.5,1553.73756423
2026-01-13 17:20:00+00:00,122.58,122.94,122.45,122.89,1072.82209608
2026-01-13 17:25:00+00:00,122.7,122.91,122.69,122.88,1579.60937315
2026-01-13 17:30:00+00:00,122.8,122.82,122.47,122.72,533.00904314
2026-01-13 17:35:00+00:00,122.6,122.65,122.33,122.33,612.39966531
2026-01-13 17:40:00+00:00,122.42,122.7,122.35,122.6,831.67805765
2026-01-13 17:45:00+00:00,122.66,122.74,122.51,122.74,410.55560351
2026-01-13 17:50:00+00:00,122.67,122.76,122.59,122.65,63.52395558
2026-01-13 17:55:00+00:00,122.58,122.72,122.51,122.69,422.22289138
2026-01-13 18:00:00+00:00,122.54,122.78,122.47,122.78,329.69863807
2026-01-13 18:05:00+00:00,122.81,123.05,122.76,122.98,384.33929671
2026-01-13 18:10:00+00:00,122.9,123.1,122.86,123.03,272.88973718
2026-01-13 18:15:00+00:00,123.08,123.16,123.0,123.09,1140.09427345
2026-01-13 18:20:00+00:00,123.11,123.25,122.97,123.01,435.04001589
2026-01-13 18:25:00+00:00,122.89,123.07,122.82,122.87,520.24865914
2026-01-13 18:30:00+00:00,122.9,123.09,122.81,122.98,282.94846348
2026-01-13 18:35:00+00:00,123.01,123.23,123.0,123.07,146.16624085
2026-01-13 18:40:00+00:00,123.1,123.11,122.86,122.9,224.24217781
2026-01-13 18:45:00+00:00,123.29,123.36,122.97,123.18,277.24763177
2026-01-13 18:50:00+00:00,123.08,123.09,122.83,122.93,352.09012679
2026-01-13 18:55:00+00:00,122.95,123.08,122.87,123.02,149.84586858
2026-01-13 19:00:00+00:00,123.09,123.16,122.84,122.9,249.56070754
2026-01-13 19:05:00+00:00,122.91,122.93,122.78,122.88,229.48963492
2026-01-13 19:10:00+00:00,122.84,123.02,122.8,122.87,56.21194744
2026-01-13 19:15:00+00:00,122.98,123.11,122.87,123.11,562.97206235
2026-01-13 19:20:00+00:00,123.12,123.36,123.09,123.12,1527.18570175
2026-01-13 19:25:00+00:00,123.09,123.41,123.09,123.37,281.40654564
2026-01-13 19:30:00+00:00,123.32,123.66,123.28,123.4,791.05744901
2026-01-13 19:35:00+00:00,123.35,123.58,123.33,123.46,542.67718908
2026-01-13 19:40:00+00:00,123.46,123.5,123.29,123.34,154.82679367
2026-01-13 19:45:00+00:00,123.38,123.51,123.37,123.48,267.54583309
2026-01-13 19:50:00+00:00,123.51,123.92,123.45,123.75,1501.24027606
2026-01-13 19:55:00+00:00,123.7,123.84,123.66,123.79,384.32574188
2026-01-13 20:00:00+00:00,123.81,123.9,123.75,123.84,252.79313026
2026-01-13 20:05:00+00:00,123.72,123.92,123.58,123.65,238.31548627
2026-01-13 20:10:00+00:00,123.58,123.81,123.48,123.71,337.47524002
2026-01-13 20:15:00+00:00,123.66,123.79,123.47,123.59,165.42454105
2026-01-13 20:20:00+00:00,123.63,123.63,123.39,123.62,409.36771518
2026-01-13 20:25:00+00:00,123.64,123.64,123.29,123.41,811.47548529
2026-01-13 20:30:00+00:00,123.43,123.46,123.11,123.23,274.76989355
2026-01-13 20:35:00+00:00,123.2,123.2,122.96,123.0,1076.4499676
2026-01-13 20:40:00+00:00,122.98,123.05,122.76,123.0,468.55588855
2026-01-13 20:45:00+00:00,123.0,123.15,123.0,123.01,396.07933658
2026-01-13 20:50:00+00:00,122.91,123.07,122.91,123.04,155.7456288
2026-01-13 20:55:00+00:00,122.99,123.51,122.94,123.33,395.77192433
2026-01-13 21:00:00+00:00,123.52,123.59,123.31,123.59,309.02282248
2026-01-13 21:05:00+00:00,123.59,123.75,123.44,123.75,1449.63723713
2026-01-13 21:10:00+00:00,123.74,123.75,123.65,123.66,858.92559648
2026-01-13 21:15:00+00:00,123.67,123.86,123.61,123.74,460.50764589
2026-01-13 21:20:00+00:00,123.6,123.9,123.6,123.76,71.25793841
2026-01-13 21:25:00+00:00,123.77,123.79,123.53,123.53,209.10286294
2026-01-13 21:30:00+00:00,123.54,123.62,123.33,123.33,114.74241822
2026-01-13 21:35:00+00:00,123.36,123.45,123.24,123.3,254.4165669
2026-01-13 21:40:00+00:00,123.28,123.33,123.2,123.24,284.4892219
2026-01-13 21:45:00+00:00,123.23,123.33,123.13,123.33,192.08929167
2026-01-13 21:50:00+00:00,123.32,123.33,123.11,123.14,54.80517091
2026-01-13 21:55:00+00:00,123.15,123.19,123.08,123.1,104.40745654
2026-01-13 22:00:00+00:00,123.14,123.29,123.09,123.18,187.81317568
2026-01-13 22:05:00+00:00,123.2,125.12,123.19,125.11,5167.82213113
2026-01-13 22:10:00+00:00,125.07,127.61,124.92,126.15,13065.80697985
2026-01-13 22:15:00+00:00,126.32,126.77,125.73,126.48,2284.28191087
2026-01-13 22:20:00+00:00,126.43,126.53,126.15,126.32,2539.81488928
2026-01-13 22:25:00+00:00,126.34,126.45,125.75,125.79,1418.84938999
2026-01-13 22:30:00+00:00,125.88,126.06,125.64,125.64,1233.7023503
2026-01-13 22:35:00+00:00,125.58,125.94,125.32,125.91,1290.23037806
2026-01-13 22:40:00+00:00,125.81,126.39,125.73,126.18,696.68311143
2026-01-13 22:45:00+00:00,126.19,126.74,126.09,126.27,2727.83475616
2026-01-13 22:50:00+00:00,126.26,126.34,125.98,125.98,1357.58498722
2026-01-13 22:55:00+00:00,125.99,126.15,125.92,126.09,444.17153485
2026-01-13 23:00:00+00:00,126.54,126.65,126.13,126.52,1868.93604857
2026-01-13 23:05:00+00:00,126.5,126.52,126.1,126.17,1240.81540508
2026-01-13 23:10:00+00:00,126.17,126.37,126.08,126.24,997.91777634
2026-01-13 23:15:00+00:00,126.12,126.3,125.74,125.91,2323.56634688
2026-01-13 23:20:00+00:00,125.91,125.93,125.62,125.68,477.07612469
2026-01-13 23:25:00+00:00,125.62,125.63,125.23,125.31,2043.75668945
2026-01-13 23:30:00+00:00,125.33,125.42,125.06,125.12,644.5137378
2026-01-13 23:35:00+00:00,125.06,125.12,124.37,124.57,754.34013061
2026-01-13 23:40:00+00:00,124.62,124.78,124.33,124.36,385.01437649
2026-01-13 23:45:00+00:00,124.31,124.51,124.11,124.48,497.67687259
2026-01-13 23:50:00+00:00,124.47,124.81,124.42,124.75,291.56875164
2026-01-14 00:00:00+00:00,124.98,125.19,124.81,124.89,1752.56487646
2026-01-14 00:05:00+00:00,124.91,124.98,124.62,124.97,166.66432819
2026-01-14 00:10:00+00:00,125.0,125.04,124.81,124.86,58.81894805
2026-01-14 00:15:00+00:00,124.85,125.09,124.27,124.32,1205.62973491
2026-01-14 00:20:00+00:00,124.44,124.5,124.23,124.23,442.25018727
2026-01-14 00:25:00+00:00,124.43,124.43,124.29,124.32,126.7711441
2026-01-14 00:30:00+00:00,124.41,124.41,124.05,124.13,128.83215347
2026-01-14 00:35:00+00:00,124.02,124.43,123.89,124.37,380.59503557
2026-01-14 00:40:00+00:00,124.37,124.68,124.37,124.61,304.36168443
2026-01-14 00:45:00+00:00,124.55,124.56,124.31,124.48,208.80256662
2026-01-14 00:50:00+00:00,124.42,124.75,124.34,124.35,1177.6809378
2026-01-14 00:55:00+00:00,124.29,124.61,124.25,124.5,534.09274425
2026-01-14 01:00:00+00:00,124.47,124.72,124.39,124.49,469.13004758
2026-01-14 01:05:00+00:00,124.74,125.38,124.74,125.02,3371.72205917
2026-01-14 01:10:00+00:00,125.0,125.25,124.98,125.14,362.9234961
2026-01-14 01:15:00+00:00,125.16,125.27,124.89,124.91,1265.65305618
2026-01-14 01:20:00+00:00,124.97,125.04,124.95,125.04,124.61688678
2026-01-14 01:25:00+00:00,125.01,125.22,124.95,124.96,171.04325567
2026-01-14 01:30:00+00:00,125.12,125.5,124.92,125.36,390.36342339
2026-01-14 01:35:00+00:00,125.34,125.45,125.12,125.18,1160.22049772
2026-01-14 01:40:00+00:00,125.11,125.12,124.93,125.02,259.82546019
2026-01-14 01:45:00+00:00,124.99,125.0,124.65,124.65,52.19961507
2026-01-14 01:50:00+00:00,124.66,124.98,124.66,124.85,431.2527109
2026-01-14 01:55:00+00:00,124.98,125.23,124.98,125.1,417.80474943
2026-01-14 02:00:00+00:00,124.99,125.18,124.98,125.06,89.353867
2026-01-14 02:05:00+00:00,125.0,125.35,125.0,125.27,97.43920615
2026-01-14 02:10:00+00:00,125.25,125.81,125.25,125.54,310.65884348
2026-01-14 02:15:00+00:00,125.51,125.68,125.43,125.43,63.32291407
2026-01-14 02:20:00+00:00,125.43,125.45,125.37,125.39,172.14061601
2026-01-14 02:25:00+00:00,125.33,125.34,125.16,125.24,147.46445095
2026-01-14 02:30:00+00:00,125.18,125.21,125.11,125.17,74.38655863
2026-01-14 02:35:00+00:00,125.17,125.21,125.12,125.21,452.55027484
2026-01-14 02:40:00+00:00,125.12,125.2,125.04,125.04,35.74766166
2026-01-14 02:45:00+00:00,125.13,125.3,125.13,125.29,70.72989853
2026-01-14 02:50:00+00:00,124.78,125.26,124.73,124.86,1358.49556332
2026-01-14 02:55:00+00:00,124.76,124.87,124.71,124.87,354.76071283
2026-01-14 03:00:00+00:00,124.67,125.01,124.64,125.01,531.2930011
2026-01-14 03:05:00+00:00,125.01,125.03,124.82,124.82,118.3137569
2026-01-14 03:10:00+00:00,124.79,124.94,124.65,124.94,106.40499347
2026-01-14 03:15:00+00:00,124.88,125.02,124.81,125.02,417.75672369
2026-01-14 03:20:00+00:00,124.9,124.92,124.56,124.7,632.64270598
2026-01-14 03:25:00+00:00,124.82,124.82,124.69,124.75,41.23218759
2026-01-14 03:30:00+00:00,124.91,125.33,124.76,125.23,544.47735559
2026-01-14 03:35:00+00:00,125.24,125.43,125.21,125.4,120.87161618
2026-01-14 03:40:00+00:00,125.4,125.5,125.31,125.32,100.27807447
2026-01-14 03:45:00+00:00,125.28,125.35,125.24,125.3,20.63292907
2026-01-14 03:50:00+00:00,125.22,125.29,125.19,125.27,39.87281945
2026-01-14 03:55:00+00:00,125.21,125.53,125.21,125.49,350.69315198
2026-01-14 04:00:00+00:00,125.46,125.6,125.31,125.54,2268.23741427
2026-01-14 04:05:00+00:00,125.39,125.39,124.42,124.66,3163.97019083
2026-01-14 04:10:00+00:00,124.62,124.74,124.59,124.65,444.75478953
2026-01-14 04:15:00+00:00,124.63,124.94,124.63,124.89,94.89604033
2026-01-14 04:20:00+00:00,124.88,125.03,124.83,124.97,228.49224258
2026-01-14 04:25:00+00:00,125.01,125.01,124.95,124.97,129.73751263
2026-01-14 04:30:00+00:00,124.94,124.94,124.78,124.82,214.26913417
2026-01-14 04:35:00+00:00,124.79,124.88,124.72,124.73,1553.22289282
2026-01-14 04:40:00+00:00,124.72,124.72,124.48,124.5,546.49782565
2026-01-14 04:45:00+00:00,124.5,124.55,124.46,124.48,357.3784994
2026-01-14 04:50:00+00:00,124.37,124.48,124.29,124.4,184.38605961
2026-01-14 04:55:00+00:00,124.41,124.43,124.28,124.37,337.58606433
2026-01-14 05:00:00+00:00,124.33,124.37,124.19,124.32,123.3393961
2026-01-14 05:05:00+00:00,124.31,124.38,124.23,124.33,141.99587843
2026-01-14 05:10:00+00:00,124.35,124.42,124.34,124.38,191.83277869
2026-01-14 05:15:00+00:00,124.43,124.6,124.37,124.6,15.18952397
2026-01-14 05:20:00+00:00,124.6,124.6,124.09,124.28,97.71085578
2026-01-14 05:25:00+00:00,124.14,124.34,124.14,124.23,31.97208981
2026-01-14 05:30:00+00:00,124.12,124.31,124.11,124.19,62.48275432
2026-01-14 05:35:00+00:00,124.32,124.63,124.29,124.53,109.45991017
2026-01-14 05:40:00+00:00,124.55,124.58,124.01,124.01,750.68637085
2026-01-14 05:45:00+00:00,124.02,124.23,124.02,124.15,170.63340705
2026-01-14 05:50:00+00:00,124.12,124.17,124.05,124.12,447.23126425
2026-01-14 05:55:00+00:00,124.08,124.08,123.92,123.99,494.01957641
2026-01-14 06:00:00+00:00,123.94,123.98,123.85,123.94,110.50625052
2026-01-14 06:05:00+00:00,123.9,123.94,123.54,123.56,284.5432733
2026-01-14 06:10:00+00:00,123.61,123.91,123.53,123.91,488.81365137
2026-01-14 06:15:00+00:00,123.93,123.96,123.54,123.55,908.1397019
2026-01-14 06:20:00+00:00,123.65,123.69,123.52,123.6,930.79610702
2026-01-14 06:25:00+00:00,123.64,123.69,123.55,123.68,136.72611352
2026-01-14 06:30:00+00:00,123.59,123.74,123.58,123.61,346.92274584
2026-01-14 06:35:00+00:00,123.61,123.84,123.48,123.81,453.42834381
2026-01-14 06:40:00+00:00,123.88,124.0,123.88,123.96,197.36591481
2026-01-14 06:45:00+00:00,124.0,124.05,123.97,124.03,68.41425222
2026-01-14 06:50:00+00:00,124.15,124.17,123.99,124.11,120.81596099
2026-01-14 06:55:00+00:00,124.09,124.13,124.05,124.13,180.41504254
2026-01-14 07:00:00+00:00,124.14,124.27,124.02,124.07,270.24889202
2026-01-14 07:05:00+00:00,124.24,124.47,124.24,124.38,460.11503437
2026-01-14 07:10:00+00:00,124.36,124.36,124.25,124.25,86.15857991
2026-01-14 07:15:00+00:00,124.32,124.44,124.21,124.23,199.86224266
2026-01-14 07:20:00+00:00,124.12,124.25,124.06,124.14,109.93309384
2026-01-14 07:25:00+00:00,124.1,124.1,123.82,123.83,94.68841821
2026-01-14 07:30:00+00:00,123.83,123.84,123.68,123.75,228.62983756
2026-01-14 07:35:00+00:00,123.92,123.92,123.8,123.83,347.44304566
2026-01-14 07:40:00+00:00,123.8,123.92,123.79,123.91,854.39362431
2026-01-14 07:45:00+00:00,123.93,124.28,123.9,124.22,1707.71133051
2026-01-14 07:50:00+00:00,124.21,124.28,124.16,124.22,425.97876659
2026-01-14 07:55:00+00:00,124.22,124.3,124.21,124.29,193.81006135
2026-01-14 08:00:00+00:00,124.29,124.39,124.21,124.38,1064.94237636
2026-01-14 08:05:00+00:00,124.34,124.52,124.32,124.45,525.77864051
2026-01-14 08:10:00+00:00,124.41,124.58,124.41,124.47,165.92438121
2026-01-14 08:15:00+00:00,124.5,124.55,124.39,124.39,270.54801494
2026-01-14 08:20:00+00:00,124.41,124.5,124.33,124.33,300.7483792
2026-01-14 08:25:00+00:00,124.42,124.42,124.23,124.23,247.38807401
2026-01-14 08:30:00+00:00,124.23,124.36,124.18,124.3,132.61863856
2026-01-14 08:35:00+00:00,124.3,124.32,124.12,124.2,153.24558716
2026-01-14 08:40:00+00:00,124.21,124.23,124.13,124.22,72.61833592
2026-01-14 08:45:00+00:00,124.25,124.38,124.25,124.26,193.65983578
2026-01-14 08:50:00+00:00,124.27,124.49,124.25,124.46,1052.29286588
2026-01-14 08:55:00+00:00,124.36,124.41,124.31,124.32,76.2314927
2026-01-14 09:00:00+00:00,124.46,124.47,124.29,124.43,164.64732716
2026-01-14 09:05:00+00:00,124.42,124.64,124.38,124.58,338.07245071
2026-01-14 09:10:00+00:00,124.62,124.95,124.62,124.94,547.99262986
2026-01-14 09:15:00+00:00,124.92,124.92,124.8,124.83,198.36705244
2026-01-14 09:20:00+00:00,124.91,124.95,124.82,124.87,374.86672812
2026-01-14 09:25:00+00:00,124.84,124.97,124.73,124.76,414.26572429
2026-01-14 09:30:00+00:00,124.76,124.88,124.76,124.84,216.36344198
2026-01-14 09:35:00+00:00,124.87,124.92,124.73,124.8,100.81826233
2026-01-14 09:40:00+00:00,124.8,124.81,124.7,124.7,131.51202253
2026-01-14 09:45:00+00:00,124.79,124.85,124.71,124.77,54.49855375
2026-01-14 09:50:00+00:00,124.82,124.82,124.62,124.71,51.67654832
2026-01-14 09:55:00+00:00,124.72,124.83,124.72,124.83,14.38185178
2026-01-14 10:00:00+00:00,124.86,124.92,124.83,124.9,108.72657349
2026-01-14 10:05:00+00:00,124.87,124.96,124.85,124.92,174.28954049
2026-01-14 10:10:00+00:00,124.93,125.06,124.92,125.0,441.45162896
2026-01-14 10:15:00+00:00,125.0,125.0,124.63,124.63,301.84717356
2026-01-14 10:20:00+00:00,124.58,124.58,124.19,124.36,426.53723047
2026-01-14 10:25:00+00:00,124.34,124.43,124.2,124.43,188.11645598
2026-01-14 10:30:00+00:00,124.41,124.52,124.24,124.25,203.71414142
2026-01-14 10:35:00+00:00,124.19,124.35,123.98,124.35,167.74014572
2026-01-14 10:40:00+00:00,124.34,124.41,124.28,124.33,137.66764838
2026-01-14 10:45:00+00:00,124.32,124.37,124.3,124.36,110.8294051
2026-01-14 10:50:00+00:00,124.37,124.44,124.36,124.4,81.46711566
2026-01-14 10:55:00+00:00,124.28,124.3,124.13,124.14,1652.04508909
2026-01-14 11:00:00+00:00,124.12,124.14,123.94,123.94,286.73012474
2026-01-14 11:05:00+00:00,123.93,123.99,123.87,123.95,204.11094959
2026-01-14 11:10:00+00:00,123.93,123.93,123.73,123.81,190.42047552
2026-01-14 11:15:00+00:00,123.74,123.76,123.38,123.4,1546.82043507
2026-01-14 11:20:00+00:00,123.41,123.66,123.41,123.64,772.50331029
2026-01-14 11:25:00+00:00,123.64,123.7,123.57,123.65,917.66020037
2026-01-14 11:30:00+00:00,123.6,123.74,123.54,123.6,393.23521963
2026-01-14 11:35:00+00:00,123.64,123.7,123.5,123.69,256.24893177
2026-01-14 11:40:00+00:00,123.74,123.74,123.54,123.61,7.75061991
2026-01-14 11:45:00+00:00,123.64,123.64,123.47,123.56,506.80214457
2026-01-14 11:50:00+00:00,123.6,123.6,123.37,123.39,94.36116233
2026-01-14 11:55:00+00:00,123.39,123.4,123.16,123.35,684.02031383
2026-01-14 12:00:00+00:00,123.36,123.44,123.01,123.44,414.43321108
2026-01-14 12:05:00+00:00,123.48,123.72,123.48,123.62,404.95648875
2026-01-14 12:10:00+00:00,123.7,123.88,123.7,123.82,132.52644382
2026-01-14 12:15:00+00:00,123.81,123.84,123.73,123.82,106.42582828
2026-01-14 12:20:00+00:00,123.82,124.08,123.81,124.03,153.21748002
2026-01-14 12:25:00+00:00,124.05,124.08,124.0,124.0,286.20235283
2026-01-14 12:30:00+00:00,124.05,124.08,123.77,123.99,799.35023071
2026-01-14 12:35:00+00:00,124.0,124.2,124.0,124.2,311.98867729
2026-01-14 12:40:00+00:00,124.17,124.24,124.12,124.13,75.20116485
2026-01-14 12:45:00+00:00,124.12,124.13,124.07,124.13,178.00929656
2026-01-14 12:50:00+00:00,124.08,124.13,123.98,124.0,238.27717992
2026-01-14 12:55:00+00:00,124.01,124.06,123.94,123.98,166.65927119
2026-01-14 13:00:00+00:00,123.95,124.0,123.77,123.79,121.80545441
2026-01-14 13:05:00+00:00,123.74,123.93,123.66,123.74,152.85717735
2026-01-14 13:10:00+00:00,123.84,123.91,123.72,123.8,156.60063246
2026-01-14 13:15:00+00:00,123.85,123.93,123.79,123.85,356.79903298
2026-01-14 13:20:00+00:00,123.89,124.24,123.87,124.16,794.58615961
2026-01-14 13:25:00+00:00,124.04,124.26,124.02,124.26,227.91775478
2026-01-14 13:30:00+00:00,124.31,124.31,124.09,124.16,247.01867539
2026-01-14 13:35:00+00:00,124.17,124.24,124.07,124.12,192.71627572
2026-01-14 13:40:00+00:00,124.1,124.26,124.1,124.1,309.26344934
2026-01-14 13:45:00+00:00,124.03,124.1,123.7,123.76,810.40533249
2026-01-14 13:50:00+00:00,123.76,123.88,123.65,123.69,997.23002373
2026-01-14 13:55:00+00:00,123.67,123.77,123.61,123.77,488.0103113
2026-01-14 14:00:00+00:00,123.76,124.23,123.76,124.23,952.19349908
2026-01-14 14:05:00+00:00,124.24,124.65,124.22,124.51,2082.36286146
2026-01-14 14:10:00+00:00,124.52,124.64,124.52,124.53,781.85768856
2026-01-14 14:15:00+00:00,124.54,125.22,124.52,124.72,2712.49542702
2026-01-14 14:20:00+00:00,124.72,125.35,124.61,125.34,1166.2260259
2026-01-14 14:25:00+00:00,125.56,125.67,125.05,125.14,1482.56876819
2026-01-14 14:30:00+00:00,125.13,125.4,124.89,125.23,2317.7641412
2026-01-14 14:35:00+00:00,125.15,125.63,125.02,125.49,648.20174178
2026-01-14 14:40:00+00:00,125.42,125.59,125.19,125.3,2413.17173665
2026-01-14 14:45:00+00:00,125.31,126.19,125.31,126.01,1991.94615091
2026-01-14 14:50:00+00:00,125.9,126.56,125.79,126.48,2364.10123029
2026-01-14 14:55:00+00:00,126.46,126.53,125.73,126.44,861.88303711
2026-01-14 15:00:00+00:00,125.77,125.77,125.22,125.48,3823.10318899
2026-01-14 15:05:00+00:00,125.53,126.06,125.41,125.82,1384.8993316
2026-01-14 15:10:00+00:00,125.84,126.6,125.82,126.42,2969.49249375
2026-01-14 15:15:00+00:00,126.38,126.39,126.07,126.13,499.03975825
2026-01-14 15:20:00+00:00,126.12,126.2,125.95,126.19,921.12299765
2026-01-14 15:25:00+00:00,126.28,126.48,126.01,126.04,944.38816587
2026-01-14 15:30:00+00:00,126.03,126.33,125.9,126.33,1027.78124379
2026-01-14 15:35:00+00:00,126.3,126.4,125.65,125.86,579.69093081
2026-01-14 15:40:00+00:00,125.86,125.86,125.52,125.76,825.87513551
2026-01-14 15:45:00+00:00,125.76,126.03,125.66,125.92,763.15307828
2026-01-14 15:50:00+00:00,125.93,125.95,125.47,125.9,925.28689491
2026-01-14 15:55:00+00:00,126.1,126.21,126.0,126.12,347.6356189
2026-01-14 16:00:00+00:00,126.21,126.43,126.21,126.39,304.16343622
2026-01-14 16:05:00+00:00,126.39,126.78,126.27,126.3,651.79078944
2026-01-14 16:10:00+00:00,126.75,126.98,126.64,126.8,1853.46761887
2026-01-14 16:15:00+00:00,126.85,127.17,126.63,127.02,2180.01987188
2026-01-14 16:20:00+00:00,127.01,127.22,126.73,126.85,980.80610784
2026-01-14 16:25:00+00:00,126.78,126.92,126.77,126.83,754.63524625
2026-01-14 16:30:00+00:00,126.85,127.36,126.81,126.82,796.34169025
2026-01-14 16:35:00+00:00,126.68,127.18,126.61,127.16,1760.37839488
2026-01-14 16:40:00+00:00,127.14,127.14,126.23,126.59,3982.27877832
2026-01-14 16:45:00+00:00,126.59,126.94,126.52,126.69,2539.82899427
2026-01-14 16:50:00+00:00,126.67,126.74,126.42,126.5,1980.80802317
2026-01-14 16:55:00+00:00,126.04,126.45,126.04,126.23,3188.64393453
2026-01-14 17:00:00+00:00,126.21,126.35,125.94,126.1,1740.74862586
2026-01-14 17:05:00+00:00,126.09,126.45,126.03,126.13,2348.40918488
2026-01-14 17:10:00+00:00,126.45,126.65,126.3,126.56,2486.90193756
2026-01-14 17:15:00+00:00,126.54,126.74,126.42,126.54,2384.35021069
2026-01-14 17:20:00+00:00,126.53,126.62,126.31,126.36,1222.24630429
2026-01-14 17:25:00+00:00,126.38,126.49,126.28,126.45,955.87965107
2026-01-14 17:30:00+00:00,126.21,126.24,125.76,125.78,892.66876753
2026-01-14 17:35:00+00:00,125.47,125.89,125.27,125.63,5398.4632501
2026-01-14 17:40:00+00:00,125.6,125.98,125.58,125.97,2237.02263271
2026-01-14 17:45:00+00:00,125.84,126.11,125.83,125.95,718.4223395
2026-01-14 17:50:00+00:00,125.95,125.95,125.37,125.38,2335.29130694
2026-01-14 17:55:00+00:00,125.47,125.55,125.18,125.39,1792.79983183
2026-01-14 18:00:00+00:00,125.35,125.64,125.29,125.57,2136.99314957
2026-01-14 18:05:00+00:00,125.57,125.91,125.56,125.81,1448.2644235
2026-01-14 18:10:00+00:00,125.91,125.91,125.54,125.72,1002.93589598
2026-01-14 18:15:00+00:00,125.71,125.9,125.35,125.8,776.1689739
2026-01-14 18:20:00+00:00,125.9,126.09,125.85,126.09,590.74537964
2026-01-14 18:25:00+00:00,126.16,126.48,126.07,126.47,283.41926097
2026-01-14 18:30:00+00:00,126.5,126.64,125.44,125.5,517.27239569
2026-01-14 18:35:00+00:00,125.37,125.64,125.14,125.14,840.68474238
2026-01-14 18:40:00+00:00,125.17,125.4,125.11,125.18,225.30731601
2026-01-14 18:45:00+00:00,125.17,125.44,124.89,125.41,626.22001403
2026-01-14 18:50:00+00:00,125.5,125.75,125.39,125.75,114.95009845
2026-01-14 18:55:00+00:00,125.78,125.93,125.73,125.88,331.37253114
2026-01-14 19:00:00+00:00,125.75,125.91,125.59,125.91,219.80711102
2026-01-14 19:05:00+00:00,125.78,126.1,125.67,126.09,403.55234949
2026-01-14 19:10:00+00:00,126.11,126.11,125.86,126.01,190.07244256
2026-01-14 19:15:00+00:00,126.13,126.24,125.96,126.13,252.27035892
2026-01-14 19:20:00+00:00,126.18,126.46,126.11,126.18,669.56594125
2026-01-14 19:25:00+00:00,126.13,126.68,125.97,126.01,852.71658265
2026-01-14 19:30:00+00:00,126.68,126.75,126.04,126.04,894.47728907
2026-01-14 19:35:00+00:00,125.98,126.37,125.97,126.05,231.35707026
2026-01-14 19:40:00+00:00,126.32,126.51,126.2,126.23,1552.81424078
2026-01-14 19:45:00+00:00,126.19,126.29,126.13,126.18,326.29189218
2026-01-14 19:50:00+00:00,126.2,126.28,126.0,126.07,261.50538781
2026-01-14 19:55:00+00:00,126.06,126.17,126.0,126.09,436.85993213
2026-01-14 20:00:00+00:00,126.14,126.3,125.94,126.1,539.6669512
2026-01-14 20:05:00+00:00,126.14,126.63,126.06,126.47,624.8857282
2026-01-14 20:10:00+00:00,126.47,126.92,126.46,126.64,1674.32753242
2026-01-14 20:15:00+00:00,126.56,126.56,126.27,126.53,724.95712771
2026-01-14 20:20:00+00:00,126.47,126.54,126.34,126.42,1259.72053869
2026-01-14 20:25:00+00:00,126.19,126.41,126.16,126.17,393.75018725
2026-01-14 20:30:00+00:00,126.21,126.63,126.21,126.54,179.01510778
2026-01-14 20:35:00+00:00,126.6,126.85,126.45,126.79,1465.19180304
2026-01-14 20:40:00+00:00,126.73,126.89,126.64,126.67,740.8621716
2026-01-14 20:45:00+00:00,126.57,126.74,126.42,126.43,245.15195213
2026-01-14 20:50:00+00:00,126.44,126.66,126.39,126.59,317.73891327
2026-01-14 20:55:00+00:00,126.61,126.73,126.45,126.72,209.58968123
2026-01-14 21:00:00+00:00,126.73,126.77,126.48,126.66,321.03954938
2026-01-14 21:05:00+00:00,126.55,126.67,126.4,126.41,562.16085735
2026-01-14 21:10:00+00:00,126.4,126.44,126.22,126.28,1068.50987354
2026-01-14 21:15:00+00:00,126.22,126.34,126.16,126.31,287.32710287
2026-01-14 21:20:00+00:00,126.32,126.41,126.27,126.29,406.04241461
2026-01-14 21:25:00+00:00,126.28,126.41,126.07,126.31,1255.83489515
2026-01-14 21:30:00+00:00,126.34,126.64,126.34,126.52,374.37238031
2026-01-14 21:35:00+00:00,126.49,126.66,126.49,126.6,336.8327459
2026-01-14 21:40:00+00:00,126.56,126.56,126.29,126.37,246.97779872
2026-01-14 21:45:00+00:00,126.34,126.37,126.2,126.2,155.77849673
2026-01-14 21:50:00+00:00,126.24,126.3,125.83,125.83,119.36455423
2026-01-14 21:55:00+00:00,125.82,126.16,125.66,125.96,961.10118344
2026-01-14 22:00:00+00:00,126.16,126.25,125.99,126.21,275.92521865
2026-01-14 22:05:00+00:00,126.17,126.38,126.09,126.38,137.59360322
2026-01-14 22:10:00+00:00,126.25,126.33,126.1,126.14,19.26799645
2026-01-14 22:15:00+00:00,126.09,126.13,126.05,126.1,39.82520191
2026-01-14 22:20:00+00:00,126.1,126.25,125.98,126.23,149.05704714
2026-01-14 22:25:00+00:00,125.88,126.22,125.83,125.83,492.31732894
2026-01-14 22:30:00+00:00,125.89,125.91,125.47,125.72,329.70249086
2026-01-14 22:35:00+00:00,125.64,125.77,125.3,125.3,888.68760181
2026-01-14 22:40:00+00:00,125.38,125.48,125.24,125.41,1877.9264797
2026-01-14 22:45:00+00:00,125.4,125.64,125.38,125.6,191.55440237
2026-01-14 22:50:00+00:00,125.64,125.66,125.47,125.48,32.71891297
2026-01-14 22:55:00+00:00,125.41,125.62,125.34,125.52,1969.98408729
2026-01-14 23:00:00+00:00,125.54,125.95,125.53,125.8,826.82752631
2026-01-14 23:05:00+00:00,125.8,126.04,125.8,126.0,146.08443582
2026-01-14 23:10:00+00:00,125.95,126.06,125.95,126.01,150.75964029
2026-01-14 23:15:00+00:00,126.09,126.23,125.94,125.97,102.99543629
2026-01-14 23:20:00+00:00,125.96,126.0,125.83,125.84,212.00623673
2026-01-14 23:25:00+00:00,125.67,125.88,125.61,125.69,135.13880282
2026-01-14 23:30:00+00:00,125.64,125.64,125.45,125.56,393.13106331
2026-01-14 23:35:00+00:00,125.64,125.81,125.63,125.77,225.06835738
2026-01-14 23:40:00+00:00,125.78,125.88,125.69,125.81,1178.28268232
2026-01-14 23:45:00+00:00,125.82,126.0,125.81,125.99,114.61922488
2026-01-14 23:50:00+00:00,125.98,126.12,125.95,126.1,204.88731671
2026-01-14 23:55:00+00:00,125.99,126.11,125.91,125.99,67.62784661
2026-01-15 00:00:00+00:00,125.99,126.01,125.58,125.63,59.44233947
2026-01-15 00:05:00+00:00,125.61,125.71,125.53,125.54,793.55004695
2026-01-15 00:10:00+00:00,125.61,125.65,125.43,125.65,114.08211514
2026-01-15 00:15:00+00:00,125.67,125.68,125.36,125.36,38.57142709
2026-01-15 00:20:00+00:00,125.34,125.49,125.32,125.49,32.52105696
2026-01-15 00:25:00+00:00,125.45,125.46,125.28,125.35,14.39879876
2026-01-15 00:30:00+00:00,125.4,125.4,125.2,125.25,63.44577136
2026-01-15 00:35:00+00:00,125.14,125.27,125.06,125.13,292.0911381
2026-01-15 00:40:00+00:00,125.22,125.22,125.03,125.15,884.41646429
2026-01-15 00:45:00+00:00,125.13,125.26,125.02,125.19,190.79725405
2026-01-15 00:50:00+00:00,125.18,125.26,125.16,125.22,246.68651858
2026-01-15 00:55:00+00:00,125.27,125.51,125.24,125.41,74.57366151
2026-01-15 01:00:00+00:00,125.6,125.85,125.6,125.84,325.98665145
2026-01-15 01:05:00+00:00,125.85,125.87,125.61,125.68,86.3686725
2026-01-15 01:10:00+00:00,125.61,125.61,125.43,125.55,59.68265592
2026-01-15 01:15:00+00:00,125.53,125.56,125.43,125.43,21.35367435
2026-01-15 01:20:00+00:00,125.4,125.4,125.14,125.2,141.57837116
2026-01-15 01:25:00+00:00,125.23,125.34,124.98,125.34,208.63952885
2026-01-15 01:30:00+00:00,124.9,125.02,124.45,124.6,2323.03025263
2026-01-15 01:35:00+00:00,124.58,124.95,124.49,124.8,972.14356702
2026-01-15 01:40:00+00:00,124.82,124.89,124.72,124.78,248.23336962
2026-01-15 01:45:00+00:00,124.7,124.7,124.62,124.62,36.65140311
2026-01-15 01:50:00+00:00,124.59,124.78,124.5,124.78,126.78989357
2026-01-15 01:55:00+00:00,124.78,124.78,124.74,124.76,4.06501743
2026-01-15 02:00:00+00:00,124.8,124.83,124.73,124.73,33.34173681
2026-01-15 02:05:00+00:00,124.8,125.04,124.8,125.04,42.29625779
2026-01-15 02:10:00+00:00,124.98,124.98,124.64,124.64,153.54024913
2026-01-15 02:15:00+00:00,124.66,124.98,124.66,124.84,117.08293125
2026-01-15 02:20:00+00:00,124.87,124.87,124.57,124.57,53.05883376
2026-01-15 02:25:00+00:00,124.7,124.74,124.58,124.58,36.08894625
2026-01-15 02:30:00+00:00,124.59,124.7,124.3,124.3,710.19644504
2026-01-15 02:35:00+00:00,124.25,124.42,124.02,124.42,406.38297823
2026-01-15 02:40:00+00:00,124.48,124.58,124.42,124.5,222.07965071
2026-01-15 02:45:00+00:00,124.46,124.46,124.23,124.34,144.71069204
2026-01-15 02:50:00+00:00,124.28,124.3,123.92,123.97,1373.58217343
2026-01-15 02:55:00+00:00,124.01,124.16,124.01,124.13,134.08980902
2026-01-15 03:00:00+00:00,124.16,124.2,124.05,124.05,152.15093764
2026-01-15 03:05:00+00:00,124.02,124.26,123.98,124.15,146.65184725
2026-01-15 03:10:00+00:00,124.2,124.33,124.19,124.19,55.28587504
2026-01-15 03:15:00+00:00,124.18,124.27,123.87,123.87,143.01505728
2026-01-15 03:20:00+00:00,123.9,124.06,123.85,123.98,52.21897161
2026-01-15 03:25:00+00:00,123.9,123.9,123.39,123.39,1798.39963528
2026-01-15 03:30:00+00:00,123.46,123.56,123.34,123.52,468.55483002
2026-01-15 03:35:00+00:00,123.5,123.52,123.03,123.11,666.44647574
2026-01-15 03:40:00+00:00,123.14,123.43,123.09,123.32,386.10759791
2026-01-15 03:45:00+00:00,123.3,123.45,123.22,123.22,343.66830247
2026-01-15 03:50:00+00:00,123.26,123.28,123.25,123.25,8.75652687
2026-01-15 03:55:00+00:00,123.19,123.29,123.09,123.29,331.00636522
2026-01-15 04:00:00+00:00,123.16,123.74,123.16,123.69,1963.48512948
2026-01-15 04:05:00+00:00,123.69,123.74,123.6,123.74,300.90776889
2026-01-15 04:10:00+00:00,123.8,123.8,123.68,123.73,246.67340089
2026-01-15 04:15:00+00:00,123.73,123.82,123.59,123.78,169.70208188
2026-01-15 04:20:00+00:00,123.78,124.1,123.73,124.1,301.0631308
2026-01-15 04:25:00+00:00,124.01,124.01,123.76,123.8,102.6486161
2026-01-15 04:30:00+00:00,123.79,123.95,123.72,123.93,384.01818903
2026-01-15 04:35:00+00:00,123.93,123.98,123.83,123.92,128.11070262
2026-01-15 04:40:00+00:00,123.92,124.07,123.91,124.07,260.78419399
2026-01-15 04:45:00+00:00,124.04,124.07,123.91,123.99,73.81454369
2026-01-15 04:50:00+00:00,123.94,124.09,123.94,124.09,118.16075509
2026-01-15 04:55:00+00:00,124.06,124.15,124.0,124.11,64.63420523
2026-01-15 05:00:00+00:00,124.1,124.36,124.04,124.13,202.3729422
2026-01-15 05:05:00+00:00,124.17,124.2,124.09,124.19,100.80385804
2026-01-15 05:10:00+00:00,124.19,124.19,124.13,124.15,69.24996358
2026-01-15 05:15:00+00:00,124.1,124.22,124.1,124.22,91.59209754
2026-01-15 05:20:00+00:00,124.25,124.27,124.1,124.16,57.61823894
2026-01-15 05:25:00+00:00,124.18,124.23,124.18,124.23,12.45802117
2026-01-15 05:30:00+00:00,124.27,124.28,124.17,124.2,79.00877592
2026-01-15 05:35:00+00:00,124.16,124.36,124.05,124.31,171.88049503
2026-01-15 05:40:00+00:00,124.28,124.45,124.24,124.27,67.78237281
2026-01-15 05:45:00+00:00,124.4,124.44,124.32,124.39,359.49622049
2026-01-15 05:50:00+00:00,124.42,124.42,124.24,124.24,141.04494174
2026-01-15 05:55:00+00:00,124.17,124.32,124.17,124.32,21.12104015
2026-01-15 06:00:00+00:00,124.28,124.37,124.27,124.27,179.87656665
2026-01-15 06:05:00+00:00,124.34,124.35,124.2,124.2,41.88676392
2026-01-15 06:10:00+00:00,124.18,124.26,124.18,124.22,242.31933454
2026-01-15 06:15:00+00:00,124.27,124.52,124.27,124.52,254.70247936
2026-01-15 06:20:00+00:00,124.45,124.47,124.12,124.28,869.97070857
2026-01-15 06:25:00+00:00,124.29,124.32,124.19,124.19,128.07465397
2026-01-15 06:30:00+00:00,124.18,124.21,124.0,124.15,109.89825995
2026-01-15 06:35:00+00:00,124.0,124.01,123.84,123.92,2020.4596578
2026-01-15 06:40:00+00:00,123.93,123.94,123.87,123.9,85.10302533
2026-01-15 06:45:00+00:00,123.9,124.0,123.83,123.99,83.52023706
2026-01-15 06:50:00+00:00,123.99,124.07,123.98,124.01,80.54552841
2026-01-15 06:55:00+00:00,124.04,124.07,123.93,123.93,60.79095127
2026-01-15 07:00:00+00:00,123.92,124.08,123.85,124.08,279.45788053
2026-01-15 07:05:00+00:00,124.09,124.11,124.03,124.04,85.15069418
2026-01-15 07:10:00+00:00,124.13,124.17,124.08,124.11,275.87661953
2026-01-15 07:15:00+00:00,124.13,124.37,124.13,124.31,620.86408628
2026-01-15 07:20:00+00:00,124.27,124.52,124.27,124.51,1044.38058572
2026-01-15 07:25:00+00:00,124.41,124.58,124.4,124.54,278.21866449
2026-01-15 07:30:00+00:00,124.55,124.6,124.48,124.53,172.84730488
2026-01-15 07:35:00+00:00,124.56,124.57,124.45,124.56,177.10693742
2026-01-15 07:40:00+00:00,124.7,124.8,124.6,124.72,263.55936722
2026-01-15 07:45:00+00:00,124.8,124.89,124.71,124.71,217.29944492
2026-01-15 07:50:00+00:00,124.69,124.71,124.56,124.59,268.34792487
2026-01-15 07:55:00+00:00,124.61,124.64,124.55,124.64,188.53668544
2026-01-15 08:00:00+00:00,124.73,124.89,124.62,124.71,155.62653458
2026-01-15 08:05:00+00:00,124.82,124.85,124.19,124.19,151.5316263
2026-01-15 08:10:00+00:00,123.94,124.23,123.89,124.2,650.39209518
2026-01-15 08:15:00+00:00,124.2,124.26,124.13,124.17,82.30212675
2026-01-15 08:20:00+00:00,124.21,124.45,124.21,124.34,63.24509869
2026-01-15 08:25:00+00:00,124.35,124.38,124.15,124.16,1003.053168
2026-01-15 08:30:00+00:00,124.18,124.19,124.12,124.19,99.64093106
2026-01-15 08:35:00+00:00,124.15,124.29,124.15,124.23,182.79599949
2026-01-15 08:40:00+00:00,124.2,124.3,124.18,124.3,138.56278606
2026-01-15 08:45:00+00:00,124.3,124.41,124.18,124.41,166.63317043
2026-01-15 08:50:00+00:00,124.41,124.6,124.41,124.6,79.92971177
2026-01-15 08:55:00+00:00,124.57,124.63,124.54,124.6,128.59863321
2026-01-15 09:00:00+00:00,124.42,124.59,124.35,124.35,436.54964251
2026-01-15 09:05:00+00:00,124.32,124.51,124.32,124.51,66.38407768
2026-01-15 09:10:00+00:00,124.36,124.55,124.31,124.31,153.07655525
2026-01-15 09:15:00+00:00,124.31,124.4,124.25,124.38,423.09092037
2026-01-15 09:20:00+00:00,124.38,124.56,124.38,124.56,29.48072029
2026-01-15 09:25:00+00:00,124.59,124.9,124.59,124.84,187.71633958
2026-01-15 09:30:00+00:00,124.82,124.9,124.79,124.89,144.82614542
2026-01-15 09:35:00+00:00,124.88,125.31,124.85,125.28,560.14632695
2026-01-15 09:40:00+00:00,125.27,125.46,125.16,125.46,341.22606436
2026-01-15 09:45:00+00:00,125.42,125.42,125.15,125.21,269.82072277
2026-01-15 09:50:00+00:00,125.18,125.45,125.18,125.4,255.49184089
2026-01-15 09:55:00+00:00,125.46,125.46,125.2,125.2,185.45719986
2026-01-15 10:00:00+00:00,125.06,125.18,124.89,124.89,119.01424056
2026-01-15 10:05:00+00:00,124.89,125.07,124.88,125.07,103.38041731
2026-01-15 10:10:00+00:00,125.0,125.04,124.93,125.02,266.06981952
2026-01-15 10:15:00+00:00,125.07,125.07,124.96,125.01,111.52011224
2026-01-15 10:20:00+00:00,125.06,125.17,125.01,125.02,498.17195211
2026-01-15 10:25:00+00:00,125.01,125.01,124.82,124.85,507.527304
2026-01-15 10:30:00+00:00,124.83,124.99,124.82,124.99,101.4791262
2026-01-15 10:35:00+00:00,124.93,124.93,124.85,124.91,110.66544048
2026-01-15 10:40:00+00:00,124.92,124.93,124.83,124.85,49.72374279
2026-01-15 10:45:00+00:00,124.94,125.0,124.92,124.94,43.57009958
2026-01-15 10:50:00+00:00,124.96,125.06,124.95,124.96,88.41796817
2026-01-15 10:55:00+00:00,125.05,125.05,124.94,124.96,69.31978332
2026-01-15 11:00:00+00:00,125.04,125.1,124.9,124.98,60.75972316
2026-01-15 11:05:00+00:00,124.99,125.08,124.94,125.03,159.58564726
2026-01-15 11:10:00+00:00,124.95,125.04,124.93,124.95,73.22195886
2026-01-15 11:15:00+00:00,124.96,125.07,124.93,125.07,69.40314244
2026-01-15 11:20:00+00:00,125.11,125.19,125.09,125.13,274.57075876
2026-01-15 11:25:00+00:00,125.11,125.15,125.06,125.1,332.28011515
2026-01-15 11:30:00+00:00,124.92,125.23,124.77,124.77,1297.76889814
2026-01-15 11:35:00+00:00,124.76,124.84,124.75,124.77,42.47506445
2026-01-15 11:40:00+00:00,124.75,124.76,124.66,124.69,889.79116832
2026-01-15 11:45:00+00:00,124.63,124.68,124.5,124.54,164.52157177
2026-01-15 11:50:00+00:00,124.53,124.6,124.53,124.55,87.5516099
2026-01-15 11:55:00+00:00,124.54,124.56,124.51,124.55,239.08750461
2026-01-15 12:00:00+00:00,124.51,124.66,124.46,124.64,63.56376148
2026-01-15 12:05:00+00:00,124.64,124.64,124.56,124.58,350.47929287
2026-01-15 12:10:00+00:00,124.59,124.7,124.57,124.65,143.22387412
2026-01-15 12:15:00+00:00,124.68,124.68,124.32,124.35,223.67209522
2026-01-15 12:20:00+00:00,124.35,124.35,124.24,124.26,130.26442345
2026-01-15 12:25:00+00:00,124.24,124.3,124.04,124.08,245.49140158
2026-01-15 12:30:00+00:00,124.12,124.27,124.06,124.15,137.70344198
2026-01-15 12:35:00+00:00,124.18,124.24,124.17,124.2,14.25819063
2026-01-15 12:40:00+00:00,124.21,124.33,124.18,124.26,62.72009108
2026-01-15 12:45:00+00:00,124.32,124.42,124.31,124.4,26.71435871
2026-01-15 12:50:00+00:00,124.4,124.69,124.36,124.67,119.71282815
2026-01-15 12:55:00+00:00,124.62,124.76,124.6,124.61,753.11810028
2026-01-15 13:00:00+00:00,124.66,124.78,124.42,124.56,688.5008307
2026-01-15 13:05:00+00:00,124.47,124.52,124.38,124.38,22.34748506
2026-01-15 13:10:00+00:00,124.37,124.42,124.37,124.38,59.74024868
2026-01-15 13:15:00+00:00,124.4,124.75,124.4,124.74,110.00510077
2026-01-15 13:20:00+00:00,124.78,124.92,124.76,124.88,103.10616903
2026-01-15 13:25:00+00:00,124.88,124.98,124.88,124.94,187.39792434
2026-01-15 13:30:00+00:00,124.96,124.96,124.49,124.69,766.15231468
2026-01-15 13:35:00+00:00,124.55,124.73,124.54,124.67,1167.97191621
2026-01-15 13:40:00+00:00,124.63,124.92,124.63,124.84,225.47845204
2026-01-15 13:45:00+00:00,124.93,125.22,124.88,125.2,179.34658652
2026-01-15 13:50:00+00:00,125.21,125.23,125.1,125.23,58.64037345
2026-01-15 13:55:00+00:00,125.22,125.23,125.08,125.16,288.6547762
2026-01-15 14:00:00+00:00,125.13,125.43,125.11,125.4,222.73470584
2026-01-15 14:05:00+00:00,125.4,125.43,125.2,125.43,400.13487522
2026-01-15 14:10:00+00:00,125.36,125.47,125.31,125.44,126.85966811
2026-01-15 14:15:00+00:00,125.46,125.47,125.31,125.33,201.07045379
2026-01-15 14:20:00+00:00,125.34,125.34,125.09,125.13,166.72019791
2026-01-15 14:25:00+00:00,125.1,125.33,124.91,125.01,182.48764204
2026-01-15 14:30:00+00:00,125.02,125.29,124.5,124.66,1015.43700599
2026-01-15 14:35:00+00:00,124.49,124.58,123.92,123.98,645.44243102
2026-01-15 14:40:00+00:00,124.1,124.22,123.74,123.74,1412.7632493
2026-01-15 14:45:00+00:00,123.77,124.42,123.45,124.42,660.8109985
2026-01-15 14:50:00+00:00,124.35,124.43,124.07,124.42,369.47252125
2026-01-15 14:55:00+00:00,124.5,124.51,123.9,123.98,200.92994985
2026-01-15 15:00:00+00:00,123.9,124.31,123.9,124.06,472.72915265
2026-01-15 15:05:00+00:00,123.92,124.28,123.72,124.28,447.13279348
2026-01-15 15:10:00+00:00,124.28,124.35,123.67,123.76,877.4760178
2026-01-15 15:15:00+00:00,123.71,124.02,123.54,123.88,625.27744409
2026-01-15 15:20:00+00:00,123.96,123.96,123.56,123.64,128.46814834
2026-01-15 15:25:00+00:00,123.56,123.56,122.6,122.89,4099.81840328
2026-01-15 15:30:00+00:00,122.76,123.13,122.73,122.92,481.52934229
2026-01-15 15:35:00+00:00,122.95,123.05,122.33,122.57,792.031874
2026-01-15 15:40:00+00:00,122.58,122.87,122.5,122.82,440.06079851
2026-01-15 15:45:00+00:00,122.75,122.89,122.18,122.24,570.54597933
2026-01-15 15:50:00+00:00,122.34,122.57,122.25,122.56,1001.01290148
2026-01-15 15:55:00+00:00,122.52,123.73,122.52,123.68,3734.09808141
2026-01-15 16:00:00+00:00,123.63,123.86,123.16,123.25,535.68829346
2026-01-15 16:05:00+00:00,123.46,123.52,123.17,123.25,606.41787449
2026-01-15 16:10:00+00:00,123.31,123.41,123.17,123.18,301.36321609
2026-01-15 16:15:00+00:00,123.21,123.52,123.21,123.39,164.53135596
2026-01-15 16:20:00+00:00,123.44,123.67,123.37,123.63,292.30786065
2026-01-15 16:25:00+00:00,123.57,123.59,123.12,123.17,620.8779105
2026-01-15 16:30:00+00:00,123.19,123.43,123.05,123.09,153.16525682
2026-01-15 16:35:00+00:00,123.03,123.29,122.98,123.24,289.3040305
2026-01-15 16:40:00+00:00,123.25,123.76,123.14,123.61,428.27052197
2026-01-15 16:45:00+00:00,123.64,124.02,123.61,123.89,386.29963938
2026-01-15 16:50:00+00:00,123.9,123.91,123.7,123.79,248.64921544
2026-01-15 16:55:00+00:00,123.81,123.87,123.71,123.72,142.38164869
2026-01-15 17:00:00+00:00,123.69,123.86,123.51,123.6,250.69728513
2026-01-15 17:05:00+00:00,123.6,123.66,123.2,123.33,633.43432619
2026-01-15 17:10:00+00:00,123.32,123.44,123.17,123.22,111.36304769
2026-01-15 17:15:00+00:00,123.22,123.45,123.11,123.33,192.92390697
2026-01-15 17:20:00+00:00,123.33,123.34,123.27,123.29,94.65522089
2026-01-15 17:25:00+00:00,123.31,123.62,123.27,123.62,128.11623206
2026-01-15 17:30:00+00:00,123.62,123.77,123.56,123.74,386.67022271
2026-01-15 17:35:00+00:00,123.71,123.99,123.71,123.88,349.62524546
2026-01-15 17:40:00+00:00,123.95,124.19,123.91,124.05,463.04349606
2026-01-15 17:45:00+00:00,124.07,124.08,123.71,123.74,491.42643639
2026-01-15 17:50:00+00:00,123.73,123.75,123.08,123.14,258.4883255
2026-01-15 17:55:00+00:00,123.12,123.16,122.72,122.86,898.97384755
2026-01-15 18:00:00+00:00,122.88,123.1,122.81,123.06,440.27474855
2026-01-15 18:05:00+00:00,122.93,123.11,122.76,122.83,92.29097646
2026-01-15 18:10:00+00:00,122.77,122.77,122.27,122.46,1686.31165747
2026-01-15 18:15:00+00:00,122.46,122.6,122.3,122.52,412.66363553
2026-01-15 18:20:00+00:00,122.48,122.53,122.23,122.43,643.34182803
2026-01-15 18:25:00+00:00,122.47,122.74,122.46,122.74,355.56387585
2026-01-15 18:30:00+00:00,122.71,122.85,122.43,122.45,314.42452013
2026-01-15 18:35:00+00:00,122.46,122.49,122.26,122.27,106.33913567
2026-01-15 18:40:00+00:00,122.19,122.32,121.85,122.29,1754.51787185
2026-01-15 18:45:00+00:00,122.29,122.34,121.95,122.3,803.05956013
2026-01-15 18:50:00+00:00,121.92,122.11,121.81,122.06,345.44199295
2026-01-15 18:55:00+00:00,122.06,122.24,121.82,121.88,73.52247093
2026-01-15 19:00:00+00:00,121.84,121.84,121.35,121.68,1165.78313321
2026-01-15 19:05:00+00:00,121.81,121.89,121.59,121.87,160.73674502
2026-01-15 19:10:00+00:00,121.87,122.06,121.82,121.82,242.11305171
2026-01-15 19:15:00+00:00,121.77,122.04,121.7,121.98,129.14198284
2026-01-15 19:20:00+00:00,121.89,121.96,121.67,121.67,139.26116393
2026-01-15 19:25:00+00:00,121.68,121.77,121.49,121.66,193.73930942
2026-01-15 19:30:00+00:00,121.74,122.01,121.39,122.01,2406.57499919
2026-01-15 19:35:00+00:00,121.94,121.95,121.53,121.89,244.09947732
2026-01-15 19:40:00+00:00,121.52,121.66,121.38,121.66,263.50996613
2026-01-15 19:45:00+00:00,121.75,121.92,121.67,121.92,194.4505211
2026-01-15 19:50:00+00:00,121.93,122.14,121.86,121.87,1422.10897164
2026-01-15 19:55:00+00:00,121.88,121.99,121.78,121.91,310.06617413
2026-01-15 20:00:00+00:00,121.83,122.12,121.74,122.06,201.27823216
2026-01-15 20:05:00+00:00,122.15,122.17,121.9,122.17,677.80224731
2026-01-15 20:10:00+00:00,122.01,122.03,121.9,121.99,171.99795389
2026-01-15 20:15:00+00:00,121.99,122.05,121.86,122.05,206.00475404
2026-01-15 20:20:00+00:00,121.82,121.96,121.8,121.84,191.20666395
2026-01-15 20:25:00+00:00,121.81,121.88,121.58,121.62,182.099756
2026-01-15 20:30:00+00:00,121.64,121.89,121.63,121.89,140.2925946
2026-01-15 20:35:00+00:00,122.09,122.12,121.87,121.87,216.68535969
2026-01-15 20:40:00+00:00,121.87,121.88,121.76,121.8,146.79750518
2026-01-15 20:45:00+00:00,121.75,121.82,121.54,121.57,173.29762187
2026-01-15 20:50:00+00:00,121.51,121.91,121.5,121.87,706.06010744
2026-01-15 20:55:00+00:00,121.91,121.95,121.73,121.84,122.23053329
2026-01-15 21:00:00+00:00,121.84,122.11,121.74,122.02,200.6639256
2026-01-15 21:05:00+00:00,122.04,122.07,121.9,122.07,257.39231871
2026-01-15 21:10:00+00:00,121.98,122.09,121.98,122.03,52.82359796
2026-01-15 21:15:00+00:00,122.07,122.21,122.0,122.17,136.26588325
2026-01-15 21:20:00+00:00,122.2,122.28,122.16,122.2,61.28139622
2026-01-15 21:25:00+00:00,122.2,122.27,122.18,122.24,42.57709622
2026-01-15 21:30:00+00:00,122.26,122.32,122.21,122.31,60.92515584
2026-01-15 21:35:00+00:00,122.31,122.43,122.3,122.32,190.18328249
2026-01-15 21:40:00+00:00,122.32,122.42,122.24,122.42,166.60646109
2026-01-15 21:45:00+00:00,122.46,122.53,122.44,122.46,93.42290925
2026-01-15 21:50:00+00:00,122.52,122.52,122.33,122.33,80.75904187
2026-01-15 21:55:00+00:00,122.35,122.4,122.29,122.4,75.81716794
2026-01-15 22:00:00+00:00,122.4,122.51,122.37,122.51,54.11920149
2026-01-15 22:05:00+00:00,122.58,122.63,122.53,122.54,45.13593868
2026-01-15 22:10:00+00:00,122.62,122.63,122.28,122.43,68.34919798
2026-01-15 22:15:00+00:00,122.37,122.49,122.37,122.44,110.35041182
2026-01-15 22:20:00+00:00,122.51,122.6,122.48,122.6,15.21853291
2026-01-15 22:25:00+00:00,122.63,122.7,122.58,122.7,53.77327375
2026-01-15 22:30:00+00:00,122.7,122.78,122.64,122.78,65.83331876
2026-01-15 22:35:00+00:00,122.7,122.74,122.62,122.64,24.68399778
2026-01-15 22:40:00+00:00,122.71,122.73,122.52,122.58,140.64772786
2026-01-15 22:45:00+00:00,122.58,122.63,122.49,122.61,118.46835413
2026-01-15 22:50:00+00:00,122.7,122.74,122.63,122.64,31.57304275
2026-01-15 22:55:00+00:00,122.6,122.66,122.55,122.62,258.77867359
2026-01-15 23:00:00+00:00,122.59,122.64,122.43,122.45,63.95053248
2026-01-15 23:05:00+00:00,122.5,122.5,122.37,122.45,81.09665102
2026-01-15 23:10:00+00:00,122.44,122.58,122.43,122.58,77.17074596
2026-01-15 23:15:00+00:00,122.73,122.83,122.57,122.82,44.33850008
2026-01-15 23:20:00+00:00,122.83,122.88,122.67,122.77,185.29798682
2026-01-15 23:25:00+00:00,122.77,122.77,122.67,122.67,27.85177728
2026-01-15 23:30:00+00:00,122.56,122.57,122.47,122.48,231.78719312
2026-01-15 23:35:00+00:00,122.52,122.54,122.46,122.52,36.45016855
2026-01-15 23:40:00+00:00,122.47,122.5,122.41,122.48,87.57541546
2026-01-15 23:45:00+00:00,122.47,122.57,122.46,122.51,12.69117693
2026-01-15 23:50:00+00:00,122.66,122.66,122.59,122.63,5.95820258
2026-01-15 23:55:00+00:00,122.63,122.69,122.63,122.68,37.32316466
2026-01-16 00:00:00+00:00,122.55,122.73,122.52,122.71,21.02260614
2026-01-16 00:05:00+00:00,122.74,122.75,122.65,122.69,75.00054849
2026-01-16 00:10:00+00:00,122.65,122.72,122.65,122.67,44.87346608
2026-01-16 00:15:00+00:00,122.86,122.87,122.72,122.87,7.5856706
2026-01-16 00:20:00+00:00,122.9,122.9,122.71,122.71,256.82369317
2026-01-16 00:25:00+00:00,122.77,122.81,122.77,122.79,21.64872798
2026-01-16 00:30:00+00:00,122.82,122.99,122.77,122.99,568.19423818
2026-01-16 00:35:00+00:00,122.96,123.04,122.94,122.99,247.53099679
2026-01-16 00:40:00+00:00,122.94,123.03,122.94,123.03,84.93833621
2026-01-16 00:45:00+00:00,123.0,123.0,122.84,122.98,177.46486374
2026-01-16 00:50:00+00:00,122.92,122.93,122.89,122.9,11.7572852
2026-01-16 00:55:00+00:00,122.84,122.84,122.72,122.72,18.51092346
2026-01-16 01:00:00+00:00,122.74,122.74,122.64,122.64,22.18476607
2026-01-16 01:05:00+00:00,122.54,122.55,122.42,122.55,17.67506035
2026-01-16 01:10:00+00:00,122.41,122.42,122.34,122.42,90.5540363
2026-01-16 01:15:00+00:00,122.5,122.55,122.39,122.55,65.01265725
2026-01-16 01:20:00+00:00,122.54,122.54,122.41,122.49,15.43469247
2026-01-16 01:25:00+00:00,122.49,122.58,122.46,122.58,6.85490562
2026-01-16 01:30:00+00:00,122.59,122.76,122.59,122.75,11.58107339
2026-01-16 01:35:00+00:00,122.7,122.75,122.7,122.72,2.28898839
2026-01-16 01:40:00+00:00,122.68,122.7,122.61,122.61,2.54810181
2026-01-16 01:45:00+00:00,122.64,122.75,122.64,122.73,21.49461186
2026-01-16 01:50:00+00:00,122.7,122.7,122.67,122.67,0.44877481
2026-01-16 01:55:00+00:00,122.69,122.75,122.64,122.64,12.42299612
2026-01-16 02:00:00+00:00,122.64,122.64,122.27,122.39,183.50264605
2026-01-16 02:05:00+00:00,122.38,122.4,122.2,122.25,381.83486622
2026-01-16 02:10:00+00:00,122.32,122.33,122.23,122.27,41.77539731
2026-01-16 02:15:00+00:00,122.26,122.27,122.14,122.25,54.64374339
2026-01-16 02:20:00+00:00,122.21,122.26,122.03,122.25,65.74499193
2026-01-16 02:25:00+00:00,122.27,122.56,122.27,122.54,33.57969123
2026-01-16 02:30:00+00:00,122.54,122.54,122.4,122.4,0.8975143
2026-01-16 02:35:00+00:00,122.4,122.4,122.29,122.34,13.81922518
2026-01-16 02:40:00+00:00,122.31,122.31,122.31,122.31,0.24462431
2026-01-16 02:45:00+00:00,122.41,122.41,122.29,122.41,18.432708
2026-01-16 02:50:00+00:00,122.32,122.38,122.32,122.38,8.45240617
2026-01-16 02:55:00+00:00,122.45,122.49,122.35,122.49,36.42401287
2026-01-16 03:00:00+00:00,122.52,122.52,122.48,122.48,0.51473599
2026-01-16 03:05:00+00:00,122.44,122.62,122.44,122.55,15.96336934
2026-01-16 03:10:00+00:00,122.63,122.66,122.61,122.66,6.49266577
2026-01-16 03:15:00+00:00,122.5,122.63,122.48,122.52,92.30485188
2026-01-16 03:20:00+00:00,122.63,122.63,122.63,122.63,3.42925449
2026-01-16 03:25:00+00:00,122.55,122.56,122.55,122.56,1.23223191
2026-01-16 03:30:00+00:00,122.47,122.47,122.35,122.36,13.97353302
2026-01-16 03:35:00+00:00,122.29,122.33,122.29,122.33,2.65311387
2026-01-16 03:40:00+00:00,122.38,122.46,122.36,122.36,5.99892582
2026-01-16 03:45:00+00:00,122.35,122.39,122.35,122.35,5.9931476
2026-01-16 03:50:00+00:00,122.31,122.35,122.31,122.31,3.72178934
2026-01-16 03:55:00+00:00,122.27,122.27,122.24,122.24,17.81231442
2026-01-16 04:00:00+00:00,122.29,122.29,122.23,122.23,0.53010484
2026-01-16 04:05:00+00:00,122.32,122.32,122.2,122.26,11.9796087
2026-01-16 04:10:00+00:00,122.26,122.32,122.26,122.32,3.67962247
2026-01-16 04:15:00+00:00,122.37,122.69,122.34,122.62,53.94022532
2026-01-16 04:20:00+00:00,122.66,122.67,122.48,122.65,39.43171238
2026-01-16 04:25:00+00:00,122.67,122.87,122.67,122.67,35.26622334
2026-01-16 04:30:00+00:00,122.54,122.61,122.31,122.33,69.29453952
2026-01-16 04:35:00+00:00,122.23,122.34,122.15,122.2,63.96498075
2026-01-16 04:40:00+00:00,122.23,122.28,122.15,122.25,39.87200942
2026-01-16 04:45:00+00:00,122.23,122.31,122.19,122.19,26.69300796
2026-01-16 04:50:00+00:00,122.17,122.17,121.8,121.82,560.61442084
2026-01-16 04:55:00+00:00,121.84,121.99,121.83,121.98,36.62425912
2026-01-16 05:00:00+00:00,121.96,122.11,121.96,122.01,69.84943107
2026-01-16 05:05:00+00:00,121.97,122.13,121.81,122.1,502.3554043
2026-01-16 05:10:00+00:00,122.17,122.19,122.08,122.08,98.753598
2026-01-16 05:15:00+00:00,122.14,122.22,122.08,122.22,5.62693107
2026-01-16 05:20:00+00:00,122.13,122.16,122.02,122.1,188.61858505
2026-01-16 05:25:00+00:00,122.04,122.18,122.03,122.16,28.66365489
2026-01-16 05:30:00+00:00,122.18,122.33,122.18,122.28,8.34821256
2026-01-16 05:35:00+00:00,122.35,122.57,122.35,122.47,30.02643765
2026-01-16 05:40:00+00:00,122.55,122.78,122.51,122.78,69.1842299
2026-01-16 05:45:00+00:00,122.91,123.48,122.91,122.98,2340.10018897
2026-01-16 05:50:00+00:00,123.39,123.68,123.28,123.39,2088.48810445
2026-01-16 05:55:00+00:00,123.3,123.41,123.3,123.33,161.57215652
2026-01-16 06:00:00+00:00,123.33,123.4,123.29,123.32,95.85563581
2026-01-16 06:05:00+00:00,123.32,123.34,123.08,123.09,35.55679506
2026-01-16 06:10:00+00:00,123.09,123.09,123.0,123.0,29.28808943
2026-01-16 06:15:00+00:00,123.0,123.03,122.93,122.93,76.72659039
2026-01-16 06:20:00+00:00,123.07,123.18,123.07,123.14,15.43529317
2026-01-16 06:25:00+00:00,123.16,123.19,123.13,123.18,15.8210957
2026-01-16 06:30:00+00:00,123.18,123.3,123.18,123.26,48.47099612
2026-01-16 06:35:00+00:00,123.31,123.35,123.29,123.31,71.1825383
2026-01-16 06:40:00+00:00,123.34,123.4,123.34,123.4,46.34516411
2026-01-16 06:45:00+00:00,123.48,123.49,123.42,123.44,45.21426463
2026-01-16 06:50:00+00:00,123.41,123.48,123.38,123.44,318.99090222
2026-01-16 06:55:00+00:00,123.4,123.48,123.38,123.46,56.12748529
2026-01-16 07:00:00+00:00,123.38,123.4,123.27,123.31,23.44136001
2026-01-16 07:05:00+00:00,123.38,123.38,123.33,123.36,10.17366417
2026-01-16 07:10:00+00:00,123.37,123.4,123.32,123.36,79.36056551
2026-01-16 07:15:00+00:00,123.3,123.31,123.25,123.28,44.71476861
2026-01-16 07:20:00+00:00,123.26,123.29,123.18,123.18,6.89300045
2026-01-16 07:25:00+00:00,123.21,123.21,123.1,123.1,14.33590458
2026-01-16 07:30:00+00:00,123.0,123.01,122.95,123.01,161.83797276
2026-01-16 07:35:00+00:00,122.96,122.96,122.85,122.86,22.14770357
2026-01-16 07:40:00+00:00,122.81,122.91,122.79,122.8,222.39332223
2026-01-16 07:45:00+00:00,122.78,122.93,122.78,122.93,90.56712067
2026-01-16 07:50:00+00:00,122.97,122.99,122.89,122.99,66.28027309
2026-01-16 07:55:00+00:00,123.0,123.08,122.95,123.08,108.01634186
2026-01-16 08:00:00+00:00,123.1,123.24,123.07,123.13,244.45129075
2026-01-16 08:05:00+00:00,123.11,123.25,123.07,123.24,310.20505892
2026-01-16 08:10:00+00:00,123.28,123.39,123.27,123.39,335.7190487
2026-01-16 08:15:00+00:00,123.32,123.42,123.32,123.37,32.13802326
2026-01-16 08:20:00+00:00,123.38,123.39,123.34,123.36,180.74761371
2026-01-16 08:25:00+00:00,123.36,123.5,123.33,123.46,380.58888734
2026-01-16 08:30:00+00:00,123.51,123.53,123.4,123.46,214.93265663
2026-01-16 08:35:00+00:00,123.39,123.39,123.22,123.31,262.54415906
2026-01-16 08:40:00+00:00,123.29,123.43,123.26,123.4,750.46348568
2026-01-16 08:45:00+00:00,123.38,123.38,123.3,123.35,424.79318324
2026-01-16 08:50:00+00:00,123.35,123.35,123.18,123.29,151.13011229
2026-01-16 08:55:00+00:00,123.27,123.36,123.24,123.26,80.48952323
2026-01-16 09:00:00+00:00,123.18,123.54,123.18,123.4,589.13616163
2026-01-16 09:05:00+00:00,123.4,123.55,123.31,123.35,312.50723784
2026-01-16 09:10:00+00:00,123.43,123.47,123.34,123.41,51.84310832
2026-01-16 09:15:00+00:00,123.34,123.34,123.14,123.14,23.52123907
2026-01-16 09:20:00+00:00,123.12,123.15,123.01,123.13,51.49984913
2026-01-16 09:25:00+00:00,123.08,123.25,123.08,123.22,185.73733619
2026-01-16 09:30:00+00:00,123.24,123.24,123.11,123.15,81.77662845
2026-01-16 09:35:00+00:00,123.14,123.22,123.14,123.21,130.70736139
2026-01-16 09:40:00+00:00,123.19,123.27,123.16,123.16,543.07386845
2026-01-16 09:45:00+00:00,123.26,123.26,123.16,123.18,155.0954479
2026-01-16 09:50:00+00:00,123.23,123.39,123.21,123.29,299.42511613
2026-01-16 09:55:00+00:00,123.29,123.32,123.19,123.2,49.30419266
2026-01-16 10:00:00+00:00,123.2,123.27,123.16,123.2,29.86863663
2026-01-16 10:05:00+00:00,123.18,123.18,123.05,123.14,31.16083362
2026-01-16 10:10:00+00:00,123.14,123.22,123.14,123.21,20.90887503
2026-01-16 10:15:00+00:00,123.18,123.18,123.01,123.08,92.65316115
2026-01-16 10:20:00+00:00,123.1,123.13,123.06,123.06,43.83064749
2026-01-16 10:25:00+00:00,123.04,123.06,123.02,123.06,14.58194763
2026-01-16 10:30:00+00:00,123.04,123.04,122.96,122.96,86.32272939
2026-01-16 10:35:00+00:00,122.97,122.97,122.86,122.86,1141.51143954
2026-01-16 10:40:00+00:00,122.88,122.97,122.84,122.95,168.65063907
2026-01-16 10:45:00+00:00,123.08,123.22,123.07,123.13,141.72126464
2026-01-16 10:50:00+00:00,123.15,123.22,123.08,123.14,94.23101473
2026-01-16 10:55:00+00:00,123.13,123.2,123.12,123.2,29.7550362
2026-01-16 11:00:00+00:00,123.2,123.2,123.11,123.12,102.31738103
2026-01-16 11:05:00+00:00,123.18,123.22,123.09,123.1,160.26320959
2026-01-16 11:10:00+00:00,123.2,123.22,122.87,122.87,263.49167284
2026-01-16 11:15:00+00:00,122.97,123.12,122.9,123.08,44.02019162
2026-01-16 11:20:00+00:00,123.03,123.11,123.03,123.08,25.85927329
2026-01-16 11:25:00+00:00,123.04,123.18,123.04,123.14,170.60991303
2026-01-16 11:30:00+00:00,123.12,123.4,123.0,123.4,165.06729889
2026-01-16 11:35:00+00:00,123.44,123.51,123.23,123.28,42.74004602
2026-01-16 11:40:00+00:00,123.22,123.24,122.97,122.97,33.99599658
2026-01-16 11:45:00+00:00,122.94,123.23,122.94,123.17,47.0173983
2026-01-16 11:50:00+00:00,123.17,123.2,123.13,123.13,49.85788479
2026-01-16 11:55:00+00:00,123.07,123.18,123.07,123.17,76.42987176
2026-01-16 12:00:00+00:00,123.18,123.42,123.18,123.4,56.97691548
2026-01-16 12:05:00+00:00,123.37,123.49,123.34,123.43,193.14434885
2026-01-16 12:10:00+00:00,123.42,123.42,123.34,123.37,73.43998734
2026-01-16 12:15:00+00:00,123.42,123.42,123.32,123.37,24.98679479
2026-01-16 12:20:00+00:00,123.38,123.71,123.3,123.33,115.38729853
2026-01-16 12:25:00+00:00,123.66,123.78,123.66,123.74,164.70874514
2026-01-16 12:30:00+00:00,123.77,123.81,123.63,123.73,241.35295403
2026-01-16 12:35:00+00:00,123.69,123.69,123.6,123.63,42.23175264
2026-01-16 12:40:00+00:00,123.77,123.8,123.68,123.73,75.77533048
2026-01-16 12:45:00+00:00,123.68,123.72,123.62,123.62,12.4241495
2026-01-16 12:50:00+00:00,123.61,123.61,123.43,123.5,23.0425011
2026-01-16 12:55:00+00:00,123.55,123.62,123.53,123.62,53.01227511
2026-01-16 13:00:00+00:00,123.62,123.62,123.49,123.5,40.99485827
2026-01-16 13:05:00+00:00,123.44,123.52,123.39,123.41,45.09214997
2026-01-16 13:10:00+00:00,123.45,123.52,123.43,123.52,12.27295978
2026-01-16 13:15:00+00:00,123.57,123.57,123.34,123.36,235.92577481
2026-01-16 13:20:00+00:00,123.37,123.44,123.27,123.42,173.11369651
2026-01-16 13:25:00+00:00,123.36,123.36,123.32,123.32,168.74742589
2026-01-16 13:30:00+00:00,123.34,123.36,123.1,123.13,22.35069852
2026-01-16 13:35:00+00:00,123.14,123.18,122.8,122.8,149.90547341
2026-01-16 13:40:00+00:00,122.97,123.09,122.77,122.99,949.94685375
2026-01-16 13:45:00+00:00,122.99,123.14,122.99,123.14,52.81379666
2026-01-16 13:50:00+00:00,123.13,123.17,123.03,123.15,54.70434605
2026-01-16 13:55:00+00:00,123.11,123.2,123.07,123.14,81.42760424
2026-01-16 14:00:00+00:00,123.14,123.35,123.13,123.28,166.76175896
2026-01-16 14:05:00+00:00,123.26,123.27,123.15,123.22,116.49959692
2026-01-16 14:10:00+00:00,123.17,123.21,123.14,123.15,111.79361101
2026-01-16 14:15:00+00:00,123.09,123.12,122.97,123.09,373.10482052
2026-01-16 14:20:00+00:00,123.18,123.21,123.06,123.17,206.69073231
2026-01-16 14:25:00+00:00,123.16,123.6,123.1,123.6,884.48404162
2026-01-16 14:30:00+00:00,123.68,123.73,123.3,123.54,2083.04762638
2026-01-16 14:35:00+00:00,123.65,123.65,123.14,123.36,95.74562153
2026-01-16 14:40:00+00:00,123.2,123.36,123.19,123.32,112.12886622
2026-01-16 14:45:00+00:00,123.17,123.56,123.1,123.1,958.89476038
2026-01-16 14:50:00+00:00,123.1,123.22,122.93,123.15,387.68405357
2026-01-16 14:55:00+00:00,123.2,123.29,123.1,123.14,237.88930255
2026-01-16 15:00:00+00:00,122.99,123.21,122.83,123.09,195.81965047
2026-01-16 15:05:00+00:00,123.14,123.5,123.1,123.36,409.65177642
2026-01-16 15:10:00+00:00,123.4,123.56,123.35,123.37,124.38523305
2026-01-16 15:15:00+00:00,123.36,123.36,122.46,122.52,1511.50223551
2026-01-16 15:20:00+00:00,122.4,122.93,122.25,122.56,1926.5636873
2026-01-16 15:25:00+00:00,122.75,122.82,122.34,122.43,596.4563526
2026-01-16 15:30:00+00:00,122.44,122.58,121.56,121.87,1886.86736668
2026-01-16 15:35:00+00:00,121.84,122.31,121.58,122.24,1932.14486791
2026-01-16 15:40:00+00:00,122.12,122.12,121.39,121.55,1170.24614867
2026-01-16 15:45:00+00:00,121.59,121.65,120.97,121.18,1733.63614964
2026-01-16 15:50:00+00:00,121.24,121.51,121.14,121.29,1233.32266383
2026-01-16 15:55:00+00:00,121.51,121.57,121.42,121.42,1025.2554913
2026-01-16 16:00:00+00:00,121.37,121.64,121.29,121.43,740.5452271
2026-01-16 16:05:00+00:00,121.52,121.92,121.52,121.85,199.19773448
2026-01-16 16:10:00+00:00,121.86,121.87,121.58,121.65,248.50533565
2026-01-16 16:15:00+00:00,121.9,122.23,121.67,122.23,262.30126448
2026-01-16 16:20:00+00:00,122.22,122.32,122.13,122.18,280.5095517
2026-01-16 16:25:00+00:00,122.11,122.31,122.11,122.18,124.47463827
2026-01-16 16:30:00+00:00,122.16,122.22,121.93,121.96,215.9393515
2026-01-16 16:35:00+00:00,122.17,122.27,122.12,122.22,181.1090789
2026-01-16 16:40:00+00:00,122.24,122.27,122.16,122.2,116.99363846
2026-01-16 16:45:00+00:00,122.19,122.34,122.15,122.2,80.74393282
2026-01-16 16:50:00+00:00,122.37,122.4,122.2,122.28,288.52554709
2026-01-16 16:55:00+00:00,122.35,122.38,122.06,122.28,37.20942865
2026-01-16 17:00:00+00:00,122.38,122.43,122.22,122.31,98.83613361
2026-01-16 17:05:00+00:00,122.3,122.33,122.04,122.16,112.38406224
2026-01-16 17:10:00+00:00,122.06,122.19,121.95,122.14,100.53708217
2026-01-16 17:15:00+00:00,122.19,122.42,122.16,122.42,24.97050226
2026-01-16 17:20:00+00:00,122.24,122.25,122.17,122.25,15.46903044
2026-01-16 17:25:00+00:00,122.07,123.09,121.95,122.79,3405.37025829
2026-01-16 17:30:00+00:00,122.78,123.07,122.76,123.04,573.54266297
2026-01-16 17:35:00+00:00,122.83,122.91,122.81,122.83,101.52944735
2026-01-16 17:40:00+00:00,123.3,123.31,122.81,123.29,376.71003979
2026-01-16 17:45:00+00:00,123.31,123.4,123.24,123.28,150.55972196
2026-01-16 17:50:00+00:00,123.29,123.29,123.09,123.11,332.90664129
2026-01-16 17:55:00+00:00,123.2,123.61,123.15,123.58,122.26746849
2026-01-16 18:00:00+00:00,123.64,123.7,123.39,123.41,313.68151151
2026-01-16 18:05:00+00:00,123.42,123.59,123.42,123.5,186.71221896
2026-01-16 18:10:00+00:00,123.51,123.56,123.38,123.48,323.03855146
2026-01-16 18:15:00+00:00,123.39,123.56,123.34,123.49,75.19934613
2026-01-16 18:20:00+00:00,123.48,123.51,123.34,123.43,66.88105719
2026-01-16 18:25:00+00:00,123.51,123.8,123.49,123.8,620.91887633
2026-01-16 18:30:00+00:00,123.8,123.84,123.69,123.77,37.31265711
2026-01-16 18:35:00+00:00,123.79,123.82,123.63,123.69,282.81001516
2026-01-16 18:40:00+00:00,123.66,123.92,123.6,123.83,87.15195735
2026-01-16 18:45:00+00:00,123.95,124.29,123.66,123.79,1004.818929
2026-01-16 18:50:00+00:00,123.88,123.9,123.76,123.84,166.12798469
2026-01-16 18:55:00+00:00,123.81,123.83,123.73,123.73,153.0438649
2026-01-16 19:00:00+00:00,123.7,123.72,123.58,123.72,495.14765124
2026-01-16 19:05:00+00:00,123.73,123.85,123.65,123.78,89.44591834
2026-01-16 19:10:00+00:00,123.78,123.88,123.67,123.77,28.18469169
2026-01-16 19:15:00+00:00,123.68,123.72,123.35,123.42,128.47451708
2026-01-16 19:20:00+00:00,123.47,123.7,123.35,123.7,294.71898774
2026-01-16 19:25:00+00:00,123.66,123.92,123.62,123.85,105.61289064
2026-01-16 19:30:00+00:00,123.84,124.41,123.84,124.41,413.64559671
2026-01-16 19:35:00+00:00,124.49,124.61,124.45,124.46,418.0014965
2026-01-16 19:40:00+00:00,124.46,124.47,124.24,124.29,201.05004362
2026-01-16 19:45:00+00:00,124.3,124.31,124.21,124.29,50.49054941
2026-01-16 19:50:00+00:00,124.38,124.4,124.2,124.38,158.83801103
2026-01-16 19:55:00+00:00,124.31,124.31,124.23,124.27,136.05024942
2026-01-16 20:00:00+00:00,124.23,124.25,123.95,123.95,566.35329292
2026-01-16 20:05:00+00:00,123.95,123.97,123.76,123.76,261.09742168
2026-01-16 20:10:00+00:00,123.76,123.95,123.69,123.95,48.90912263
2026-01-16 20:15:00+00:00,123.9,124.09,123.81,124.05,71.28871611
2026-01-16 20:20:00+00:00,124.05,124.19,124.05,124.11,160.79140598
2026-01-16 20:25:00+00:00,124.21,124.53,124.12,124.5,79.98990793
2026-01-16 20:30:00+00:00,124.53,124.66,124.51,124.54,123.54472829
2026-01-16 20:35:00+00:00,124.44,124.51,124.38,124.45,549.99356238
2026-01-16 20:40:00+00:00,124.62,124.75,124.57,124.71,118.35581147
2026-01-16 20:45:00+00:00,124.74,124.8,124.69,124.73,234.37497558
2026-01-16 20:50:00+00:00,124.72,124.84,124.66,124.75,472.08323793
2026-01-16 20:55:00+00:00,124.79,124.95,124.72,124.9,281.3345928
2026-01-16 21:00:00+00:00,124.99,125.08,124.84,125.03,522.53072611
2026-01-16 21:05:00+00:00,125.07,125.1,124.84,124.98,421.90229948
2026-01-16 21:10:00+00:00,124.97,125.09,124.89,124.89,546.98066202
2026-01-16 21:15:00+00:00,124.85,124.85,124.72,124.79,237.7041832
2026-01-16 21:20:00+00:00,124.75,124.93,124.73,124.78,90.66338762
2026-01-16 21:25:00+00:00,124.85,125.29,124.77,125.28,466.04499185
2026-01-16 21:30:00+00:00,125.27,125.47,125.22,125.22,325.76989918
2026-01-16 21:35:00+00:00,125.19,125.25,125.09,125.19,285.33157588
2026-01-16 21:40:00+00:00,125.21,125.21,125.09,125.12,93.24165992
2026-01-16 21:45:00+00:00,125.11,125.21,125.05,125.17,177.58362786
2026-01-16 21:50:00+00:00,125.22,125.32,125.17,125.19,68.93075811
2026-01-16 21:55:00+00:00,125.15,125.24,125.05,125.05,498.28125661
2026-01-16 22:00:00+00:00,125.07,125.09,124.87,124.91,414.41230223
2026-01-16 22:05:00+00:00,124.9,125.01,124.9,125.0,192.02886788
2026-01-16 22:10:00+00:00,124.98,125.05,124.78,124.88,104.95279833
2026-01-16 22:15:00+00:00,124.83,125.02,124.83,124.84,206.84306975
2026-01-16 22:20:00+00:00,124.81,124.9,124.75,124.89,165.60039277
2026-01-16 22:25:00+00:00,124.85,124.94,124.75,124.82,132.6867024
2026-01-16 22:30:00+00:00,124.75,124.97,124.71,124.97,601.88811274
2026-01-16 22:35:00+00:00,124.83,124.83,124.61,124.78,120.07983097
2026-01-16 22:40:00+00:00,124.74,124.77,124.69,124.75,349.09017969
2026-01-16 22:45:00+00:00,124.9,124.9,124.73,124.74,104.43298688
2026-01-16 22:50:00+00:00,124.74,124.82,124.71,124.78,225.26138709
2026-01-16 22:55:00+00:00,124.78,125.02,124.77,124.77,171.12318008
2026-01-16 23:00:00+00:00,124.92,125.05,124.91,124.91,211.17171927
2026-01-16 23:05:00+00:00,124.91,124.95,124.86,124.86,51.85024481
2026-01-16 23:10:00+00:00,124.88,124.97,124.86,124.97,25.69119648
2026-01-16 23:15:00+00:00,124.98,125.09,124.94,124.94,48.77955779
2026-01-16 23:20:00+00:00,124.94,125.09,124.94,125.07,16.8100227
2026-01-16 23:25:00+00:00,125.1,125.17,125.03,125.09,94.6970009
2026-01-16 23:30:00+00:00,125.11,125.16,125.09,125.09,23.33903928
2026-01-16 23:35:00+00:00,125.03,125.05,124.82,124.82,102.82859155
2026-01-16 23:40:00+00:00,124.84,124.88,124.77,124.77,107.83728814
2026-01-16 23:45:00+00:00,124.87,124.92,124.8,124.82,64.29695042
2026-01-16 23:50:00+00:00,124.88,124.92,124.85,124.91,18.60152796
2026-01-16 23:55:00+00:00,124.89,124.95,124.88,124.88,10.17483147
2026-01-17 00:00:00+00:00,124.91,124.93,124.81,124.81,88.79843064
2026-01-17 00:05:00+00:00,124.85,124.85,124.71,124.74,58.04225078
2026-01-17 00:10:00+00:00,124.76,124.81,124.7,124.72,5.52862411
2026-01-17 00:15:00+00:00,124.74,124.78,124.67,124.7,165.20524749
2026-01-17 00:20:00+00:00,124.71,124.75,124.61,124.61,50.56967003
2026-01-17 00:25:00+00:00,124.67,124.78,124.63,124.63,33.07875512
2026-01-17 00:30:00+00:00,124.59,124.59,124.42,124.43,332.51211965
2026-01-17 00:35:00+00:00,124.41,124.5,124.41,124.44,19.76999519
2026-01-17 00:40:00+00:00,124.44,124.49,124.39,124.45,14.85508399
2026-01-17 00:45:00+00:00,124.45,124.49,124.41,124.43,30.73792134
2026-01-17 00:50:00+00:00,124.41,124.41,124.28,124.34,26.6915192
2026-01-17 00:55:00+00:00,124.38,124.47,124.36,124.39,527.07874191
2026-01-17 01:00:00+00:00,124.4,124.47,124.4,124.45,17.14635471
2026-01-17 01:05:00+00:00,124.45,124.69,124.32,124.61,1280.26675681
2026-01-17 01:10:00+00:00,124.61,124.73,124.56,124.68,84.85987653
2026-01-17 01:15:00+00:00,124.68,124.79,124.68,124.73,26.92312354
2026-01-17 01:20:00+00:00,124.74,124.83,124.73,124.83,15.69258924
2026-01-17 01:25:00+00:00,124.69,124.7,124.63,124.65,41.78722547
2026-01-17 01:30:00+00:00,124.64,124.68,124.57,124.64,38.80096688
2026-01-17 01:35:00+00:00,124.69,124.7,124.69,124.7,13.94982604
2026-01-17 01:40:00+00:00,124.66,124.72,124.62,124.72,47.1860639
2026-01-17 01:45:00+00:00,124.71,124.77,124.67,124.67,12.4251744
2026-01-17 01:50:00+00:00,124.71,124.74,124.71,124.74,1.63199988
2026-01-17 01:55:00+00:00,124.68,124.68,124.66,124.66,2.15675521
2026-01-17 02:00:00+00:00,124.69,124.69,124.55,124.56,10.75148103
2026-01-17 02:05:00+00:00,124.51,124.54,124.45,124.46,123.88010479
2026-01-17 02:10:00+00:00,124.47,124.47,124.43,124.43,1.62789749
2026-01-17 02:15:00+00:00,124.43,124.5,124.42,124.43,16.45499122
2026-01-17 02:20:00+00:00,124.37,124.37,124.34,124.36,53.34783834
2026-01-17 02:25:00+00:00,124.38,124.46,124.37,124.45,16.67591007
2026-01-17 02:30:00+00:00,124.38,124.38,124.36,124.37,14.37351754
2026-01-17 02:35:00+00:00,124.43,124.54,124.41,124.54,131.30788551
2026-01-17 02:40:00+00:00,124.56,124.56,124.51,124.51,0.964853
2026-01-17 02:45:00+00:00,124.56,124.59,124.53,124.56,3.89468652
2026-01-17 02:50:00+00:00,124.58,124.66,124.58,124.64,7.32706887
2026-01-17 02:55:00+00:00,124.64,124.64,124.61,124.61,2.04372532
2026-01-17 03:00:00+00:00,124.63,124.63,124.57,124.57,43.22160697
2026-01-17 03:05:00+00:00,124.58,124.61,124.55,124.55,19.93198809
2026-01-17 03:10:00+00:00,124.54,124.54,124.5,124.5,8.69028812
2026-01-17 03:15:00+00:00,124.44,124.44,124.44,124.44,8.40035889
2026-01-17 03:20:00+00:00,124.5,124.5,124.48,124.48,4.42427686
2026-01-17 03:25:00+00:00,124.45,124.45,124.4,124.4,34.68165165
2026-01-17 03:35:00+00:00,124.41,124.42,124.4,124.4,36.05254373
2026-01-17 03:40:00+00:00,124.46,124.46,124.46,124.46,0.20030531
2026-01-17 03:45:00+00:00,124.51,124.55,124.46,124.55,9.51156786
2026-01-17 03:50:00+00:00,124.54,124.54,124.39,124.39,8.59069142
2026-01-17 03:55:00+00:00,124.47,124.48,124.44,124.47,9.360914
2026-01-17 04:00:00+00:00,124.48,124.54,124.46,124.54,43.86726974
2026-01-17 04:05:00+00:00,124.51,124.51,124.47,124.48,31.08872891
2026-01-17 04:10:00+00:00,124.46,124.56,124.46,124.56,6.90245805
2026-01-17 04:15:00+00:00,124.55,124.55,124.47,124.48,22.19511894
2026-01-17 04:20:00+00:00,124.48,124.51,124.42,124.46,33.29289269
2026-01-17 04:25:00+00:00,124.4,124.46,124.36,124.36,20.09162239
2026-01-17 04:30:00+00:00,124.42,124.48,124.41,124.45,27.55008602
2026-01-17 04:35:00+00:00,124.35,124.37,124.32,124.35,30.71482541
2026-01-17 04:40:00+00:00,124.38,124.44,124.31,124.43,35.34133673
2026-01-17 04:45:00+00:00,124.43,124.43,124.35,124.37,108.62824724
2026-01-17 04:50:00+00:00,124.44,124.45,124.39,124.44,30.51309151
2026-01-17 04:55:00+00:00,124.5,124.51,124.4,124.41,32.3763299
2026-01-17 05:00:00+00:00,124.35,124.35,124.28,124.28,10.72436599
2026-01-17 05:05:00+00:00,124.34,124.34,124.24,124.24,89.52079347
2026-01-17 05:10:00+00:00,124.26,124.32,124.24,124.24,1.54529606
2026-01-17 05:15:00+00:00,124.16,124.16,124.1,124.16,66.97080248
2026-01-17 05:20:00+00:00,124.08,124.22,124.08,124.22,21.03196022
2026-01-17 05:30:00+00:00,124.17,124.27,124.15,124.27,14.37823174
2026-01-17 05:35:00+00:00,124.24,124.26,124.23,124.26,6.76589805
2026-01-17 05:40:00+00:00,124.2,124.32,124.2,124.32,62.13163398
2026-01-17 05:45:00+00:00,124.28,124.32,124.23,124.23,6.60460608
2026-01-17 05:50:00+00:00,124.13,124.13,124.13,124.13,0.803593
2026-01-17 05:55:00+00:00,124.09,124.12,124.07,124.12,29.12841856
2026-01-17 06:00:00+00:00,124.15,124.15,124.14,124.14,8.90436323
2026-01-17 06:05:00+00:00,124.15,124.17,124.05,124.07,45.00086256
2026-01-17 06:10:00+00:00,124.03,124.09,124.03,124.09,38.50612898
2026-01-17 06:15:00+00:00,124.08,124.09,124.05,124.05,6.88983121
2026-01-17 06:20:00+00:00,124.05,124.08,124.03,124.03,136.75533361
2026-01-17 06:25:00+00:00,124.04,124.05,123.91,124.0,40.51372003
2026-01-17 06:30:00+00:00,123.99,124.05,123.99,124.04,21.92861871
2026-01-17 06:35:00+00:00,124.17,124.17,124.14,124.16,4.4133204
2026-01-17 06:40:00+00:00,124.14,124.17,124.1,124.1,34.97988069
2026-01-17 06:45:00+00:00,124.03,124.04,123.99,124.04,87.46624895
2026-01-17 06:50:00+00:00,123.99,124.02,123.96,124.0,136.12518349
2026-01-17 06:55:00+00:00,124.02,124.05,124.01,124.01,38.05332622
2026-01-17 07:00:00+00:00,123.98,123.99,123.85,123.89,266.64879769
2026-01-17 07:05:00+00:00,123.91,123.97,123.88,123.97,194.86779391
2026-01-17 07:10:00+00:00,123.94,123.94,123.93,123.94,7.48178126
2026-01-17 07:15:00+00:00,123.91,123.98,123.91,123.95,10.74180203
2026-01-17 07:20:00+00:00,123.93,124.02,123.92,124.02,8.8959029
2026-01-17 07:25:00+00:00,124.04,124.09,124.01,124.08,22.03394331
2026-01-17 07:30:00+00:00,124.1,124.1,124.03,124.03,12.57257994
2026-01-17 07:35:00+00:00,124.02,124.04,124.02,124.02,11.4169657
2026-01-17 07:40:00+00:00,124.01,124.02,123.95,123.97,36.27346315
2026-01-17 07:45:00+00:00,123.93,123.94,123.91,123.91,20.9599488
2026-01-17 07:50:00+00:00,123.84,123.91,123.84,123.91,26.28738051
2026-01-17 07:55:00+00:00,123.92,123.96,123.83,123.93,66.94730501
2026-01-17 08:00:00+00:00,123.82,123.95,123.82,123.83,53.77126071
2026-01-17 08:05:00+00:00,123.94,124.01,123.91,123.96,23.36826103
2026-01-17 08:10:00+00:00,123.97,124.02,123.93,123.95,5.53602412
2026-01-17 08:15:00+00:00,123.96,124.07,123.96,124.02,28.65787714
2026-01-17 08:20:00+00:00,124.07,124.16,124.07,124.15,17.74681658
2026-01-17 08:25:00+00:00,124.19,124.36,124.17,124.23,18.57545928
2026-01-17 08:30:00+00:00,124.33,124.34,124.26,124.26,11.26692264
2026-01-17 08:35:00+00:00,124.3,124.34,124.27,124.3,26.27338632
2026-01-17 08:40:00+00:00,124.29,124.33,124.25,124.27,28.54306662
2026-01-17 08:45:00+00:00,124.31,124.33,124.26,124.32,25.00568761
2026-01-17 08:50:00+00:00,124.25,124.35,124.25,124.3,195.398273
2026-01-17 08:55:00+00:00,124.34,124.34,124.29,124.32,12.32169495
2026-01-17 09:00:00+00:00,124.28,124.36,124.25,124.33,42.96145024
2026-01-17 09:05:00+00:00,124.31,124.33,124.27,124.27,73.38617784
2026-01-17 09:10:00+00:00,124.3,124.3,124.19,124.19,45.27045448
2026-01-17 09:15:00+00:00,124.19,124.24,124.11,124.24,51.4539387
2026-01-17 09:20:00+00:00,124.28,124.3,124.22,124.3,24.6575163
2026-01-17 09:25:00+00:00,124.27,124.48,124.27,124.41,15.01885277
2026-01-17 09:30:00+00:00,124.46,124.48,124.42,124.44,51.62569604
2026-01-17 09:35:00+00:00,124.47,124.56,124.47,124.52,43.99916069
2026-01-17 09:40:00+00:00,124.54,124.63,124.52,124.63,66.1850713
2026-01-17 09:45:00+00:00,124.63,124.71,124.58,124.65,90.97078517
2026-01-17 09:50:00+00:00,124.62,124.62,124.53,124.55,13.00030263
2026-01-17 09:55:00+00:00,124.57,124.59,124.54,124.57,17.80577339
2026-01-17 10:00:00+00:00,124.6,124.62,124.51,124.61,168.40072564
2026-01-17 10:05:00+00:00,124.63,124.68,124.63,124.64,362.09576546
2026-01-17 10:10:00+00:00,124.65,124.69,124.59,124.69,34.4153613
2026-01-17 10:15:00+00:00,124.68,124.71,124.66,124.71,28.60324556
2026-01-17 10:20:00+00:00,124.68,124.68,124.55,124.57,85.15909291
2026-01-17 10:25:00+00:00,124.55,124.55,124.5,124.51,14.90923178
2026-01-17 10:30:00+00:00,124.54,124.54,124.41,124.44,26.47039445
2026-01-17 10:35:00+00:00,124.44,124.46,124.21,124.28,682.70039472
2026-01-17 10:40:00+00:00,124.28,124.32,124.17,124.2,545.68599822
2026-01-17 10:45:00+00:00,124.12,124.19,124.12,124.16,81.01453857
2026-01-17 10:50:00+00:00,124.15,124.17,124.12,124.13,32.7365485
2026-01-17 10:55:00+00:00,124.15,124.17,124.11,124.15,24.61436012
2026-01-17 11:00:00+00:00,124.13,124.13,124.04,124.1,253.14925426
2026-01-17 11:05:00+00:00,124.08,124.08,123.57,123.89,2138.73872746
2026-01-17 11:10:00+00:00,123.9,123.98,123.88,123.97,58.67117057
2026-01-17 11:15:00+00:00,124.0,124.1,123.99,124.07,156.01140162
2026-01-17 11:20:00+00:00,124.07,124.22,124.07,124.22,40.16983484
2026-01-17 11:25:00+00:00,124.23,124.34,124.23,124.33,538.09967144
2026-01-17 11:30:00+00:00,124.32,124.32,124.18,124.28,64.00811349
2026-01-17 11:35:00+00:00,124.25,124.28,124.25,124.26,62.60223573
2026-01-17 11:40:00+00:00,124.26,124.3,124.0,124.09,1201.13077035
2026-01-17 11:45:00+00:00,124.09,124.13,123.98,124.13,1146.10249447
2026-01-17 11:50:00+00:00,124.14,124.2,124.11,124.17,210.70528965
2026-01-17 11:55:00+00:00,124.15,124.18,124.09,124.18,137.15085913
2026-01-17 12:00:00+00:00,124.14,124.14,124.06,124.1,37.03184803
2026-01-17 12:05:00+00:00,124.05,124.19,124.04,124.19,45.75858274
2026-01-17 12:10:00+00:00,124.19,124.19,124.15,124.15,33.56948646
2026-01-17 12:15:00+00:00,124.18,124.21,124.0,124.0,246.37727272
2026-01-17 12:20:00+00:00,123.99,124.07,123.95,124.05,32.45086639
2026-01-17 12:25:00+00:00,124.03,124.03,123.98,124.02,66.84669024
2026-01-17 12:30:00+00:00,124.01,124.08,124.01,124.06,76.87804282
2026-01-17 12:35:00+00:00,124.05,124.09,124.03,124.03,7.3325345
2026-01-17 12:40:00+00:00,124.05,124.05,123.9,124.03,12.54625132
2026-01-17 12:45:00+00:00,123.97,124.05,123.94,124.05,40.13728289
2026-01-17 12:50:00+00:00,124.01,124.01,123.95,123.98,34.4055956
2026-01-17 12:55:00+00:00,124.0,124.0,123.95,123.98,26.21885421
2026-01-17 13:00:00+00:00,123.92,124.02,123.89,123.92,118.00251298
2026-01-17 13:05:00+00:00,123.84,123.97,123.83,123.86,179.28168414
2026-01-17 13:10:00+00:00,123.88,124.01,123.88,124.01,21.07678615
2026-01-17 13:15:00+00:00,123.95,124.22,123.95,124.11,104.69302291
2026-01-17 13:20:00+00:00,124.12,124.12,123.96,124.12,54.87714364
2026-01-17 13:25:00+00:00,123.96,123.97,123.87,123.95,150.52436552
2026-01-17 13:30:00+00:00,123.97,124.04,123.86,123.91,66.88469917
2026-01-17 13:35:00+00:00,123.85,123.93,123.85,123.92,120.54963029
2026-01-17 13:40:00+00:00,124.0,124.12,123.97,124.06,123.04787061
2026-01-17 13:45:00+00:00,124.04,124.17,123.98,124.16,97.61711415
2026-01-17 13:50:00+00:00,124.19,124.19,124.04,124.08,35.7177068
2026-01-17 13:55:00+00:00,124.15,124.22,124.15,124.22,37.02765586
2026-01-17 14:00:00+00:00,124.1,124.1,124.03,124.03,12.45532964
2026-01-17 14:05:00+00:00,124.1,124.14,124.05,124.1,38.50716717
2026-01-17 14:10:00+00:00,124.09,124.24,124.07,124.17,129.51071181
2026-01-17 14:15:00+00:00,124.08,124.18,124.08,124.14,17.64094038
2026-01-17 14:20:00+00:00,124.09,124.15,124.08,124.11,54.8088229
2026-01-17 14:25:00+00:00,124.13,124.16,124.07,124.16,11.4264295
2026-01-17 14:30:00+00:00,124.19,124.33,124.14,124.26,89.23827798
2026-01-17 14:35:00+00:00,124.28,124.4,124.27,124.38,200.86695565
2026-01-17 14:40:00+00:00,124.38,124.39,124.22,124.23,286.34608772
2026-01-17 14:45:00+00:00,124.24,124.29,124.22,124.22,23.93057841
2026-01-17 14:50:00+00:00,124.22,124.25,124.12,124.14,59.22537697
2026-01-17 14:55:00+00:00,124.19,124.2,124.06,124.07,172.92954313
2026-01-17 15:00:00+00:00,124.12,124.12,123.99,124.06,222.41848775
2026-01-17 15:05:00+00:00,124.01,124.21,124.0,124.1,1741.49751996
2026-01-17 15:10:00+00:00,124.11,124.12,123.96,124.09,162.07338208
2026-01-17 15:15:00+00:00,124.12,124.15,124.04,124.15,64.14493655
2026-01-17 15:20:00+00:00,124.14,124.14,123.92,124.05,287.32616939
2026-01-17 15:25:00+00:00,123.94,124.12,123.94,124.08,40.61657705
2026-01-17 15:30:00+00:00,124.05,124.1,123.97,124.01,125.41028771
2026-01-17 15:35:00+00:00,124.0,124.18,124.0,124.18,148.48480706
2026-01-17 15:40:00+00:00,124.19,124.2,124.08,124.19,30.34729642
2026-01-17 15:45:00+00:00,124.25,124.27,124.13,124.13,312.28052068
2026-01-17 15:50:00+00:00,124.05,124.33,124.04,124.33,119.93811781
2026-01-17 15:55:00+00:00,124.31,124.46,124.28,124.46,145.77772848
2026-01-17 16:00:00+00:00,124.23,124.47,124.23,124.43,201.92074018
2026-01-17 16:05:00+00:00,124.46,124.46,124.31,124.37,33.27882626
2026-01-17 16:10:00+00:00,124.4,124.41,124.37,124.37,35.10059094
2026-01-17 16:15:00+00:00,124.37,124.4,124.23,124.26,123.34810752
2026-01-17 16:20:00+00:00,124.07,124.25,123.91,123.98,206.88804673
2026-01-17 16:25:00+00:00,123.96,124.2,123.95,124.2,114.86316204
2026-01-17 16:30:00+00:00,124.15,124.23,124.0,124.0,115.03373408
2026-01-17 16:35:00+00:00,124.0,124.07,123.95,124.07,22.9686483
2026-01-17 16:40:00+00:00,124.08,124.2,124.08,124.2,28.31761596
2026-01-17 16:45:00+00:00,124.16,124.2,124.07,124.07,204.30449415
2026-01-17 16:50:00+00:00,124.0,124.1,123.97,123.98,106.36665282
2026-01-17 16:55:00+00:00,124.09,124.19,124.09,124.1,25.96478109
2026-01-17 17:00:00+00:00,124.08,124.1,124.05,124.09,62.22366687
2026-01-17 17:05:00+00:00,124.08,124.21,124.08,124.13,12.26355889
2026-01-17 17:10:00+00:00,124.21,124.31,124.21,124.23,55.79301988
2026-01-17 17:15:00+00:00,124.21,124.27,124.17,124.24,25.69979837
2026-01-17 17:20:00+00:00,124.25,124.25,124.15,124.23,21.68077125
2026-01-17 17:25:00+00:00,124.26,124.38,124.25,124.38,43.37112665
2026-01-17 17:30:00+00:00,124.38,124.38,124.24,124.32,50.41066285
2026-01-17 17:35:00+00:00,124.35,124.43,124.3,124.41,60.64104101
2026-01-17 17:40:00+00:00,124.42,124.44,124.32,124.42,22.16445873
2026-01-17 17:45:00+00:00,124.4,124.4,124.28,124.28,6.90953026
2026-01-17 17:50:00+00:00,124.3,124.33,124.13,124.22,95.47629831
2026-01-17 17:55:00+00:00,124.19,124.3,124.13,124.3,40.19800269
2026-01-17 18:00:00+00:00,124.24,124.37,124.24,124.37,75.39665443
2026-01-17 18:05:00+00:00,124.37,124.42,124.36,124.41,71.96272066
2026-01-17 18:10:00+00:00,124.45,124.45,124.37,124.39,16.73442098
2026-01-17 18:15:00+00:00,124.4,124.42,124.34,124.35,21.93072144
2026-01-17 18:20:00+00:00,124.39,124.47,124.36,124.47,17.06465152
2026-01-17 18:25:00+00:00,124.44,124.44,124.4,124.43,37.02685405
2026-01-17 18:30:00+00:00,124.44,124.49,124.42,124.47,17.86984556
2026-01-17 18:35:00+00:00,124.42,124.45,124.38,124.42,28.11772367
2026-01-17 18:40:00+00:00,124.43,124.46,124.37,124.45,52.35259299
2026-01-17 18:45:00+00:00,124.43,124.46,124.4,124.43,52.73536576
2026-01-17 18:50:00+00:00,124.41,124.45,124.4,124.44,100.38932628
2026-01-17 18:55:00+00:00,124.48,124.5,124.45,124.5,45.51057094
2026-01-17 19:00:00+00:00,124.49,124.5,124.42,124.47,76.82674507
2026-01-17 19:05:00+00:00,124.5,124.52,124.45,124.49,39.56727219
2026-01-17 19:10:00+00:00,124.46,124.49,124.46,124.46,37.56115525
2026-01-17 19:15:00+00:00,124.42,124.46,124.42,124.44,49.50616371
2026-01-17 19:20:00+00:00,124.43,124.45,124.39,124.4,141.52452067
2026-01-17 19:25:00+00:00,124.45,124.45,124.42,124.42,16.13908694
2026-01-17 19:30:00+00:00,124.43,124.59,124.4,124.59,353.02761343
2026-01-17 19:35:00+00:00,124.58,124.71,124.58,124.65,73.58161497
2026-01-17 19:40:00+00:00,124.65,124.7,124.57,124.59,25.62048669
2026-01-17 19:45:00+00:00,124.6,124.61,124.53,124.58,31.91974458
2026-01-17 19:50:00+00:00,124.57,124.59,124.5,124.5,111.31244789
2026-01-17 19:55:00+00:00,124.46,124.5,124.45,124.49,11.28309689
2026-01-17 20:00:00+00:00,124.46,124.49,124.45,124.46,23.44725258
2026-01-17 20:05:00+00:00,124.46,124.47,124.42,124.47,119.97588815
2026-01-17 20:10:00+00:00,124.47,124.53,124.46,124.49,63.71336821
2026-01-17 20:15:00+00:00,124.48,124.64,124.48,124.64,135.71527698
2026-01-17 20:20:00+00:00,124.72,124.74,124.68,124.72,71.61766452
2026-01-17 20:25:00+00:00,124.69,124.71,124.61,124.65,8.03389033
2026-01-17 20:30:00+00:00,124.6,124.63,124.56,124.62,706.78668185
2026-01-17 20:35:00+00:00,124.62,124.63,124.59,124.6,81.06461035
2026-01-17 20:40:00+00:00,124.6,124.66,124.59,124.62,113.37030623
2026-01-17 20:45:00+00:00,124.63,124.74,124.63,124.74,62.88937483
2026-01-17 20:50:00+00:00,124.69,124.75,124.69,124.73,66.69549847
2026-01-17 20:55:00+00:00,124.71,124.72,124.64,124.68,147.89259535
2026-01-17 21:00:00+00:00,124.71,124.74,124.68,124.72,46.63273128
2026-01-17 21:05:00+00:00,124.7,124.72,124.63,124.69,331.62015167
2026-01-17 21:10:00+00:00,124.67,124.72,124.6,124.6,92.59608318
2026-01-17 21:15:00+00:00,124.6,124.68,124.6,124.64,24.1995235
2026-01-17 21:20:00+00:00,124.58,124.61,124.53,124.61,117.30809279
2026-01-17 21:25:00+00:00,124.6,124.65,124.6,124.65,35.01353606
2026-01-17 21:30:00+00:00,124.6,124.61,124.46,124.53,61.55481468
2026-01-17 21:35:00+00:00,124.59,124.67,124.5,124.5,32.00314881
2026-01-17 21:40:00+00:00,124.49,124.55,124.47,124.53,15.30218706
2026-01-17 21:45:00+00:00,124.51,124.59,124.49,124.59,9.89346673
2026-01-17 21:50:00+00:00,124.56,124.56,124.45,124.53,67.08132268
2026-01-17 21:55:00+00:00,124.45,124.49,124.45,124.48,19.44622231
2026-01-17 22:00:00+00:00,124.48,124.48,124.36,124.41,31.86034078
2026-01-17 22:05:00+00:00,124.39,124.39,124.27,124.29,80.61083268
2026-01-17 22:10:00+00:00,124.26,124.26,124.08,124.16,154.09980498
2026-01-17 22:15:00+00:00,124.18,124.29,124.18,124.25,26.2100586
2026-01-17 22:20:00+00:00,124.15,124.18,124.15,124.15,17.3846134
2026-01-17 22:25:00+00:00,124.15,124.15,124.01,124.11,45.22421098
2026-01-17 22:30:00+00:00,124.0,124.12,124.0,124.09,61.91381248
2026-01-17 22:35:00+00:00,124.04,124.04,123.83,123.86,145.03364512
2026-01-17 22:40:00+00:00,123.88,124.08,123.88,123.98,118.88381486
2026-01-17 22:45:00+00:00,123.98,123.98,123.87,123.94,62.96216873
2026-01-17 22:50:00+00:00,123.98,124.04,123.98,124.0,38.41822376
2026-01-17 22:55:00+00:00,124.02,124.21,124.02,124.03,111.32392927
2026-01-17 23:00:00+00:00,124.15,124.15,123.99,124.15,201.09146962
2026-01-17 23:05:00+00:00,124.11,124.28,124.08,124.16,732.6007077
2026-01-17 23:10:00+00:00,124.16,124.21,124.15,124.19,8.15072712
2026-01-17 23:15:00+00:00,124.18,124.18,124.1,124.1,29.73904929
2026-01-17 23:20:00+00:00,124.02,124.04,123.96,123.97,95.28984436
2026-01-17 23:25:00+00:00,124.0,124.03,123.97,123.97,38.95619857
2026-01-17 23:30:00+00:00,124.01,124.12,124.01,124.12,24.04549599
2026-01-17 23:35:00+00:00,124.12,124.18,124.03,124.03,22.06137539
2026-01-17 23:40:00+00:00,124.06,124.13,124.06,124.13,10.39490004
2026-01-17 23:45:00+00:00,124.06,124.1,124.03,124.03,14.05515642
2026-01-17 23:50:00+00:00,123.99,124.12,123.97,124.04,106.32566319
2026-01-17 23:55:00+00:00,124.05,124.11,124.03,124.03,9.65651352
2026-01-18 00:00:00+00:00,123.98,124.04,123.97,124.02,45.2356731
2026-01-18 00:05:00+00:00,124.12,124.19,124.07,124.19,18.64846198
2026-01-18 00:10:00+00:00,124.13,124.13,123.98,123.98,20.54599159
2026-01-18 00:15:00+00:00,124.04,124.1,124.01,124.08,39.60512001
2026-01-18 00:20:00+00:00,124.01,124.1,123.91,124.01,106.8139834
2026-01-18 00:25:00+00:00,124.01,124.02,123.92,124.0,61.12477853
2026-01-18 00:30:00+00:00,124.04,124.12,124.01,124.12,121.35225331
2026-01-18 00:35:00+00:00,124.14,124.24,124.01,124.01,19.81571904
2026-01-18 00:40:00+00:00,123.91,123.97,123.9,123.93,8.98881661
2026-01-18 00:45:00+00:00,123.8,123.87,123.71,123.84,177.74197305
2026-01-18 00:50:00+00:00,123.73,123.77,123.56,123.62,106.05947547
2026-01-18 00:55:00+00:00,123.68,123.69,123.49,123.59,973.22939277
2026-01-18 01:00:00+00:00,123.53,123.74,123.45,123.59,590.29779446
2026-01-18 01:05:00+00:00,123.4,123.47,123.26,123.28,93.53561929
2026-01-18 01:10:00+00:00,123.26,123.3,122.55,122.82,5972.82111696
2026-01-18 01:15:00+00:00,122.91,122.98,122.64,122.93,1168.70411044
2026-01-18 01:20:00+00:00,123.06,123.1,122.92,123.06,239.07721081
2026-01-18 01:25:00+00:00,123.09,123.09,122.95,123.02,37.51561954
2026-01-18 01:30:00+00:00,123.06,123.22,122.99,123.09,341.92334467
2026-01-18 01:35:00+00:00,123.12,123.18,123.06,123.16,24.25229772
2026-01-18 01:40:00+00:00,123.18,123.2,123.1,123.14,81.98634339
2026-01-18 01:45:00+00:00,123.11,123.2,123.1,123.19,154.89845616
2026-01-18 01:50:00+00:00,123.18,123.24,123.06,123.09,282.2036437
2026-01-18 01:55:00+00:00,123.1,123.21,123.09,123.2,78.2524428
2026-01-18 02:00:00+00:00,123.19,123.3,123.19,123.3,52.83285236
2026-01-18 02:05:00+00:00,123.19,123.25,123.19,123.24,6.6289936
2026-01-18 02:10:00+00:00,123.28,123.28,123.23,123.24,8.715752
2026-01-18 02:15:00+00:00,123.32,123.44,123.32,123.32,57.15354145
2026-01-18 02:20:00+00:00,123.33,123.33,123.1,123.1,9.9842348
2026-01-18 02:25:00+00:00,123.03,123.03,122.95,122.95,6.68230741
2026-01-18 02:30:00+00:00,122.98,122.98,122.85,122.9,206.31072994
2026-01-18 02:35:00+00:00,122.91,122.97,122.46,122.76,1503.22183866
2026-01-18 02:40:00+00:00,122.77,122.82,122.64,122.78,418.91250352
2026-01-18 02:45:00+00:00,122.78,122.91,122.78,122.89,28.62209284
2026-01-18 02:50:00+00:00,122.77,122.84,122.77,122.84,12.8738738
2026-01-18 02:55:00+00:00,122.9,123.04,122.9,123.04,644.14484077
2026-01-18 03:00:00+00:00,123.04,123.09,123.04,123.06,46.09769705
2026-01-18 03:05:00+00:00,123.06,123.07,122.91,123.02,417.47663976
2026-01-18 03:10:00+00:00,123.07,123.13,122.91,122.99,117.81399954
2026-01-18 03:15:00+00:00,123.0,123.05,123.0,123.04,23.25168814
2026-01-18 03:20:00+00:00,122.97,122.97,122.95,122.96,4.56337784
2026-01-18 03:25:00+00:00,122.99,123.17,122.99,123.14,69.26502839
2026-01-18 03:30:00+00:00,123.16,123.36,123.16,123.29,128.0180337
2026-01-18 03:35:00+00:00,123.24,123.3,123.24,123.3,8.20739416
2026-01-18 03:40:00+00:00,123.27,123.31,123.26,123.31,34.90577402
2026-01-18 03:45:00+00:00,123.26,123.29,123.2,123.25,177.03109034
2026-01-18 03:50:00+00:00,123.29,123.33,123.25,123.28,89.43180748
2026-01-18 03:55:00+00:00,123.24,123.24,123.21,123.23,11.62971432
2026-01-18 04:05:00+00:00,123.3,123.32,123.24,123.32,23.30340495
2026-01-18 04:10:00+00:00,123.28,123.28,123.14,123.14,25.09892668
2026-01-18 04:15:00+00:00,123.15,123.21,123.05,123.15,32.41606457
2026-01-18 04:20:00+00:00,123.14,123.25,123.14,123.19,43.63820985
2026-01-18 04:25:00+00:00,123.13,123.21,123.13,123.21,24.63627618
2026-01-18 04:30:00+00:00,123.27,123.27,123.12,123.14,30.71784994
2026-01-18 04:35:00+00:00,123.12,123.15,123.11,123.14,52.42281218
2026-01-18 04:40:00+00:00,123.18,123.2,123.12,123.17,25.91973148
2026-01-18 04:45:00+00:00,123.19,123.28,123.18,123.2,34.39564862
2026-01-18 04:50:00+00:00,123.3,123.34,123.3,123.33,28.00769026
2026-01-18 04:55:00+00:00,123.3,123.35,123.26,123.26,103.9563366
2026-01-18 05:00:00+00:00,123.26,123.26,123.19,123.2,103.86118716
2026-01-18 05:05:00+00:00,123.22,123.22,123.16,123.16,46.74032288
2026-01-18 05:10:00+00:00,123.2,123.24,123.2,123.24,25.86071836
2026-01-18 05:15:00+00:00,123.25,123.26,123.22,123.25,99.78531413
2026-01-18 05:20:00+00:00,123.24,123.33,123.24,123.3,83.69351511
2026-01-18 05:25:00+00:00,123.26,123.29,123.25,123.27,63.64737176
2026-01-18 05:30:00+00:00,123.27,123.27,123.17,123.18,26.3168539
2026-01-18 05:35:00+00:00,123.17,123.21,123.03,123.12,180.92446626
2026-01-18 05:40:00+00:00,123.15,123.19,123.09,123.19,48.94576036
2026-01-18 05:45:00+00:00,123.23,123.31,123.23,123.31,48.06303067
2026-01-18 05:50:00+00:00,123.23,123.24,123.17,123.24,55.80349737
2026-01-18 05:55:00+00:00,123.3,123.36,123.26,123.31,47.51013338
2026-01-18 06:00:00+00:00,123.23,123.25,123.17,123.23,599.6238713
2026-01-18 06:05:00+00:00,123.28,123.4,123.27,123.4,73.96227865
2026-01-18 06:10:00+00:00,123.39,123.39,123.3,123.31,74.4646292
2026-01-18 06:15:00+00:00,123.27,123.27,123.15,123.27,132.50668464
2026-01-18 06:20:00+00:00,123.15,123.15,123.08,123.1,436.27886543
2026-01-18 06:25:00+00:00,123.1,123.14,123.09,123.1,61.13909054
2026-01-18 06:30:00+00:00,123.09,123.12,123.07,123.12,40.20202113
2026-01-18 06:35:00+00:00,123.12,123.12,123.07,123.12,87.34545613
2026-01-18 06:40:00+00:00,123.15,123.17,123.11,123.11,42.76963094
2026-01-18 06:45:00+00:00,123.14,123.22,123.14,123.14,54.19192834
2026-01-18 06:50:00+00:00,123.07,123.07,123.06,123.06,0.88322863
2026-01-18 06:55:00+00:00,123.09,123.13,123.05,123.13,20.19938269
2026-01-18 07:00:00+00:00,123.1,123.13,123.09,123.1,21.29712365
2026-01-18 07:05:00+00:00,123.02,123.15,123.0,123.0,38.67768713
2026-01-18 07:10:00+00:00,123.0,123.0,122.76,122.85,272.05220166
2026-01-18 07:15:00+00:00,122.86,122.89,122.8,122.82,128.90027921
2026-01-18 07:20:00+00:00,122.91,122.97,122.89,122.96,59.30598326
2026-01-18 07:25:00+00:00,122.98,123.0,122.95,122.99,69.4773665
2026-01-18 07:30:00+00:00,122.99,122.99,122.75,122.75,53.61270283
2026-01-18 07:35:00+00:00,122.68,122.74,122.64,122.74,202.24310883
2026-01-18 07:40:00+00:00,122.81,122.82,122.79,122.82,20.57594675
2026-01-18 07:45:00+00:00,122.81,122.84,122.74,122.81,56.81857998
2026-01-18 07:50:00+00:00,122.8,122.81,122.76,122.77,34.33517741
2026-01-18 07:55:00+00:00,122.71,122.77,122.61,122.66,317.90030464
2026-01-18 08:00:00+00:00,122.64,122.74,122.62,122.62,237.38509879
2026-01-18 08:05:00+00:00,122.6,122.6,122.5,122.57,318.80266805
2026-01-18 08:10:00+00:00,122.57,122.67,122.57,122.64,110.69931303
2026-01-18 08:15:00+00:00,122.61,122.61,122.54,122.61,3.64766957
2026-01-18 08:20:00+00:00,122.58,122.73,122.58,122.67,52.41998529
2026-01-18 08:25:00+00:00,122.78,122.81,122.71,122.76,28.36405606
2026-01-18 08:30:00+00:00,122.73,122.85,122.73,122.78,314.38740839
2026-01-18 08:35:00+00:00,122.7,122.87,122.7,122.87,111.2300328
2026-01-18 08:40:00+00:00,122.9,122.93,122.87,122.87,103.07246696
2026-01-18 08:45:00+00:00,122.89,122.89,122.82,122.82,62.7780278
2026-01-18 08:50:00+00:00,122.91,122.92,122.87,122.92,43.94545738
2026-01-18 08:55:00+00:00,122.92,122.94,122.92,122.92,55.96677449
2026-01-18 09:00:00+00:00,122.9,122.97,122.89,122.96,12.53351172
2026-01-18 09:05:00+00:00,122.95,122.99,122.85,122.92,116.54462199
2026-01-18 09:10:00+00:00,123.0,123.0,122.94,122.98,201.41570111
2026-01-18 09:15:00+00:00,122.96,123.0,122.93,122.97,107.81039234
2026-01-18 09:20:00+00:00,122.97,123.04,122.96,123.01,121.14473408
2026-01-18 09:25:00+00:00,122.88,122.99,122.88,122.96,189.74819644
2026-01-18 09:30:00+00:00,123.04,123.1,122.96,123.1,147.54016787
2026-01-18 09:35:00+00:00,123.09,123.09,123.05,123.08,69.46740124
2026-01-18 09:40:00+00:00,123.05,123.05,122.95,122.95,92.91529654
2026-01-18 09:45:00+00:00,122.91,122.92,122.89,122.91,188.56645462
2026-01-18 09:50:00+00:00,122.91,123.02,122.91,122.97,161.95554081
2026-01-18 09:55:00+00:00,122.98,123.03,122.96,122.96,26.02289477
2026-01-18 10:00:00+00:00,123.0,123.0,122.8,122.8,299.07558407
2026-01-18 10:05:00+00:00,122.71,122.84,122.71,122.78,204.91926659
2026-01-18 10:10:00+00:00,122.79,122.8,122.74,122.8,64.08255474
2026-01-18 10:15:00+00:00,122.8,122.81,122.72,122.8,67.71240312
2026-01-18 10:20:00+00:00,122.76,122.83,122.76,122.76,52.01358266
2026-01-18 10:25:00+00:00,122.76,122.79,122.74,122.75,28.60706779
2026-01-18 10:30:00+00:00,122.77,122.81,122.72,122.81,26.82013769
2026-01-18 10:35:00+00:00,122.82,122.87,122.75,122.82,25.64273185
2026-01-18 10:40:00+00:00,122.84,122.96,122.84,122.93,106.77461559
2026-01-18 10:45:00+00:00,122.95,122.99,122.89,122.97,7.67922552
2026-01-18 10:50:00+00:00,122.88,122.97,122.84,122.96,52.68953339
2026-01-18 10:55:00+00:00,122.94,122.97,122.93,122.94,27.21983996
2026-01-18 11:00:00+00:00,122.91,122.91,122.77,122.79,15.08248871
2026-01-18 11:05:00+00:00,122.79,122.83,122.73,122.79,80.49884777
2026-01-18 11:10:00+00:00,122.78,122.87,122.76,122.82,10.72655666
2026-01-18 11:15:00+00:00,122.85,122.85,122.8,122.8,15.91479371
2026-01-18 11:20:00+00:00,122.79,122.84,122.77,122.77,50.94799109
2026-01-18 11:25:00+00:00,122.75,122.8,122.74,122.79,112.26328928
2026-01-18 11:30:00+00:00,122.71,122.8,122.7,122.8,83.40873702
2026-01-18 11:35:00+00:00,122.75,122.78,122.7,122.7,195.55317449
2026-01-18 11:40:00+00:00,122.78,122.93,122.78,122.9,99.21841274
2026-01-18 11:45:00+00:00,122.84,122.93,122.76,122.93,143.21602804
2026-01-18 11:50:00+00:00,122.86,122.91,122.83,122.91,34.69412108
2026-01-18 11:55:00+00:00,122.86,122.9,122.82,122.84,24.10575445
2026-01-18 12:00:00+00:00,122.84,122.84,122.73,122.74,337.9668907
2026-01-18 12:05:00+00:00,122.74,122.74,122.69,122.69,235.47368673
2026-01-18 12:10:00+00:00,122.69,122.76,122.69,122.73,69.20925875
2026-01-18 12:15:00+00:00,122.76,122.76,122.68,122.72,134.70423707
2026-01-18 12:20:00+00:00,122.75,122.8,122.74,122.8,55.17909715
2026-01-18 12:25:00+00:00,122.79,122.88,122.79,122.86,18.82565256
2026-01-18 12:30:00+00:00,122.81,122.82,122.74,122.78,42.09647538
2026-01-18 12:35:00+00:00,122.81,122.92,122.81,122.9,33.02779526
2026-01-18 12:40:00+00:00,122.89,122.98,122.88,122.89,146.39349566
2026-01-18 12:45:00+00:00,122.86,122.9,122.84,122.88,164.86082584
2026-01-18 12:50:00+00:00,122.88,122.88,122.76,122.77,93.1176028
2026-01-18 12:55:00+00:00,122.75,122.77,122.69,122.72,44.95858718
2026-01-18 13:00:00+00:00,122.74,122.74,122.68,122.73,78.00085714
2026-01-18 13:05:00+00:00,122.69,122.69,122.52,122.58,194.96049378
2026-01-18 13:10:00+00:00,122.64,122.68,122.62,122.65,163.34568947
2026-01-18 13:15:00+00:00,122.68,122.73,122.62,122.73,145.28777111
2026-01-18 13:20:00+00:00,122.63,122.69,122.6,122.66,58.03857428
2026-01-18 13:25:00+00:00,122.57,122.58,122.53,122.55,85.70462782
2026-01-18 13:30:00+00:00,122.56,122.61,122.54,122.59,79.14731545
2026-01-18 13:35:00+00:00,122.59,122.71,122.59,122.62,34.37622672
2026-01-18 13:40:00+00:00,122.65,122.89,122.65,122.89,1402.8244784
2026-01-18 13:45:00+00:00,122.9,122.94,122.83,122.86,175.57501531
2026-01-18 13:50:00+00:00,122.88,122.89,122.82,122.84,18.76703038
2026-01-18 13:55:00+00:00,122.81,122.85,122.81,122.85,33.97540271
2026-01-18 14:00:00+00:00,122.81,122.81,122.65,122.67,279.57204788
2026-01-18 14:05:00+00:00,122.66,122.71,122.64,122.68,46.8245226
2026-01-18 14:10:00+00:00,122.7,122.85,122.7,122.82,96.29417987
2026-01-18 14:15:00+00:00,122.85,123.12,122.85,123.03,555.08439399
2026-01-18 14:20:00+00:00,123.06,123.06,122.93,122.97,40.79928
2026-01-18 14:25:00+00:00,122.95,122.96,122.77,122.91,234.08102343
2026-01-18 14:30:00+00:00,123.01,123.01,122.94,123.0,34.77546486
2026-01-18 14:35:00+00:00,122.96,123.03,122.74,122.74,87.8747497
2026-01-18 14:40:00+00:00,122.79,122.82,122.69,122.7,53.4939938
2026-01-18 14:45:00+00:00,122.66,122.7,122.51,122.62,74.85282226
2026-01-18 14:50:00+00:00,122.61,122.65,122.58,122.62,20.96993632
2026-01-18 14:55:00+00:00,122.57,122.57,122.2,122.25,235.46466123
2026-01-18 15:00:00+00:00,122.21,122.37,122.02,122.37,294.89585718
2026-01-18 15:05:00+00:00,122.38,122.41,122.23,122.29,60.17166563
2026-01-18 15:10:00+00:00,122.37,122.4,122.31,122.38,29.08038483
2026-01-18 15:15:00+00:00,122.36,122.54,122.33,122.54,53.01084167
2026-01-18 15:20:00+00:00,122.54,122.62,122.51,122.51,70.57792129
2026-01-18 15:25:00+00:00,122.56,122.61,122.52,122.54,57.62765033
2026-01-18 15:30:00+00:00,122.54,122.55,122.4,122.45,113.00074917
2026-01-18 15:35:00+00:00,122.44,122.5,122.38,122.5,37.884202
2026-01-18 15:40:00+00:00,122.52,122.57,122.47,122.47,47.81138449
2026-01-18 15:45:00+00:00,122.51,122.51,122.44,122.45,11.29316211
2026-01-18 15:50:00+00:00,122.43,122.49,122.37,122.49,153.25556993
2026-01-18 15:55:00+00:00,122.5,122.52,122.49,122.5,50.68654283
2026-01-18 16:00:00+00:00,122.45,122.47,122.3,122.45,39.9616779
2026-01-18 16:05:00+00:00,122.45,122.6,122.45,122.59,34.23150078
2026-01-18 16:10:00+00:00,122.6,122.63,122.52,122.57,45.78950184
2026-01-18 16:15:00+00:00,122.58,122.63,122.58,122.58,41.34511573
2026-01-18 16:20:00+00:00,122.56,122.68,122.56,122.64,33.41922087
2026-01-18 16:25:00+00:00,122.54,122.56,122.47,122.51,27.51039386
2026-01-18 16:30:00+00:00,122.48,122.62,122.47,122.53,35.73305887
2026-01-18 16:35:00+00:00,122.57,122.63,122.49,122.49,44.34095365
2026-01-18 16:40:00+00:00,122.51,122.63,122.51,122.6,5.62760864
2026-01-18 16:45:00+00:00,122.56,122.58,122.53,122.54,21.61671371
2026-01-18 16:50:00+00:00,122.51,122.6,122.51,122.6,145.98228303
2026-01-18 16:55:00+00:00,122.57,122.58,122.48,122.52,43.41436963
2026-01-18 17:00:00+00:00,122.52,122.55,122.42,122.51,67.60471156
2026-01-18 17:05:00+00:00,122.51,122.6,122.48,122.5,74.53458725
2026-01-18 17:10:00+00:00,122.5,122.51,122.4,122.41,177.85961052
2026-01-18 17:15:00+00:00,122.44,122.51,122.42,122.48,74.55255498
2026-01-18 17:20:00+00:00,122.53,122.56,122.52,122.54,54.12828108
2026-01-18 17:25:00+00:00,122.6,122.6,122.55,122.58,16.9656264
2026-01-18 17:30:00+00:00,122.58,122.9,122.55,122.72,2831.3722535
2026-01-18 17:35:00+00:00,122.72,122.73,122.58,122.61,591.09416577
2026-01-18 17:40:00+00:00,122.57,122.65,122.52,122.65,158.7066419
2026-01-18 17:45:00+00:00,122.65,122.66,122.61,122.64,58.92264538
2026-01-18 17:50:00+00:00,122.62,122.66,122.6,122.6,23.94285592
2026-01-18 17:55:00+00:00,122.66,122.87,122.65,122.85,831.70670849
2026-01-18 18:00:00+00:00,122.82,122.82,122.65,122.81,350.56221571
2026-01-18 18:05:00+00:00,122.69,122.72,122.67,122.67,342.42801269
2026-01-18 18:10:00+00:00,122.6,122.73,122.59,122.71,146.83057104
2026-01-18 18:15:00+00:00,122.71,122.74,122.64,122.67,146.201466
2026-01-18 18:20:00+00:00,122.69,122.77,122.67,122.72,62.0969804
2026-01-18 18:25:00+00:00,122.77,123.09,122.77,123.05,515.15242142
2026-01-18 18:30:00+00:00,123.08,123.13,122.94,123.06,156.94291385
2026-01-18 18:35:00+00:00,123.06,123.07,122.92,122.97,53.79882463
2026-01-18 18:40:00+00:00,122.98,123.03,122.94,122.98,90.28792019
2026-01-18 18:45:00+00:00,123.05,123.17,122.98,123.17,107.02266143
2026-01-18 18:50:00+00:00,123.14,123.24,123.08,123.14,560.79935661
2026-01-18 18:55:00+00:00,123.2,123.28,123.16,123.16,144.07955169
2026-01-18 19:00:00+00:00,123.16,123.5,123.16,123.3,1009.99877157
2026-01-18 19:05:00+00:00,123.54,123.54,123.29,123.3,150.13237977
2026-01-18 19:10:00+00:00,123.29,123.33,123.24,123.33,109.74246719
2026-01-18 19:15:00+00:00,123.27,123.28,123.15,123.22,67.77324728
2026-01-18 19:20:00+00:00,123.19,123.23,123.13,123.17,91.00429905
2026-01-18 19:25:00+00:00,123.18,123.22,123.15,123.19,270.0638702
2026-01-18 19:30:00+00:00,123.1,123.15,122.96,122.98,272.76200932
2026-01-18 19:35:00+00:00,123.04,123.09,123.04,123.09,24.89908668
2026-01-18 19:40:00+00:00,123.07,123.13,123.04,123.09,53.01820068
2026-01-18 19:45:00+00:00,123.02,123.02,122.7,122.73,20.99081182
2026-01-18 19:50:00+00:00,122.77,122.77,122.6,122.73,116.60098583
2026-01-18 19:55:00+00:00,122.69,122.72,122.57,122.72,201.28151766
2026-01-18 20:00:00+00:00,122.67,122.76,122.66,122.72,48.55972096
2026-01-18 20:05:00+00:00,122.67,122.76,122.45,122.45,76.30184735
2026-01-18 20:10:00+00:00,122.55,122.58,122.41,122.52,14.21625723
2026-01-18 20:15:00+00:00,122.58,122.67,122.52,122.63,111.24008106
2026-01-18 20:20:00+00:00,122.62,122.82,122.62,122.63,102.42441212
2026-01-18 20:25:00+00:00,122.79,122.92,122.79,122.92,514.08022755
2026-01-18 20:30:00+00:00,122.91,122.95,122.87,122.87,287.25062831
2026-01-18 20:35:00+00:00,122.88,122.9,122.7,122.74,37.72008097
2026-01-18 20:40:00+00:00,122.78,122.83,122.68,122.77,39.0375944
2026-01-18 20:45:00+00:00,122.82,122.91,122.81,122.82,13.05865809
2026-01-18 20:50:00+00:00,122.79,122.85,122.79,122.79,13.84638011
2026-01-18 20:55:00+00:00,122.79,122.79,122.77,122.79,14.18643206
2026-01-18 21:00:00+00:00,122.84,122.93,122.84,122.88,28.60692519
2026-01-18 21:05:00+00:00,122.88,122.95,122.81,122.87,128.24516422
2026-01-18 21:10:00+00:00,122.91,123.08,122.91,122.91,20.4542032
2026-01-18 21:15:00+00:00,123.06,123.09,123.02,123.09,28.39165477
2026-01-18 21:20:00+00:00,123.1,123.1,123.03,123.07,207.41181465
2026-01-18 21:25:00+00:00,123.05,123.06,123.02,123.02,32.4501699
2026-01-18 21:30:00+00:00,123.05,123.11,123.05,123.1,4.12002827
2026-01-18 21:35:00+00:00,123.09,123.09,122.98,123.05,147.26185681
2026-01-18 21:40:00+00:00,123.0,123.04,122.97,123.04,169.26906098
2026-01-18 21:45:00+00:00,123.1,123.17,123.09,123.09,68.17976875
2026-01-18 21:50:00+00:00,123.12,123.13,123.01,123.1,258.6954929
2026-01-18 21:55:00+00:00,123.11,123.12,123.08,123.1,15.50803469
2026-01-18 22:00:00+00:00,123.16,123.2,123.07,123.2,180.31662595
2026-01-18 22:05:00+00:00,123.24,123.33,123.18,123.33,96.99650199
2026-01-18 22:10:00+00:00,123.36,123.46,123.31,123.37,28.55688238
2026-01-18 22:15:00+00:00,123.46,123.46,123.3,123.3,207.33166498
2026-01-18 22:20:00+00:00,123.3,123.34,123.17,123.3,134.77817181
2026-01-18 22:25:00+00:00,123.22,123.22,123.0,123.06,1209.3024418
2026-01-18 22:30:00+00:00,123.07,123.13,123.05,123.1,329.81933651
2026-01-18 22:35:00+00:00,123.11,123.2,123.05,123.14,84.02440259
2026-01-18 22:40:00+00:00,123.19,123.29,123.19,123.29,101.20296472
2026-01-18 22:45:00+00:00,123.23,123.25,123.15,123.15,123.05593596
2026-01-18 22:50:00+00:00,123.15,123.3,123.15,123.19,52.17820806
2026-01-18 22:55:00+00:00,123.31,123.31,123.2,123.27,185.22896148
2026-01-18 23:00:00+00:00,123.17,123.23,122.39,123.08,446.96682652
2026-01-18 23:05:00+00:00,122.31,122.4,121.79,121.96,1229.05549855
2026-01-18 23:10:00+00:00,121.75,121.97,121.66,121.74,839.79459591
2026-01-18 23:15:00+00:00,121.69,121.82,121.64,121.78,52.08029595
2026-01-18 23:20:00+00:00,121.81,121.85,121.01,121.6,552.7015338
2026-01-18 23:25:00+00:00,121.27,121.27,120.69,120.69,814.26964628
2026-01-18 23:30:00+00:00,120.69,120.74,120.13,120.71,2604.35935454
2026-01-18 23:35:00+00:00,120.26,120.36,119.79,119.98,4300.57470549
2026-01-18 23:40:00+00:00,120.06,120.17,119.9,120.12,1547.38049894
2026-01-18 23:45:00+00:00,120.03,120.03,118.97,119.16,2793.59578709
2026-01-18 23:50:00+00:00,119.02,119.32,119.02,119.29,47.87889643
