timestamp,open,high,low,close,volume
2025-12-29 00:00:00+00:00,1.58327,1.58327,1.58097,1.5816,3313.461136
2025-12-29 00:05:00+00:00,1.5829,1.5843,1.5821,1.58329,61224.858348
2025-12-29 00:10:00+00:00,1.58329,1.58375,1.58181,1.58221,2254.319092
2025-12-29 00:15:00+00:00,1.5825,1.58272,1.581,1.58231,6236.712376
2025-12-29 00:20:00+00:00,1.58115,1.58694,1.58069,1.58549,4347.873323
2025-12-29 00:25:00+00:00,1.5854,1.58728,1.5854,1.58728,2903.413041
2025-12-29 00:30:00+00:00,1.5876,1.59173,1.5876,1.5889,78981.454657
2025-12-29 00:35:00+00:00,1.59028,1.59131,1.5884,1.58968,20256.601435
2025-12-29 00:40:00+00:00,1.59018,1.59018,1.58867,1.58867,4501.443598
2025-12-29 00:45:00+00:00,1.58818,1.59081,1.58818,1.59059,22007.743813
2025-12-29 00:50:00+00:00,1.59159,1.59159,1.58834,1.58909,8805.649511
2025-12-29 00:55:00+00:00,1.58833,1.58907,1.5882,1.5883,8651.223403
2025-12-29 01:00:00+00:00,1.5891,1.58931,1.5861,1.5861,5374.916129
2025-12-29 01:05:00+00:00,1.5846,1.5854,1.584,1.58445,6173.197557
2025-12-29 01:10:00+00:00,1.586,1.5861,1.58563,1.58589,549.25807
2025-12-29 01:15:00+00:00,1.58516,1.58516,1.58104,1.58315,58873.10267
2025-12-29 01:20:00+00:00,1.58599,1.58607,1.58599,1.58607,62.471997
2025-12-29 01:25:00+00:00,1.58796,1.58861,1.58781,1.58812,1300.932556
2025-12-29 01:30:00+00:00,1.5864,1.58707,1.5864,1.58676,991.440447
2025-12-29 01:35:00+00:00,1.58837,1.594,1.5878,1.5878,18279.107579
2025-12-29 01:40:00+00:00,1.59472,1.59877,1.59421,1.59421,84773.886458
2025-12-29 01:45:00+00:00,1.59596,1.59773,1.5957,1.59679,26016.754302
2025-12-29 01:50:00+00:00,1.59721,1.59721,1.59431,1.59531,9696.09907
2025-12-29 01:55:00+00:00,1.59559,1.5965,1.59471,1.59505,4912.51549
2025-12-29 02:00:00+00:00,1.59661,1.59821,1.59528,1.59821,7481.165831
2025-12-29 02:05:00+00:00,1.59905,1.6057,1.59905,1.60429,184975.464917
2025-12-29 02:10:00+00:00,1.60402,1.60515,1.6034,1.60515,5456.364144
2025-12-29 02:15:00+00:00,1.60749,1.60749,1.60174,1.6047,50536.633392
2025-12-29 02:20:00+00:00,1.6045,1.6045,1.60113,1.60113,22696.241668
2025-12-29 02:25:00+00:00,1.60169,1.6028,1.60169,1.6028,8934.49413
2025-12-29 02:30:00+00:00,1.60354,1.60647,1.60354,1.60418,10527.620888
2025-12-29 02:35:00+00:00,1.6033,1.6059,1.60204,1.60204,11992.565811
2025-12-29 02:40:00+00:00,1.60277,1.6045,1.6026,1.6026,2565.830999
2025-12-29 02:45:00+00:00,1.60289,1.60289,1.60193,1.60289,1027.398297
2025-12-29 02:50:00+00:00,1.60352,1.6043,1.60334,1.6039,4289.265082
2025-12-29 02:55:00+00:00,1.6038,1.6048,1.60329,1.60399,1586.043676
2025-12-29 03:00:00+00:00,1.60421,1.60516,1.60391,1.60516,2183.645266
2025-12-29 03:05:00+00:00,1.6054,1.60695,1.60507,1.60538,11451.489828
2025-12-29 03:10:00+00:00,1.6069,1.60863,1.6063,1.60863,33000.959122
2025-12-29 03:15:00+00:00,1.6099,1.61,1.60905,1.6098,11908.402396
2025-12-29 03:20:00+00:00,1.61,1.61027,1.60781,1.60781,12186.420093
2025-12-29 03:25:00+00:00,1.60901,1.61065,1.6083,1.61044,6262.131079
2025-12-29 03:30:00+00:00,1.61087,1.618,1.61042,1.615,132046.771957
2025-12-29 03:35:00+00:00,1.61478,1.62139,1.61478,1.61927,88417.1768
2025-12-29 03:40:00+00:00,1.62145,1.62505,1.6206,1.62067,45371.887344
2025-12-29 03:45:00+00:00,1.62334,1.62334,1.62003,1.62057,10468.500302
2025-12-29 03:50:00+00:00,1.62264,1.62468,1.62264,1.6237,6012.271132
2025-12-29 03:55:00+00:00,1.62405,1.625,1.62291,1.62329,4518.971497
2025-12-29 04:00:00+00:00,1.62508,1.62601,1.62205,1.62291,11273.447921
2025-12-29 04:05:00+00:00,1.621,1.62289,1.621,1.621,7971.3793
2025-12-29 04:10:00+00:00,1.62095,1.62325,1.61991,1.62325,6391.889719
2025-12-29 04:15:00+00:00,1.6234,1.62553,1.6231,1.62442,4584.013782
2025-12-29 04:20:00+00:00,1.62544,1.6255,1.6205,1.6205,11856.462606
2025-12-29 04:25:00+00:00,1.62099,1.62143,1.6205,1.62109,5501.801809
2025-12-29 04:30:00+00:00,1.6213,1.62211,1.62045,1.62211,4987.980895
2025-12-29 04:35:00+00:00,1.6257,1.62583,1.6227,1.62471,11105.006956
2025-12-29 04:40:00+00:00,1.6248,1.6253,1.62299,1.6231,10265.096619
2025-12-29 04:45:00+00:00,1.6225,1.6244,1.6225,1.6244,12063.056372
2025-12-29 04:50:00+00:00,1.623,1.624,1.62211,1.6237,13569.31003
2025-12-29 04:55:00+00:00,1.6242,1.62557,1.6242,1.6247,6927.880435
2025-12-29 05:00:00+00:00,1.62491,1.62493,1.6242,1.62437,367.312
2025-12-29 05:05:00+00:00,1.62488,1.62579,1.62448,1.62579,2865.219517
2025-12-29 05:10:00+00:00,1.6232,1.62599,1.6232,1.6254,17493.436966
2025-12-29 05:15:00+00:00,1.62533,1.62533,1.6205,1.62298,144538.203753
2025-12-29 05:20:00+00:00,1.6198,1.6214,1.6198,1.62138,13658.127813
2025-12-29 05:25:00+00:00,1.62055,1.62142,1.62055,1.6206,4794.002757
2025-12-29 05:30:00+00:00,1.62039,1.62059,1.6183,1.61887,152285.020548
2025-12-29 05:35:00+00:00,1.61921,1.6208,1.61912,1.6208,15987.380727
2025-12-29 05:40:00+00:00,1.62,1.6217,1.62,1.6213,70596.720443
2025-12-29 05:45:00+00:00,1.61966,1.6213,1.6194,1.61981,26415.837637
2025-12-29 05:50:00+00:00,1.6199,1.61991,1.61582,1.61582,21502.297543
2025-12-29 05:55:00+00:00,1.61727,1.61734,1.61516,1.61516,12884.335554
2025-12-29 06:00:00+00:00,1.61502,1.6153,1.6132,1.6132,22854.848123
2025-12-29 06:05:00+00:00,1.6159,1.61659,1.61158,1.61611,26899.889395
2025-12-29 06:10:00+00:00,1.61681,1.6178,1.61671,1.6176,25954.561061
2025-12-29 06:15:00+00:00,1.61941,1.62012,1.6178,1.61974,11206.077818
2025-12-29 06:20:00+00:00,1.61973,1.61984,1.61723,1.61723,4070.317862
2025-12-29 06:25:00+00:00,1.61759,1.61759,1.61491,1.6151,66995.935384
2025-12-29 06:30:00+00:00,1.61508,1.61649,1.61432,1.61531,23801.401978
2025-12-29 06:35:00+00:00,1.6161,1.6169,1.6153,1.6153,15939.728621
2025-12-29 06:40:00+00:00,1.6155,1.61699,1.6154,1.61696,6393.413923
2025-12-29 06:45:00+00:00,1.61702,1.61702,1.61479,1.61479,16801.813489
2025-12-29 06:50:00+00:00,1.61589,1.61589,1.61438,1.6145,11457.127207
2025-12-29 06:55:00+00:00,1.61455,1.61455,1.61307,1.6136,7475.700531
2025-12-29 07:00:00+00:00,1.61316,1.61496,1.61252,1.61289,8996.926584
2025-12-29 07:05:00+00:00,1.60953,1.6122,1.60566,1.60816,108788.829014
2025-12-29 07:10:00+00:00,1.60793,1.6119,1.60793,1.60943,37473.274218
2025-12-29 07:15:00+00:00,1.6105,1.6105,1.60647,1.60719,14108.190589
2025-12-29 07:20:00+00:00,1.60621,1.60699,1.60503,1.606,32965.187672
2025-12-29 07:25:00+00:00,1.60652,1.60692,1.6048,1.6049,26943.899612
2025-12-29 07:30:00+00:00,1.60508,1.60882,1.605,1.6078,25223.097622
2025-12-29 07:35:00+00:00,1.608,1.61078,1.608,1.61039,12946.63123
2025-12-29 07:40:00+00:00,1.60988,1.6101,1.60697,1.6074,9258.095526
2025-12-29 07:45:00+00:00,1.61019,1.61088,1.6075,1.61087,5675.488285
2025-12-29 07:50:00+00:00,1.61169,1.61237,1.6102,1.61237,8822.386557
2025-12-29 07:55:00+00:00,1.6115,1.61215,1.61059,1.61118,21252.309958
2025-12-29 08:00:00+00:00,1.61124,1.61179,1.60923,1.60966,33874.415868
2025-12-29 08:05:00+00:00,1.61071,1.61121,1.60934,1.61048,60869.032889
2025-12-29 08:10:00+00:00,1.61099,1.614,1.61099,1.61392,28346.636311
2025-12-29 08:15:00+00:00,1.61349,1.61375,1.61231,1.61256,12234.766787
2025-12-29 08:20:00+00:00,1.61245,1.6141,1.6121,1.6141,6675.895686
2025-12-29 08:25:00+00:00,1.6144,1.61488,1.6141,1.61448,4949.487696
2025-12-29 08:30:00+00:00,1.6145,1.61454,1.61282,1.6137,7568.418314
2025-12-29 08:35:00+00:00,1.61415,1.61415,1.61023,1.6115,11687.013596
2025-12-29 08:40:00+00:00,1.6115,1.61199,1.61124,1.61133,7156.117483
2025-12-29 08:45:00+00:00,1.61156,1.6118,1.61029,1.61079,21099.621725
2025-12-29 08:50:00+00:00,1.61122,1.61122,1.60613,1.60615,8286.280831
2025-12-29 08:55:00+00:00,1.60647,1.6087,1.6064,1.60828,18150.451176
2025-12-29 09:00:00+00:00,1.6084,1.60905,1.60637,1.6084,88502.188804
2025-12-29 09:05:00+00:00,1.60875,1.60894,1.60646,1.60699,36048.495299
2025-12-29 09:10:00+00:00,1.6073,1.6084,1.6072,1.60747,10658.101423
2025-12-29 09:15:00+00:00,1.6078,1.609,1.60712,1.60865,11625.89638
2025-12-29 09:20:00+00:00,1.60882,1.60934,1.60825,1.6085,42476.141319
2025-12-29 09:25:00+00:00,1.6079,1.6079,1.60503,1.60556,18040.375692
2025-12-29 09:30:00+00:00,1.606,1.606,1.59513,1.59647,191782.891082
2025-12-29 09:35:00+00:00,1.59011,1.5965,1.58884,1.59125,176086.30198
2025-12-29 09:40:00+00:00,1.59183,1.59183,1.58553,1.58872,98162.728427
2025-12-29 09:45:00+00:00,1.58689,1.5883,1.58194,1.5873,80660.610244
2025-12-29 09:50:00+00:00,1.5862,1.58752,1.58345,1.5864,28666.254963
2025-12-29 09:55:00+00:00,1.58602,1.59084,1.5844,1.59082,185535.833131
2025-12-29 10:00:00+00:00,1.5898,1.59269,1.5894,1.59091,33609.086721
2025-12-29 10:05:00+00:00,1.59122,1.5935,1.5888,1.5935,29099.221871
2025-12-29 10:10:00+00:00,1.59297,1.59691,1.59258,1.5941,19609.474029
2025-12-29 10:15:00+00:00,1.5929,1.594,1.59192,1.59275,6936.580004
2025-12-29 10:20:00+00:00,1.59212,1.59341,1.59163,1.59298,12625.569832
2025-12-29 10:25:00+00:00,1.59243,1.5931,1.59166,1.5924,6096.538907
2025-12-29 10:30:00+00:00,1.59196,1.5924,1.5906,1.5906,7496.801347
2025-12-29 10:35:00+00:00,1.59,1.5924,1.58932,1.59165,3699.881804
2025-12-29 10:40:00+00:00,1.59146,1.59261,1.59131,1.59261,5284.982733
2025-12-29 10:45:00+00:00,1.59248,1.59397,1.5921,1.59212,3046.662827
2025-12-29 10:50:00+00:00,1.59212,1.5935,1.59212,1.5928,10009.362048
2025-12-29 10:55:00+00:00,1.59299,1.59299,1.58907,1.59135,24365.235231
2025-12-29 11:00:00+00:00,1.59153,1.5927,1.58898,1.58996,17270.855616
2025-12-29 11:05:00+00:00,1.59017,1.59249,1.58948,1.59191,4130.589545
2025-12-29 11:10:00+00:00,1.59271,1.59335,1.59222,1.59335,7215.531674
2025-12-29 11:15:00+00:00,1.5922,1.59284,1.59177,1.59245,18764.493145
2025-12-29 11:20:00+00:00,1.59279,1.593,1.591,1.59132,14157.446769
2025-12-29 11:25:00+00:00,1.59147,1.59259,1.59111,1.59213,49976.736745
2025-12-29 11:30:00+00:00,1.59121,1.59149,1.5899,1.59106,14932.183577
2025-12-29 11:35:00+00:00,1.59015,1.5906,1.5897,1.59,28087.557232
2025-12-29 11:40:00+00:00,1.59,1.5908,1.58961,1.5897,15925.90611
2025-12-29 11:45:00+00:00,1.58931,1.5907,1.58871,1.58939,20169.521154
2025-12-29 11:50:00+00:00,1.5892,1.58982,1.5885,1.58979,7173.143767
2025-12-29 11:55:00+00:00,1.58978,1.58978,1.5886,1.58909,55620.727223
2025-12-29 12:00:00+00:00,1.58864,1.5904,1.588,1.5901,60554.574682
2025-12-29 12:05:00+00:00,1.5899,1.5899,1.57881,1.58168,96504.650531
2025-12-29 12:10:00+00:00,1.58083,1.5823,1.57604,1.58007,105253.915427
2025-12-29 12:15:00+00:00,1.57859,1.58026,1.5769,1.57928,11308.354435
2025-12-29 12:20:00+00:00,1.5787,1.58554,1.57732,1.58554,41807.788126
2025-12-29 12:25:00+00:00,1.58498,1.587,1.58351,1.58459,58402.19296
2025-12-29 12:30:00+00:00,1.58467,1.58588,1.5835,1.58515,27545.72883
2025-12-29 12:35:00+00:00,1.5858,1.5864,1.58466,1.58595,29277.789974
2025-12-29 12:40:00+00:00,1.58659,1.58761,1.58543,1.58569,5837.562529
2025-12-29 12:45:00+00:00,1.5861,1.58718,1.58551,1.58684,82606.800736
2025-12-29 12:50:00+00:00,1.58741,1.5875,1.58643,1.58699,10606.482976
2025-12-29 12:55:00+00:00,1.58644,1.58705,1.58551,1.5862,5998.416464
2025-12-29 13:00:00+00:00,1.5854,1.58843,1.58533,1.5877,12412.115006
2025-12-29 13:05:00+00:00,1.58578,1.58706,1.58529,1.58625,9784.96173
2025-12-29 13:10:00+00:00,1.58609,1.58614,1.58435,1.5845,14174.711128
2025-12-29 13:15:00+00:00,1.5847,1.5863,1.5847,1.5858,9162.009296
2025-12-29 13:20:00+00:00,1.58539,1.58555,1.58439,1.58451,4231.249062
2025-12-29 13:25:00+00:00,1.58441,1.58441,1.58188,1.58192,57962.411043
2025-12-29 13:30:00+00:00,1.58191,1.58293,1.58092,1.5818,26516.131733
2025-12-29 13:35:00+00:00,1.58177,1.58219,1.58032,1.58059,13111.16181
2025-12-29 13:40:00+00:00,1.58007,1.58069,1.57919,1.5801,20307.287818
2025-12-29 13:45:00+00:00,1.5801,1.58072,1.57858,1.57889,42711.857754
2025-12-29 13:50:00+00:00,1.578,1.58013,1.5775,1.58013,53856.497715
2025-12-29 13:55:00+00:00,1.57939,1.58195,1.57921,1.58195,13824.377413
2025-12-29 14:00:00+00:00,1.582,1.583,1.5808,1.58207,164927.841687
2025-12-29 14:05:00+00:00,1.58206,1.58402,1.5803,1.58151,14222.516083
2025-12-29 14:10:00+00:00,1.58095,1.58277,1.58,1.5826,24045.408624
2025-12-29 14:15:00+00:00,1.58313,1.58427,1.58191,1.58355,111179.713435
2025-12-29 14:20:00+00:00,1.58185,1.58368,1.58,1.5805,338724.268547
2025-12-29 14:25:00+00:00,1.58109,1.58587,1.58097,1.58485,41523.354824
2025-12-29 14:30:00+00:00,1.5833,1.59209,1.58261,1.59015,71805.381768
2025-12-29 14:35:00+00:00,1.5898,1.5935,1.58752,1.58972,72322.730655
2025-12-29 14:40:00+00:00,1.58974,1.58974,1.58616,1.58744,108737.113905
2025-12-29 14:45:00+00:00,1.58984,1.59,1.58777,1.58901,46162.746299
2025-12-29 14:50:00+00:00,1.58888,1.58975,1.58485,1.5855,11103.79994
2025-12-29 14:55:00+00:00,1.58626,1.58672,1.58147,1.5829,17924.259017
2025-12-29 15:00:00+00:00,1.58232,1.583,1.58,1.5803,315362.33996
2025-12-29 15:05:00+00:00,1.5808,1.58266,1.57994,1.58266,40350.302363
2025-12-29 15:10:00+00:00,1.58335,1.58593,1.58205,1.5843,31298.724221
2025-12-29 15:15:00+00:00,1.588,1.58924,1.585,1.58559,17936.21751
2025-12-29 15:20:00+00:00,1.58568,1.58671,1.5841,1.58631,4196.953356
2025-12-29 15:25:00+00:00,1.58625,1.58879,1.58579,1.58676,16638.764385
2025-12-29 15:30:00+00:00,1.58635,1.58797,1.58494,1.58597,36312.749079
2025-12-29 15:35:00+00:00,1.58625,1.58775,1.58348,1.58567,27126.501029
2025-12-29 15:40:00+00:00,1.58557,1.58669,1.585,1.58669,14752.957856
2025-12-29 15:45:00+00:00,1.58668,1.58668,1.5835,1.58359,42002.4784
2025-12-29 15:50:00+00:00,1.58287,1.5843,1.58181,1.58377,23981.1437
2025-12-29 15:55:00+00:00,1.58167,1.58581,1.58167,1.5838,12703.85293
2025-12-29 16:00:00+00:00,1.584,1.58575,1.58275,1.5838,11136.862328
2025-12-29 16:05:00+00:00,1.58417,1.5859,1.58353,1.58572,15239.452597
2025-12-29 16:10:00+00:00,1.58489,1.58634,1.58489,1.5854,12622.551229
2025-12-29 16:15:00+00:00,1.58516,1.58516,1.58118,1.5833,31877.679243
2025-12-29 16:20:00+00:00,1.58246,1.58334,1.5817,1.58235,15751.431467
2025-12-29 16:25:00+00:00,1.58259,1.58259,1.5791,1.58053,21990.98254
2025-12-29 16:30:00+00:00,1.58113,1.58294,1.5811,1.5818,33894.836091
2025-12-29 16:35:00+00:00,1.5813,1.58357,1.58127,1.58193,68578.385004
2025-12-29 16:40:00+00:00,1.58149,1.58246,1.5814,1.5821,9200.078226
2025-12-29 16:45:00+00:00,1.582,1.58533,1.582,1.5847,6967.943035
2025-12-29 16:50:00+00:00,1.58492,1.58505,1.5811,1.5811,9797.378457
2025-12-29 16:55:00+00:00,1.58229,1.58369,1.58218,1.58299,4383.499424
2025-12-29 17:00:00+00:00,1.58277,1.58501,1.58241,1.5845,12701.911918
2025-12-29 17:05:00+00:00,1.58419,1.58431,1.58262,1.58262,5557.191222
2025-12-29 17:10:00+00:00,1.58301,1.58379,1.5822,1.58341,29347.847829
2025-12-29 17:15:00+00:00,1.58254,1.58455,1.582,1.58455,13596.657047
2025-12-29 17:20:00+00:00,1.58459,1.58562,1.58317,1.58556,17907.038468
2025-12-29 17:25:00+00:00,1.58391,1.5842,1.581,1.58162,7658.774843
2025-12-29 17:30:00+00:00,1.5828,1.5828,1.58091,1.5816,35982.827606
2025-12-29 17:35:00+00:00,1.5811,1.58179,1.58,1.58155,14301.24232
2025-12-29 17:40:00+00:00,1.581,1.58285,1.581,1.58257,5880.017876
2025-12-29 17:45:00+00:00,1.58301,1.58533,1.58274,1.58527,9406.757096
2025-12-29 17:50:00+00:00,1.5852,1.58679,1.5852,1.58579,55475.018292
2025-12-29 17:55:00+00:00,1.58648,1.58648,1.58508,1.58598,43026.150781
2025-12-29 18:00:00+00:00,1.58596,1.58725,1.5849,1.58725,5370.75662
2025-12-29 18:05:00+00:00,1.58687,1.58687,1.58224,1.58224,18666.636269
2025-12-29 18:10:00+00:00,1.58202,1.58294,1.5813,1.58234,25231.012051
2025-12-29 18:15:00+00:00,1.58262,1.58415,1.5822,1.58386,23484.859555
2025-12-29 18:20:00+00:00,1.58408,1.58501,1.58388,1.58426,9778.535356
2025-12-29 18:25:00+00:00,1.584,1.58417,1.58175,1.58209,4041.367653
2025-12-29 18:30:00+00:00,1.58245,1.58391,1.5822,1.58231,4343.44253
2025-12-29 18:35:00+00:00,1.58299,1.58327,1.5816,1.58189,14998.41521
2025-12-29 18:40:00+00:00,1.58121,1.58177,1.57946,1.58069,43319.765932
2025-12-29 18:45:00+00:00,1.5801,1.58034,1.57968,1.58024,6199.645079
2025-12-29 18:50:00+00:00,1.5798,1.58053,1.579,1.579,10841.824761
2025-12-29 18:55:00+00:00,1.57939,1.57939,1.57587,1.5763,58817.592485
2025-12-29 19:00:00+00:00,1.5763,1.5763,1.57211,1.57458,73300.745681
2025-12-29 19:05:00+00:00,1.57482,1.5786,1.57461,1.57845,59951.731001
2025-12-29 19:10:00+00:00,1.57873,1.57959,1.57729,1.5776,7309.87645
2025-12-29 19:15:00+00:00,1.57799,1.5787,1.57691,1.57868,49767.59968
2025-12-29 19:20:00+00:00,1.57861,1.58014,1.57743,1.5775,21341.273327
2025-12-29 19:25:00+00:00,1.5775,1.57801,1.57608,1.57669,5164.857324
2025-12-29 19:30:00+00:00,1.5769,1.5791,1.5769,1.57783,18198.690801
2025-12-29 19:35:00+00:00,1.5776,1.5776,1.57476,1.57555,85204.582018
2025-12-29 19:40:00+00:00,1.5752,1.57549,1.57416,1.57469,28366.555199
2025-12-29 19:45:00+00:00,1.57468,1.57498,1.57349,1.57379,16524.045973
2025-12-29 19:50:00+00:00,1.57441,1.57469,1.57276,1.57414,21285.903346
2025-12-29 19:55:00+00:00,1.57375,1.57405,1.57309,1.5739,40201.056134
2025-12-29 20:00:00+00:00,1.5738,1.5738,1.5712,1.57352,62532.928878
2025-12-29 20:05:00+00:00,1.5725,1.57541,1.57235,1.57526,8170.330381
2025-12-29 20:10:00+00:00,1.57505,1.57631,1.57253,1.57377,10245.883513
2025-12-29 20:15:00+00:00,1.57517,1.57669,1.57373,1.57483,2341.5454
2025-12-29 20:20:00+00:00,1.57441,1.57474,1.57297,1.57474,50399.46291
2025-12-29 20:25:00+00:00,1.5733,1.5733,1.57,1.57013,63934.339649
2025-12-29 20:30:00+00:00,1.57,1.57135,1.5691,1.57,31120.854235
2025-12-29 20:35:00+00:00,1.57019,1.57108,1.56668,1.56968,45911.559018
2025-12-29 20:40:00+00:00,1.56994,1.57049,1.56892,1.56892,36469.965035
2025-12-29 20:45:00+00:00,1.57001,1.57072,1.56926,1.5698,41462.021242
2025-12-29 20:50:00+00:00,1.56996,1.57075,1.56879,1.57075,35237.532674
2025-12-29 20:55:00+00:00,1.57013,1.57076,1.56957,1.5696,27521.72434
2025-12-29 21:00:00+00:00,1.57104,1.57104,1.569,1.57034,4079.154852
2025-12-29 21:05:00+00:00,1.57034,1.57125,1.5698,1.57076,4661.612658
2025-12-29 21:10:00+00:00,1.57032,1.57189,1.57032,1.57096,65014.430524
2025-12-29 21:15:00+00:00,1.57098,1.57098,1.56959,1.56985,7742.329168
2025-12-29 21:20:00+00:00,1.56939,1.56973,1.5686,1.5686,15695.02707
2025-12-29 21:25:00+00:00,1.56882,1.57,1.56868,1.56934,5447.379641
2025-12-29 21:30:00+00:00,1.56928,1.57,1.5683,1.57,24513.795678
2025-12-29 21:35:00+00:00,1.57012,1.57147,1.56911,1.57111,7276.568227
2025-12-29 21:40:00+00:00,1.57295,1.57334,1.57141,1.57313,12495.834428
2025-12-29 21:45:00+00:00,1.57296,1.57306,1.5722,1.57254,8083.71067
2025-12-29 21:50:00+00:00,1.57235,1.57344,1.5719,1.5719,10310.97218
2025-12-29 21:55:00+00:00,1.5722,1.5732,1.572,1.57293,28154.239506
2025-12-29 22:00:00+00:00,1.5729,1.5729,1.57049,1.57049,31527.093092
2025-12-29 22:05:00+00:00,1.5704,1.5704,1.568,1.568,20793.741221
2025-12-29 22:10:00+00:00,1.5677,1.56836,1.566,1.5673,109169.973901
2025-12-29 22:15:00+00:00,1.5687,1.56999,1.56849,1.56953,29061.509112
2025-12-29 22:20:00+00:00,1.57184,1.57254,1.56948,1.57254,5184.935322
2025-12-29 22:25:00+00:00,1.5724,1.57257,1.57047,1.57069,10483.070631
2025-12-29 22:30:00+00:00,1.5706,1.5725,1.57036,1.5725,6068.600863
2025-12-29 22:35:00+00:00,1.57226,1.5727,1.5709,1.5715,7239.134512
2025-12-29 22:40:00+00:00,1.57215,1.57438,1.57209,1.5739,9889.071791
2025-12-29 22:45:00+00:00,1.57407,1.57458,1.57224,1.57458,51699.944396
2025-12-29 22:50:00+00:00,1.57446,1.57446,1.5735,1.57445,43233.763864
2025-12-29 22:55:00+00:00,1.57404,1.57432,1.57181,1.57211,4244.52362
2025-12-29 23:00:00+00:00,1.57184,1.57184,1.5703,1.57166,41994.787868
2025-12-29 23:05:00+00:00,1.57187,1.57254,1.5716,1.57169,4657.220998
2025-12-29 23:10:00+00:00,1.5713,1.572,1.57075,1.5713,4308.433676
2025-12-29 23:15:00+00:00,1.5709,1.57134,1.5702,1.57035,24724.188744
2025-12-29 23:20:00+00:00,1.5713,1.5718,1.57094,1.5714,1718.866079
2025-12-29 23:25:00+00:00,1.57071,1.57139,1.56881,1.56919,63455.070776
2025-12-29 23:30:00+00:00,1.56959,1.57026,1.5689,1.5695,54748.959994
2025-12-29 23:35:00+00:00,1.5693,1.5694,1.56841,1.56841,3812.102247
2025-12-29 23:45:00+00:00,1.56883,1.57049,1.56868,1.56999,4927.347095
2025-12-29 23:50:00+00:00,1.56924,1.57017,1.56923,1.56924,1178.275656
2025-12-29 23:55:00+00:00,1.5692,1.57098,1.5692,1.57057,35715.944409
2025-12-30 00:00:00+00:00,1.57055,1.57201,1.5703,1.57142,61077.594805
2025-12-30 00:05:00+00:00,1.57089,1.5723,1.57004,1.57194,2487.708824
2025-12-30 00:10:00+00:00,1.57246,1.57301,1.57221,1.5725,3558.230033
2025-12-30 00:15:00+00:00,1.5722,1.57311,1.57216,1.57249,2942.816937
2025-12-30 00:20:00+00:00,1.57243,1.57243,1.57166,1.57209,2042.690631
2025-12-30 00:25:00+00:00,1.57238,1.57279,1.57109,1.57109,2412.479094
2025-12-30 00:30:00+00:00,1.5709,1.5709,1.5672,1.56783,14419.266956
2025-12-30 00:35:00+00:00,1.56804,1.56939,1.56787,1.56889,10414.670026
2025-12-30 00:40:00+00:00,1.56938,1.5696,1.5686,1.5696,2802.481264
2025-12-30 00:45:00+00:00,1.5703,1.57095,1.57004,1.5707,7351.278025
2025-12-30 00:50:00+00:00,1.56945,1.5701,1.5694,1.5694,3275.983294
2025-12-30 00:55:00+00:00,1.5694,1.57117,1.5694,1.5707,12398.91015
2025-12-30 01:00:00+00:00,1.5704,1.5704,1.56867,1.56881,3299.136351
2025-12-30 01:05:00+00:00,1.5695,1.57069,1.5695,1.57069,1058.707348
2025-12-30 01:10:00+00:00,1.57012,1.5714,1.57012,1.5709,1245.239238
2025-12-30 01:15:00+00:00,1.5695,1.57112,1.5695,1.57112,2274.012421
2025-12-30 01:20:00+00:00,1.57058,1.57058,1.5696,1.5705,2298.433678
2025-12-30 01:25:00+00:00,1.56999,1.5707,1.56938,1.56948,893.553696
2025-12-30 01:30:00+00:00,1.5696,1.5696,1.56841,1.56877,846.97356
2025-12-30 01:35:00+00:00,1.56849,1.56849,1.5658,1.56759,7850.225097
2025-12-30 01:40:00+00:00,1.56795,1.56859,1.56795,1.56809,660.004609
2025-12-30 01:45:00+00:00,1.56714,1.5692,1.56714,1.56859,607.885708
2025-12-30 01:50:00+00:00,1.56778,1.56778,1.56778,1.56778,47.934022
2025-12-30 01:55:00+00:00,1.56683,1.5672,1.56683,1.567,5572.118504
2025-12-30 02:00:00+00:00,1.5675,1.56752,1.56629,1.5669,5933.128564
2025-12-30 02:05:00+00:00,1.56598,1.56737,1.56598,1.5664,1058.950909
2025-12-30 02:10:00+00:00,1.56621,1.56757,1.565,1.56728,9378.608024
2025-12-30 02:15:00+00:00,1.5678,1.5698,1.5678,1.5698,3205.961804
2025-12-30 02:20:00+00:00,1.56963,1.56974,1.5691,1.5691,985.273215
2025-12-30 02:25:00+00:00,1.56777,1.56842,1.5672,1.5672,3936.37138
2025-12-30 02:30:00+00:00,1.56761,1.56771,1.5664,1.5664,1242.082663
2025-12-30 02:35:00+00:00,1.56733,1.56842,1.56733,1.5682,1176.075585
2025-12-30 02:40:00+00:00,1.5682,1.5684,1.56715,1.5684,1398.558375
2025-12-30 02:45:00+00:00,1.56854,1.57081,1.56854,1.56984,45126.505877
2025-12-30 02:50:00+00:00,1.56986,1.57079,1.56865,1.57049,2369.132574
2025-12-30 02:55:00+00:00,1.57097,1.5715,1.5704,1.5715,4641.554875
2025-12-30 03:00:00+00:00,1.57141,1.5719,1.5713,1.57187,1212.784615
2025-12-30 03:05:00+00:00,1.57163,1.57164,1.5705,1.5705,1253.448376
2025-12-30 03:10:00+00:00,1.57041,1.572,1.57033,1.5715,1532.149885
2025-12-30 03:15:00+00:00,1.56946,1.57175,1.56928,1.57175,15201.591802
2025-12-30 03:20:00+00:00,1.57229,1.57441,1.57229,1.57429,8168.044729
2025-12-30 03:25:00+00:00,1.57463,1.5765,1.57421,1.5765,7357.495686
2025-12-30 03:30:00+00:00,1.57615,1.57615,1.57615,1.57615,351.754427
2025-12-30 03:35:00+00:00,1.57602,1.57661,1.57597,1.57659,3141.967249
2025-12-30 03:40:00+00:00,1.57659,1.5766,1.5753,1.5766,3142.896137
2025-12-30 03:45:00+00:00,1.57734,1.57994,1.57734,1.57747,12091.173959
2025-12-30 03:50:00+00:00,1.57931,1.5805,1.5793,1.57986,18660.364919
2025-12-30 03:55:00+00:00,1.57917,1.5803,1.579,1.57918,6253.40613
2025-12-30 04:00:00+00:00,1.57965,1.58091,1.57965,1.58069,20788.907582
2025-12-30 04:05:00+00:00,1.58116,1.58141,1.57501,1.57699,951484.704244
2025-12-30 04:10:00+00:00,1.57698,1.57698,1.57537,1.57645,184224.823212
2025-12-30 04:15:00+00:00,1.57646,1.57784,1.57645,1.57783,21022.768237
2025-12-30 04:20:00+00:00,1.57805,1.57976,1.5776,1.57967,78937.884645
2025-12-30 04:25:00+00:00,1.57973,1.58034,1.57923,1.57971,55011.174557
2025-12-30 04:30:00+00:00,1.57971,1.57987,1.57886,1.57938,27538.175252
2025-12-30 04:35:00+00:00,1.57941,1.58012,1.57861,1.57945,32127.479747
2025-12-30 04:40:00+00:00,1.57945,1.58023,1.57932,1.58018,12482.851089
2025-12-30 04:45:00+00:00,1.57942,1.58013,1.57855,1.57855,14747.386472
2025-12-30 04:50:00+00:00,1.57801,1.57937,1.57801,1.57863,12003.367539
2025-12-30 04:55:00+00:00,1.57868,1.57868,1.57815,1.57836,19863.007555
2025-12-30 05:00:00+00:00,1.57826,1.57911,1.57811,1.57911,12994.829664
2025-12-30 05:05:00+00:00,1.57897,1.57935,1.57741,1.57932,43854.28472
2025-12-30 05:10:00+00:00,1.57932,1.57958,1.5789,1.57958,17337.349391
2025-12-30 05:15:00+00:00,1.57895,1.57958,1.57787,1.57822,30016.828764
2025-12-30 05:20:00+00:00,1.5784,1.5784,1.57552,1.57631,14591.804149
2025-12-30 05:25:00+00:00,1.5763,1.57648,1.57607,1.57607,12283.528402
2025-12-30 05:30:00+00:00,1.57619,1.57619,1.57387,1.57387,12318.780993
2025-12-30 05:35:00+00:00,1.57386,1.57502,1.57343,1.57422,24175.237
2025-12-30 05:40:00+00:00,1.57463,1.57528,1.57453,1.57523,16609.887597
2025-12-30 05:45:00+00:00,1.57551,1.57562,1.57465,1.57562,15142.342187
2025-12-30 05:50:00+00:00,1.5753,1.57719,1.5753,1.57699,4722.848823
2025-12-30 05:55:00+00:00,1.57649,1.57715,1.5763,1.57668,9227.377301
2025-12-30 06:00:00+00:00,1.57655,1.5785,1.57654,1.5785,27405.090562
2025-12-30 06:05:00+00:00,1.58048,1.5816,1.58017,1.58059,18278.958193
2025-12-30 06:10:00+00:00,1.58,1.5807,1.58,1.5806,4802.401966
2025-12-30 06:15:00+00:00,1.5808,1.58175,1.5808,1.5808,4423.615661
2025-12-30 06:20:00+00:00,1.58016,1.58026,1.5794,1.58025,3779.972677
2025-12-30 06:25:00+00:00,1.5801,1.58079,1.5798,1.58069,2246.258174
2025-12-30 06:30:00+00:00,1.5804,1.58307,1.58009,1.58307,55310.230679
2025-12-30 06:35:00+00:00,1.58195,1.58253,1.58078,1.58226,4784.899626
2025-12-30 06:40:00+00:00,1.5821,1.58304,1.58144,1.5828,52232.913614
2025-12-30 06:45:00+00:00,1.58239,1.58414,1.58225,1.58395,16088.828565
2025-12-30 06:50:00+00:00,1.58271,1.58299,1.58161,1.58178,11273.268484
2025-12-30 06:55:00+00:00,1.57979,1.58155,1.57936,1.5798,6270.946819
2025-12-30 07:00:00+00:00,1.57901,1.57929,1.578,1.57892,20532.20307
2025-12-30 07:05:00+00:00,1.57905,1.58143,1.57905,1.5814,20641.106331
2025-12-30 07:10:00+00:00,1.58078,1.58139,1.58,1.58113,30678.792924
2025-12-30 07:15:00+00:00,1.58064,1.5821,1.58037,1.58066,11858.414636
2025-12-30 07:20:00+00:00,1.57983,1.58019,1.57757,1.57757,14220.976615
2025-12-30 07:25:00+00:00,1.57769,1.5787,1.57725,1.57725,35233.26361
2025-12-30 07:30:00+00:00,1.57674,1.57809,1.5759,1.57782,44681.692034
2025-12-30 07:35:00+00:00,1.57771,1.58104,1.57771,1.58007,12726.803548
2025-12-30 07:40:00+00:00,1.58074,1.581,1.5792,1.5792,33999.37962
2025-12-30 07:45:00+00:00,1.5797,1.5802,1.57879,1.57879,12597.462179
2025-12-30 07:50:00+00:00,1.579,1.57905,1.5782,1.5787,11334.588122
2025-12-30 07:55:00+00:00,1.5784,1.579,1.5784,1.579,4822.897346
2025-12-30 08:00:00+00:00,1.57859,1.58373,1.57859,1.58373,37447.369243
2025-12-30 08:05:00+00:00,1.58395,1.58579,1.58307,1.58418,21212.644695
2025-12-30 08:10:00+00:00,1.58431,1.589,1.5843,1.58495,42704.53619
2025-12-30 08:15:00+00:00,1.58575,1.5881,1.58531,1.5856,54019.326888
2025-12-30 08:20:00+00:00,1.58588,1.58603,1.58114,1.58347,65668.475334
2025-12-30 08:25:00+00:00,1.58335,1.58409,1.58198,1.58304,9997.301704
2025-12-30 08:30:00+00:00,1.5826,1.5846,1.5815,1.5822,24898.784058
2025-12-30 08:35:00+00:00,1.58339,1.58555,1.58296,1.58555,12881.76368
2025-12-30 08:40:00+00:00,1.5852,1.5856,1.58407,1.58422,51613.953888
2025-12-30 08:45:00+00:00,1.58447,1.58447,1.58322,1.58397,34261.112783
2025-12-30 08:50:00+00:00,1.58411,1.5852,1.58322,1.58379,14945.605983
2025-12-30 08:55:00+00:00,1.58489,1.58489,1.58348,1.58489,6208.739883
2025-12-30 09:00:00+00:00,1.5856,1.58643,1.58455,1.58522,56587.184041
2025-12-30 09:05:00+00:00,1.58531,1.58615,1.58489,1.58569,22919.586404
2025-12-30 09:10:00+00:00,1.58559,1.5856,1.585,1.58538,15616.285882
2025-12-30 09:15:00+00:00,1.58534,1.58534,1.58279,1.58409,19630.598776
2025-12-30 09:20:00+00:00,1.5833,1.5844,1.58215,1.58215,22882.233991
2025-12-30 09:25:00+00:00,1.58296,1.5834,1.5821,1.5826,15712.232213
2025-12-30 09:30:00+00:00,1.58244,1.58373,1.5822,1.58322,13260.355128
2025-12-30 09:35:00+00:00,1.58415,1.58439,1.58278,1.58299,5332.636932
2025-12-30 09:40:00+00:00,1.58271,1.58483,1.58226,1.58483,13472.17644
2025-12-30 09:45:00+00:00,1.58546,1.58599,1.58419,1.58559,5721.032633
2025-12-30 09:50:00+00:00,1.58578,1.58756,1.58563,1.58599,93136.173165
2025-12-30 09:55:00+00:00,1.58638,1.58661,1.5851,1.58647,13301.119523
2025-12-30 10:00:00+00:00,1.58621,1.58673,1.585,1.58521,35320.980522
2025-12-30 10:05:00+00:00,1.58427,1.58503,1.5842,1.58489,8489.670457
2025-12-30 10:10:00+00:00,1.58385,1.58475,1.58358,1.58395,15836.679695
2025-12-30 10:15:00+00:00,1.584,1.58574,1.584,1.585,9021.740793
2025-12-30 10:20:00+00:00,1.58599,1.58619,1.58404,1.58404,17005.893822
2025-12-30 10:25:00+00:00,1.58459,1.58573,1.58428,1.58573,28374.017584
2025-12-30 10:30:00+00:00,1.5844,1.58449,1.5832,1.58331,45044.806875
2025-12-30 10:35:00+00:00,1.5833,1.5842,1.58302,1.58327,12624.342125
2025-12-30 10:40:00+00:00,1.583,1.58409,1.58263,1.58365,11577.152581
2025-12-30 10:45:00+00:00,1.58428,1.58454,1.58231,1.58309,46226.071828
2025-12-30 10:50:00+00:00,1.5827,1.5827,1.57949,1.57985,19816.572086
2025-12-30 10:55:00+00:00,1.57948,1.5803,1.57948,1.57948,9890.674433
2025-12-30 11:00:00+00:00,1.57969,1.58098,1.57911,1.58054,6343.879349
2025-12-30 11:05:00+00:00,1.58077,1.58155,1.58009,1.58129,10854.145235
2025-12-30 11:10:00+00:00,1.58068,1.5809,1.58049,1.58049,2672.294118
2025-12-30 11:15:00+00:00,1.5801,1.581,1.58001,1.58071,36338.231527
2025-12-30 11:20:00+00:00,1.58039,1.58137,1.58025,1.58044,10735.739242
2025-12-30 11:25:00+00:00,1.58024,1.5804,1.57993,1.5804,3483.555752
2025-12-30 11:30:00+00:00,1.58025,1.58119,1.58024,1.58119,6235.981138
2025-12-30 11:35:00+00:00,1.58115,1.58169,1.5808,1.5808,9593.93194
2025-12-30 11:40:00+00:00,1.58074,1.5809,1.5794,1.58029,14251.294128
2025-12-30 11:45:00+00:00,1.5806,1.58277,1.5806,1.58188,30559.66486
2025-12-30 11:50:00+00:00,1.58179,1.58197,1.57999,1.57999,28838.174253
2025-12-30 11:55:00+00:00,1.58,1.58127,1.57953,1.58127,10726.314827
2025-12-30 12:00:00+00:00,1.5814,1.58338,1.581,1.58273,18638.013768
2025-12-30 12:05:00+00:00,1.58325,1.5835,1.58272,1.5833,6020.95841
2025-12-30 12:10:00+00:00,1.5843,1.58538,1.58353,1.5846,56236.673599
2025-12-30 12:15:00+00:00,1.58463,1.58598,1.58462,1.58537,77450.709696
2025-12-30 12:20:00+00:00,1.58574,1.58624,1.58491,1.5857,21936.630337
2025-12-30 12:25:00+00:00,1.585,1.58581,1.5848,1.58539,26462.68966
2025-12-30 12:30:00+00:00,1.58559,1.5856,1.58386,1.5847,52935.469915
2025-12-30 12:35:00+00:00,1.58453,1.58459,1.58351,1.58429,5600.265846
2025-12-30 12:40:00+00:00,1.58393,1.58423,1.58347,1.584,3897.699574
2025-12-30 12:45:00+00:00,1.58377,1.58433,1.5833,1.58397,9546.643011
2025-12-30 12:50:00+00:00,1.58389,1.58397,1.58286,1.5833,11701.041272
2025-12-30 12:55:00+00:00,1.5833,1.58356,1.58231,1.58302,9714.640849
2025-12-30 13:00:00+00:00,1.5825,1.5826,1.58005,1.58078,77865.500175
2025-12-30 13:05:00+00:00,1.58111,1.58234,1.5801,1.5801,8128.602067
2025-12-30 13:10:00+00:00,1.58109,1.58209,1.5808,1.58114,33342.68916
2025-12-30 13:15:00+00:00,1.581,1.58265,1.581,1.582,16695.076618
2025-12-30 13:20:00+00:00,1.5814,1.58189,1.58017,1.58148,29281.449484
2025-12-30 13:25:00+00:00,1.58186,1.58289,1.58186,1.58257,8163.711769
2025-12-30 13:30:00+00:00,1.583,1.58372,1.58047,1.5809,14549.035982
2025-12-30 13:35:00+00:00,1.58044,1.58252,1.58015,1.58162,25370.323816
2025-12-30 13:40:00+00:00,1.58202,1.58359,1.58171,1.58356,16813.823027
2025-12-30 13:45:00+00:00,1.58416,1.58416,1.58281,1.5835,2229.30742
2025-12-30 13:50:00+00:00,1.5833,1.5833,1.5821,1.58303,4698.651615
2025-12-30 13:55:00+00:00,1.58307,1.58307,1.58217,1.5828,16725.363479
2025-12-30 14:00:00+00:00,1.58197,1.58247,1.575,1.57786,67864.052848
2025-12-30 14:05:00+00:00,1.5771,1.58115,1.57707,1.58023,41632.01516
2025-12-30 14:10:00+00:00,1.58003,1.58238,1.57963,1.58105,28024.857009
2025-12-30 14:15:00+00:00,1.58086,1.58324,1.58021,1.58324,13138.67066
2025-12-30 14:20:00+00:00,1.58362,1.58485,1.58234,1.5839,40386.779846
2025-12-30 14:25:00+00:00,1.58389,1.5841,1.58231,1.58231,76656.037716
2025-12-30 14:30:00+00:00,1.58061,1.58523,1.57959,1.58502,10974.482467
2025-12-30 14:35:00+00:00,1.58554,1.58723,1.58334,1.58334,12387.252752
2025-12-30 14:40:00+00:00,1.58358,1.58456,1.58186,1.58456,82471.399768
2025-12-30 14:45:00+00:00,1.58493,1.58726,1.58292,1.58497,80463.181532
2025-12-30 14:50:00+00:00,1.5863,1.59225,1.5861,1.58713,55215.634726
2025-12-30 14:55:00+00:00,1.59246,1.59246,1.58971,1.59046,13822.296325
2025-12-30 15:00:00+00:00,1.59202,1.594,1.585,1.58647,86327.964672
2025-12-30 15:05:00+00:00,1.58759,1.58759,1.58444,1.58578,29359.915036
2025-12-30 15:10:00+00:00,1.58524,1.58782,1.58524,1.58739,20591.585553
2025-12-30 15:15:00+00:00,1.58802,1.58863,1.58696,1.58791,13286.9542
2025-12-30 15:20:00+00:00,1.58725,1.58951,1.5865,1.5872,16293.193415
2025-12-30 15:25:00+00:00,1.58854,1.59104,1.58854,1.59019,9052.984614
2025-12-30 15:30:00+00:00,1.5915,1.59199,1.59019,1.59049,65885.608104
2025-12-30 15:35:00+00:00,1.59084,1.59372,1.59084,1.59285,24581.960023
2025-12-30 15:40:00+00:00,1.593,1.5944,1.5915,1.59431,22283.605492
2025-12-30 15:45:00+00:00,1.59443,1.59499,1.59185,1.59499,54729.328413
2025-12-30 15:50:00+00:00,1.59599,1.59666,1.59498,1.59566,14978.440813
2025-12-30 15:55:00+00:00,1.5961,1.59749,1.59536,1.59536,16377.894387
2025-12-30 16:00:00+00:00,1.59604,1.5975,1.594,1.5975,91864.442889
2025-12-30 16:05:00+00:00,1.59478,1.59512,1.59359,1.59509,19954.326272
2025-12-30 16:10:00+00:00,1.59526,1.596,1.5928,1.5928,54240.011669
2025-12-30 16:15:00+00:00,1.59317,1.5974,1.59217,1.59683,13558.44251
2025-12-30 16:20:00+00:00,1.598,1.5988,1.59621,1.5986,12841.49174
2025-12-30 16:25:00+00:00,1.59746,1.59778,1.596,1.59671,48557.734688
2025-12-30 16:30:00+00:00,1.59449,1.59661,1.59301,1.59316,10017.215955
2025-12-30 16:35:00+00:00,1.59412,1.59417,1.5914,1.59177,58864.897997
2025-12-30 16:40:00+00:00,1.59202,1.59202,1.59003,1.5902,17475.178418
2025-12-30 16:45:00+00:00,1.59075,1.59075,1.5891,1.58914,12466.767469
2025-12-30 16:50:00+00:00,1.58825,1.59108,1.58813,1.59108,9790.713631
2025-12-30 16:55:00+00:00,1.5912,1.59659,1.5912,1.59578,5562.996884
2025-12-30 17:00:00+00:00,1.59599,1.59645,1.59456,1.5955,9976.712805
2025-12-30 17:05:00+00:00,1.5956,1.598,1.59549,1.598,16023.074383
2025-12-30 17:10:00+00:00,1.598,1.59912,1.59726,1.59912,139904.130901
2025-12-30 17:15:00+00:00,1.59885,1.59899,1.59582,1.59621,14456.25274
2025-12-30 17:20:00+00:00,1.59653,1.598,1.59561,1.59589,23497.88381
2025-12-30 17:25:00+00:00,1.5982,1.59968,1.59758,1.59967,14741.336246
2025-12-30 17:30:00+00:00,1.60091,1.60257,1.5989,1.60257,64203.221527
2025-12-30 17:35:00+00:00,1.60258,1.60294,1.59873,1.60022,79135.785194
2025-12-30 17:40:00+00:00,1.60004,1.60062,1.5949,1.5949,93536.402899
2025-12-30 17:45:00+00:00,1.5951,1.5951,1.5908,1.5942,136840.805588
2025-12-30 17:50:00+00:00,1.59512,1.59559,1.59403,1.59406,11091.188995
2025-12-30 17:55:00+00:00,1.5937,1.5939,1.59264,1.59271,6552.625081
2025-12-30 18:00:00+00:00,1.59319,1.59377,1.59235,1.59249,11671.465525
2025-12-30 18:05:00+00:00,1.59353,1.59509,1.59344,1.5947,66286.334128
2025-12-30 18:10:00+00:00,1.59465,1.59479,1.59353,1.59441,5971.721891
2025-12-30 18:15:00+00:00,1.59453,1.5954,1.59407,1.5954,18999.870784
2025-12-30 18:20:00+00:00,1.59618,1.59779,1.59441,1.5976,28220.762673
2025-12-30 18:25:00+00:00,1.59718,1.59718,1.59535,1.5965,12479.456255
2025-12-30 18:30:00+00:00,1.59666,1.599,1.59538,1.59665,16400.450027
2025-12-30 18:35:00+00:00,1.59934,1.60098,1.59866,1.60029,80005.198677
2025-12-30 18:40:00+00:00,1.6,1.60017,1.59702,1.5983,16378.627905
2025-12-30 18:45:00+00:00,1.59775,1.59833,1.59691,1.59699,21526.433721
2025-12-30 18:50:00+00:00,1.5956,1.5964,1.59401,1.59496,45873.820646
2025-12-30 18:55:00+00:00,1.59519,1.59764,1.59519,1.59701,3761.975755
2025-12-30 19:00:00+00:00,1.59696,1.59753,1.59655,1.5969,6689.934889
2025-12-30 19:05:00+00:00,1.5969,1.59699,1.59084,1.59237,58436.647535
2025-12-30 19:10:00+00:00,1.59189,1.59384,1.59177,1.5936,21450.763071
2025-12-30 19:15:00+00:00,1.5939,1.59438,1.59343,1.59413,32170.102689
2025-12-30 19:20:00+00:00,1.5962,1.59629,1.59424,1.59619,70358.464705
2025-12-30 19:25:00+00:00,1.5952,1.59709,1.5952,1.59699,8051.284703
2025-12-30 19:30:00+00:00,1.5971,1.59777,1.59593,1.59625,14908.197647
2025-12-30 19:35:00+00:00,1.59749,1.59884,1.59749,1.59877,10683.717193
2025-12-30 19:40:00+00:00,1.59818,1.5987,1.5955,1.5955,8182.926877
2025-12-30 19:45:00+00:00,1.59526,1.59573,1.5929,1.5929,12376.360806
2025-12-30 19:50:00+00:00,1.59395,1.59546,1.59326,1.5953,8324.600911
2025-12-30 19:55:00+00:00,1.59588,1.59589,1.59476,1.5958,15144.124705
2025-12-30 20:00:00+00:00,1.59549,1.5955,1.59352,1.59352,17356.833462
2025-12-30 20:05:00+00:00,1.5953,1.59606,1.594,1.59451,15963.889847
2025-12-30 20:10:00+00:00,1.59433,1.59544,1.59433,1.5953,4657.693015
2025-12-30 20:15:00+00:00,1.5951,1.59541,1.59386,1.5939,26353.456781
2025-12-30 20:20:00+00:00,1.5934,1.59362,1.59141,1.59163,24510.842363
2025-12-30 20:25:00+00:00,1.59211,1.59279,1.59094,1.59094,40594.222472
2025-12-30 20:30:00+00:00,1.5912,1.59196,1.59016,1.59163,20259.220737
2025-12-30 20:35:00+00:00,1.59137,1.59178,1.58958,1.58987,17802.49567
2025-12-30 20:40:00+00:00,1.5896,1.59075,1.5885,1.59019,55448.202357
2025-12-30 20:45:00+00:00,1.58996,1.59088,1.58996,1.59073,55088.389241
2025-12-30 20:50:00+00:00,1.59044,1.5913,1.588,1.588,43880.865333
2025-12-30 20:55:00+00:00,1.5876,1.58928,1.58719,1.58928,76356.684564
2025-12-30 21:00:00+00:00,1.58959,1.59242,1.58883,1.59225,20739.905193
2025-12-30 21:05:00+00:00,1.59,1.59,1.5891,1.58978,12434.543186
2025-12-30 21:10:00+00:00,1.5896,1.59038,1.5896,1.59005,22153.390654
2025-12-30 21:15:00+00:00,1.59064,1.59064,1.58971,1.59018,11497.375584
2025-12-30 21:20:00+00:00,1.59161,1.59227,1.59009,1.59227,7553.431896
2025-12-30 21:25:00+00:00,1.59235,1.59274,1.59047,1.59085,10310.777194
2025-12-30 21:30:00+00:00,1.59139,1.59192,1.59081,1.59137,4624.73993
2025-12-30 21:35:00+00:00,1.5912,1.59179,1.59089,1.59097,8153.898568
2025-12-30 21:40:00+00:00,1.5901,1.59185,1.5898,1.59185,18424.496541
2025-12-30 21:45:00+00:00,1.59168,1.59314,1.591,1.591,11727.093892
2025-12-30 21:50:00+00:00,1.59099,1.5923,1.5904,1.5919,14135.80903
2025-12-30 21:55:00+00:00,1.59191,1.59224,1.59172,1.59173,17610.290949
2025-12-30 22:00:00+00:00,1.5933,1.59613,1.59321,1.5948,12248.41944
2025-12-30 22:05:00+00:00,1.5959,1.59666,1.59526,1.59557,6500.853716
2025-12-30 22:10:00+00:00,1.59557,1.59682,1.59511,1.59682,31994.953678
2025-12-30 22:15:00+00:00,1.59577,1.59577,1.5927,1.5927,61859.851033
2025-12-30 22:20:00+00:00,1.59392,1.5951,1.59271,1.59501,9845.356616
2025-12-30 22:25:00+00:00,1.59408,1.5951,1.59408,1.5951,21642.446769
2025-12-30 22:30:00+00:00,1.5946,1.5951,1.59363,1.59444,28068.699681
2025-12-30 22:35:00+00:00,1.5948,1.5948,1.5915,1.59239,6215.563907
2025-12-30 22:40:00+00:00,1.59239,1.5927,1.59173,1.59196,12589.792621
2025-12-30 22:45:00+00:00,1.5919,1.59248,1.5911,1.59168,8675.491067
2025-12-30 22:50:00+00:00,1.59178,1.59214,1.5915,1.59151,9147.199874
2025-12-30 22:55:00+00:00,1.59209,1.59215,1.59131,1.59173,6634.933919
2025-12-30 23:00:00+00:00,1.59159,1.59324,1.59081,1.5914,15045.503549
2025-12-30 23:05:00+00:00,1.59124,1.59287,1.591,1.59193,22148.74438
2025-12-30 23:10:00+00:00,1.59207,1.59305,1.59207,1.59275,6498.360215
2025-12-30 23:15:00+00:00,1.59272,1.59532,1.5923,1.59532,3664.733654
2025-12-30 23:20:00+00:00,1.59469,1.59516,1.5942,1.59497,61894.264281
2025-12-30 23:25:00+00:00,1.59534,1.59581,1.59511,1.59531,2515.474201
2025-12-30 23:30:00+00:00,1.59546,1.596,1.59513,1.5956,12057.954555
2025-12-30 23:35:00+00:00,1.5961,1.59646,1.59551,1.59551,2908.920878
2025-12-30 23:40:00+00:00,1.59598,1.5962,1.5953,1.5962,704.227302
2025-12-30 23:45:00+00:00,1.5959,1.59619,1.59544,1.59601,6146.926162
2025-12-30 23:50:00+00:00,1.59615,1.59656,1.59591,1.59595,5364.522066
2025-12-30 23:55:00+00:00,1.5962,1.597,1.5962,1.59649,2710.262744
2025-12-31 00:00:00+00:00,1.5952,1.59626,1.59491,1.5952,4519.50903
2025-12-31 00:05:00+00:00,1.59544,1.59544,1.59329,1.5939,2530.274476
2025-12-31 00:10:00+00:00,1.59379,1.59409,1.59327,1.59327,1168.085157
2025-12-31 00:15:00+00:00,1.59367,1.594,1.59189,1.592,63595.130417
2025-12-31 00:20:00+00:00,1.59174,1.59287,1.59173,1.59173,14431.548679
2025-12-31 00:25:00+00:00,1.5916,1.59469,1.5916,1.5941,6238.909468
2025-12-31 00:30:00+00:00,1.59417,1.59605,1.59206,1.59447,10834.824029
2025-12-31 00:35:00+00:00,1.5953,1.59571,1.5948,1.59485,4919.601378
2025-12-31 00:40:00+00:00,1.59548,1.59595,1.59485,1.59595,515.177
2025-12-31 00:45:00+00:00,1.5958,1.5958,1.59413,1.59533,17371.285855
2025-12-31 00:50:00+00:00,1.59484,1.5953,1.59459,1.5951,5268.137643
2025-12-31 00:55:00+00:00,1.59405,1.59405,1.59324,1.59324,2484.738672
2025-12-31 01:00:00+00:00,1.59369,1.59369,1.5926,1.59369,7587.877409
2025-12-31 01:05:00+00:00,1.59391,1.59391,1.59093,1.59191,24449.628847
2025-12-31 01:10:00+00:00,1.59171,1.59345,1.59171,1.59345,1695.166293
2025-12-31 01:15:00+00:00,1.59325,1.598,1.59315,1.598,37992.07718
2025-12-31 01:20:00+00:00,1.59679,1.59913,1.59609,1.5985,1848.472162
2025-12-31 01:25:00+00:00,1.59716,1.59898,1.59661,1.59888,74569.47141
2025-12-31 01:30:00+00:00,1.60125,1.60125,1.59953,1.60125,19498.471076
2025-12-31 01:35:00+00:00,1.60151,1.60151,1.59887,1.59887,40859.186102
2025-12-31 01:40:00+00:00,1.59948,1.59994,1.59879,1.5996,34192.346186
2025-12-31 01:45:00+00:00,1.60011,1.60013,1.59921,1.6,8883.692378
2025-12-31 01:50:00+00:00,1.59851,1.59929,1.59839,1.59855,1508.536204
2025-12-31 01:55:00+00:00,1.59826,1.59849,1.5975,1.59849,1234.573814
2025-12-31 02:00:00+00:00,1.59762,1.59807,1.59628,1.59807,2532.187165
2025-12-31 02:05:00+00:00,1.59787,1.59787,1.59694,1.59704,1641.443837
2025-12-31 02:10:00+00:00,1.59643,1.59821,1.59643,1.59821,4947.378838
2025-12-31 02:15:00+00:00,1.59831,1.59841,1.59726,1.59805,8824.050695
2025-12-31 02:20:00+00:00,1.59781,1.59781,1.59781,1.59781,63.251668
2025-12-31 02:25:00+00:00,1.59624,1.59624,1.59624,1.59624,138.015533
2025-12-31 02:30:00+00:00,1.59624,1.59726,1.59624,1.59726,1159.908257
2025-12-31 02:35:00+00:00,1.59782,1.59817,1.59726,1.59726,1564.278023
2025-12-31 02:40:00+00:00,1.5969,1.59717,1.59688,1.59717,1554.096734
2025-12-31 02:45:00+00:00,1.59717,1.59753,1.59677,1.59677,1057.43514
2025-12-31 02:50:00+00:00,1.5963,1.59782,1.5963,1.59733,3680.517898
2025-12-31 02:55:00+00:00,1.59733,1.59766,1.59733,1.59763,1216.147028
2025-12-31 03:00:00+00:00,1.59799,1.5984,1.59743,1.5984,2319.786184
2025-12-31 03:05:00+00:00,1.59699,1.59801,1.59599,1.59599,4328.053959
2025-12-31 03:10:00+00:00,1.59512,1.59541,1.5951,1.59541,1098.127176
2025-12-31 03:15:00+00:00,1.594,1.594,1.59293,1.59293,8113.379384
2025-12-31 03:20:00+00:00,1.59293,1.59293,1.59229,1.59241,1617.518342
2025-12-31 03:25:00+00:00,1.5922,1.5923,1.59198,1.5923,1303.941238
2025-12-31 03:30:00+00:00,1.5923,1.59272,1.59122,1.59122,4040.840895
2025-12-31 03:35:00+00:00,1.5914,1.5914,1.5909,1.59118,387.893052
2025-12-31 03:40:00+00:00,1.59069,1.59097,1.59068,1.59078,1046.474032
2025-12-31 03:45:00+00:00,1.59099,1.59119,1.59049,1.59075,2034.051122
2025-12-31 03:50:00+00:00,1.59169,1.59169,1.59139,1.59169,358.925828
2025-12-31 03:55:00+00:00,1.5913,1.59145,1.5913,1.59145,161.389571
2025-12-31 04:00:00+00:00,1.59118,1.5921,1.59101,1.5911,3228.844807
2025-12-31 04:05:00+00:00,1.59046,1.59046,1.59009,1.5901,2476.3471
2025-12-31 04:10:00+00:00,1.5901,1.59069,1.59,1.59003,75987.269621
2025-12-31 04:15:00+00:00,1.58983,1.59053,1.5896,1.59053,5564.016257
2025-12-31 04:20:00+00:00,1.59039,1.59039,1.5886,1.58879,22191.486964
2025-12-31 04:25:00+00:00,1.58858,1.58858,1.58858,1.58858,71.88464
2025-12-31 04:30:00+00:00,1.58877,1.58993,1.5886,1.58927,4158.752993
2025-12-31 04:35:00+00:00,1.58959,1.59041,1.58959,1.58959,791.741017
2025-12-31 04:40:00+00:00,1.5905,1.59054,1.59007,1.59007,2201.65106
2025-12-31 04:45:00+00:00,1.59062,1.5908,1.59029,1.59059,3369.375573
2025-12-31 04:50:00+00:00,1.59066,1.59119,1.59066,1.59074,1666.47661
2025-12-31 04:55:00+00:00,1.59013,1.59013,1.58984,1.59013,3546.663185
2025-12-31 05:00:00+00:00,1.5899,1.59053,1.58969,1.59047,3968.91802
2025-12-31 05:05:00+00:00,1.59084,1.59179,1.59064,1.5914,3356.29859
2025-12-31 05:10:00+00:00,1.59163,1.59163,1.59123,1.5915,7971.834345
2025-12-31 05:15:00+00:00,1.59119,1.5913,1.5908,1.59108,6407.150185
2025-12-31 05:20:00+00:00,1.59053,1.5906,1.59022,1.5906,1195.97519
2025-12-31 05:25:00+00:00,1.59159,1.59188,1.59125,1.59125,19641.069051
2025-12-31 05:30:00+00:00,1.59181,1.59269,1.59152,1.59152,1360.057796
2025-12-31 05:35:00+00:00,1.59157,1.59227,1.59143,1.59143,1652.190478
2025-12-31 05:40:00+00:00,1.59153,1.59253,1.59153,1.59211,85532.161174
2025-12-31 05:45:00+00:00,1.59214,1.59305,1.59203,1.59305,6025.573756
2025-12-31 05:50:00+00:00,1.59309,1.59309,1.59203,1.59272,5868.118832
2025-12-31 05:55:00+00:00,1.59274,1.59274,1.59169,1.59245,3864.27037
2025-12-31 06:00:00+00:00,1.59216,1.59231,1.59149,1.5922,4886.050254
2025-12-31 06:05:00+00:00,1.5922,1.59318,1.59187,1.59289,13104.108186
2025-12-31 06:10:00+00:00,1.59299,1.59376,1.59299,1.59342,8210.882496
2025-12-31 06:15:00+00:00,1.5937,1.59425,1.5937,1.59396,934.030402
2025-12-31 06:20:00+00:00,1.59514,1.5954,1.59499,1.59538,538.1381
2025-12-31 06:25:00+00:00,1.59515,1.59551,1.59499,1.59535,6541.416633
2025-12-31 06:30:00+00:00,1.59561,1.59568,1.59483,1.59509,3114.181148
2025-12-31 06:35:00+00:00,1.59482,1.59482,1.59334,1.59482,3088.004106
2025-12-31 06:40:00+00:00,1.59412,1.59412,1.59314,1.59409,8204.923966
2025-12-31 06:45:00+00:00,1.5937,1.5949,1.59359,1.5949,1873.175333
2025-12-31 06:50:00+00:00,1.59453,1.59453,1.59406,1.59409,3066.111556
2025-12-31 06:55:00+00:00,1.59399,1.59441,1.59316,1.59399,64392.373949
2025-12-31 07:00:00+00:00,1.59326,1.59327,1.59145,1.59219,10255.962464
2025-12-31 07:05:00+00:00,1.59235,1.5926,1.59163,1.59181,9010.704655
2025-12-31 07:10:00+00:00,1.59181,1.59268,1.59181,1.59268,1903.868958
2025-12-31 07:15:00+00:00,1.59197,1.59202,1.59079,1.59079,2107.789622
2025-12-31 07:20:00+00:00,1.59062,1.59159,1.58987,1.59129,14078.591931
2025-12-31 07:25:00+00:00,1.59278,1.59294,1.59218,1.59218,3720.915477
2025-12-31 07:30:00+00:00,1.59249,1.59307,1.59139,1.59174,5367.453444
2025-12-31 07:35:00+00:00,1.59191,1.59336,1.5916,1.59336,55936.943632
2025-12-31 07:40:00+00:00,1.59201,1.59231,1.59177,1.5919,2208.429078
2025-12-31 07:45:00+00:00,1.5914,1.59189,1.5914,1.59177,3592.89269
2025-12-31 07:50:00+00:00,1.59161,1.5924,1.59134,1.59207,12637.985044
2025-12-31 07:55:00+00:00,1.5927,1.59299,1.59219,1.59299,3634.417922
2025-12-31 08:00:00+00:00,1.59325,1.59399,1.59276,1.59384,3312.976288
2025-12-31 08:05:00+00:00,1.59389,1.59518,1.59389,1.59507,9027.479692
2025-12-31 08:10:00+00:00,1.59463,1.59463,1.5935,1.59372,6040.546643
2025-12-31 08:15:00+00:00,1.59405,1.59429,1.59276,1.59321,8909.542833
2025-12-31 08:20:00+00:00,1.59376,1.59392,1.593,1.59359,6989.398109
2025-12-31 08:25:00+00:00,1.59348,1.59431,1.59273,1.59273,92175.739892
2025-12-31 08:30:00+00:00,1.59346,1.59346,1.59223,1.59237,20026.711194
2025-12-31 08:35:00+00:00,1.592,1.59231,1.58895,1.58924,81652.424648
2025-12-31 08:40:00+00:00,1.58988,1.59009,1.58871,1.58897,12617.160425
2025-12-31 08:45:00+00:00,1.5881,1.58977,1.5881,1.58977,28242.698219
2025-12-31 08:50:00+00:00,1.58947,1.59,1.5886,1.58961,7155.512509
2025-12-31 08:55:00+00:00,1.5907,1.5909,1.58897,1.59035,35981.435559
2025-12-31 09:00:00+00:00,1.59029,1.59369,1.59029,1.59369,86601.202359
2025-12-31 09:05:00+00:00,1.59315,1.59369,1.5927,1.59311,15567.038622
2025-12-31 09:10:00+00:00,1.59336,1.59364,1.59153,1.59183,10386.286539
2025-12-31 09:15:00+00:00,1.59202,1.59254,1.59195,1.59227,9577.141654
2025-12-31 09:20:00+00:00,1.5925,1.59299,1.59173,1.59173,16392.433964
2025-12-31 09:25:00+00:00,1.59225,1.59246,1.59134,1.59149,7104.593562
2025-12-31 09:30:00+00:00,1.59103,1.59142,1.59057,1.59096,9560.190857
2025-12-31 09:35:00+00:00,1.59022,1.5916,1.59012,1.59066,22501.022644
2025-12-31 09:40:00+00:00,1.59079,1.59086,1.59006,1.59006,8037.751781
2025-12-31 09:45:00+00:00,1.59028,1.59136,1.59028,1.59135,7968.166777
2025-12-31 09:50:00+00:00,1.5908,1.59198,1.59076,1.59198,20498.09201
2025-12-31 09:55:00+00:00,1.59192,1.59198,1.59121,1.5918,99669.656719
2025-12-31 10:00:00+00:00,1.59201,1.59222,1.59143,1.59143,14927.017547
2025-12-31 10:05:00+00:00,1.59125,1.59274,1.59124,1.59238,8996.876101
2025-12-31 10:10:00+00:00,1.59287,1.59384,1.59267,1.59362,59614.407492
2025-12-31 10:15:00+00:00,1.5932,1.59406,1.5932,1.5935,15746.900624
2025-12-31 10:20:00+00:00,1.59301,1.59301,1.59098,1.59211,9265.450482
2025-12-31 10:25:00+00:00,1.59227,1.59227,1.59106,1.5918,6491.070454
2025-12-31 10:30:00+00:00,1.59175,1.59175,1.5906,1.59159,6284.851008
2025-12-31 10:35:00+00:00,1.59136,1.59161,1.59087,1.5909,9691.705874
2025-12-31 10:40:00+00:00,1.5916,1.592,1.5915,1.592,14813.454261
2025-12-31 10:45:00+00:00,1.5911,1.59221,1.5904,1.5904,10556.307327
2025-12-31 10:50:00+00:00,1.5903,1.591,1.58998,1.591,12914.725941
2025-12-31 10:55:00+00:00,1.59234,1.59234,1.59079,1.5921,16147.276391
2025-12-31 11:00:00+00:00,1.5933,1.59353,1.5922,1.5933,7811.015718
2025-12-31 11:05:00+00:00,1.59367,1.594,1.5932,1.59375,33931.713271
2025-12-31 11:10:00+00:00,1.59397,1.59454,1.5937,1.59384,106886.824608
2025-12-31 11:15:00+00:00,1.5933,1.5942,1.5932,1.59375,19061.847547
2025-12-31 11:20:00+00:00,1.59397,1.59407,1.59289,1.59343,13322.224625
2025-12-31 11:25:00+00:00,1.59466,1.59499,1.59384,1.59478,17805.884079
2025-12-31 11:30:00+00:00,1.5947,1.5995,1.59437,1.597,138861.164134
2025-12-31 11:35:00+00:00,1.5973,1.59879,1.59711,1.59845,22108.257328
2025-12-31 11:40:00+00:00,1.59815,1.59897,1.59809,1.5988,28775.835627
2025-12-31 11:45:00+00:00,1.59879,1.59881,1.59726,1.59753,59030.58326
2025-12-31 11:50:00+00:00,1.59737,1.59797,1.59722,1.59753,35412.43224
2025-12-31 11:55:00+00:00,1.59728,1.59792,1.59689,1.59777,61584.5983
2025-12-31 12:00:00+00:00,1.59777,1.59777,1.59632,1.59655,29611.712826
2025-12-31 12:05:00+00:00,1.59666,1.59748,1.59616,1.59668,7827.992171
2025-12-31 12:10:00+00:00,1.59717,1.59717,1.59544,1.59544,17177.503635
2025-12-31 12:15:00+00:00,1.59544,1.59649,1.59544,1.59649,6456.418819
2025-12-31 12:20:00+00:00,1.5964,1.59649,1.59438,1.59492,107641.633492
2025-12-31 12:25:00+00:00,1.59492,1.59512,1.59393,1.59393,16938.547404
2025-12-31 12:30:00+00:00,1.59439,1.59584,1.59439,1.59543,18296.885165
2025-12-31 12:35:00+00:00,1.59553,1.59565,1.59366,1.59375,15346.016752
2025-12-31 12:40:00+00:00,1.5936,1.5936,1.59208,1.59238,40736.823759
2025-12-31 12:45:00+00:00,1.5924,1.59331,1.59142,1.59331,40832.019454
2025-12-31 12:50:00+00:00,1.59326,1.59354,1.5916,1.59193,18366.421643
2025-12-31 12:55:00+00:00,1.59383,1.5942,1.5922,1.59382,8682.899833
2025-12-31 13:00:00+00:00,1.59357,1.5949,1.59343,1.59468,35197.320523
2025-12-31 13:05:00+00:00,1.59469,1.5956,1.59469,1.59541,7382.824294
2025-12-31 13:10:00+00:00,1.59452,1.59549,1.59452,1.59549,3663.395625
2025-12-31 13:15:00+00:00,1.59529,1.5957,1.59474,1.59492,12086.368285
2025-12-31 13:20:00+00:00,1.59503,1.5956,1.59449,1.59464,7153.845318
2025-12-31 13:25:00+00:00,1.59412,1.595,1.59369,1.5937,7595.063668
2025-12-31 13:30:00+00:00,1.59398,1.59411,1.59246,1.59246,19965.149206
2025-12-31 13:35:00+00:00,1.59265,1.59333,1.59235,1.59293,6778.524019
2025-12-31 13:40:00+00:00,1.59248,1.59339,1.59213,1.59219,18532.637625
2025-12-31 13:45:00+00:00,1.5922,1.59337,1.5919,1.59337,11681.292624
2025-12-31 13:50:00+00:00,1.59335,1.59675,1.59335,1.5953,10454.25829
2025-12-31 13:55:00+00:00,1.5947,1.5951,1.5939,1.5944,13986.052824
2025-12-31 14:00:00+00:00,1.59531,1.596,1.5951,1.59588,16455.790896
2025-12-31 14:05:00+00:00,1.59604,1.60032,1.59557,1.60027,168148.923862
2025-12-31 14:10:00+00:00,1.5986,1.5986,1.59661,1.59661,29135.577561
2025-12-31 14:15:00+00:00,1.59661,1.5969,1.59443,1.59443,31354.090689
2025-12-31 14:20:00+00:00,1.5942,1.59421,1.592,1.59244,12970.761235
2025-12-31 14:25:00+00:00,1.59233,1.59282,1.59159,1.59241,30080.832137
2025-12-31 14:30:00+00:00,1.5921,1.59276,1.58978,1.5907,133453.223569
2025-12-31 14:35:00+00:00,1.59061,1.5921,1.58776,1.58866,18647.74002
2025-12-31 14:40:00+00:00,1.58858,1.58982,1.58807,1.58877,18055.466992
2025-12-31 14:45:00+00:00,1.58878,1.58923,1.5856,1.58624,42882.108655
2025-12-31 14:50:00+00:00,1.58732,1.59006,1.5873,1.58809,16437.797432
2025-12-31 14:55:00+00:00,1.58757,1.58849,1.58634,1.588,8476.652682
2025-12-31 15:00:00+00:00,1.58731,1.5884,1.58692,1.58837,26743.021513
2025-12-31 15:05:00+00:00,1.58882,1.58939,1.58648,1.5887,30770.173185
2025-12-31 15:10:00+00:00,1.58898,1.58919,1.58041,1.58482,133756.648988
2025-12-31 15:15:00+00:00,1.58492,1.58492,1.58092,1.58216,38033.880435
2025-12-31 15:20:00+00:00,1.5826,1.58368,1.58077,1.5818,28044.794949
2025-12-31 15:25:00+00:00,1.58201,1.58381,1.58082,1.5817,88592.156532
2025-12-31 15:30:00+00:00,1.5814,1.5814,1.57724,1.57809,73271.64315
2025-12-31 15:35:00+00:00,1.58041,1.58106,1.57627,1.58026,23445.300042
2025-12-31 15:40:00+00:00,1.5797,1.58126,1.57953,1.58039,16673.360731
2025-12-31 15:45:00+00:00,1.58033,1.58321,1.58033,1.58321,16871.83643
2025-12-31 15:50:00+00:00,1.58329,1.58352,1.57992,1.5807,33002.881339
2025-12-31 15:55:00+00:00,1.58092,1.5822,1.5802,1.58086,20632.512449
2025-12-31 16:00:00+00:00,1.58079,1.58139,1.57862,1.57884,10236.826145
2025-12-31 16:05:00+00:00,1.57898,1.57977,1.57741,1.57741,26131.565477
2025-12-31 16:10:00+00:00,1.57793,1.57896,1.57777,1.57781,13816.539055
2025-12-31 16:15:00+00:00,1.57785,1.58032,1.57785,1.57839,15446.204188
2025-12-31 16:20:00+00:00,1.57834,1.579,1.57555,1.57555,41219.560009
2025-12-31 16:25:00+00:00,1.57588,1.57791,1.57504,1.57701,9243.840496
2025-12-31 16:30:00+00:00,1.577,1.57805,1.57565,1.5761,37101.117164
2025-12-31 16:35:00+00:00,1.57599,1.57638,1.57344,1.5763,56502.812224
2025-12-31 16:40:00+00:00,1.5755,1.57573,1.56541,1.57126,247051.500553
2025-12-31 16:45:00+00:00,1.57071,1.5708,1.56957,1.57006,13700.512322
2025-12-31 16:50:00+00:00,1.57013,1.57167,1.57013,1.57044,21103.240515
2025-12-31 16:55:00+00:00,1.57143,1.57143,1.5687,1.56875,59655.722784
2025-12-31 17:00:00+00:00,1.5686,1.56886,1.5665,1.56692,38949.881952
2025-12-31 17:05:00+00:00,1.56664,1.56722,1.56283,1.56417,104092.111091
2025-12-31 17:10:00+00:00,1.56406,1.56452,1.56314,1.56349,10801.483332
2025-12-31 17:15:00+00:00,1.56272,1.56709,1.562,1.56687,115578.641641
2025-12-31 17:20:00+00:00,1.566,1.56713,1.5654,1.56565,13344.759297
2025-12-31 17:25:00+00:00,1.5658,1.56954,1.56556,1.56615,35534.280382
2025-12-31 17:30:00+00:00,1.56617,1.56741,1.56614,1.56721,9476.67489
2025-12-31 17:35:00+00:00,1.56677,1.56681,1.56414,1.56463,38701.446259
2025-12-31 17:40:00+00:00,1.56468,1.5655,1.56287,1.56524,43256.127793
2025-12-31 17:45:00+00:00,1.56537,1.56579,1.56389,1.56468,18441.002175
2025-12-31 17:50:00+00:00,1.56376,1.56487,1.5623,1.56454,55157.368617
2025-12-31 17:55:00+00:00,1.56416,1.56416,1.55919,1.56014,63462.736101
2025-12-31 18:00:00+00:00,1.56029,1.56103,1.55849,1.561,68027.322243
2025-12-31 18:05:00+00:00,1.56078,1.5657,1.56071,1.56508,57652.00877
2025-12-31 18:10:00+00:00,1.56514,1.56589,1.56234,1.56234,9262.96325
2025-12-31 18:15:00+00:00,1.56327,1.56462,1.563,1.5638,20415.577916
2025-12-31 18:20:00+00:00,1.56364,1.56632,1.56364,1.56424,22611.958844
2025-12-31 18:25:00+00:00,1.56414,1.56486,1.5627,1.56448,17822.413303
2025-12-31 18:30:00+00:00,1.56437,1.56467,1.56333,1.56444,26084.396881
2025-12-31 18:35:00+00:00,1.56366,1.56428,1.56234,1.56277,5613.179661
2025-12-31 18:40:00+00:00,1.5632,1.56351,1.5616,1.56234,10013.582465
2025-12-31 18:45:00+00:00,1.56269,1.56288,1.5613,1.5614,40373.444383
2025-12-31 18:50:00+00:00,1.56107,1.56173,1.56,1.56074,13594.645431
2025-12-31 18:55:00+00:00,1.56003,1.56102,1.55968,1.55971,23004.193573
2025-12-31 19:00:00+00:00,1.56049,1.56166,1.55992,1.56143,7982.184737
2025-12-31 19:05:00+00:00,1.56151,1.5624,1.5608,1.56127,18694.134751
2025-12-31 19:10:00+00:00,1.56194,1.56259,1.5611,1.5618,24377.516025
2025-12-31 19:15:00+00:00,1.5608,1.56134,1.5605,1.56087,12236.41978
2025-12-31 19:20:00+00:00,1.56103,1.56103,1.558,1.55866,7126.420885
2025-12-31 19:25:00+00:00,1.558,1.558,1.55291,1.55522,58252.936904
2025-12-31 19:30:00+00:00,1.5549,1.5558,1.55402,1.55402,70055.64281
2025-12-31 19:35:00+00:00,1.55437,1.5552,1.552,1.55396,102614.948655
2025-12-31 19:40:00+00:00,1.5541,1.55529,1.55311,1.55474,68548.029316
2025-12-31 19:45:00+00:00,1.55265,1.556,1.55265,1.55478,29366.026129
2025-12-31 19:50:00+00:00,1.55501,1.55595,1.5547,1.55595,21575.889881
2025-12-31 19:55:00+00:00,1.55593,1.55593,1.5539,1.554,20098.392196
2025-12-31 20:00:00+00:00,1.55363,1.55363,1.55121,1.55215,25461.882012
2025-12-31 20:05:00+00:00,1.55131,1.55131,1.542,1.54262,580403.354552
2025-12-31 20:10:00+00:00,1.54288,1.54399,1.541,1.54217,45226.650387
2025-12-31 20:15:00+00:00,1.54399,1.544,1.53958,1.54201,97248.466443
2025-12-31 20:20:00+00:00,1.54177,1.5469,1.53911,1.54681,72685.563363
2025-12-31 20:25:00+00:00,1.54571,1.54608,1.54368,1.54467,81198.962977
2025-12-31 20:30:00+00:00,1.54492,1.54817,1.54404,1.5443,30558.423994
2025-12-31 20:35:00+00:00,1.5439,1.54552,1.54348,1.54449,76154.122067
2025-12-31 20:40:00+00:00,1.54452,1.54628,1.54336,1.54628,95302.68446
2025-12-31 20:45:00+00:00,1.54597,1.54922,1.54597,1.54858,13964.140935
2025-12-31 20:50:00+00:00,1.5485,1.55388,1.5485,1.55272,31080.305657
2025-12-31 20:55:00+00:00,1.5533,1.55848,1.55299,1.55419,211067.40854
2025-12-31 21:00:00+00:00,1.55421,1.55488,1.5524,1.55399,96366.662131
2025-12-31 21:05:00+00:00,1.5536,1.55671,1.5536,1.55654,65048.260201
2025-12-31 21:10:00+00:00,1.55652,1.557,1.55598,1.55668,14242.847739
2025-12-31 21:15:00+00:00,1.55661,1.55818,1.55566,1.55742,19173.632087
2025-12-31 21:20:00+00:00,1.55733,1.55781,1.5568,1.5571,51319.607717
2025-12-31 21:25:00+00:00,1.5565,1.55763,1.5564,1.55716,31363.581346
2025-12-31 21:30:00+00:00,1.55784,1.56217,1.55784,1.5592,13457.16886
2025-12-31 21:35:00+00:00,1.562,1.56376,1.56153,1.5629,62731.586986
2025-12-31 21:40:00+00:00,1.56399,1.56415,1.56361,1.56415,7276.372901
2025-12-31 21:45:00+00:00,1.56398,1.56503,1.56398,1.56465,3369.147929
2025-12-31 21:50:00+00:00,1.56371,1.56371,1.56301,1.56351,6451.432743
2025-12-31 21:55:00+00:00,1.56333,1.56428,1.56123,1.56418,26265.667688
2025-12-31 22:00:00+00:00,1.56252,1.56355,1.5622,1.56254,61358.835282
2025-12-31 22:05:00+00:00,1.5626,1.56456,1.5626,1.56428,17201.234677
2025-12-31 22:10:00+00:00,1.56495,1.56586,1.56408,1.56492,30324.252176
2025-12-31 22:15:00+00:00,1.5649,1.56578,1.5641,1.5643,15284.733029
2025-12-31 22:20:00+00:00,1.56447,1.56692,1.56425,1.56686,53606.3024
2025-12-31 22:25:00+00:00,1.56758,1.56862,1.56556,1.56625,53237.194764
2025-12-31 22:30:00+00:00,1.56506,1.56591,1.56251,1.56415,46894.671032
2025-12-31 22:35:00+00:00,1.56402,1.56543,1.56317,1.56435,26623.294528
2025-12-31 22:40:00+00:00,1.56266,1.56373,1.5616,1.5616,14894.641507
2025-12-31 22:45:00+00:00,1.5614,1.56181,1.55995,1.56017,15170.025868
2025-12-31 22:50:00+00:00,1.56017,1.56017,1.55906,1.55913,87559.942914
2025-12-31 22:55:00+00:00,1.55953,1.56223,1.55915,1.56207,100115.160084
2025-12-31 23:00:00+00:00,1.5616,1.56197,1.5613,1.5613,13409.523959
2025-12-31 23:05:00+00:00,1.56171,1.56366,1.56113,1.56333,54000.873091
2025-12-31 23:10:00+00:00,1.56361,1.56464,1.56337,1.56464,12068.51674
2025-12-31 23:15:00+00:00,1.5648,1.56493,1.56312,1.5635,13433.265052
2025-12-31 23:20:00+00:00,1.56352,1.56509,1.56352,1.56461,16414.361153
2025-12-31 23:25:00+00:00,1.56488,1.56648,1.56488,1.56578,37114.485311
2025-12-31 23:30:00+00:00,1.56614,1.56709,1.5659,1.56689,1406.804746
2025-12-31 23:35:00+00:00,1.56643,1.56666,1.56571,1.56613,5995.697315
2025-12-31 23:40:00+00:00,1.5661,1.56653,1.5657,1.56595,39466.726952
2025-12-31 23:45:00+00:00,1.56547,1.5656,1.5648,1.5648,36884.266608
2025-12-31 23:50:00+00:00,1.5648,1.56537,1.56411,1.56537,125577.593912
2025-12-31 23:55:00+00:00,1.56591,1.5662,1.56521,1.56559,9758.925262
2026-01-01 00:00:00+00:00,1.56633,1.56659,1.56583,1.56607,4211.060179
2026-01-01 00:05:00+00:00,1.56634,1.5672,1.56388,1.56498,293480.400701
2026-01-01 00:10:00+00:00,1.56408,1.565,1.56321,1.56353,13288.414674
2026-01-01 00:15:00+00:00,1.56384,1.56544,1.56384,1.56517,5578.71382
2026-01-01 00:20:00+00:00,1.56407,1.56591,1.56407,1.56541,3065.36031
2026-01-01 00:25:00+00:00,1.5654,1.56632,1.5654,1.56632,9800.13698
2026-01-01 00:30:00+00:00,1.56628,1.56792,1.56628,1.56646,12756.579682
2026-01-01 00:35:00+00:00,1.56745,1.56745,1.56593,1.56593,8117.406857
2026-01-01 00:40:00+00:00,1.56503,1.56649,1.56503,1.5664,9212.541544
2026-01-01 00:45:00+00:00,1.56646,1.56771,1.56538,1.56749,43894.068517
2026-01-01 00:50:00+00:00,1.56749,1.57069,1.56735,1.5678,8588.484558
2026-01-01 00:55:00+00:00,1.5678,1.5678,1.56658,1.56658,6014.238116
2026-01-01 01:00:00+00:00,1.5666,1.56751,1.56575,1.5664,13200.449139
2026-01-01 01:05:00+00:00,1.56581,1.56683,1.5652,1.56683,13007.075342
2026-01-01 01:10:00+00:00,1.56679,1.56773,1.56679,1.56773,4215.407525
2026-01-01 01:15:00+00:00,1.5673,1.56819,1.56541,1.56541,42547.744238
2026-01-01 01:20:00+00:00,1.56512,1.56688,1.56483,1.56688,15729.593984
2026-01-01 01:25:00+00:00,1.56678,1.56678,1.56432,1.56432,7027.540316
2026-01-01 01:30:00+00:00,1.56432,1.565,1.5638,1.56497,9361.984493
2026-01-01 01:35:00+00:00,1.56385,1.56421,1.5628,1.56418,18712.892924
2026-01-01 01:40:00+00:00,1.56554,1.5656,1.56354,1.56554,2977.601753
2026-01-01 01:45:00+00:00,1.56453,1.56526,1.56441,1.5651,7930.596853
2026-01-01 01:50:00+00:00,1.56357,1.56419,1.56309,1.56418,2450.223369
2026-01-01 01:55:00+00:00,1.56417,1.56467,1.56344,1.56359,3407.187152
2026-01-01 02:00:00+00:00,1.56324,1.56373,1.5628,1.56286,9265.827389
2026-01-01 02:05:00+00:00,1.5637,1.56456,1.5637,1.56449,10382.14646
2026-01-01 02:10:00+00:00,1.56422,1.56461,1.56383,1.56383,813.476279
2026-01-01 02:15:00+00:00,1.56356,1.56434,1.5634,1.5634,1543.850946
2026-01-01 02:20:00+00:00,1.563,1.563,1.56198,1.56277,6882.880656
2026-01-01 02:25:00+00:00,1.56281,1.56281,1.56205,1.56205,2149.124651
2026-01-01 02:30:00+00:00,1.56248,1.5649,1.56212,1.56422,6046.381535
2026-01-01 02:35:00+00:00,1.56388,1.56388,1.56233,1.56352,15308.998553
2026-01-01 02:40:00+00:00,1.56364,1.56415,1.56342,1.56386,1079.009533
2026-01-01 02:45:00+00:00,1.56376,1.56401,1.56313,1.56351,4720.904843
2026-01-01 02:50:00+00:00,1.56264,1.56318,1.56241,1.56241,1411.822136
2026-01-01 02:55:00+00:00,1.56272,1.56287,1.56221,1.56221,2157.94381
2026-01-01 03:00:00+00:00,1.56249,1.56249,1.56221,1.56221,406.016151
2026-01-01 03:05:00+00:00,1.56208,1.5627,1.56208,1.56215,2551.223455
2026-01-01 03:10:00+00:00,1.56272,1.56272,1.56272,1.56272,3.986638
2026-01-01 03:15:00+00:00,1.56387,1.56387,1.56352,1.56352,1175.091582
2026-01-01 03:20:00+00:00,1.56361,1.56396,1.56296,1.56296,402.69643
2026-01-01 03:25:00+00:00,1.56247,1.56355,1.56247,1.56318,15702.836796
2026-01-01 03:30:00+00:00,1.56319,1.56343,1.56263,1.56292,1520.876173
2026-01-01 03:35:00+00:00,1.56335,1.56335,1.56189,1.56208,10805.295016
2026-01-01 03:40:00+00:00,1.56233,1.56233,1.56192,1.56233,4026.124115
2026-01-01 03:45:00+00:00,1.5612,1.56142,1.56072,1.56072,42.185267
2026-01-01 03:50:00+00:00,1.56062,1.56073,1.5588,1.5588,12382.120175
2026-01-01 03:55:00+00:00,1.5588,1.55886,1.55747,1.55747,7895.955349
2026-01-01 04:00:00+00:00,1.55782,1.55793,1.557,1.55705,29679.506085
2026-01-01 04:05:00+00:00,1.55744,1.55781,1.5559,1.5559,7993.119557
2026-01-01 04:10:00+00:00,1.55346,1.55528,1.55345,1.55345,276.29934
2026-01-01 04:15:00+00:00,1.5525,1.5528,1.55078,1.5528,7514.998121
2026-01-01 04:20:00+00:00,1.55258,1.55324,1.5525,1.55321,421.415775
2026-01-01 04:25:00+00:00,1.55343,1.5542,1.55343,1.55349,13595.657722
2026-01-01 04:30:00+00:00,1.55415,1.55463,1.55415,1.55442,2575.180286
2026-01-01 04:35:00+00:00,1.55467,1.55573,1.55467,1.55573,1719.645874
2026-01-01 04:40:00+00:00,1.55357,1.55585,1.55357,1.55357,3874.057553
2026-01-01 04:45:00+00:00,1.55383,1.55383,1.5538,1.5538,19.249271
2026-01-01 04:50:00+00:00,1.55273,1.55364,1.55273,1.55364,1578.131216
2026-01-01 04:55:00+00:00,1.55511,1.55511,1.55444,1.55454,14910.567485
2026-01-01 05:00:00+00:00,1.55561,1.55872,1.55561,1.55852,1958.744599
2026-01-01 05:05:00+00:00,1.56023,1.56427,1.56002,1.56427,7440.674057
2026-01-01 05:10:00+00:00,1.5645,1.56674,1.5645,1.56647,11957.16258
2026-01-01 05:15:00+00:00,1.56693,1.57003,1.56693,1.56937,3016.58368
2026-01-01 05:20:00+00:00,1.56963,1.5711,1.56963,1.57082,14169.109967
2026-01-01 05:25:00+00:00,1.5698,1.573,1.5698,1.573,9170.399224
2026-01-01 05:30:00+00:00,1.5733,1.5752,1.5726,1.57353,24707.085789
2026-01-01 05:35:00+00:00,1.57173,1.57173,1.56906,1.56992,6712.714631
2026-01-01 05:40:00+00:00,1.57021,1.57021,1.56918,1.56918,3921.150679
2026-01-01 05:45:00+00:00,1.56992,1.57004,1.56988,1.56988,773.89679
2026-01-01 05:50:00+00:00,1.56994,1.57005,1.56898,1.56924,13696.973298
2026-01-01 05:55:00+00:00,1.56917,1.56933,1.56653,1.56699,5706.620719
2026-01-01 06:00:00+00:00,1.56699,1.56841,1.56699,1.56794,7668.565145
2026-01-01 06:05:00+00:00,1.56806,1.56869,1.56721,1.56734,6793.140671
2026-01-01 06:10:00+00:00,1.56764,1.5682,1.56711,1.5682,8687.301617
2026-01-01 06:15:00+00:00,1.56813,1.56813,1.5663,1.56754,11319.409627
2026-01-01 06:20:00+00:00,1.56763,1.56817,1.56716,1.56817,11614.097913
2026-01-01 06:25:00+00:00,1.56817,1.56822,1.56815,1.56822,1253.72881
2026-01-01 06:30:00+00:00,1.56744,1.56836,1.56744,1.56836,1775.576323
2026-01-01 06:35:00+00:00,1.56802,1.56819,1.56748,1.56819,2872.307695
2026-01-01 06:40:00+00:00,1.5679,1.5679,1.56726,1.56742,3515.572169
2026-01-01 06:45:00+00:00,1.56805,1.56892,1.56795,1.56851,1427.964137
2026-01-01 06:50:00+00:00,1.56799,1.5687,1.56797,1.56797,3117.265647
2026-01-01 06:55:00+00:00,1.56802,1.56808,1.56698,1.56739,12517.425907
2026-01-01 07:00:00+00:00,1.56716,1.56794,1.56716,1.56794,72.091552
2026-01-01 07:05:00+00:00,1.56781,1.56807,1.56767,1.56767,405.101539
2026-01-01 07:10:00+00:00,1.56781,1.56781,1.56629,1.56663,5358.525363
2026-01-01 07:15:00+00:00,1.56757,1.5676,1.56704,1.56704,1607.879953
2026-01-01 07:20:00+00:00,1.56716,1.56716,1.5659,1.5659,427.719103
2026-01-01 07:25:00+00:00,1.56635,1.56635,1.56512,1.56569,4021.467507
2026-01-01 07:30:00+00:00,1.56599,1.56639,1.56593,1.56639,517.028598
2026-01-01 07:35:00+00:00,1.56671,1.56715,1.56637,1.56707,7613.392249
2026-01-01 07:40:00+00:00,1.56599,1.56661,1.56556,1.5666,3193.076337
2026-01-01 07:45:00+00:00,1.56575,1.5658,1.5646,1.56474,282.878149
2026-01-01 07:50:00+00:00,1.56519,1.56572,1.56437,1.56474,946.827981
2026-01-01 07:55:00+00:00,1.56477,1.56513,1.56412,1.56448,475.987288
2026-01-01 08:00:00+00:00,1.56453,1.56564,1.5639,1.56446,7879.826732
2026-01-01 08:05:00+00:00,1.56443,1.56597,1.56443,1.56581,1469.780225
2026-01-01 08:10:00+00:00,1.56681,1.56717,1.56527,1.56628,1209.385549
2026-01-01 08:15:00+00:00,1.56674,1.56818,1.56651,1.56763,5492.423551
2026-01-01 08:20:00+00:00,1.56822,1.5687,1.56747,1.56748,3616.637376
2026-01-01 08:25:00+00:00,1.5677,1.56847,1.5677,1.56847,4925.712483
2026-01-01 08:30:00+00:00,1.56832,1.5698,1.56824,1.56941,28834.667381
2026-01-01 08:35:00+00:00,1.56927,1.57,1.569,1.5696,9170.731365
2026-01-01 08:40:00+00:00,1.56933,1.56933,1.5685,1.5685,14701.485199
2026-01-01 08:45:00+00:00,1.5703,1.57033,1.569,1.5696,3827.934904
2026-01-01 08:50:00+00:00,1.5696,1.57006,1.56959,1.5699,14415.553915
2026-01-01 08:55:00+00:00,1.56976,1.5728,1.56976,1.57201,9483.727259
2026-01-01 09:00:00+00:00,1.57209,1.57368,1.57208,1.57368,1868.749475
2026-01-01 09:05:00+00:00,1.57372,1.57624,1.57297,1.57533,30514.744367
2026-01-01 09:10:00+00:00,1.57533,1.57577,1.57393,1.57393,3863.885451
2026-01-01 09:15:00+00:00,1.57413,1.57516,1.57406,1.57481,4603.807835
2026-01-01 09:20:00+00:00,1.57464,1.5748,1.573,1.57361,57180.748926
2026-01-01 09:25:00+00:00,1.57359,1.5737,1.5717,1.57205,5131.248009
2026-01-01 09:30:00+00:00,1.57212,1.57278,1.5716,1.57218,1771.263086
2026-01-01 09:35:00+00:00,1.57227,1.5734,1.57197,1.57227,6033.905197
2026-01-01 09:40:00+00:00,1.5734,1.57461,1.57339,1.5746,62506.522012
2026-01-01 09:45:00+00:00,1.5746,1.57548,1.5746,1.5746,163817.361339
2026-01-01 09:50:00+00:00,1.5746,1.5752,1.5746,1.5746,82439.606083
2026-01-01 09:55:00+00:00,1.5746,1.57499,1.5746,1.57461,174162.545833
2026-01-01 10:00:00+00:00,1.57461,1.57504,1.57411,1.57503,91768.520326
2026-01-01 10:05:00+00:00,1.57507,1.57539,1.57477,1.57507,10546.33124
2026-01-01 10:10:00+00:00,1.57489,1.57543,1.57478,1.57516,13509.932218
2026-01-01 10:15:00+00:00,1.57448,1.57505,1.57438,1.57498,12035.596197
2026-01-01 10:20:00+00:00,1.57497,1.57504,1.57486,1.57486,7455.432273
2026-01-01 10:25:00+00:00,1.57487,1.5749,1.57452,1.57482,10573.215212
2026-01-01 10:30:00+00:00,1.57482,1.5758,1.57467,1.57492,11341.967143
2026-01-01 10:35:00+00:00,1.5744,1.57552,1.5744,1.57465,7113.293712
2026-01-01 10:40:00+00:00,1.57538,1.57589,1.5752,1.57575,4562.407396
2026-01-01 10:45:00+00:00,1.57586,1.57621,1.575,1.57605,13386.840263
2026-01-01 10:50:00+00:00,1.57569,1.57578,1.57537,1.57543,4886.001254
2026-01-01 10:55:00+00:00,1.57534,1.57571,1.57462,1.57488,6155.711655
2026-01-01 11:00:00+00:00,1.57525,1.57582,1.57523,1.57577,4652.083357
2026-01-01 11:05:00+00:00,1.57555,1.57631,1.57555,1.57555,10122.497552
2026-01-01 11:10:00+00:00,1.57577,1.57672,1.57562,1.57586,2974.720032
2026-01-01 11:15:00+00:00,1.57598,1.57754,1.574,1.574,2432.157366
2026-01-01 11:20:00+00:00,1.57394,1.57449,1.57394,1.57404,13788.321232
2026-01-01 11:25:00+00:00,1.57395,1.5742,1.57337,1.5742,16199.442433
2026-01-01 11:30:00+00:00,1.5742,1.57494,1.5738,1.5738,11793.346071
2026-01-01 11:35:00+00:00,1.57317,1.57345,1.57202,1.57245,3295.217351
2026-01-01 11:40:00+00:00,1.57286,1.57402,1.57286,1.57402,8463.263888
2026-01-01 11:45:00+00:00,1.57431,1.57742,1.57431,1.57668,69969.397678
2026-01-01 11:50:00+00:00,1.57607,1.57646,1.57575,1.57646,11589.40725
2026-01-01 11:55:00+00:00,1.57627,1.57688,1.5756,1.57647,45240.239892
2026-01-01 12:00:00+00:00,1.57651,1.57737,1.5761,1.57737,2217.309961
2026-01-01 12:05:00+00:00,1.57709,1.57738,1.5758,1.5766,27644.273119
2026-01-01 12:10:00+00:00,1.57663,1.57665,1.57589,1.57589,1464.350049
2026-01-01 12:15:00+00:00,1.5752,1.5752,1.57408,1.57408,12330.496336
2026-01-01 12:20:00+00:00,1.57492,1.57498,1.57323,1.57323,7385.678544
2026-01-01 12:25:00+00:00,1.57407,1.57482,1.57377,1.5746,5580.497427
2026-01-01 12:30:00+00:00,1.57433,1.57503,1.57404,1.57474,9741.055372
2026-01-01 12:35:00+00:00,1.57519,1.57602,1.57474,1.57602,25593.747689
2026-01-01 12:40:00+00:00,1.57562,1.57621,1.57472,1.57489,34239.817267
2026-01-01 12:45:00+00:00,1.57632,1.57632,1.57529,1.57551,1497.259739
2026-01-01 12:50:00+00:00,1.57538,1.57566,1.57519,1.57534,2908.874217
2026-01-01 12:55:00+00:00,1.57479,1.57565,1.57479,1.575,4117.227891
2026-01-01 13:00:00+00:00,1.57512,1.57517,1.57425,1.57425,1737.495313
2026-01-01 13:05:00+00:00,1.5755,1.57615,1.57484,1.57614,7273.292935
2026-01-01 13:10:00+00:00,1.57675,1.5774,1.57641,1.57698,1543.028161
2026-01-01 13:15:00+00:00,1.57735,1.58057,1.57735,1.5799,6977.141958
2026-01-01 13:20:00+00:00,1.58027,1.58041,1.57754,1.57826,7041.965157
2026-01-01 13:25:00+00:00,1.57842,1.57912,1.57823,1.57875,7590.300863
2026-01-01 13:30:00+00:00,1.5789,1.57908,1.57854,1.57863,4440.677615
2026-01-01 13:35:00+00:00,1.57898,1.57926,1.5786,1.57868,2234.773865
2026-01-01 13:40:00+00:00,1.57869,1.57915,1.57857,1.57903,2006.512765
2026-01-01 13:45:00+00:00,1.57899,1.57911,1.57847,1.57911,2466.846323
2026-01-01 13:50:00+00:00,1.57889,1.57949,1.57889,1.57949,3609.651928
2026-01-01 13:55:00+00:00,1.5795,1.58054,1.5795,1.5803,24509.88662
2026-01-01 14:00:00+00:00,1.58036,1.58059,1.57888,1.5798,12496.670995
2026-01-01 14:05:00+00:00,1.5803,1.58067,1.5783,1.5791,30970.65984
2026-01-01 14:10:00+00:00,1.58096,1.5816,1.58096,1.58149,2731.874128
2026-01-01 14:15:00+00:00,1.58126,1.58126,1.5789,1.58018,21441.563475
2026-01-01 14:20:00+00:00,1.57918,1.57918,1.57717,1.57717,23452.698398
2026-01-01 14:25:00+00:00,1.57634,1.57652,1.57522,1.57648,7580.73932
2026-01-01 14:30:00+00:00,1.57643,1.57809,1.57539,1.57809,5854.239729
2026-01-01 14:35:00+00:00,1.57971,1.58008,1.579,1.57921,4169.544589
2026-01-01 14:40:00+00:00,1.57921,1.5794,1.57888,1.57934,4113.089524
2026-01-01 14:45:00+00:00,1.57915,1.58032,1.57915,1.58022,9832.446365
2026-01-01 14:50:00+00:00,1.57917,1.58134,1.57917,1.58064,6471.586112
2026-01-01 14:55:00+00:00,1.57978,1.57978,1.57817,1.57817,4728.915214
2026-01-01 15:00:00+00:00,1.57858,1.57891,1.57759,1.57793,16568.371526
2026-01-01 15:05:00+00:00,1.57903,1.5791,1.57806,1.57837,5239.918225
2026-01-01 15:10:00+00:00,1.57778,1.57966,1.57777,1.57943,3466.43742
2026-01-01 15:15:00+00:00,1.57912,1.58021,1.57572,1.57879,11071.535915
2026-01-01 15:20:00+00:00,1.5758,1.57601,1.57539,1.57543,5520.022463
2026-01-01 15:25:00+00:00,1.57491,1.57722,1.57491,1.57722,8890.460012
2026-01-01 15:30:00+00:00,1.57711,1.5786,1.57711,1.57811,877.343684
2026-01-01 15:35:00+00:00,1.57731,1.57776,1.5773,1.57739,1081.52301
2026-01-01 15:40:00+00:00,1.57802,1.582,1.578,1.57938,6431.884494
2026-01-01 15:45:00+00:00,1.58011,1.58783,1.58011,1.58232,39939.167887
2026-01-01 15:50:00+00:00,1.582,1.58369,1.58167,1.58364,4937.334096
2026-01-01 15:55:00+00:00,1.58366,1.5841,1.583,1.58398,5647.96746
2026-01-01 16:00:00+00:00,1.58446,1.58588,1.58342,1.58462,8612.465154
2026-01-01 16:05:00+00:00,1.58381,1.58477,1.58329,1.58387,10017.94667
2026-01-01 16:10:00+00:00,1.58351,1.58351,1.58175,1.58265,1896.574447
2026-01-01 16:15:00+00:00,1.5821,1.58285,1.58083,1.58237,13708.07607
2026-01-01 16:20:00+00:00,1.58231,1.58239,1.57889,1.57968,72007.775348
2026-01-01 16:25:00+00:00,1.57985,1.58215,1.57964,1.5816,12957.336354
2026-01-01 16:30:00+00:00,1.58115,1.58357,1.58115,1.5831,2562.432592
2026-01-01 16:35:00+00:00,1.58288,1.5835,1.58229,1.58289,2810.396346
2026-01-01 16:40:00+00:00,1.58253,1.58469,1.58248,1.58248,5313.118351
2026-01-01 16:45:00+00:00,1.58364,1.58439,1.58289,1.58385,8615.514153
2026-01-01 16:50:00+00:00,1.58425,1.58471,1.58341,1.58419,6566.089124
2026-01-01 16:55:00+00:00,1.58369,1.58554,1.58352,1.58554,16485.541346
2026-01-01 17:00:00+00:00,1.5856,1.58715,1.5852,1.58619,15536.198018
2026-01-01 17:05:00+00:00,1.5866,1.58828,1.58641,1.58737,46309.47041
2026-01-01 17:10:00+00:00,1.58829,1.58974,1.58829,1.58901,61283.662392
2026-01-01 17:15:00+00:00,1.58833,1.58961,1.58738,1.58765,91417.134131
2026-01-01 17:20:00+00:00,1.58799,1.592,1.58771,1.59062,20160.171338
2026-01-01 17:25:00+00:00,1.59082,1.5914,1.58907,1.59103,13077.263657
2026-01-01 17:30:00+00:00,1.5911,1.59472,1.5911,1.59249,88601.94144
2026-01-01 17:35:00+00:00,1.5927,1.59337,1.59196,1.59196,11590.712438
2026-01-01 17:40:00+00:00,1.5935,1.5941,1.59159,1.59159,22475.262782
2026-01-01 17:45:00+00:00,1.59057,1.59249,1.59046,1.5918,25171.892969
2026-01-01 17:50:00+00:00,1.59159,1.59268,1.59045,1.591,7822.806068
2026-01-01 17:55:00+00:00,1.5908,1.5908,1.58854,1.5891,8595.265257
2026-01-01 18:00:00+00:00,1.58977,1.59093,1.58977,1.59019,4397.840238
2026-01-01 18:05:00+00:00,1.59045,1.59045,1.58795,1.58888,19766.780916
2026-01-01 18:10:00+00:00,1.5893,1.5897,1.58741,1.58741,19166.343706
2026-01-01 18:15:00+00:00,1.58727,1.58808,1.5871,1.58733,6183.123267
2026-01-01 18:20:00+00:00,1.58659,1.58775,1.58605,1.58628,22415.037737
2026-01-01 18:25:00+00:00,1.58662,1.58714,1.586,1.58712,8306.84038
2026-01-01 18:30:00+00:00,1.58684,1.58831,1.58661,1.58808,6599.185655
2026-01-01 18:35:00+00:00,1.58779,1.58975,1.58779,1.58944,5386.725218
2026-01-01 18:40:00+00:00,1.58855,1.58958,1.58834,1.58958,15697.395937
2026-01-01 18:45:00+00:00,1.5881,1.58944,1.58745,1.58827,8029.886021
2026-01-01 18:50:00+00:00,1.58791,1.58827,1.58685,1.58809,6093.46835
2026-01-01 18:55:00+00:00,1.58727,1.58987,1.58683,1.58987,17381.399363
2026-01-01 19:00:00+00:00,1.59,1.59078,1.59,1.59033,4092.476485
2026-01-01 19:05:00+00:00,1.58995,1.59059,1.58918,1.58967,5443.777399
2026-01-01 19:10:00+00:00,1.5894,1.5903,1.58797,1.5883,4900.970952
2026-01-01 19:15:00+00:00,1.58918,1.58973,1.58801,1.58973,8745.220245
2026-01-01 19:20:00+00:00,1.58933,1.59048,1.5889,1.59047,5082.143143
2026-01-01 19:25:00+00:00,1.59006,1.59113,1.59006,1.59049,21995.782125
2026-01-01 19:30:00+00:00,1.5905,1.5909,1.5896,1.5896,7545.230613
2026-01-01 19:35:00+00:00,1.58949,1.59175,1.58949,1.59061,4844.379651
2026-01-01 19:40:00+00:00,1.59148,1.59347,1.59144,1.593,20453.652913
2026-01-01 19:45:00+00:00,1.5923,1.59291,1.59198,1.5929,11001.032971
2026-01-01 19:50:00+00:00,1.59279,1.59357,1.5925,1.59291,12229.609361
2026-01-01 19:55:00+00:00,1.59367,1.59369,1.59291,1.59369,5676.574635
2026-01-01 20:00:00+00:00,1.59379,1.5955,1.5927,1.59316,21578.10372
2026-01-01 20:05:00+00:00,1.59268,1.594,1.5925,1.5933,4778.105852
2026-01-01 20:10:00+00:00,1.5933,1.59518,1.5927,1.59472,26333.355907
2026-01-01 20:15:00+00:00,1.59474,1.5955,1.59425,1.5955,5420.380132
2026-01-01 20:20:00+00:00,1.595,1.59705,1.59472,1.5952,81786.441502
2026-01-01 20:25:00+00:00,1.59529,1.59529,1.59341,1.5941,29781.312012
2026-01-01 20:30:00+00:00,1.5939,1.59399,1.58973,1.59,16726.741392
2026-01-01 20:35:00+00:00,1.59066,1.592,1.58964,1.5918,4739.313043
2026-01-01 20:40:00+00:00,1.592,1.59261,1.59136,1.59145,12495.579848
2026-01-01 20:45:00+00:00,1.59146,1.59257,1.59119,1.59231,1541.300122
2026-01-01 20:50:00+00:00,1.5925,1.5925,1.59048,1.5913,6227.973998
2026-01-01 20:55:00+00:00,1.59141,1.59282,1.59098,1.59282,1921.360892
2026-01-01 21:00:00+00:00,1.5923,1.59236,1.59152,1.59185,8236.104108
2026-01-01 21:05:00+00:00,1.59181,1.59181,1.59053,1.59162,3241.213884
2026-01-01 21:10:00+00:00,1.59189,1.59284,1.59139,1.59139,7694.755492
2026-01-01 21:15:00+00:00,1.59169,1.5922,1.59112,1.592,2651.675504
2026-01-01 21:20:00+00:00,1.592,1.592,1.59089,1.59129,7305.645244
2026-01-01 21:25:00+00:00,1.59101,1.59142,1.59019,1.59019,3877.818469
2026-01-01 21:30:00+00:00,1.59037,1.59037,1.5883,1.5887,16230.782332
2026-01-01 21:35:00+00:00,1.5887,1.5903,1.5887,1.59007,18439.772002
2026-01-01 21:40:00+00:00,1.5901,1.59091,1.58971,1.59007,7224.129656
2026-01-01 21:45:00+00:00,1.5898,1.5903,1.58893,1.5903,12387.989695
2026-01-01 21:50:00+00:00,1.59004,1.59099,1.59003,1.59069,4158.078766
2026-01-01 21:55:00+00:00,1.59069,1.5915,1.5903,1.5915,4659.605623
2026-01-01 22:00:00+00:00,1.5912,1.59207,1.5912,1.59207,9793.372074
2026-01-01 22:05:00+00:00,1.59159,1.59231,1.59086,1.59183,28855.622647
2026-01-01 22:10:00+00:00,1.59229,1.59229,1.59091,1.59174,3779.214555
2026-01-01 22:15:00+00:00,1.59206,1.59206,1.59004,1.59007,20000.927567
2026-01-01 22:20:00+00:00,1.59,1.59049,1.58933,1.58983,4630.539634
2026-01-01 22:25:00+00:00,1.5901,1.5911,1.59004,1.59087,7532.347619
2026-01-01 22:30:00+00:00,1.59032,1.5915,1.5903,1.5903,5454.365384
2026-01-01 22:35:00+00:00,1.5903,1.59044,1.58802,1.58876,4442.378027
2026-01-01 22:40:00+00:00,1.58953,1.59136,1.58953,1.59075,667.713774
2026-01-01 22:45:00+00:00,1.59086,1.59179,1.59086,1.59156,1577.729312
2026-01-01 22:50:00+00:00,1.59194,1.594,1.59134,1.594,11660.07259
2026-01-01 22:55:00+00:00,1.59419,1.59506,1.59419,1.59472,4238.535388
2026-01-01 23:00:00+00:00,1.59593,1.59724,1.59198,1.59198,112845.229061
2026-01-01 23:05:00+00:00,1.592,1.59456,1.59169,1.59456,9639.794231
2026-01-01 23:10:00+00:00,1.59447,1.59469,1.59322,1.59343,19051.568555
2026-01-01 23:15:00+00:00,1.59404,1.59641,1.59404,1.59568,46051.44264
2026-01-01 23:20:00+00:00,1.59599,1.598,1.59599,1.59638,23619.166183
2026-01-01 23:25:00+00:00,1.59825,1.59848,1.59735,1.59762,5948.066171
2026-01-01 23:30:00+00:00,1.59822,1.59872,1.59756,1.59772,6373.515203
2026-01-01 23:35:00+00:00,1.5979,1.59847,1.59789,1.59847,6981.252117
2026-01-01 23:40:00+00:00,1.5983,1.5985,1.597,1.59805,87079.39018
2026-01-01 23:45:00+00:00,1.59804,1.5985,1.59556,1.5961,55469.525172
2026-01-01 23:50:00+00:00,1.59598,1.59743,1.59598,1.59598,9247.948445
2026-01-01 23:55:00+00:00,1.59767,1.599,1.59767,1.59784,15394.142365
2026-01-02 00:00:00+00:00,1.59815,1.59939,1.59578,1.5961,19269.926067
2026-01-02 00:05:00+00:00,1.59571,1.59571,1.59499,1.59506,228.999418
2026-01-02 00:10:00+00:00,1.59442,1.59503,1.59408,1.59461,6275.956387
2026-01-02 00:15:00+00:00,1.5945,1.59472,1.59402,1.59402,373.717565
2026-01-02 00:20:00+00:00,1.59587,1.59645,1.5954,1.59604,1239.800297
2026-01-02 00:25:00+00:00,1.59604,1.5961,1.59473,1.59473,3422.001268
2026-01-02 00:30:00+00:00,1.59561,1.59728,1.59544,1.59632,700.768559
2026-01-02 00:35:00+00:00,1.59636,1.59636,1.59557,1.5956,9173.300875
2026-01-02 00:40:00+00:00,1.59425,1.59502,1.59341,1.5945,1570.083935
2026-01-02 00:45:00+00:00,1.59482,1.5969,1.59481,1.59601,11401.867102
2026-01-02 00:50:00+00:00,1.59491,1.59614,1.59482,1.59587,17864.132456
2026-01-02 00:55:00+00:00,1.59619,1.59652,1.59592,1.59652,553.677223
2026-01-02 01:00:00+00:00,1.59627,1.597,1.59605,1.59651,4537.811233
2026-01-02 01:05:00+00:00,1.59678,1.59678,1.59569,1.5962,3535.792304
2026-01-02 01:10:00+00:00,1.59615,1.59724,1.59615,1.5964,774.235556
2026-01-02 01:15:00+00:00,1.59513,1.5959,1.59513,1.5959,5341.548239
2026-01-02 01:20:00+00:00,1.59473,1.59541,1.5941,1.5941,1162.800628
2026-01-02 01:25:00+00:00,1.59429,1.59437,1.59324,1.59324,2763.568305
2026-01-02 01:30:00+00:00,1.59355,1.59375,1.59254,1.59254,2121.259518
2026-01-02 01:35:00+00:00,1.59158,1.59212,1.591,1.5916,21959.342235
2026-01-02 01:40:00+00:00,1.59151,1.5921,1.59137,1.59168,789.270733
2026-01-02 01:45:00+00:00,1.59176,1.59176,1.59031,1.5904,8337.050115
2026-01-02 01:50:00+00:00,1.59078,1.59119,1.59017,1.59099,3513.975133
2026-01-02 01:55:00+00:00,1.58978,1.59039,1.58978,1.59039,669.17558
2026-01-02 02:00:00+00:00,1.58989,1.58989,1.58889,1.589,2104.487679
2026-01-02 02:05:00+00:00,1.58875,1.58875,1.58788,1.58789,12154.444409
2026-01-02 02:10:00+00:00,1.58798,1.58839,1.58759,1.58839,5473.952875
2026-01-02 02:15:00+00:00,1.58786,1.58786,1.58784,1.58785,1661.241467
2026-01-02 02:20:00+00:00,1.58812,1.58855,1.5873,1.58812,1016.995471
2026-01-02 02:25:00+00:00,1.58911,1.58911,1.5885,1.5885,183.168645
2026-01-02 02:30:00+00:00,1.58837,1.59057,1.58836,1.59046,3084.902605
2026-01-02 02:35:00+00:00,1.59024,1.59024,1.5893,1.58968,46.964989
2026-01-02 02:40:00+00:00,1.59008,1.5907,1.59,1.59,466.7161
2026-01-02 02:45:00+00:00,1.59083,1.59245,1.59083,1.59245,24996.495242
2026-01-02 02:50:00+00:00,1.59409,1.59454,1.5936,1.59454,1927.629274
2026-01-02 02:55:00+00:00,1.59453,1.59466,1.59438,1.59466,665.876849
2026-01-02 03:00:00+00:00,1.595,1.595,1.59323,1.59356,188.490794
2026-01-02 03:05:00+00:00,1.59413,1.59798,1.59413,1.59681,41399.391999
2026-01-02 03:10:00+00:00,1.59521,1.599,1.59521,1.59627,1622.013844
2026-01-02 03:15:00+00:00,1.5996,1.6,1.59782,1.5981,3503.276699
2026-01-02 03:20:00+00:00,1.59763,1.5981,1.59746,1.59763,832.948355
2026-01-02 03:25:00+00:00,1.59699,1.59819,1.59699,1.59777,3255.196821
2026-01-02 03:30:00+00:00,1.5986,1.59954,1.59755,1.59954,6166.082946
2026-01-02 03:35:00+00:00,1.59961,1.60056,1.59961,1.60056,44561.077722
2026-01-02 03:40:00+00:00,1.6012,1.60485,1.60071,1.604,14314.075023
2026-01-02 03:45:00+00:00,1.60278,1.60673,1.60276,1.60548,11736.559171
2026-01-02 03:50:00+00:00,1.60658,1.607,1.6047,1.6056,8364.583106
2026-01-02 03:55:00+00:00,1.60545,1.60554,1.60331,1.60331,3814.760533
2026-01-02 04:00:00+00:00,1.60462,1.60499,1.60416,1.60417,1898.630364
2026-01-02 04:05:00+00:00,1.60309,1.60359,1.6004,1.6004,4341.606343
2026-01-02 04:10:00+00:00,1.59979,1.60146,1.59979,1.60004,3458.410764
2026-01-02 04:15:00+00:00,1.60014,1.60014,1.59832,1.59882,4472.424279
2026-01-02 04:20:00+00:00,1.5975,1.59864,1.59683,1.59803,2724.225167
2026-01-02 04:25:00+00:00,1.59671,1.59671,1.59521,1.59571,587.170477
2026-01-02 04:30:00+00:00,1.59522,1.59613,1.59522,1.59613,617.705057
2026-01-02 04:35:00+00:00,1.59693,1.59756,1.59668,1.59668,4347.490929
2026-01-02 04:40:00+00:00,1.59749,1.59749,1.596,1.5961,6741.03502
2026-01-02 04:45:00+00:00,1.5955,1.5955,1.59402,1.59469,9601.874647
2026-01-02 04:50:00+00:00,1.5956,1.59624,1.5956,1.59624,1112.834057
2026-01-02 04:55:00+00:00,1.5953,1.5953,1.59473,1.59473,3845.047028
2026-01-02 05:00:00+00:00,1.593,1.59338,1.593,1.59338,314.19746
2026-01-02 05:05:00+00:00,1.5934,1.59462,1.5934,1.5942,373.911805
2026-01-02 05:10:00+00:00,1.59409,1.59409,1.59323,1.59375,1534.107826
2026-01-02 05:15:00+00:00,1.59371,1.59465,1.59336,1.59428,8343.716688
2026-01-02 05:20:00+00:00,1.59129,1.59461,1.59103,1.59103,6090.434107
2026-01-02 05:25:00+00:00,1.59093,1.59109,1.59084,1.59098,134.80662
2026-01-02 05:30:00+00:00,1.59078,1.5924,1.59077,1.5924,407.802803
2026-01-02 05:35:00+00:00,1.59247,1.59276,1.59159,1.59164,1513.744418
2026-01-02 05:40:00+00:00,1.59196,1.59293,1.59187,1.5924,2399.486393
2026-01-02 05:45:00+00:00,1.59343,1.59343,1.59324,1.59329,754.204435
2026-01-02 05:50:00+00:00,1.59485,1.59485,1.59411,1.59413,482.595743
2026-01-02 05:55:00+00:00,1.59391,1.59479,1.59391,1.59443,6366.971215
2026-01-02 06:00:00+00:00,1.59417,1.5945,1.59408,1.59414,605.82815
2026-01-02 06:05:00+00:00,1.59423,1.59489,1.59359,1.5941,1632.427585
2026-01-02 06:10:00+00:00,1.59452,1.59584,1.59449,1.59506,1536.096898
2026-01-02 06:15:00+00:00,1.59511,1.5962,1.5948,1.59592,2157.743439
2026-01-02 06:20:00+00:00,1.59501,1.59575,1.59501,1.5955,4906.615501
2026-01-02 06:25:00+00:00,1.59527,1.59651,1.59527,1.59582,4370.061015
2026-01-02 06:30:00+00:00,1.59582,1.5971,1.59582,1.5971,24826.349876
2026-01-02 06:35:00+00:00,1.59671,1.5978,1.59558,1.59751,6129.148637
2026-01-02 06:40:00+00:00,1.59739,1.59879,1.59715,1.59787,4202.012722
2026-01-02 06:45:00+00:00,1.59927,1.59989,1.59818,1.59893,1728.67071
2026-01-02 06:50:00+00:00,1.59888,1.60008,1.59829,1.59869,26291.42451
2026-01-02 06:55:00+00:00,1.59886,1.59896,1.59624,1.59646,5448.764801
2026-01-02 07:00:00+00:00,1.59661,1.5973,1.59632,1.5965,8693.157587
2026-01-02 07:05:00+00:00,1.5966,1.59709,1.59645,1.59709,2375.10124
2026-01-02 07:10:00+00:00,1.59692,1.59752,1.59643,1.59713,6916.837145
2026-01-02 07:15:00+00:00,1.59676,1.59714,1.59521,1.59572,36318.529308
2026-01-02 07:20:00+00:00,1.59459,1.59634,1.5935,1.59384,18809.591692
2026-01-02 07:25:00+00:00,1.5937,1.59375,1.592,1.59217,14024.095928
2026-01-02 07:30:00+00:00,1.5924,1.59348,1.59168,1.59341,40344.656903
2026-01-02 07:35:00+00:00,1.5934,1.5945,1.5934,1.59385,8755.844964
2026-01-02 07:40:00+00:00,1.5926,1.5939,1.59215,1.59317,16849.146641
2026-01-02 07:45:00+00:00,1.59324,1.5943,1.59306,1.5932,4262.139886
2026-01-02 07:50:00+00:00,1.59401,1.59442,1.59331,1.59331,1619.746849
2026-01-02 07:55:00+00:00,1.59319,1.59329,1.59265,1.59302,13968.981298
2026-01-02 08:00:00+00:00,1.59317,1.59387,1.59264,1.5933,5295.610941
2026-01-02 08:05:00+00:00,1.5935,1.5954,1.59346,1.59507,10244.971691
2026-01-02 08:10:00+00:00,1.596,1.5961,1.59493,1.5955,20525.083471
2026-01-02 08:15:00+00:00,1.59605,1.59631,1.59511,1.59511,28388.902653
2026-01-02 08:20:00+00:00,1.59549,1.59633,1.5943,1.59587,12065.006422
2026-01-02 08:25:00+00:00,1.59568,1.59639,1.5953,1.5956,7394.03519
2026-01-02 08:30:00+00:00,1.5952,1.59691,1.59451,1.59691,18784.067599
2026-01-02 08:35:00+00:00,1.59751,1.59751,1.59605,1.5968,39567.82339
2026-01-02 08:40:00+00:00,1.59691,1.59745,1.59638,1.59671,9606.882619
2026-01-02 08:45:00+00:00,1.59767,1.59923,1.5972,1.59923,10429.442304
2026-01-02 08:50:00+00:00,1.59868,1.59985,1.59831,1.59935,32526.335789
2026-01-02 08:55:00+00:00,1.59945,1.60153,1.5993,1.60153,27313.019093
2026-01-02 09:00:00+00:00,1.60162,1.60162,1.59977,1.60068,8475.105777
2026-01-02 09:05:00+00:00,1.6006,1.6015,1.59998,1.6015,15325.00136
2026-01-02 09:10:00+00:00,1.602,1.60608,1.6019,1.60399,33597.395208
2026-01-02 09:15:00+00:00,1.6049,1.6049,1.60158,1.60244,16427.825094
2026-01-02 09:20:00+00:00,1.60356,1.60359,1.60232,1.6035,61627.323463
2026-01-02 09:25:00+00:00,1.60351,1.6048,1.60333,1.6037,16989.890749
2026-01-02 09:30:00+00:00,1.60365,1.60519,1.60331,1.60454,11967.126009
2026-01-02 09:35:00+00:00,1.6049,1.60584,1.60443,1.60526,9636.326735
2026-01-02 09:40:00+00:00,1.60591,1.60964,1.6056,1.60964,91528.90619
2026-01-02 09:45:00+00:00,1.60887,1.6191,1.60759,1.61587,128880.055211
2026-01-02 09:50:00+00:00,1.61607,1.6173,1.61247,1.61652,23995.397494
2026-01-02 09:55:00+00:00,1.61623,1.61727,1.61555,1.61644,109338.249763
2026-01-02 10:00:00+00:00,1.6171,1.62,1.6171,1.61831,28255.725018
2026-01-02 10:05:00+00:00,1.61928,1.6265,1.61928,1.62172,104610.41205
2026-01-02 10:10:00+00:00,1.62179,1.6231,1.61991,1.62023,99551.749948
2026-01-02 10:15:00+00:00,1.62181,1.62447,1.62171,1.62302,106199.056695
2026-01-02 10:20:00+00:00,1.6208,1.6234,1.61923,1.61923,96452.639355
2026-01-02 10:25:00+00:00,1.6199,1.6203,1.61743,1.61753,76163.880802
2026-01-02 10:30:00+00:00,1.61758,1.61857,1.617,1.61751,32901.544363
2026-01-02 10:35:00+00:00,1.61718,1.61888,1.61699,1.61753,43135.11694
2026-01-02 10:40:00+00:00,1.61769,1.61909,1.61718,1.61802,64322.845732
2026-01-02 10:45:00+00:00,1.61853,1.6196,1.61786,1.6189,23472.198384
2026-01-02 10:50:00+00:00,1.61956,1.6197,1.61748,1.6182,45773.558784
2026-01-02 10:55:00+00:00,1.61819,1.6182,1.61646,1.61715,7626.764377
2026-01-02 11:00:00+00:00,1.61715,1.6173,1.61591,1.61648,53004.125777
2026-01-02 11:05:00+00:00,1.61646,1.61779,1.61373,1.6138,25554.753131
2026-01-02 11:10:00+00:00,1.6134,1.61449,1.6127,1.6134,28935.03958
2026-01-02 11:15:00+00:00,1.6134,1.6134,1.61034,1.61177,128286.051399
2026-01-02 11:20:00+00:00,1.6118,1.61482,1.6117,1.61397,15247.387343
2026-01-02 11:25:00+00:00,1.61467,1.61486,1.61199,1.61231,20555.716081
2026-01-02 11:30:00+00:00,1.61221,1.61222,1.61,1.61,68917.243661
2026-01-02 11:35:00+00:00,1.61183,1.61273,1.61147,1.612,22104.060799
2026-01-02 11:40:00+00:00,1.611,1.61253,1.609,1.61138,27684.629685
2026-01-02 11:45:00+00:00,1.61138,1.61138,1.6093,1.6108,65358.557129
2026-01-02 11:50:00+00:00,1.61071,1.6109,1.60922,1.6107,13354.53461
2026-01-02 11:55:00+00:00,1.6109,1.61231,1.61089,1.61164,25299.128089
2026-01-02 12:00:00+00:00,1.61136,1.61324,1.61031,1.6108,41248.76176
2026-01-02 12:05:00+00:00,1.61093,1.61114,1.6102,1.6102,21583.608316
2026-01-02 12:10:00+00:00,1.61102,1.61153,1.6105,1.6113,3391.481797
2026-01-02 12:15:00+00:00,1.61208,1.61499,1.61208,1.61499,22353.596041
2026-01-02 12:20:00+00:00,1.61499,1.61499,1.61271,1.61376,25816.22787
2026-01-02 12:25:00+00:00,1.61354,1.61619,1.61327,1.61619,27840.310095
2026-01-02 12:30:00+00:00,1.6168,1.62,1.61588,1.61921,9951.572612
2026-01-02 12:35:00+00:00,1.61884,1.621,1.61884,1.619,10462.985835
2026-01-02 12:40:00+00:00,1.61866,1.6192,1.61633,1.61713,30964.424909
2026-01-02 12:45:00+00:00,1.61692,1.61927,1.61689,1.61889,9323.393106
2026-01-02 12:50:00+00:00,1.61889,1.61889,1.61713,1.61854,13623.449688
2026-01-02 12:55:00+00:00,1.619,1.61918,1.6183,1.6189,4809.916655
2026-01-02 13:00:00+00:00,1.61828,1.6198,1.61805,1.6187,19772.926494
2026-01-02 13:05:00+00:00,1.61867,1.6201,1.6178,1.61933,11192.842701
2026-01-02 13:10:00+00:00,1.61879,1.61926,1.61689,1.61895,31086.858594
2026-01-02 13:15:00+00:00,1.6208,1.621,1.61893,1.62048,20393.23658
2026-01-02 13:20:00+00:00,1.6213,1.62298,1.6208,1.62119,13688.131429
2026-01-02 13:25:00+00:00,1.62187,1.62305,1.62133,1.62248,10524.907952
2026-01-02 13:30:00+00:00,1.62249,1.62291,1.62081,1.62234,19705.351154
2026-01-02 13:35:00+00:00,1.62239,1.62239,1.62051,1.62089,10484.239076
2026-01-02 13:40:00+00:00,1.62075,1.62409,1.62075,1.62369,18610.057784
2026-01-02 13:45:00+00:00,1.62191,1.62295,1.6202,1.62079,13114.141606
2026-01-02 13:50:00+00:00,1.62029,1.62094,1.62,1.6201,22759.582201
2026-01-02 13:55:00+00:00,1.62,1.62,1.61675,1.62,13283.591798
2026-01-02 14:00:00+00:00,1.6171,1.62015,1.6169,1.62004,18165.332232
2026-01-02 14:05:00+00:00,1.61994,1.62006,1.6185,1.61951,15345.565053
2026-01-02 14:10:00+00:00,1.6197,1.62129,1.6197,1.6199,33761.653619
2026-01-02 14:15:00+00:00,1.6195,1.6215,1.61355,1.61574,68237.26314
2026-01-02 14:20:00+00:00,1.61482,1.61521,1.61102,1.61374,30446.014439
2026-01-02 14:25:00+00:00,1.61399,1.62207,1.61399,1.6171,30875.049737
2026-01-02 14:30:00+00:00,1.61993,1.62061,1.60964,1.61339,108112.890444
2026-01-02 14:35:00+00:00,1.61259,1.62666,1.61192,1.62534,58286.101165
2026-01-02 14:40:00+00:00,1.62434,1.62845,1.62196,1.62544,20685.90945
2026-01-02 14:45:00+00:00,1.62645,1.63439,1.62172,1.62386,114508.134071
2026-01-02 14:50:00+00:00,1.63188,1.638,1.63164,1.63438,178750.770258
2026-01-02 14:55:00+00:00,1.6319,1.63633,1.63137,1.63428,58793.401307
2026-01-02 15:00:00+00:00,1.63615,1.64067,1.63,1.63133,63603.867933
2026-01-02 15:05:00+00:00,1.6313,1.63342,1.62792,1.63073,45401.443763
2026-01-02 15:10:00+00:00,1.63044,1.63141,1.62643,1.62849,52683.01194
2026-01-02 15:15:00+00:00,1.62639,1.63039,1.62295,1.62354,44758.78001
2026-01-02 15:20:00+00:00,1.62318,1.624,1.61765,1.6202,61212.370254
2026-01-02 15:25:00+00:00,1.6236,1.6275,1.62001,1.62582,28657.288714
2026-01-02 15:30:00+00:00,1.62574,1.63314,1.62471,1.63179,20048.811753
2026-01-02 15:35:00+00:00,1.63198,1.6376,1.63117,1.6376,12435.81571
2026-01-02 15:40:00+00:00,1.63686,1.6385,1.63314,1.63849,19626.24114
2026-01-02 15:45:00+00:00,1.63845,1.6397,1.63605,1.6391,41462.944864
2026-01-02 15:50:00+00:00,1.639,1.6393,1.633,1.63381,51500.812346
2026-01-02 15:55:00+00:00,1.63438,1.6352,1.63001,1.63519,14949.641135
2026-01-02 16:00:00+00:00,1.6338,1.64,1.63282,1.63354,53487.633538
2026-01-02 16:05:00+00:00,1.63203,1.63819,1.63121,1.63743,27044.379141
2026-01-02 16:10:00+00:00,1.63831,1.64356,1.63699,1.64356,34049.286974
2026-01-02 16:15:00+00:00,1.64504,1.64998,1.64366,1.64629,100174.015701
2026-01-02 16:20:00+00:00,1.64652,1.65504,1.645,1.65312,153452.740178
2026-01-02 16:25:00+00:00,1.65308,1.659,1.64971,1.65079,82706.682837
2026-01-02 16:30:00+00:00,1.65531,1.6705,1.65531,1.66719,196038.050983
2026-01-02 16:35:00+00:00,1.66934,1.67277,1.66612,1.66681,196328.276555
2026-01-02 16:40:00+00:00,1.66713,1.66765,1.66254,1.66369,158293.988193
2026-01-02 16:45:00+00:00,1.6629,1.67,1.66123,1.66899,28566.146559
2026-01-02 16:50:00+00:00,1.66816,1.66938,1.66252,1.66938,48993.897045
2026-01-02 16:55:00+00:00,1.66943,1.6726,1.66775,1.66875,57457.741595
2026-01-02 17:00:00+00:00,1.672,1.68736,1.67176,1.68662,125670.26608
2026-01-02 17:05:00+00:00,1.68679,1.69472,1.68634,1.68793,301124.953163
2026-01-02 17:10:00+00:00,1.688,1.69161,1.68394,1.68995,214662.159477
2026-01-02 17:15:00+00:00,1.6983,1.7009,1.69005,1.69645,178637.948818
2026-01-02 17:20:00+00:00,1.69569,1.70111,1.69391,1.694,159435.728554
2026-01-02 17:25:00+00:00,1.69461,1.69724,1.6938,1.69686,62069.398926
2026-01-02 17:30:00+00:00,1.69569,1.69724,1.68393,1.68493,251371.620046
2026-01-02 17:35:00+00:00,1.68581,1.69048,1.68461,1.68868,99447.364283
2026-01-02 17:40:00+00:00,1.68881,1.69718,1.68756,1.69433,65196.699419
2026-01-02 17:45:00+00:00,1.69603,1.69724,1.69125,1.69125,26398.915198
2026-01-02 17:50:00+00:00,1.6924,1.69776,1.6886,1.69626,139271.757171
2026-01-02 17:55:00+00:00,1.69646,1.70219,1.69646,1.70099,67019.488927
2026-01-02 18:00:00+00:00,1.698,1.70308,1.69713,1.7,98570.69992
2026-01-02 18:05:00+00:00,1.70017,1.70044,1.69329,1.694,63284.191988
2026-01-02 18:10:00+00:00,1.69387,1.6969,1.69387,1.6969,48907.442731
2026-01-02 18:15:00+00:00,1.69748,1.69883,1.6962,1.69817,35523.430001
2026-01-02 18:20:00+00:00,1.69758,1.69923,1.69576,1.69746,47125.572193
2026-01-02 18:25:00+00:00,1.69527,1.70103,1.69407,1.70046,172719.787421
2026-01-02 18:30:00+00:00,1.70026,1.7007,1.69643,1.69833,86864.767501
2026-01-02 18:35:00+00:00,1.69827,1.69837,1.69223,1.6927,272848.318894
2026-01-02 18:40:00+00:00,1.69264,1.6949,1.69032,1.69362,71084.746335
2026-01-02 18:45:00+00:00,1.69521,1.6957,1.69,1.69542,55930.090068
2026-01-02 18:50:00+00:00,1.68989,1.68999,1.67984,1.6825,184352.126529
2026-01-02 18:55:00+00:00,1.68289,1.68657,1.68169,1.68466,375747.153992
2026-01-02 19:00:00+00:00,1.68666,1.68777,1.68278,1.68379,87782.326309
2026-01-02 19:05:00+00:00,1.68377,1.68845,1.68239,1.68838,75225.729914
2026-01-02 19:10:00+00:00,1.68847,1.69646,1.68847,1.69595,27077.642063
2026-01-02 19:15:00+00:00,1.6966,1.70146,1.69631,1.69917,103480.341899
2026-01-02 19:20:00+00:00,1.69862,1.70048,1.69761,1.6987,137824.870505
2026-01-02 19:25:00+00:00,1.6987,1.7015,1.69763,1.69859,90626.851809
2026-01-02 19:30:00+00:00,1.70059,1.7025,1.69931,1.70106,57364.285259
2026-01-02 19:35:00+00:00,1.70126,1.7017,1.69843,1.70112,36041.559961
2026-01-02 19:40:00+00:00,1.70098,1.70237,1.7,1.7,23651.132338
2026-01-02 19:45:00+00:00,1.7001,1.70035,1.69776,1.69974,87059.954975
2026-01-02 19:50:00+00:00,1.69916,1.69916,1.69433,1.69781,47545.404043
2026-01-02 19:55:00+00:00,1.698,1.7015,1.69759,1.69889,29188.052368
2026-01-02 20:00:00+00:00,1.6988,1.70326,1.69853,1.7014,78742.03269
2026-01-02 20:05:00+00:00,1.70159,1.70243,1.69859,1.69991,22553.814825
2026-01-02 20:10:00+00:00,1.69917,1.70437,1.69917,1.70437,30803.544827
2026-01-02 20:15:00+00:00,1.70292,1.7034,1.69919,1.69919,149482.335701
2026-01-02 20:20:00+00:00,1.70149,1.7019,1.69877,1.70073,17128.821553
2026-01-02 20:25:00+00:00,1.69994,1.70008,1.69579,1.69798,46256.386637
2026-01-02 20:30:00+00:00,1.6982,1.6985,1.69421,1.6962,45623.540033
2026-01-02 20:35:00+00:00,1.6967,1.69877,1.6967,1.6971,16064.039225
2026-01-02 20:40:00+00:00,1.69598,1.6997,1.6959,1.69924,8379.432327
2026-01-02 20:45:00+00:00,1.6962,1.6993,1.69608,1.69677,9149.52485
2026-01-02 20:50:00+00:00,1.69737,1.69803,1.69101,1.6916,39233.180513
2026-01-02 20:55:00+00:00,1.6911,1.69282,1.688,1.6907,177585.812847
2026-01-02 21:00:00+00:00,1.69,1.69729,1.68995,1.69097,20481.082002
2026-01-02 21:05:00+00:00,1.69119,1.69169,1.68963,1.69169,43153.194607
2026-01-02 21:10:00+00:00,1.69187,1.69509,1.69098,1.69279,50663.900249
2026-01-02 21:15:00+00:00,1.69279,1.69349,1.69181,1.69288,3811.532257
2026-01-02 21:20:00+00:00,1.69389,1.6985,1.6938,1.69639,17522.292889
2026-01-02 21:25:00+00:00,1.69672,1.7,1.69672,1.69964,11728.545988
2026-01-02 21:30:00+00:00,1.7,1.70752,1.69897,1.70714,50721.985409
2026-01-02 21:35:00+00:00,1.70725,1.71215,1.703,1.71103,107031.030423
2026-01-02 21:40:00+00:00,1.71078,1.71078,1.70701,1.70829,244246.758861
2026-01-02 21:45:00+00:00,1.7094,1.71418,1.70779,1.71418,111374.355046
2026-01-02 21:50:00+00:00,1.71367,1.72402,1.7126,1.722,544801.547835
2026-01-02 21:55:00+00:00,1.72282,1.7241,1.72003,1.72114,159518.631174
2026-01-02 22:00:00+00:00,1.72125,1.7302,1.72082,1.7302,205252.758031
2026-01-02 22:05:00+00:00,1.73061,1.73311,1.71882,1.71882,144061.167186
2026-01-02 22:10:00+00:00,1.71979,1.72055,1.71631,1.71652,91364.224834
2026-01-02 22:15:00+00:00,1.71713,1.7183,1.71522,1.7175,16974.15334
2026-01-02 22:20:00+00:00,1.71669,1.7198,1.71562,1.7175,43327.516066
2026-01-02 22:25:00+00:00,1.71641,1.7192,1.71617,1.7192,21197.67739
2026-01-02 22:30:00+00:00,1.718,1.72541,1.71796,1.72,24432.143327
2026-01-02 22:35:00+00:00,1.71946,1.72358,1.71755,1.72027,32634.087283
2026-01-02 22:40:00+00:00,1.71983,1.72375,1.71839,1.72371,84093.745398
2026-01-02 22:45:00+00:00,1.72408,1.72638,1.7228,1.72439,17748.841936
2026-01-02 22:50:00+00:00,1.7243,1.72557,1.72257,1.7232,22152.90493
2026-01-02 22:55:00+00:00,1.72328,1.7238,1.71814,1.72212,25513.069523
2026-01-02 23:00:00+00:00,1.72003,1.72117,1.71735,1.721,78903.917109
2026-01-02 23:05:00+00:00,1.72079,1.72166,1.71696,1.7172,44286.375237
2026-01-02 23:10:00+00:00,1.71725,1.7192,1.71647,1.71829,54585.804169
2026-01-02 23:15:00+00:00,1.71824,1.72276,1.71817,1.72179,60687.898699
2026-01-02 23:20:00+00:00,1.72217,1.72218,1.7162,1.71634,29784.628563
2026-01-02 23:25:00+00:00,1.7155,1.71637,1.71236,1.71311,83560.916422
2026-01-02 23:30:00+00:00,1.71419,1.71717,1.7135,1.71571,13554.228274
2026-01-02 23:35:00+00:00,1.71548,1.7162,1.7138,1.71576,48914.509753
2026-01-02 23:40:00+00:00,1.71559,1.71559,1.7134,1.71441,21382.580871
2026-01-02 23:45:00+00:00,1.7145,1.715,1.7121,1.7148,147107.398377
2026-01-02 23:50:00+00:00,1.71336,1.7136,1.71071,1.71104,5536.939855
2026-01-02 23:55:00+00:00,1.7125,1.71267,1.71172,1.71253,31746.75683
2026-01-03 00:00:00+00:00,1.71295,1.7161,1.71295,1.715,80171.535537
2026-01-03 00:05:00+00:00,1.71528,1.7163,1.7148,1.71539,10009.986454
2026-01-03 00:10:00+00:00,1.7152,1.72089,1.7152,1.72089,31878.09095
2026-01-03 00:15:00+00:00,1.72157,1.72157,1.71963,1.72102,7847.803601
2026-01-03 00:20:00+00:00,1.72181,1.73,1.72181,1.73,35897.851298
2026-01-03 00:25:00+00:00,1.73795,1.73971,1.7304,1.73971,75548.089272
2026-01-03 00:30:00+00:00,1.7385,1.74024,1.73645,1.73676,27691.740214
2026-01-03 00:35:00+00:00,1.73753,1.73753,1.72673,1.73178,73497.343262
2026-01-03 00:40:00+00:00,1.7323,1.7336,1.72897,1.72897,46380.786346
2026-01-03 00:45:00+00:00,1.7283,1.72848,1.7261,1.7261,18710.081308
2026-01-03 00:50:00+00:00,1.7271,1.7271,1.72285,1.72448,26679.052843
2026-01-03 00:55:00+00:00,1.7197,1.72477,1.71947,1.72039,54305.345543
2026-01-03 01:00:00+00:00,1.71925,1.72691,1.71756,1.7263,64621.491245
2026-01-03 01:05:00+00:00,1.72722,1.72921,1.7258,1.72644,25439.13043
2026-01-03 01:10:00+00:00,1.72666,1.73157,1.72666,1.73157,3763.881491
2026-01-03 01:15:00+00:00,1.72591,1.73155,1.72582,1.72582,5170.023229
2026-01-03 01:20:00+00:00,1.72518,1.7276,1.7251,1.72584,18473.586647
2026-01-03 01:25:00+00:00,1.7288,1.7291,1.72583,1.7291,11806.160033
2026-01-03 01:30:00+00:00,1.72859,1.73179,1.7284,1.73099,3360.720713
2026-01-03 01:35:00+00:00,1.7306,1.734,1.7306,1.73228,36984.750877
2026-01-03 01:40:00+00:00,1.73217,1.73217,1.73082,1.7315,2423.589871
2026-01-03 01:45:00+00:00,1.73088,1.7324,1.73088,1.73129,3508.335009
2026-01-03 01:50:00+00:00,1.7311,1.7327,1.73072,1.73228,42332.733668
2026-01-03 01:55:00+00:00,1.73195,1.7335,1.73184,1.73317,14877.151886
2026-01-03 02:00:00+00:00,1.73191,1.73191,1.72739,1.72824,13903.451532
2026-01-03 02:05:00+00:00,1.7276,1.72762,1.72476,1.7259,11774.676361
2026-01-03 02:10:00+00:00,1.72614,1.72829,1.72614,1.72617,13402.193922
2026-01-03 02:15:00+00:00,1.72583,1.726,1.72307,1.72347,5756.745613
2026-01-03 02:20:00+00:00,1.72379,1.7287,1.72352,1.7287,21838.100736
2026-01-03 02:25:00+00:00,1.72938,1.73072,1.729,1.72965,2406.035485
2026-01-03 02:30:00+00:00,1.72745,1.7305,1.72745,1.72859,11127.818606
2026-01-03 02:35:00+00:00,1.72821,1.729,1.72714,1.72828,10033.34814
2026-01-03 02:40:00+00:00,1.7278,1.7292,1.7278,1.72917,1738.54862
2026-01-03 02:45:00+00:00,1.72963,1.73084,1.7277,1.73016,12269.662799
2026-01-03 02:50:00+00:00,1.7302,1.7302,1.72771,1.72851,4979.408447
2026-01-03 02:55:00+00:00,1.7289,1.72939,1.72801,1.72838,14019.348757
2026-01-03 03:00:00+00:00,1.72765,1.7304,1.7253,1.7253,14152.859569
2026-01-03 03:05:00+00:00,1.72552,1.72599,1.72362,1.72362,3242.6045
2026-01-03 03:10:00+00:00,1.7234,1.72499,1.7234,1.72439,2843.520845
2026-01-03 03:15:00+00:00,1.7254,1.7262,1.72496,1.7255,3141.534478
2026-01-03 03:20:00+00:00,1.72589,1.7273,1.72542,1.7273,1263.783157
2026-01-03 03:25:00+00:00,1.72668,1.7284,1.7264,1.7284,2907.385608
2026-01-03 03:30:00+00:00,1.7286,1.7295,1.72747,1.72778,691.962958
2026-01-03 03:35:00+00:00,1.72933,1.73309,1.72933,1.73309,37635.484749
2026-01-03 03:40:00+00:00,1.73316,1.73379,1.73316,1.73349,1310.733441
2026-01-03 03:45:00+00:00,1.73269,1.73917,1.73269,1.73666,26362.299129
2026-01-03 03:50:00+00:00,1.73591,1.73723,1.73591,1.73703,3917.075042
2026-01-03 03:55:00+00:00,1.73749,1.74458,1.73749,1.74142,175910.930666
2026-01-03 04:00:00+00:00,1.74122,1.74663,1.7394,1.74107,31515.808857
2026-01-03 04:05:00+00:00,1.74458,1.74668,1.74345,1.74583,51628.408838
2026-01-03 04:10:00+00:00,1.74508,1.7454,1.74438,1.7446,2306.527132
2026-01-03 04:15:00+00:00,1.74487,1.74653,1.74383,1.74399,8964.952128
2026-01-03 04:20:00+00:00,1.7438,1.75424,1.74374,1.7518,182026.92156
2026-01-03 04:25:00+00:00,1.75269,1.75429,1.7504,1.75368,3270.384968
2026-01-03 04:30:00+00:00,1.75272,1.75406,1.7516,1.7527,5661.767348
2026-01-03 04:35:00+00:00,1.75353,1.75353,1.74552,1.74553,27639.453952
2026-01-03 04:40:00+00:00,1.74625,1.74799,1.7447,1.74602,17097.606685
2026-01-03 04:45:00+00:00,1.74821,1.74869,1.74633,1.74869,12606.626411
2026-01-03 04:50:00+00:00,1.74926,1.74929,1.74749,1.74869,4348.721547
2026-01-03 04:55:00+00:00,1.74869,1.74966,1.74765,1.74857,3405.998457
2026-01-03 05:00:00+00:00,1.74748,1.7518,1.74748,1.75059,3325.177557
2026-01-03 05:05:00+00:00,1.75174,1.75422,1.74711,1.74791,2247.230622
2026-01-03 05:10:00+00:00,1.74839,1.74896,1.74756,1.74769,15705.06337
2026-01-03 05:15:00+00:00,1.74823,1.74918,1.74522,1.74871,11754.398548
2026-01-03 05:20:00+00:00,1.7465,1.74658,1.74575,1.74651,18120.246624
2026-01-03 05:25:00+00:00,1.74429,1.74431,1.73947,1.74094,48692.033236
2026-01-03 05:30:00+00:00,1.7408,1.74137,1.73896,1.7405,57529.707175
2026-01-03 05:35:00+00:00,1.7386,1.7386,1.735,1.735,14421.018323
2026-01-03 05:40:00+00:00,1.73471,1.73471,1.73168,1.73366,10352.194399
2026-01-03 05:45:00+00:00,1.7333,1.7346,1.73319,1.7346,5155.452887
2026-01-03 05:50:00+00:00,1.73248,1.73349,1.7316,1.73343,8532.046172
2026-01-03 05:55:00+00:00,1.73322,1.73444,1.73298,1.73388,13082.91612
2026-01-03 06:00:00+00:00,1.7338,1.73457,1.7329,1.7329,12958.046877
2026-01-03 06:05:00+00:00,1.7341,1.73707,1.7341,1.73699,8390.411938
2026-01-03 06:10:00+00:00,1.73699,1.7377,1.73614,1.73614,13701.56031
2026-01-03 06:15:00+00:00,1.73604,1.7369,1.73342,1.73391,7365.198995
2026-01-03 06:20:00+00:00,1.73329,1.73429,1.73287,1.73404,6258.591235
2026-01-03 06:25:00+00:00,1.7343,1.73434,1.73121,1.73154,25516.246721
2026-01-03 06:30:00+00:00,1.73139,1.7315,1.72921,1.7315,81464.502603
2026-01-03 06:35:00+00:00,1.73129,1.73129,1.7262,1.72655,6985.991312
2026-01-03 06:40:00+00:00,1.7266,1.72678,1.72275,1.72278,16244.332742
2026-01-03 06:45:00+00:00,1.7228,1.72366,1.71398,1.71398,97870.521569
2026-01-03 06:50:00+00:00,1.7159,1.72035,1.71581,1.7177,19226.646623
2026-01-03 06:55:00+00:00,1.718,1.71948,1.71709,1.71719,21257.843871
2026-01-03 07:00:00+00:00,1.71642,1.72,1.71581,1.71784,47587.487396
2026-01-03 07:05:00+00:00,1.71857,1.71939,1.7174,1.7184,4546.142853
2026-01-03 07:10:00+00:00,1.718,1.71897,1.7108,1.71262,24978.541106
2026-01-03 07:15:00+00:00,1.71315,1.71315,1.70225,1.70236,142052.9292
2026-01-03 07:20:00+00:00,1.70109,1.70399,1.696,1.70349,163035.557375
2026-01-03 07:25:00+00:00,1.7026,1.70375,1.69587,1.69627,90802.429861
2026-01-03 07:30:00+00:00,1.6988,1.69959,1.69368,1.69884,93907.72067
2026-01-03 07:35:00+00:00,1.7,1.70319,1.6996,1.70319,36817.333877
2026-01-03 07:40:00+00:00,1.70416,1.70783,1.70416,1.70544,43498.856769
2026-01-03 07:45:00+00:00,1.70561,1.7067,1.7017,1.70264,36519.753484
2026-01-03 07:50:00+00:00,1.7018,1.70349,1.70051,1.70227,26247.991141
2026-01-03 07:55:00+00:00,1.70255,1.70255,1.70043,1.70132,23913.287473
2026-01-03 08:00:00+00:00,1.70129,1.7087,1.7,1.70391,64803.679099
2026-01-03 08:05:00+00:00,1.7057,1.7057,1.6994,1.70531,67257.785392
2026-01-03 08:10:00+00:00,1.70612,1.70747,1.7055,1.70656,22520.523178
2026-01-03 08:15:00+00:00,1.70689,1.71321,1.70689,1.7102,45061.147647
2026-01-03 08:20:00+00:00,1.70911,1.70911,1.70622,1.70803,16015.624385
2026-01-03 08:25:00+00:00,1.70838,1.7123,1.7083,1.71161,28534.694807
2026-01-03 08:30:00+00:00,1.71056,1.71457,1.71041,1.71457,24726.40591
2026-01-03 08:35:00+00:00,1.71328,1.71441,1.71167,1.71167,15912.908474
2026-01-03 08:40:00+00:00,1.71139,1.7118,1.71029,1.71176,55272.933413
2026-01-03 08:45:00+00:00,1.71299,1.71536,1.7128,1.71488,141807.001244
2026-01-03 08:50:00+00:00,1.71338,1.71347,1.71151,1.71151,6699.230275
2026-01-03 08:55:00+00:00,1.7129,1.71407,1.71235,1.71366,26591.057632
2026-01-03 09:00:00+00:00,1.7137,1.71544,1.71254,1.71464,25078.972801
2026-01-03 09:05:00+00:00,1.7151,1.71644,1.714,1.71555,48000.903936
2026-01-03 09:10:00+00:00,1.71606,1.7166,1.71489,1.71504,13492.443352
2026-01-03 09:15:00+00:00,1.71573,1.71663,1.71403,1.71579,30778.720647
2026-01-03 09:20:00+00:00,1.71728,1.72106,1.71499,1.71939,41845.030396
2026-01-03 09:25:00+00:00,1.71949,1.72072,1.71908,1.72035,45661.104282
2026-01-03 09:30:00+00:00,1.7184,1.72169,1.71703,1.72082,40794.652936
2026-01-03 09:35:00+00:00,1.72018,1.72563,1.71874,1.72386,50985.627808
2026-01-03 09:40:00+00:00,1.7235,1.72588,1.7235,1.72588,26786.293706
2026-01-03 09:45:00+00:00,1.72595,1.7261,1.7228,1.72336,23924.421068
2026-01-03 09:50:00+00:00,1.72338,1.72399,1.72137,1.72396,69565.425546
2026-01-03 09:55:00+00:00,1.72126,1.72222,1.71884,1.719,18327.539935
2026-01-03 10:00:00+00:00,1.71822,1.72007,1.71655,1.71699,36578.178056
2026-01-03 10:05:00+00:00,1.71689,1.71781,1.71587,1.71721,11543.954065
2026-01-03 10:10:00+00:00,1.71742,1.71786,1.71466,1.71466,44571.483
2026-01-03 10:15:00+00:00,1.71465,1.71585,1.71383,1.71521,52175.949201
2026-01-03 10:20:00+00:00,1.7147,1.71554,1.71461,1.71497,18005.492519
2026-01-03 10:25:00+00:00,1.7152,1.71589,1.71307,1.715,184404.562025
2026-01-03 10:30:00+00:00,1.7112,1.7154,1.7107,1.71301,22621.625424
2026-01-03 10:35:00+00:00,1.71237,1.716,1.71236,1.71565,67422.551265
2026-01-03 10:40:00+00:00,1.7153,1.7153,1.71346,1.71418,30007.434826
2026-01-03 10:45:00+00:00,1.71355,1.71399,1.71061,1.7111,19529.762987
2026-01-03 10:50:00+00:00,1.71109,1.71316,1.71071,1.71243,16781.969625
2026-01-03 10:55:00+00:00,1.71304,1.71304,1.71074,1.71156,20222.783996
2026-01-03 11:00:00+00:00,1.71013,1.71179,1.70979,1.70994,9595.791521
2026-01-03 11:05:00+00:00,1.71004,1.71017,1.70663,1.70707,10073.50966
2026-01-03 11:10:00+00:00,1.70703,1.70788,1.70437,1.70788,53483.03742
2026-01-03 11:15:00+00:00,1.708,1.70809,1.70483,1.705,31511.186481
2026-01-03 11:20:00+00:00,1.70819,1.7089,1.7053,1.70888,29187.460577
2026-01-03 11:25:00+00:00,1.70844,1.70905,1.7075,1.70777,41987.231521
2026-01-03 11:30:00+00:00,1.70619,1.70817,1.70557,1.70573,14805.442417
2026-01-03 11:35:00+00:00,1.7059,1.70797,1.7059,1.7078,95687.54087
2026-01-03 11:40:00+00:00,1.70781,1.70781,1.70647,1.7071,53584.631986
2026-01-03 11:45:00+00:00,1.70771,1.70771,1.70569,1.70699,19364.709563
2026-01-03 11:50:00+00:00,1.70641,1.707,1.7062,1.70628,19258.526831
2026-01-03 11:55:00+00:00,1.7054,1.70645,1.705,1.70614,24091.200552
2026-01-03 12:00:00+00:00,1.70445,1.70629,1.70338,1.70489,6940.757483
2026-01-03 12:05:00+00:00,1.70465,1.70659,1.70387,1.70484,29144.340506
2026-01-03 12:10:00+00:00,1.70441,1.7082,1.70441,1.70788,8343.232441
2026-01-03 12:15:00+00:00,1.70771,1.71031,1.70771,1.70995,71273.363561
2026-01-03 12:20:00+00:00,1.71043,1.7109,1.70953,1.7109,4871.152983
2026-01-03 12:25:00+00:00,1.71144,1.71211,1.7093,1.71,55088.280233
2026-01-03 12:30:00+00:00,1.7096,1.71002,1.70441,1.70694,8360.940005
2026-01-03 12:35:00+00:00,1.70413,1.70413,1.70104,1.70284,32800.55234
2026-01-03 12:40:00+00:00,1.7031,1.70508,1.7031,1.70429,2756.734496
2026-01-03 12:45:00+00:00,1.7047,1.70984,1.70424,1.70862,93591.832702
2026-01-03 12:50:00+00:00,1.70834,1.70903,1.70771,1.7088,12771.297853
2026-01-03 12:55:00+00:00,1.70862,1.70973,1.7081,1.70919,31304.069133
2026-01-03 13:00:00+00:00,1.71029,1.71138,1.70806,1.71084,14006.779323
2026-01-03 13:05:00+00:00,1.71025,1.71025,1.70888,1.70942,40327.304046
2026-01-03 13:10:00+00:00,1.70907,1.70909,1.70694,1.70763,36661.047422
2026-01-03 13:15:00+00:00,1.70757,1.7107,1.70757,1.7105,12928.805564
2026-01-03 13:20:00+00:00,1.71064,1.7107,1.70878,1.71035,7189.190123
2026-01-03 13:25:00+00:00,1.71033,1.71101,1.70881,1.7094,16939.448075
2026-01-03 13:30:00+00:00,1.7093,1.71,1.7086,1.70893,12497.0509
2026-01-03 13:35:00+00:00,1.71049,1.71211,1.70982,1.71161,38036.096794
2026-01-03 13:40:00+00:00,1.71152,1.71153,1.70924,1.71005,26383.248177
2026-01-03 13:45:00+00:00,1.71029,1.7122,1.70983,1.71197,1759.063896
2026-01-03 13:50:00+00:00,1.71268,1.71507,1.7125,1.71475,16440.061973
2026-01-03 13:55:00+00:00,1.71387,1.71428,1.71237,1.7124,20046.071574
2026-01-03 14:00:00+00:00,1.7114,1.71234,1.71062,1.71171,31210.813409
2026-01-03 14:05:00+00:00,1.71206,1.7147,1.71141,1.7147,4179.607418
2026-01-03 14:10:00+00:00,1.71513,1.718,1.71413,1.718,28734.957173
2026-01-03 14:15:00+00:00,1.71809,1.72,1.71681,1.71779,21950.223163
2026-01-03 14:20:00+00:00,1.71809,1.72078,1.71809,1.7203,33035.822003
2026-01-03 14:25:00+00:00,1.72105,1.7225,1.719,1.72,28916.16003
2026-01-03 14:30:00+00:00,1.71881,1.72108,1.71875,1.7196,14665.747184
2026-01-03 14:35:00+00:00,1.71918,1.72082,1.71918,1.71971,8612.676926
2026-01-03 14:40:00+00:00,1.72098,1.72169,1.71884,1.71901,49978.778538
2026-01-03 14:45:00+00:00,1.71901,1.71962,1.71592,1.7162,5931.683537
2026-01-03 14:50:00+00:00,1.7165,1.7165,1.71449,1.71517,18790.402643
2026-01-03 14:55:00+00:00,1.71479,1.71705,1.714,1.71667,37313.871294
2026-01-03 15:00:00+00:00,1.71643,1.71747,1.71531,1.71625,7686.471942
2026-01-03 15:05:00+00:00,1.71571,1.71759,1.71505,1.71505,2187.2969
2026-01-03 15:10:00+00:00,1.7152,1.71566,1.71261,1.7134,10710.916962
2026-01-03 15:15:00+00:00,1.71263,1.71326,1.71149,1.71299,4405.340207
2026-01-03 15:20:00+00:00,1.71299,1.71415,1.71191,1.71191,3779.667499
2026-01-03 15:25:00+00:00,1.7123,1.7141,1.71209,1.7137,12274.970027
2026-01-03 15:30:00+00:00,1.71281,1.71495,1.71265,1.71296,32808.54682
2026-01-03 15:35:00+00:00,1.7135,1.71549,1.7135,1.71523,12158.805706
2026-01-03 15:40:00+00:00,1.71449,1.71449,1.71289,1.71289,5827.799077
2026-01-03 15:45:00+00:00,1.71291,1.71335,1.7125,1.71259,4509.651678
2026-01-03 15:50:00+00:00,1.7124,1.71329,1.71151,1.71319,8285.222219
2026-01-03 15:55:00+00:00,1.7133,1.7133,1.7115,1.71205,15125.255574
2026-01-03 16:00:00+00:00,1.71231,1.7133,1.71,1.71161,24798.913059
2026-01-03 16:05:00+00:00,1.713,1.71566,1.71031,1.71109,7203.740361
2026-01-03 16:10:00+00:00,1.71062,1.71135,1.70978,1.71093,5721.915989
2026-01-03 16:15:00+00:00,1.71124,1.71139,1.709,1.71118,5779.730958
2026-01-03 16:20:00+00:00,1.71028,1.71187,1.707,1.70804,18413.978983
2026-01-03 16:25:00+00:00,1.70847,1.7109,1.70771,1.71074,14813.386927
2026-01-03 16:30:00+00:00,1.7113,1.71177,1.71034,1.71145,9943.628594
2026-01-03 16:35:00+00:00,1.71187,1.71272,1.71074,1.71204,20453.464572
2026-01-03 16:40:00+00:00,1.71231,1.7148,1.71231,1.71395,9671.9788
2026-01-03 16:45:00+00:00,1.7143,1.71516,1.71153,1.71171,7922.586548
2026-01-03 16:50:00+00:00,1.71352,1.71514,1.7106,1.71313,7886.796419
2026-01-03 16:55:00+00:00,1.71192,1.71229,1.7087,1.70875,21279.668796
2026-01-03 17:00:00+00:00,1.70899,1.7103,1.70876,1.709,6824.967194
2026-01-03 17:05:00+00:00,1.70863,1.70954,1.70784,1.70784,7180.19112
2026-01-03 17:10:00+00:00,1.70819,1.70845,1.70467,1.70502,61625.587409
2026-01-03 17:15:00+00:00,1.7046,1.70769,1.7046,1.70734,9184.284519
2026-01-03 17:20:00+00:00,1.7071,1.70875,1.70691,1.70853,8333.168138
2026-01-03 17:25:00+00:00,1.70801,1.70814,1.70741,1.70777,16871.16758
2026-01-03 17:30:00+00:00,1.70849,1.7091,1.70797,1.7091,3032.023026
2026-01-03 17:35:00+00:00,1.71027,1.71155,1.7101,1.71155,10323.544317
2026-01-03 17:40:00+00:00,1.71141,1.71141,1.71041,1.71071,6664.937443
2026-01-03 17:45:00+00:00,1.71068,1.71068,1.70873,1.70941,5532.011397
2026-01-03 17:50:00+00:00,1.70923,1.71103,1.70923,1.71045,3318.130464
2026-01-03 17:55:00+00:00,1.71045,1.71087,1.70835,1.70861,6960.636938
2026-01-03 18:00:00+00:00,1.7087,1.7087,1.70629,1.70662,10248.731886
2026-01-03 18:05:00+00:00,1.70729,1.70729,1.70519,1.70676,6611.351847
2026-01-03 18:10:00+00:00,1.70676,1.7077,1.70571,1.70673,67754.532521
2026-01-03 18:15:00+00:00,1.70699,1.70895,1.70621,1.70895,9250.983175
2026-01-03 18:20:00+00:00,1.71088,1.71489,1.71086,1.71445,6773.701171
2026-01-03 18:25:00+00:00,1.71587,1.71587,1.7132,1.7136,11998.92114
2026-01-03 18:30:00+00:00,1.71377,1.71599,1.71377,1.71541,7455.554905
2026-01-03 18:35:00+00:00,1.71537,1.71588,1.71371,1.71537,37247.925607
2026-01-03 18:40:00+00:00,1.71342,1.7144,1.71328,1.7144,5471.947166
2026-01-03 18:45:00+00:00,1.7146,1.71614,1.7144,1.7146,28749.150642
2026-01-03 18:50:00+00:00,1.7146,1.71661,1.71301,1.71661,85127.291545
2026-01-03 18:55:00+00:00,1.716,1.71605,1.71485,1.71569,13158.521834
2026-01-03 19:00:00+00:00,1.71483,1.71483,1.71223,1.71412,9790.118855
2026-01-03 19:05:00+00:00,1.71384,1.7146,1.71295,1.7133,5811.90839
2026-01-03 19:10:00+00:00,1.71295,1.71308,1.71001,1.71099,28630.828131
2026-01-03 19:15:00+00:00,1.7116,1.71341,1.7116,1.71341,5452.566914
2026-01-03 19:20:00+00:00,1.7141,1.71483,1.71215,1.71222,5182.645202
2026-01-03 19:25:00+00:00,1.7112,1.71271,1.71082,1.71271,7026.804994
2026-01-03 19:30:00+00:00,1.71203,1.7142,1.71199,1.71414,20836.554123
2026-01-03 19:35:00+00:00,1.71396,1.71451,1.71295,1.71318,17153.858196
2026-01-03 19:40:00+00:00,1.71278,1.71315,1.71266,1.7127,11320.136739
2026-01-03 19:45:00+00:00,1.712,1.713,1.7115,1.71211,2545.699
2026-01-03 19:50:00+00:00,1.7129,1.71338,1.71096,1.71183,3284.858213
2026-01-03 19:55:00+00:00,1.71151,1.71377,1.7115,1.71377,14010.835706
2026-01-03 20:00:00+00:00,1.7144,1.7149,1.71125,1.7116,11049.206394
2026-01-03 20:05:00+00:00,1.7108,1.71117,1.707,1.7072,28014.748916
2026-01-03 20:10:00+00:00,1.70705,1.7084,1.70702,1.70762,11855.762643
2026-01-03 20:15:00+00:00,1.70759,1.70884,1.70731,1.7076,15983.596506
2026-01-03 20:20:00+00:00,1.7075,1.70979,1.7075,1.70963,18718.203167
2026-01-03 20:25:00+00:00,1.70996,1.7105,1.70935,1.71019,19458.901989
2026-01-03 20:30:00+00:00,1.71093,1.7135,1.71093,1.7135,32144.39275
2026-01-03 20:35:00+00:00,1.71496,1.7164,1.7142,1.71612,79707.726304
2026-01-03 20:40:00+00:00,1.71595,1.71611,1.71479,1.71609,23322.239822
2026-01-03 20:45:00+00:00,1.71604,1.71663,1.71598,1.71606,5518.331242
2026-01-03 20:50:00+00:00,1.71591,1.71616,1.7132,1.71344,28701.430174
2026-01-03 20:55:00+00:00,1.71375,1.71413,1.71325,1.71407,4275.264973
2026-01-03 21:00:00+00:00,1.71351,1.7142,1.7116,1.71388,14220.182743
2026-01-03 21:05:00+00:00,1.71485,1.7155,1.71342,1.71461,6124.133957
2026-01-03 21:10:00+00:00,1.71412,1.71492,1.71361,1.71453,21384.428286
2026-01-03 21:15:00+00:00,1.71493,1.71522,1.71344,1.71419,13390.17434
2026-01-03 21:20:00+00:00,1.7149,1.717,1.71464,1.71614,37602.015277
2026-01-03 21:25:00+00:00,1.71539,1.7173,1.71539,1.716,45787.596043
2026-01-03 21:30:00+00:00,1.71582,1.71994,1.71567,1.71587,182473.014724
2026-01-03 21:35:00+00:00,1.7156,1.717,1.71525,1.7154,10640.562776
2026-01-03 21:40:00+00:00,1.7166,1.71799,1.71593,1.71689,7699.156526
2026-01-03 21:45:00+00:00,1.71682,1.71743,1.71606,1.71635,5221.082159
2026-01-03 21:50:00+00:00,1.71585,1.71687,1.71585,1.71595,3789.200858
2026-01-03 21:55:00+00:00,1.71537,1.71642,1.71478,1.7156,26390.048704
2026-01-03 22:00:00+00:00,1.71454,1.7152,1.71321,1.71394,7867.161135
2026-01-03 22:05:00+00:00,1.71349,1.71449,1.71301,1.7142,8122.474645
2026-01-03 22:10:00+00:00,1.71406,1.71406,1.71011,1.7127,58643.323112
2026-01-03 22:15:00+00:00,1.7137,1.71678,1.7137,1.71553,2673.419594
2026-01-03 22:20:00+00:00,1.71579,1.7174,1.71579,1.71681,5963.375404
2026-01-03 22:25:00+00:00,1.7182,1.71937,1.71721,1.7175,7962.569929
2026-01-03 22:30:00+00:00,1.71789,1.71959,1.71764,1.7191,18209.548475
2026-01-03 22:35:00+00:00,1.71917,1.72167,1.7183,1.71911,11813.97655
2026-01-03 22:40:00+00:00,1.7181,1.72104,1.7181,1.7207,8585.59121
2026-01-03 22:45:00+00:00,1.72041,1.721,1.71865,1.71894,7386.324141
2026-01-03 22:50:00+00:00,1.7196,1.7196,1.718,1.719,7564.132225
2026-01-03 22:55:00+00:00,1.71877,1.71982,1.718,1.71837,7368.308535
2026-01-03 23:00:00+00:00,1.72001,1.72064,1.71847,1.71917,46976.874044
2026-01-03 23:05:00+00:00,1.71967,1.72099,1.7186,1.72063,5594.024446
2026-01-03 23:10:00+00:00,1.7186,1.71963,1.71821,1.71941,8951.414416
2026-01-03 23:15:00+00:00,1.71933,1.723,1.71933,1.72218,9186.066172
2026-01-03 23:20:00+00:00,1.72217,1.72314,1.72203,1.72207,6926.709311
2026-01-03 23:25:00+00:00,1.72179,1.72231,1.72142,1.72197,2010.466412
2026-01-03 23:30:00+00:00,1.72218,1.72292,1.72159,1.72191,6547.604934
2026-01-03 23:35:00+00:00,1.7221,1.72342,1.7218,1.72342,14625.832799
2026-01-03 23:40:00+00:00,1.72291,1.7237,1.72265,1.7237,17862.277968
2026-01-03 23:50:00+00:00,1.7237,1.7237,1.72284,1.7233,1010.007286
2026-01-03 23:55:00+00:00,1.72339,1.72373,1.72263,1.7232,29571.612173
2026-01-04 00:00:00+00:00,1.723,1.72858,1.72136,1.72858,25591.164434
2026-01-04 00:05:00+00:00,1.72739,1.7347,1.72739,1.73233,52870.085467
2026-01-04 00:10:00+00:00,1.7317,1.73476,1.731,1.73321,27139.009383
2026-01-04 00:15:00+00:00,1.73253,1.73773,1.7308,1.73413,61710.955845
2026-01-04 00:20:00+00:00,1.73248,1.73574,1.73087,1.73574,8977.546845
2026-01-04 00:25:00+00:00,1.73427,1.73578,1.73279,1.73297,45977.913456
2026-01-04 00:30:00+00:00,1.73214,1.73941,1.73192,1.73941,20624.024653
2026-01-04 00:35:00+00:00,1.73513,1.73798,1.73149,1.7317,29466.143889
2026-01-04 00:40:00+00:00,1.73128,1.73485,1.73059,1.73484,6428.061892
2026-01-04 00:45:00+00:00,1.73268,1.741,1.73231,1.73942,25531.573454
2026-01-04 00:50:00+00:00,1.73842,1.74553,1.73823,1.74553,15602.600368
2026-01-04 00:55:00+00:00,1.74671,1.75132,1.74356,1.74433,199019.222928
2026-01-04 01:00:00+00:00,1.74352,1.74429,1.7398,1.74307,26674.017635
2026-01-04 01:05:00+00:00,1.73935,1.74406,1.73873,1.73948,17864.326193
2026-01-04 01:10:00+00:00,1.73937,1.74128,1.73838,1.74096,15724.918087
2026-01-04 01:15:00+00:00,1.7421,1.74223,1.73877,1.73877,13300.307481
2026-01-04 01:20:00+00:00,1.73797,1.74129,1.73545,1.7389,43894.885619
2026-01-04 01:25:00+00:00,1.73841,1.74007,1.73709,1.73727,7728.259116
2026-01-04 01:30:00+00:00,1.735,1.7353,1.73291,1.7353,1920.39083
2026-01-04 01:35:00+00:00,1.73501,1.73552,1.7333,1.7333,2293.341399
2026-01-04 01:40:00+00:00,1.73427,1.73427,1.73,1.7305,8276.277878
2026-01-04 01:45:00+00:00,1.73342,1.73557,1.7329,1.7329,1456.024265
2026-01-04 01:50:00+00:00,1.73444,1.7351,1.73341,1.73404,46259.722999
2026-01-04 01:55:00+00:00,1.7365,1.73852,1.7357,1.73748,8541.678656
2026-01-04 02:00:00+00:00,1.73751,1.73849,1.73369,1.7339,14548.620068
2026-01-04 02:05:00+00:00,1.73646,1.73655,1.73411,1.73411,24397.381411
2026-01-04 02:10:00+00:00,1.73431,1.73785,1.73431,1.7374,7961.953488
2026-01-04 02:15:00+00:00,1.7362,1.7375,1.7359,1.7359,31044.653533
2026-01-04 02:20:00+00:00,1.7376,1.7392,1.73659,1.73659,7833.045647
2026-01-04 02:25:00+00:00,1.73579,1.73789,1.73572,1.73745,5156.682583
2026-01-04 02:30:00+00:00,1.73549,1.73669,1.73549,1.73669,4659.818105
2026-01-04 02:35:00+00:00,1.7372,1.7387,1.7367,1.7372,1935.317442
2026-01-04 02:40:00+00:00,1.7373,1.7373,1.73409,1.7354,11208.366509
2026-01-04 02:45:00+00:00,1.73575,1.73575,1.73334,1.73334,3023.517103
2026-01-04 02:50:00+00:00,1.7334,1.73355,1.7306,1.73157,20897.540362
2026-01-04 02:55:00+00:00,1.7313,1.7328,1.7313,1.7319,1425.669198
2026-01-04 03:00:00+00:00,1.7347,1.7367,1.7347,1.73614,1048.721109
2026-01-04 03:05:00+00:00,1.7365,1.7376,1.73573,1.7362,21108.175297
2026-01-04 03:10:00+00:00,1.7373,1.74245,1.7373,1.74099,15630.23255
2026-01-04 03:15:00+00:00,1.73965,1.74317,1.73924,1.74289,7824.655657
2026-01-04 03:20:00+00:00,1.7416,1.74509,1.74046,1.7427,67465.990846
2026-01-04 03:25:00+00:00,1.7427,1.7432,1.739,1.74194,36044.547442
2026-01-04 03:30:00+00:00,1.73972,1.74063,1.73956,1.73965,1739.327452
2026-01-04 03:35:00+00:00,1.7418,1.74541,1.7408,1.74502,45049.917329
2026-01-04 03:40:00+00:00,1.7458,1.75,1.7458,1.74974,29679.029318
2026-01-04 03:45:00+00:00,1.75022,1.75698,1.75022,1.75228,125724.797491
2026-01-04 03:50:00+00:00,1.75282,1.75968,1.75235,1.75771,226549.657351
2026-01-04 03:55:00+00:00,1.75846,1.7586,1.75414,1.75461,24306.84436
2026-01-04 04:00:00+00:00,1.75662,1.75716,1.75598,1.75716,13305.280505
2026-01-04 04:05:00+00:00,1.75789,1.76,1.75219,1.75219,24334.074244
2026-01-04 04:10:00+00:00,1.756,1.7613,1.75488,1.7613,149737.913258
2026-01-04 04:15:00+00:00,1.76133,1.7655,1.76032,1.76356,56803.723358
2026-01-04 04:20:00+00:00,1.76356,1.76356,1.75599,1.75599,93572.684413
2026-01-04 04:25:00+00:00,1.7576,1.75761,1.75527,1.75711,28863.918358
2026-01-04 04:30:00+00:00,1.75659,1.76159,1.75617,1.7597,22384.019684
2026-01-04 04:35:00+00:00,1.75918,1.75981,1.75831,1.75831,12520.96476
2026-01-04 04:40:00+00:00,1.7575,1.75796,1.75302,1.75379,18283.623646
2026-01-04 04:45:00+00:00,1.7538,1.75963,1.75223,1.75804,54926.523604
2026-01-04 04:50:00+00:00,1.75765,1.75869,1.75473,1.75811,56028.95784
2026-01-04 04:55:00+00:00,1.75891,1.76137,1.75679,1.76033,15787.777914
2026-01-04 05:00:00+00:00,1.75987,1.76024,1.75771,1.75771,16832.735902
2026-01-04 05:05:00+00:00,1.76008,1.76331,1.755,1.76331,37946.412711
2026-01-04 05:10:00+00:00,1.7633,1.7633,1.76072,1.76072,34036.620279
2026-01-04 05:15:00+00:00,1.76118,1.76342,1.7596,1.76342,44543.572989
2026-01-04 05:20:00+00:00,1.76362,1.76774,1.76233,1.76774,65505.363056
2026-01-04 05:25:00+00:00,1.76764,1.77166,1.76619,1.76902,84990.122727
2026-01-04 05:30:00+00:00,1.76618,1.76775,1.7645,1.76775,19875.62696
2026-01-04 05:35:00+00:00,1.7666,1.7666,1.76056,1.76056,11114.795037
2026-01-04 05:40:00+00:00,1.76277,1.7628,1.76066,1.7616,60167.110609
2026-01-04 05:45:00+00:00,1.76215,1.76484,1.76215,1.76476,31117.149978
2026-01-04 05:50:00+00:00,1.76464,1.765,1.76338,1.76419,3117.274341
2026-01-04 05:55:00+00:00,1.76349,1.76548,1.76322,1.7646,36172.908502
2026-01-04 06:00:00+00:00,1.7633,1.76668,1.76264,1.76668,3232.035426
2026-01-04 06:05:00+00:00,1.76682,1.7693,1.7641,1.76682,4836.93011
2026-01-04 06:10:00+00:00,1.7693,1.7693,1.7674,1.76828,4337.602238
2026-01-04 06:15:00+00:00,1.76712,1.7675,1.76344,1.7675,3169.729455
2026-01-04 06:20:00+00:00,1.76717,1.7686,1.76498,1.76677,18861.085391
2026-01-04 06:25:00+00:00,1.76534,1.76566,1.76386,1.7646,21495.497628
2026-01-04 06:30:00+00:00,1.76573,1.76621,1.76184,1.76363,13956.324582
2026-01-04 06:35:00+00:00,1.76413,1.76675,1.76365,1.76647,2601.834625
2026-01-04 06:40:00+00:00,1.7663,1.7663,1.75744,1.75946,37872.384416
2026-01-04 06:45:00+00:00,1.75982,1.76833,1.75982,1.76413,59131.075546
2026-01-04 06:50:00+00:00,1.7644,1.76931,1.76433,1.76846,14774.088901
2026-01-04 06:55:00+00:00,1.76866,1.76866,1.76566,1.76601,58968.87064
2026-01-04 07:00:00+00:00,1.76583,1.769,1.76561,1.769,12214.565503
2026-01-04 07:05:00+00:00,1.76975,1.7769,1.76919,1.77382,28553.102354
2026-01-04 07:10:00+00:00,1.77441,1.77495,1.77169,1.77193,21972.894743
2026-01-04 07:15:00+00:00,1.77211,1.77213,1.76442,1.76534,29822.951603
2026-01-04 07:20:00+00:00,1.765,1.76517,1.7615,1.76174,32258.387483
2026-01-04 07:25:00+00:00,1.7621,1.76569,1.76065,1.7644,28054.06551
2026-01-04 07:30:00+00:00,1.76521,1.76766,1.76416,1.76459,26830.042419
2026-01-04 07:35:00+00:00,1.76861,1.77285,1.76427,1.76861,54677.488162
2026-01-04 07:40:00+00:00,1.7683,1.7716,1.76796,1.77026,23370.723513
2026-01-04 07:45:00+00:00,1.7702,1.77188,1.76984,1.77169,19917.734855
2026-01-04 07:50:00+00:00,1.77168,1.77292,1.76933,1.76981,14924.210329
2026-01-04 07:55:00+00:00,1.7703,1.771,1.76895,1.76927,12475.258011
2026-01-04 08:00:00+00:00,1.7697,1.77016,1.75954,1.76001,57648.773433
2026-01-04 08:05:00+00:00,1.76076,1.76765,1.7598,1.7666,90231.503261
2026-01-04 08:10:00+00:00,1.76668,1.77648,1.76668,1.77601,55693.538504
2026-01-04 08:15:00+00:00,1.7758,1.78127,1.77365,1.77879,319414.960908
2026-01-04 08:20:00+00:00,1.77885,1.7792,1.77407,1.7742,149162.814931
2026-01-04 08:25:00+00:00,1.77388,1.77388,1.77022,1.772,78610.518748
2026-01-04 08:30:00+00:00,1.77171,1.77666,1.7717,1.7761,16912.291666
2026-01-04 08:35:00+00:00,1.77609,1.77711,1.77398,1.77518,19129.62368
2026-01-04 08:40:00+00:00,1.77432,1.77577,1.77275,1.77577,17146.823274
2026-01-04 08:45:00+00:00,1.77577,1.77587,1.7728,1.77323,17378.79724
2026-01-04 08:50:00+00:00,1.77281,1.77383,1.77132,1.7726,50885.796314
2026-01-04 08:55:00+00:00,1.77233,1.77457,1.77213,1.77457,8278.28936
2026-01-04 09:00:00+00:00,1.7755,1.77773,1.771,1.77104,121957.844634
2026-01-04 09:05:00+00:00,1.77146,1.7723,1.7693,1.77175,7567.49597
2026-01-04 09:10:00+00:00,1.7708,1.77159,1.7687,1.77095,13604.408155
2026-01-04 09:15:00+00:00,1.77092,1.77286,1.7699,1.77178,69566.766395
2026-01-04 09:20:00+00:00,1.77246,1.77258,1.76804,1.76804,63153.944166
2026-01-04 09:25:00+00:00,1.76813,1.7682,1.76502,1.76532,61288.58369
2026-01-04 09:30:00+00:00,1.76571,1.76822,1.76531,1.76618,26995.599328
2026-01-04 09:35:00+00:00,1.76741,1.7689,1.76707,1.76804,7670.602957
2026-01-04 09:40:00+00:00,1.76775,1.77327,1.76774,1.77201,50804.915952
2026-01-04 09:45:00+00:00,1.7716,1.7738,1.77159,1.7728,40113.916731
2026-01-04 09:50:00+00:00,1.77262,1.77656,1.77262,1.7744,33160.909819
2026-01-04 09:55:00+00:00,1.7758,1.78421,1.77577,1.78152,123690.667279
2026-01-04 10:00:00+00:00,1.7792,1.78162,1.77674,1.77731,68312.698087
2026-01-04 10:05:00+00:00,1.77803,1.78097,1.77797,1.7799,40702.877907
2026-01-04 10:10:00+00:00,1.77963,1.78171,1.77713,1.7807,77665.90546
2026-01-04 10:15:00+00:00,1.7786,1.7794,1.77648,1.77719,16130.069816
2026-01-04 10:20:00+00:00,1.777,1.7782,1.77562,1.77605,12006.56042
2026-01-04 10:25:00+00:00,1.7761,1.77876,1.77586,1.77799,17006.50503
2026-01-04 10:30:00+00:00,1.7775,1.78426,1.77729,1.77773,54450.482838
2026-01-04 10:35:00+00:00,1.78229,1.785,1.78028,1.78219,38260.520885
2026-01-04 10:40:00+00:00,1.783,1.785,1.78234,1.7828,29853.629593
2026-01-04 10:45:00+00:00,1.78451,1.78689,1.78281,1.78337,76349.964667
2026-01-04 10:50:00+00:00,1.78366,1.78648,1.78325,1.78432,32775.940399
2026-01-04 10:55:00+00:00,1.78403,1.78885,1.78403,1.78691,71483.329778
2026-01-04 11:00:00+00:00,1.786,1.7863,1.78207,1.7859,46130.080226
2026-01-04 11:05:00+00:00,1.7833,1.78531,1.78161,1.78363,74464.48196
2026-01-04 11:10:00+00:00,1.784,1.7857,1.7825,1.78257,29052.387271
2026-01-04 11:15:00+00:00,1.78223,1.78532,1.781,1.78463,57879.926473
2026-01-04 11:20:00+00:00,1.78409,1.78551,1.78141,1.78328,12757.80125
2026-01-04 11:25:00+00:00,1.7831,1.78409,1.78247,1.78409,11996.822704
2026-01-04 11:30:00+00:00,1.7841,1.785,1.78225,1.78476,24442.770845
2026-01-04 11:35:00+00:00,1.78238,1.78278,1.78035,1.78035,15421.791768
2026-01-04 11:40:00+00:00,1.78072,1.78666,1.78072,1.7834,53046.173026
2026-01-04 11:45:00+00:00,1.78493,1.78803,1.78493,1.78604,10958.333612
2026-01-04 11:50:00+00:00,1.7863,1.79203,1.78501,1.7911,113952.913754
2026-01-04 11:55:00+00:00,1.79109,1.7911,1.78545,1.79032,74700.314561
2026-01-04 12:00:00+00:00,1.78876,1.79366,1.7879,1.79329,58006.697031
2026-01-04 12:05:00+00:00,1.79324,1.79368,1.78804,1.78984,60772.040106
2026-01-04 12:10:00+00:00,1.7899,1.79119,1.78862,1.78981,48627.833439
2026-01-04 12:15:00+00:00,1.79013,1.79301,1.78876,1.79132,29881.868338
2026-01-04 12:20:00+00:00,1.79089,1.80945,1.79089,1.80479,658977.318826
2026-01-04 12:25:00+00:00,1.80607,1.8116,1.80576,1.80841,136127.909013
2026-01-04 12:30:00+00:00,1.80763,1.81,1.8035,1.80379,74046.255874
2026-01-04 12:35:00+00:00,1.80375,1.80574,1.798,1.80356,76553.894696
2026-01-04 12:40:00+00:00,1.80178,1.80411,1.798,1.79834,56538.572058
2026-01-04 12:45:00+00:00,1.798,1.8053,1.79758,1.80395,70917.421345
2026-01-04 12:50:00+00:00,1.80467,1.81083,1.80301,1.81041,95902.553548
2026-01-04 12:55:00+00:00,1.80925,1.80926,1.8064,1.80922,15506.870647
2026-01-04 13:00:00+00:00,1.80402,1.8086,1.80257,1.80286,119350.696259
2026-01-04 13:05:00+00:00,1.8031,1.8051,1.80148,1.80308,103219.198633
2026-01-04 13:10:00+00:00,1.80385,1.80705,1.80036,1.80583,58602.783631
2026-01-04 13:15:00+00:00,1.80069,1.80094,1.79589,1.79589,167426.040555
2026-01-04 13:20:00+00:00,1.795,1.795,1.78778,1.7925,314402.673003
2026-01-04 13:25:00+00:00,1.79252,1.79358,1.78554,1.7894,412507.112174
2026-01-04 13:30:00+00:00,1.7895,1.79306,1.789,1.79214,92035.00901
2026-01-04 13:35:00+00:00,1.79328,1.79349,1.78906,1.78906,35098.685784
2026-01-04 13:40:00+00:00,1.78911,1.78984,1.78813,1.78832,15662.373552
2026-01-04 13:45:00+00:00,1.78843,1.79079,1.78819,1.79029,12357.050955
2026-01-04 13:50:00+00:00,1.7903,1.79719,1.7903,1.797,51182.085439
2026-01-04 13:55:00+00:00,1.797,1.797,1.7946,1.79526,58893.143815
2026-01-04 14:00:00+00:00,1.79418,1.79712,1.79028,1.79039,167606.790859
2026-01-04 14:05:00+00:00,1.79042,1.79318,1.78929,1.79244,24973.907306
2026-01-04 14:10:00+00:00,1.79369,1.79638,1.79369,1.795,56847.853361
2026-01-04 14:15:00+00:00,1.79599,1.79936,1.79431,1.79483,19745.961031
2026-01-04 14:20:00+00:00,1.79513,1.79675,1.79108,1.7918,14254.908876
2026-01-04 14:25:00+00:00,1.79116,1.79153,1.789,1.79031,13941.453976
2026-01-04 14:30:00+00:00,1.79,1.79178,1.78148,1.7911,219805.24328
2026-01-04 14:35:00+00:00,1.78231,1.78514,1.78151,1.7821,91278.117008
2026-01-04 14:40:00+00:00,1.78033,1.78257,1.77898,1.78035,87417.735333
2026-01-04 14:45:00+00:00,1.78,1.78344,1.77728,1.7825,97052.882372
2026-01-04 14:50:00+00:00,1.78281,1.78529,1.78277,1.78529,48565.214445
2026-01-04 14:55:00+00:00,1.78495,1.78523,1.78172,1.78501,19371.892121
2026-01-04 15:00:00+00:00,1.78549,1.787,1.7844,1.78572,61272.220288
2026-01-04 15:05:00+00:00,1.78669,1.78709,1.78404,1.7853,44780.890675
2026-01-04 15:10:00+00:00,1.78569,1.78569,1.78211,1.78399,21125.987387
2026-01-04 15:15:00+00:00,1.78457,1.7876,1.78443,1.7876,9805.825898
2026-01-04 15:20:00+00:00,1.78821,1.78965,1.78593,1.786,14747.707923
2026-01-04 15:25:00+00:00,1.7865,1.7868,1.78425,1.7855,15626.419642
2026-01-04 15:30:00+00:00,1.78615,1.7874,1.78429,1.78495,38312.956077
2026-01-04 15:35:00+00:00,1.78447,1.78519,1.77935,1.7816,69936.690966
2026-01-04 15:40:00+00:00,1.78365,1.7845,1.7819,1.78256,10548.528799
2026-01-04 15:45:00+00:00,1.78244,1.7876,1.77843,1.7876,98158.172311
2026-01-04 15:50:00+00:00,1.78679,1.79055,1.78506,1.78821,78617.797406
2026-01-04 15:55:00+00:00,1.7872,1.7885,1.78321,1.78574,30455.209222
2026-01-04 16:00:00+00:00,1.7839,1.7851,1.78,1.7825,73220.984117
2026-01-04 16:05:00+00:00,1.78317,1.78449,1.77898,1.7802,71864.184976
2026-01-04 16:10:00+00:00,1.78074,1.78367,1.78013,1.78238,11510.114982
2026-01-04 16:15:00+00:00,1.78223,1.78291,1.77974,1.77999,15170.520064
2026-01-04 16:20:00+00:00,1.77976,1.78408,1.77976,1.7829,34872.810674
2026-01-04 16:25:00+00:00,1.78112,1.78173,1.77982,1.78137,20688.286944
2026-01-04 16:30:00+00:00,1.78119,1.78562,1.78071,1.78141,7704.581119
2026-01-04 16:35:00+00:00,1.78676,1.78676,1.7839,1.78428,15819.208
2026-01-04 16:40:00+00:00,1.78112,1.7847,1.77979,1.783,29662.503287
2026-01-04 16:45:00+00:00,1.78345,1.78524,1.78345,1.78414,21897.406233
2026-01-04 16:50:00+00:00,1.78405,1.78728,1.78405,1.78728,17762.933079
2026-01-04 16:55:00+00:00,1.7875,1.78757,1.78497,1.78556,9875.534637
2026-01-04 17:00:00+00:00,1.78837,1.78851,1.78528,1.78705,19817.963963
2026-01-04 17:05:00+00:00,1.7869,1.7887,1.78618,1.78746,16152.781291
2026-01-04 17:10:00+00:00,1.78747,1.79036,1.78707,1.79,11518.914188
2026-01-04 17:15:00+00:00,1.79063,1.79326,1.79023,1.79116,11818.572689
2026-01-04 17:20:00+00:00,1.79091,1.7957,1.79091,1.79214,60253.443645
2026-01-04 17:25:00+00:00,1.79176,1.7929,1.78741,1.78763,75503.766762
2026-01-04 17:30:00+00:00,1.78811,1.7886,1.78683,1.7879,28847.680962
2026-01-04 17:35:00+00:00,1.7886,1.79103,1.78797,1.78949,10330.620328
2026-01-04 17:40:00+00:00,1.78953,1.78953,1.785,1.786,52067.434817
2026-01-04 17:45:00+00:00,1.78557,1.78611,1.78451,1.78611,30010.644602
2026-01-04 17:50:00+00:00,1.7873,1.78911,1.78697,1.78784,14451.46903
2026-01-04 17:55:00+00:00,1.78778,1.78889,1.78721,1.78843,14613.099244
2026-01-04 18:00:00+00:00,1.78578,1.78966,1.7855,1.7859,63312.213385
2026-01-04 18:05:00+00:00,1.7859,1.7862,1.78324,1.784,21622.740056
2026-01-04 18:10:00+00:00,1.7834,1.7835,1.78243,1.7832,24332.385722
2026-01-04 18:15:00+00:00,1.7827,1.7849,1.7827,1.78329,65144.379672
2026-01-04 18:20:00+00:00,1.7835,1.78424,1.7804,1.78099,16957.486015
2026-01-04 18:25:00+00:00,1.78211,1.78247,1.78068,1.78125,33120.502545
2026-01-04 18:30:00+00:00,1.78043,1.7831,1.77776,1.78097,119631.691411
2026-01-04 18:35:00+00:00,1.78038,1.78069,1.77036,1.7765,135564.502975
2026-01-04 18:40:00+00:00,1.77722,1.77897,1.77487,1.7779,47769.033291
2026-01-04 18:45:00+00:00,1.77953,1.7814,1.77953,1.78027,5278.359491
2026-01-04 18:50:00+00:00,1.78075,1.7822,1.7804,1.78216,21431.347163
2026-01-04 18:55:00+00:00,1.78219,1.7843,1.78167,1.78207,44385.329011
2026-01-04 19:00:00+00:00,1.78147,1.78299,1.77868,1.78206,22559.856613
2026-01-04 19:05:00+00:00,1.77845,1.77845,1.76911,1.77033,168488.280118
2026-01-04 19:10:00+00:00,1.77082,1.77279,1.7686,1.77262,137571.919024
2026-01-04 19:15:00+00:00,1.77373,1.77408,1.7714,1.7714,44036.13563
2026-01-04 19:20:00+00:00,1.77279,1.77951,1.77214,1.77729,102745.354115
2026-01-04 19:25:00+00:00,1.77691,1.7777,1.77524,1.77742,11444.870431
2026-01-04 19:30:00+00:00,1.77888,1.77951,1.7769,1.77951,52799.463995
2026-01-04 19:35:00+00:00,1.78,1.78332,1.77616,1.77616,58703.966223
2026-01-04 19:40:00+00:00,1.77239,1.77656,1.77209,1.77269,81806.850905
2026-01-04 19:45:00+00:00,1.77226,1.77491,1.77175,1.77436,55242.025578
2026-01-04 19:50:00+00:00,1.77357,1.7761,1.77357,1.776,56757.537205
2026-01-04 19:55:00+00:00,1.77701,1.7793,1.7765,1.7792,59103.309255
2026-01-04 20:00:00+00:00,1.77937,1.78053,1.77629,1.78053,20303.880384
2026-01-04 20:05:00+00:00,1.779,1.782,1.77711,1.7817,56689.237646
2026-01-04 20:10:00+00:00,1.78539,1.7862,1.78173,1.78492,29823.694379
2026-01-04 20:15:00+00:00,1.7843,1.7858,1.7843,1.78449,23447.105844
2026-01-04 20:20:00+00:00,1.78455,1.7849,1.78286,1.78427,17993.088923
2026-01-04 20:25:00+00:00,1.78377,1.78666,1.78377,1.78628,22248.061275
2026-01-04 20:30:00+00:00,1.78469,1.78638,1.7844,1.7844,20675.445926
2026-01-04 20:35:00+00:00,1.7852,1.78895,1.78467,1.7884,9570.481647
2026-01-04 20:40:00+00:00,1.78867,1.78874,1.78627,1.78635,24503.950139
2026-01-04 20:45:00+00:00,1.7865,1.7865,1.78551,1.7862,6641.384719
2026-01-04 20:50:00+00:00,1.78592,1.78724,1.78467,1.7852,36815.500708
2026-01-04 20:55:00+00:00,1.7853,1.786,1.78485,1.786,21611.628
2026-01-04 21:00:00+00:00,1.78571,1.7876,1.78401,1.78671,12913.932927
2026-01-04 21:05:00+00:00,1.78776,1.7917,1.7875,1.79136,103517.059012
2026-01-04 21:10:00+00:00,1.79255,1.79458,1.7904,1.7904,65688.355712
2026-01-04 21:15:00+00:00,1.7903,1.7916,1.78991,1.79017,23703.603021
2026-01-04 21:20:00+00:00,1.79,1.79229,1.79,1.79184,8858.695418
2026-01-04 21:25:00+00:00,1.7925,1.79266,1.79008,1.79008,16238.280459
2026-01-04 21:30:00+00:00,1.79088,1.7915,1.78756,1.7891,10637.396823
2026-01-04 21:35:00+00:00,1.78969,1.7902,1.786,1.7868,35173.901065
2026-01-04 21:40:00+00:00,1.7861,1.7863,1.78272,1.78629,22091.097564
2026-01-04 21:45:00+00:00,1.78587,1.78946,1.78472,1.7864,11172.952298
2026-01-04 21:50:00+00:00,1.78627,1.79099,1.7862,1.79078,108572.372796
2026-01-04 21:55:00+00:00,1.79069,1.79089,1.78931,1.78931,22897.905538
2026-01-04 22:00:00+00:00,1.78909,1.79244,1.7887,1.79244,21918.940483
2026-01-04 22:05:00+00:00,1.7922,1.7922,1.78961,1.79079,35751.075101
2026-01-04 22:10:00+00:00,1.79082,1.791,1.78409,1.78494,18861.716762
2026-01-04 22:15:00+00:00,1.78382,1.78689,1.78379,1.7861,13167.906122
2026-01-04 22:20:00+00:00,1.7871,1.78779,1.78193,1.78193,10872.644512
2026-01-04 22:25:00+00:00,1.78264,1.7833,1.78144,1.78279,55334.361934
2026-01-04 22:30:00+00:00,1.78251,1.78289,1.7801,1.7801,19830.865421
2026-01-04 22:35:00+00:00,1.78089,1.7809,1.7759,1.7759,93168.070334
2026-01-04 22:40:00+00:00,1.77561,1.77882,1.77469,1.77775,45355.669923
2026-01-04 22:45:00+00:00,1.77783,1.7794,1.77783,1.7794,6550.290351
2026-01-04 22:50:00+00:00,1.7792,1.77939,1.77721,1.7776,5141.675278
2026-01-04 22:55:00+00:00,1.77796,1.78241,1.7762,1.78171,69068.640235
2026-01-04 23:00:00+00:00,1.7813,1.79121,1.78126,1.79018,88010.834966
2026-01-04 23:05:00+00:00,1.791,1.7916,1.78817,1.78894,89196.107554
2026-01-04 23:10:00+00:00,1.789,1.789,1.7797,1.78022,15388.372128
2026-01-04 23:15:00+00:00,1.78168,1.78442,1.78,1.78442,7736.357021
2026-01-04 23:20:00+00:00,1.78458,1.78667,1.78375,1.7858,10535.660353
2026-01-04 23:25:00+00:00,1.78462,1.78679,1.78283,1.78283,747.964537
2026-01-04 23:30:00+00:00,1.78327,1.78618,1.78278,1.78618,56583.272629
2026-01-04 23:35:00+00:00,1.78655,1.7884,1.78445,1.78742,52848.183934
2026-01-04 23:40:00+00:00,1.78766,1.78766,1.78473,1.78527,51724.312162
2026-01-04 23:45:00+00:00,1.78411,1.7847,1.78288,1.78457,12584.796871
2026-01-04 23:50:00+00:00,1.78494,1.78863,1.78474,1.78697,1146.52235
2026-01-04 23:55:00+00:00,1.78739,1.7875,1.78571,1.78648,11504.480689
2026-01-05 00:00:00+00:00,1.78703,1.79375,1.78497,1.78497,89821.677246
2026-01-05 00:05:00+00:00,1.78456,1.78789,1.78296,1.78301,42367.560662
2026-01-05 00:10:00+00:00,1.78542,1.79055,1.78542,1.79055,8323.095868
2026-01-05 00:15:00+00:00,1.79234,1.79562,1.791,1.79385,90525.689176
2026-01-05 00:20:00+00:00,1.79385,1.79385,1.78859,1.79309,66048.096365
2026-01-05 00:25:00+00:00,1.79362,1.7939,1.79014,1.79323,9883.849374
2026-01-05 00:30:00+00:00,1.79205,1.7942,1.7908,1.7942,8176.300262
2026-01-05 00:35:00+00:00,1.79586,1.79695,1.79475,1.79625,10361.848666
2026-01-05 00:40:00+00:00,1.79597,1.7962,1.79248,1.7962,7495.55341
2026-01-05 00:45:00+00:00,1.7997,1.80799,1.7975,1.80563,93279.105484
2026-01-05 00:50:00+00:00,1.80461,1.80631,1.79955,1.79955,65187.247142
2026-01-05 00:55:00+00:00,1.80053,1.80402,1.80053,1.80402,93575.3751
2026-01-05 01:00:00+00:00,1.80496,1.80954,1.80209,1.80954,37766.446587
2026-01-05 01:05:00+00:00,1.80758,1.819,1.80758,1.81023,209747.906616
2026-01-05 01:10:00+00:00,1.81712,1.82,1.81281,1.82,51759.601426
2026-01-05 01:15:00+00:00,1.82,1.8209,1.81504,1.8196,78628.004828
2026-01-05 01:20:00+00:00,1.81709,1.81894,1.81623,1.81729,12839.292995
2026-01-05 01:25:00+00:00,1.81772,1.8274,1.81747,1.82607,30566.187684
2026-01-05 01:30:00+00:00,1.8271,1.82998,1.82127,1.82832,114461.2181
2026-01-05 01:35:00+00:00,1.83183,1.843,1.82959,1.84239,255219.165741
2026-01-05 01:40:00+00:00,1.84139,1.84272,1.83846,1.83988,105369.766923
2026-01-05 01:45:00+00:00,1.83427,1.84274,1.83248,1.84274,17123.472165
2026-01-05 01:50:00+00:00,1.84327,1.85,1.84327,1.8458,126260.851225
2026-01-05 01:55:00+00:00,1.8458,1.8476,1.84177,1.84235,30617.363202
2026-01-05 02:00:00+00:00,1.8431,1.84665,1.84001,1.84098,99355.072527
2026-01-05 02:05:00+00:00,1.84177,1.8451,1.83612,1.84423,47589.882657
2026-01-05 02:10:00+00:00,1.83883,1.83883,1.8359,1.8359,14860.98145
2026-01-05 02:15:00+00:00,1.83823,1.83832,1.83443,1.8364,11412.371265
2026-01-05 02:20:00+00:00,1.83358,1.83362,1.82907,1.83076,28756.43131
2026-01-05 02:25:00+00:00,1.83137,1.83277,1.82924,1.83007,12169.549762
2026-01-05 02:30:00+00:00,1.83047,1.83743,1.83005,1.83549,44718.061899
2026-01-05 02:35:00+00:00,1.83583,1.83804,1.83063,1.83158,20473.281609
2026-01-05 02:40:00+00:00,1.83041,1.83335,1.82763,1.82875,27837.193271
2026-01-05 02:45:00+00:00,1.82985,1.83302,1.82776,1.83302,10530.768768
2026-01-05 02:50:00+00:00,1.8362,1.83632,1.83089,1.83455,76887.053352
2026-01-05 02:55:00+00:00,1.83317,1.8356,1.83312,1.83338,6460.293349
2026-01-05 03:00:00+00:00,1.83392,1.83459,1.83161,1.83429,4712.752467
2026-01-05 03:05:00+00:00,1.83571,1.83784,1.83435,1.83681,21325.703623
2026-01-05 03:10:00+00:00,1.83483,1.83483,1.831,1.83161,14711.83521
2026-01-05 03:15:00+00:00,1.83211,1.83226,1.82889,1.82901,20652.693597
2026-01-05 03:20:00+00:00,1.83185,1.83535,1.83155,1.8331,12014.256942
2026-01-05 03:25:00+00:00,1.8339,1.8353,1.83305,1.83492,30574.399557
2026-01-05 03:30:00+00:00,1.8347,1.8431,1.8347,1.84308,109239.248262
2026-01-05 03:35:00+00:00,1.8434,1.84417,1.84089,1.84279,84470.391556
2026-01-05 03:40:00+00:00,1.84213,1.84213,1.83257,1.83257,26586.886759
2026-01-05 03:45:00+00:00,1.83264,1.83397,1.83187,1.8332,24061.570514
2026-01-05 03:50:00+00:00,1.83397,1.8349,1.83397,1.8344,3652.587961
2026-01-05 03:55:00+00:00,1.83517,1.83669,1.8351,1.83511,8240.727942
2026-01-05 04:00:00+00:00,1.83545,1.8371,1.83451,1.83523,6123.104997
2026-01-05 04:05:00+00:00,1.83488,1.83707,1.8332,1.83599,21781.039234
2026-01-05 04:10:00+00:00,1.8345,1.83484,1.82819,1.83,54352.692888
2026-01-05 04:15:00+00:00,1.83118,1.83327,1.8291,1.83183,6803.495772
2026-01-05 04:20:00+00:00,1.82774,1.82816,1.8232,1.82431,13346.469826
2026-01-05 04:25:00+00:00,1.82393,1.824,1.8175,1.81989,40616.400607
2026-01-05 04:30:00+00:00,1.81966,1.82057,1.81491,1.81757,7968.121086
2026-01-05 04:35:00+00:00,1.8193,1.8195,1.81553,1.81879,20716.125992
2026-01-05 04:40:00+00:00,1.81731,1.81843,1.81476,1.81479,18458.38733
2026-01-05 04:45:00+00:00,1.81601,1.82054,1.8152,1.82,11499.468193
2026-01-05 04:50:00+00:00,1.8155,1.82136,1.8155,1.82136,12395.019608
2026-01-05 04:55:00+00:00,1.8216,1.82231,1.8206,1.8206,30200.703124
2026-01-05 05:00:00+00:00,1.8196,1.8196,1.81721,1.81721,384.226797
2026-01-05 05:05:00+00:00,1.81801,1.82109,1.81778,1.81915,5474.484834
2026-01-05 05:10:00+00:00,1.82026,1.82479,1.82026,1.82479,19804.665943
2026-01-05 05:15:00+00:00,1.82274,1.82471,1.82274,1.82322,17861.495028
2026-01-05 05:20:00+00:00,1.82385,1.82643,1.82385,1.82598,48687.649186
2026-01-05 05:25:00+00:00,1.82594,1.82982,1.8249,1.8251,104894.305289
2026-01-05 05:30:00+00:00,1.82513,1.82526,1.82262,1.82262,10309.725801
2026-01-05 05:35:00+00:00,1.82214,1.8243,1.82127,1.82412,25689.210326
2026-01-05 05:40:00+00:00,1.82329,1.82548,1.82329,1.8245,13385.327095
2026-01-05 05:45:00+00:00,1.8242,1.82729,1.82272,1.82729,7836.623545
2026-01-05 05:50:00+00:00,1.82606,1.82606,1.818,1.81805,69015.243713
2026-01-05 05:55:00+00:00,1.81891,1.82129,1.817,1.817,25547.938232
2026-01-05 06:00:00+00:00,1.8159,1.8188,1.81589,1.81658,14725.574649
2026-01-05 06:05:00+00:00,1.81698,1.8209,1.81567,1.81947,58175.691311
2026-01-05 06:10:00+00:00,1.82221,1.8224,1.8187,1.8204,37995.330124
2026-01-05 06:15:00+00:00,1.8209,1.82101,1.8188,1.81963,11981.824467
2026-01-05 06:20:00+00:00,1.81852,1.81859,1.81569,1.81573,35773.068105
2026-01-05 06:25:00+00:00,1.815,1.815,1.80785,1.8098,71162.518046
2026-01-05 06:30:00+00:00,1.80778,1.80919,1.805,1.80838,127564.628067
2026-01-05 06:35:00+00:00,1.80934,1.81308,1.80889,1.81241,21399.262721
2026-01-05 06:40:00+00:00,1.81363,1.81641,1.8126,1.81609,30114.084863
2026-01-05 06:45:00+00:00,1.8158,1.81629,1.81416,1.8156,25468.155712
2026-01-05 06:50:00+00:00,1.81477,1.81642,1.81477,1.81516,22559.193882
2026-01-05 06:55:00+00:00,1.81551,1.81766,1.81551,1.81607,14935.080963
2026-01-05 07:00:00+00:00,1.81611,1.82262,1.81595,1.82119,37694.033057
2026-01-05 07:05:00+00:00,1.82093,1.82256,1.82044,1.82169,8444.550006
2026-01-05 07:10:00+00:00,1.82142,1.8259,1.82124,1.82512,64107.71675
2026-01-05 07:15:00+00:00,1.82532,1.82736,1.82345,1.8235,150114.720123
2026-01-05 07:20:00+00:00,1.8235,1.825,1.82232,1.8231,73229.100409
2026-01-05 07:25:00+00:00,1.82339,1.82453,1.82291,1.82376,18504.871406
2026-01-05 07:30:00+00:00,1.82382,1.8256,1.82293,1.8236,37549.593244
2026-01-05 07:35:00+00:00,1.8236,1.82462,1.82264,1.82385,33714.30204
2026-01-05 07:40:00+00:00,1.82419,1.82588,1.82351,1.82482,20924.29453
2026-01-05 07:45:00+00:00,1.82652,1.82737,1.82514,1.82696,47965.141828
2026-01-05 07:50:00+00:00,1.8265,1.82659,1.82453,1.82502,22835.27437
2026-01-05 07:55:00+00:00,1.82531,1.8268,1.82433,1.82643,11245.402775
2026-01-05 08:00:00+00:00,1.82595,1.82902,1.82401,1.82863,97766.204917
2026-01-05 08:05:00+00:00,1.83053,1.83517,1.82815,1.83463,42829.949399
2026-01-05 08:10:00+00:00,1.83459,1.83686,1.83326,1.8354,157941.654442
2026-01-05 08:15:00+00:00,1.836,1.84148,1.83521,1.836,81067.550023
2026-01-05 08:20:00+00:00,1.83658,1.8388,1.83632,1.83792,49630.17596
2026-01-05 08:25:00+00:00,1.83819,1.84181,1.83676,1.83854,40424.383723
2026-01-05 08:30:00+00:00,1.8386,1.83948,1.8366,1.8368,48926.81992
2026-01-05 08:35:00+00:00,1.831,1.836,1.82917,1.82917,107421.647585
2026-01-05 08:40:00+00:00,1.8293,1.83219,1.8293,1.83094,43629.035756
2026-01-05 08:45:00+00:00,1.83108,1.83459,1.83108,1.83443,60001.865545
2026-01-05 08:50:00+00:00,1.83269,1.83494,1.83262,1.83398,26551.581558
2026-01-05 08:55:00+00:00,1.83358,1.83401,1.83096,1.8318,20156.431618
2026-01-05 09:00:00+00:00,1.83165,1.8325,1.82303,1.82542,96616.598274
2026-01-05 09:05:00+00:00,1.82431,1.8275,1.822,1.8264,37189.595333
2026-01-05 09:10:00+00:00,1.8245,1.8264,1.82256,1.82412,17510.283396
2026-01-05 09:15:00+00:00,1.83193,1.8332,1.8235,1.83032,13302.47081
2026-01-05 09:20:00+00:00,1.83055,1.83055,1.82745,1.82842,23367.337071
2026-01-05 09:25:00+00:00,1.82776,1.83289,1.82721,1.83289,22458.433288
2026-01-05 09:30:00+00:00,1.83321,1.83344,1.83,1.83232,28224.303589
2026-01-05 09:35:00+00:00,1.83662,1.83874,1.83319,1.8366,60517.863887
2026-01-05 09:40:00+00:00,1.83612,1.837,1.83531,1.83694,8621.302383
2026-01-05 09:45:00+00:00,1.83616,1.83706,1.83506,1.83554,66605.454901
2026-01-05 09:50:00+00:00,1.83457,1.83677,1.8336,1.83513,69026.375344
2026-01-05 09:55:00+00:00,1.83525,1.83525,1.83,1.83061,19919.543139
2026-01-05 10:00:00+00:00,1.83085,1.83465,1.83085,1.833,23678.957615
2026-01-05 10:05:00+00:00,1.83317,1.83813,1.83305,1.83564,111409.877438
2026-01-05 10:10:00+00:00,1.8345,1.83825,1.8344,1.83825,15302.586716
2026-01-05 10:15:00+00:00,1.838,1.83941,1.83696,1.83876,19793.804214
2026-01-05 10:20:00+00:00,1.83788,1.83836,1.83691,1.83825,5921.385967
2026-01-05 10:25:00+00:00,1.83808,1.8389,1.83434,1.83442,63813.241353
2026-01-05 10:30:00+00:00,1.8348,1.8348,1.8303,1.8321,19271.350226
2026-01-05 10:35:00+00:00,1.83101,1.83179,1.8255,1.82996,57541.137285
2026-01-05 10:40:00+00:00,1.8289,1.82918,1.82682,1.82874,16445.437766
2026-01-05 10:45:00+00:00,1.8288,1.83283,1.82875,1.83165,32766.270784
2026-01-05 10:50:00+00:00,1.8313,1.83299,1.83024,1.83299,17107.852145
2026-01-05 10:55:00+00:00,1.83259,1.83332,1.82944,1.82988,7911.307028
2026-01-05 11:00:00+00:00,1.8288,1.8288,1.82247,1.82247,17720.114958
2026-01-05 11:05:00+00:00,1.82369,1.82778,1.8231,1.82587,20347.405945
2026-01-05 11:10:00+00:00,1.82611,1.82662,1.82485,1.82547,14966.109693
2026-01-05 11:15:00+00:00,1.82537,1.82592,1.82255,1.82516,20272.208359
2026-01-05 11:20:00+00:00,1.82612,1.8271,1.82522,1.82522,13057.090863
2026-01-05 11:25:00+00:00,1.8256,1.82751,1.8233,1.8243,13581.007737
2026-01-05 11:30:00+00:00,1.8246,1.825,1.82213,1.82239,28324.010396
2026-01-05 11:35:00+00:00,1.82171,1.82385,1.82,1.82,40318.512634
2026-01-05 11:40:00+00:00,1.8201,1.82435,1.8201,1.8234,25298.950935
2026-01-05 11:45:00+00:00,1.82262,1.8264,1.82262,1.8262,30115.641747
2026-01-05 11:50:00+00:00,1.82578,1.82672,1.82482,1.826,32386.641129
2026-01-05 11:55:00+00:00,1.82583,1.82777,1.82571,1.8265,16646.521693
2026-01-05 12:00:00+00:00,1.82654,1.82703,1.82467,1.82621,40022.461613
2026-01-05 12:05:00+00:00,1.8273,1.82869,1.82228,1.82395,111135.532137
2026-01-05 12:10:00+00:00,1.8241,1.82813,1.8241,1.8275,28734.57144
2026-01-05 12:15:00+00:00,1.82788,1.83,1.8238,1.82526,50404.656464
2026-01-05 12:20:00+00:00,1.82509,1.8252,1.82171,1.82216,28444.434627
2026-01-05 12:25:00+00:00,1.82156,1.8231,1.82,1.82,71840.904319
2026-01-05 12:30:00+00:00,1.82,1.82197,1.81952,1.82129,14968.524424
2026-01-05 12:35:00+00:00,1.82176,1.82247,1.8175,1.81801,11082.872372
2026-01-05 12:40:00+00:00,1.8191,1.82044,1.819,1.81961,5953.037927
2026-01-05 12:45:00+00:00,1.82002,1.82491,1.8197,1.82215,21550.708593
2026-01-05 12:50:00+00:00,1.82222,1.82337,1.82109,1.82109,25748.670034
2026-01-05 12:55:00+00:00,1.82097,1.82314,1.82097,1.82228,23681.521776
2026-01-05 13:00:00+00:00,1.82298,1.82451,1.82131,1.82446,7395.4229
2026-01-05 13:05:00+00:00,1.82399,1.827,1.82391,1.82391,8060.510782
2026-01-05 13:10:00+00:00,1.82501,1.82725,1.82501,1.82673,17293.082843
2026-01-05 13:15:00+00:00,1.82644,1.82679,1.82289,1.82289,13809.938274
2026-01-05 13:20:00+00:00,1.82182,1.82182,1.81685,1.81945,35278.723768
2026-01-05 13:25:00+00:00,1.81919,1.82113,1.81889,1.82011,15136.65244
2026-01-05 13:30:00+00:00,1.81934,1.82025,1.815,1.81526,73542.73705
2026-01-05 13:35:00+00:00,1.81639,1.81795,1.81473,1.81545,45646.569853
2026-01-05 13:40:00+00:00,1.81455,1.8153,1.8113,1.8145,139605.157899
2026-01-05 13:45:00+00:00,1.8141,1.81639,1.8141,1.81436,33168.189303
2026-01-05 13:50:00+00:00,1.8135,1.81505,1.81151,1.81372,60198.311947
2026-01-05 13:55:00+00:00,1.81383,1.8176,1.81333,1.81391,17637.282805
2026-01-05 14:00:00+00:00,1.81388,1.81758,1.81388,1.81593,21489.755424
2026-01-05 14:05:00+00:00,1.81629,1.81631,1.80933,1.81308,87659.734411
2026-01-05 14:10:00+00:00,1.81349,1.81592,1.81349,1.81484,59569.965098
2026-01-05 14:15:00+00:00,1.81453,1.81611,1.81338,1.8153,23198.040194
2026-01-05 14:20:00+00:00,1.81653,1.81684,1.81122,1.81165,27249.045986
2026-01-05 14:25:00+00:00,1.81111,1.8174,1.8094,1.81651,49696.526254
2026-01-05 14:30:00+00:00,1.81619,1.82297,1.8161,1.81922,55626.488682
2026-01-05 14:35:00+00:00,1.81876,1.82959,1.81471,1.82789,67461.679163
2026-01-05 14:40:00+00:00,1.82579,1.83836,1.82379,1.8244,87241.17757
2026-01-05 14:45:00+00:00,1.83722,1.84373,1.82797,1.8312,166596.377924
2026-01-05 14:50:00+00:00,1.836,1.84,1.83212,1.83515,61278.14595
2026-01-05 14:55:00+00:00,1.83888,1.84407,1.83785,1.84085,122603.656664
2026-01-05 15:00:00+00:00,1.84163,1.844,1.83358,1.83699,124689.066006
2026-01-05 15:05:00+00:00,1.83729,1.83925,1.83,1.83416,23977.52574
2026-01-05 15:10:00+00:00,1.83531,1.84,1.83435,1.83961,74124.233605
2026-01-05 15:15:00+00:00,1.8399,1.84708,1.83839,1.84158,144377.653673
2026-01-05 15:20:00+00:00,1.8411,1.8417,1.83394,1.83667,70912.222794
2026-01-05 15:25:00+00:00,1.83537,1.84163,1.834,1.8396,21480.288688
2026-01-05 15:30:00+00:00,1.83951,1.8533,1.83868,1.85091,133936.408809
2026-01-05 15:35:00+00:00,1.85,1.85362,1.84764,1.84853,84572.314029
2026-01-05 15:40:00+00:00,1.84854,1.85419,1.8478,1.84945,142898.371502
2026-01-05 15:45:00+00:00,1.85266,1.85573,1.8476,1.85056,122689.579775
2026-01-05 15:50:00+00:00,1.85092,1.85465,1.85006,1.85252,198846.425968
2026-01-05 15:55:00+00:00,1.85226,1.85569,1.8517,1.85179,121633.480358
2026-01-05 16:00:00+00:00,1.85219,1.86092,1.85104,1.85998,188329.050273
2026-01-05 16:05:00+00:00,1.85998,1.861,1.85172,1.85532,108561.57809
2026-01-05 16:10:00+00:00,1.86,1.86139,1.8569,1.86093,219716.123439
2026-01-05 16:15:00+00:00,1.86104,1.86571,1.85877,1.8647,173704.540364
2026-01-05 16:20:00+00:00,1.86447,1.86846,1.85455,1.86718,148754.126829
2026-01-05 16:25:00+00:00,1.86,1.86656,1.85979,1.86183,111942.162657
2026-01-05 16:30:00+00:00,1.86143,1.86668,1.85793,1.86169,98954.113076
2026-01-05 16:35:00+00:00,1.861,1.87,1.85986,1.86452,71096.623192
2026-01-05 16:40:00+00:00,1.86321,1.86732,1.863,1.86501,38030.16896
2026-01-05 16:45:00+00:00,1.86475,1.86887,1.86349,1.8688,62057.801534
2026-01-05 16:50:00+00:00,1.8686,1.87697,1.86707,1.87281,135303.449416
2026-01-05 16:55:00+00:00,1.87338,1.87505,1.86939,1.87505,154677.807484
2026-01-05 17:00:00+00:00,1.87418,1.87642,1.86894,1.87451,137395.701693
2026-01-05 17:05:00+00:00,1.87358,1.87514,1.87,1.87,52252.954557
2026-01-05 17:10:00+00:00,1.87208,1.87327,1.8687,1.86939,66568.161694
2026-01-05 17:15:00+00:00,1.86953,1.87017,1.86142,1.86186,98802.472303
2026-01-05 17:20:00+00:00,1.86108,1.86209,1.85002,1.86121,225190.445464
2026-01-05 17:25:00+00:00,1.8607,1.86118,1.8549,1.85971,138981.442848
2026-01-05 17:30:00+00:00,1.8598,1.86319,1.85843,1.85986,84359.085682
2026-01-05 17:35:00+00:00,1.85831,1.86496,1.85831,1.86401,33372.168308
2026-01-05 17:40:00+00:00,1.87353,1.87437,1.86508,1.87248,39102.170175
2026-01-05 17:45:00+00:00,1.87237,1.87644,1.8718,1.87441,134007.811818
2026-01-05 17:50:00+00:00,1.87271,1.87649,1.87066,1.87484,134092.12029
2026-01-05 17:55:00+00:00,1.87525,1.885,1.87465,1.88429,313777.58299
2026-01-05 18:00:00+00:00,1.88356,1.88979,1.87835,1.88818,66837.731796
2026-01-05 18:05:00+00:00,1.88875,1.89039,1.88622,1.88726,234567.339363
2026-01-05 18:10:00+00:00,1.88707,1.8942,1.886,1.8942,56497.472667
2026-01-05 18:15:00+00:00,1.8942,1.8942,1.88732,1.88732,205748.52802
2026-01-05 18:20:00+00:00,1.8893,1.8898,1.88378,1.88503,47502.5985
2026-01-05 18:25:00+00:00,1.8906,1.90299,1.8906,1.90058,490138.783616
2026-01-05 18:30:00+00:00,1.90042,1.91103,1.89698,1.90865,156885.343892
2026-01-05 18:35:00+00:00,1.90867,1.911,1.90366,1.90366,126687.764921
2026-01-05 18:40:00+00:00,1.90418,1.91572,1.90418,1.9077,237492.996344
2026-01-05 18:45:00+00:00,1.9139,1.9299,1.9124,1.92918,398514.830392
2026-01-05 18:50:00+00:00,1.92745,1.93383,1.9258,1.92828,364628.219389
2026-01-05 18:55:00+00:00,1.92961,1.93709,1.9272,1.93475,257947.440078
2026-01-05 19:00:00+00:00,1.93348,1.93707,1.927,1.9304,315818.181305
2026-01-05 19:05:00+00:00,1.9302,1.93878,1.92987,1.93719,104868.773947
2026-01-05 19:10:00+00:00,1.9375,1.94212,1.93596,1.93901,120431.260122
2026-01-05 19:15:00+00:00,1.9391,1.93916,1.92833,1.93375,183437.462032
2026-01-05 19:20:00+00:00,1.933,1.94116,1.93246,1.93993,128660.382974
2026-01-05 19:25:00+00:00,1.93328,1.93945,1.93281,1.93805,102013.624419
2026-01-05 19:30:00+00:00,1.93769,1.94665,1.9364,1.94376,266841.240743
2026-01-05 19:35:00+00:00,1.94401,1.94607,1.93227,1.93664,106387.34068
2026-01-05 19:40:00+00:00,1.93709,1.9427,1.93518,1.93868,79860.311656
2026-01-05 19:45:00+00:00,1.93602,1.94,1.93365,1.93816,127841.690606
2026-01-05 19:50:00+00:00,1.93903,1.9396,1.933,1.93659,60150.816117
2026-01-05 19:55:00+00:00,1.9373,1.94618,1.9373,1.94346,179582.240591
2026-01-05 20:00:00+00:00,1.94346,1.96699,1.94319,1.96539,644193.26659
2026-01-05 20:05:00+00:00,1.96617,1.98196,1.96592,1.97411,708872.56547
2026-01-05 20:10:00+00:00,1.97224,1.98062,1.96625,1.9795,550324.632123
2026-01-05 20:15:00+00:00,1.97963,1.99192,1.97879,1.98858,631468.746351
2026-01-05 20:20:00+00:00,1.98496,1.99109,1.9831,1.98929,224350.333285
2026-01-05 20:25:00+00:00,1.9893,2.00543,1.98841,2.002,734820.932967
2026-01-05 20:30:00+00:00,2.002,2.00243,1.96927,1.97481,679967.402285
2026-01-05 20:35:00+00:00,1.97447,1.98492,1.97048,1.97977,1216467.265764
2026-01-05 20:40:00+00:00,1.97197,1.98127,1.97078,1.98011,348629.553298
2026-01-05 20:45:00+00:00,1.98134,1.98173,1.97348,1.977,304835.849862
2026-01-05 20:50:00+00:00,1.9733,1.97909,1.9698,1.97053,416552.062986
2026-01-05 20:55:00+00:00,1.97051,1.97906,1.96073,1.97654,462907.298858
2026-01-05 21:00:00+00:00,1.97658,1.99,1.97337,1.9877,204671.477601
2026-01-05 21:05:00+00:00,1.9878,1.99074,1.97881,1.98181,157838.96979
2026-01-05 21:10:00+00:00,1.98428,1.98489,1.98057,1.98328,72764.529186
2026-01-05 21:15:00+00:00,1.98316,1.99265,1.98316,1.99188,158598.78007
2026-01-05 21:20:00+00:00,1.99458,1.99458,1.98832,1.99175,144751.504437
2026-01-05 21:25:00+00:00,1.99147,1.9926,1.98357,1.98357,94217.608263
2026-01-05 21:30:00+00:00,1.98354,1.99189,1.98274,1.98803,88402.626874
2026-01-05 21:35:00+00:00,1.98759,1.989,1.9819,1.98818,64045.904611
2026-01-05 21:40:00+00:00,1.9904,1.99536,1.9875,1.98861,155145.860054
2026-01-05 21:45:00+00:00,1.98855,1.98947,1.98693,1.98723,39364.593215
2026-01-05 21:50:00+00:00,1.99586,1.99966,1.98764,1.994,162215.280174
2026-01-05 21:55:00+00:00,1.99406,1.99412,1.98756,1.99304,81189.071854
2026-01-05 22:00:00+00:00,1.99217,1.99252,1.98133,1.983,80528.294783
2026-01-05 22:05:00+00:00,1.9829,1.9905,1.98281,1.98962,51917.638091
2026-01-05 22:10:00+00:00,1.98987,1.9907,1.98206,1.98882,34107.659877
2026-01-05 22:15:00+00:00,1.98423,1.98937,1.98423,1.9871,87505.728439
2026-01-05 22:20:00+00:00,1.99025,1.99333,1.9871,1.99242,37240.987557
2026-01-05 22:25:00+00:00,1.99279,1.993,1.98578,1.9864,55327.887061
2026-01-05 22:30:00+00:00,1.98672,1.99123,1.98582,1.98815,28987.818644
2026-01-05 22:35:00+00:00,1.98964,1.99805,1.98964,1.99805,187400.503999
2026-01-05 22:40:00+00:00,1.99689,2.00128,1.99286,1.99424,173225.400648
2026-01-05 22:45:00+00:00,1.9929,1.99598,1.98793,1.9908,57272.428011
2026-01-05 22:50:00+00:00,1.98863,1.99411,1.98619,1.99411,35925.192499
2026-01-05 22:55:00+00:00,1.9952,1.99554,1.99289,1.99289,73456.053215
2026-01-05 23:00:00+00:00,1.99292,1.99889,1.99258,1.9983,35635.28326
2026-01-05 23:05:00+00:00,1.99766,2.0039,1.99601,2.00276,32369.529706
2026-01-05 23:10:00+00:00,2.00303,2.01104,2.00128,2.00432,141246.426005
2026-01-05 23:15:00+00:00,2.01029,2.02195,2.00603,2.00722,308659.983263
2026-01-05 23:20:00+00:00,2.0057,2.0134,2.0057,2.01116,51683.381196
2026-01-05 23:25:00+00:00,2.0082,2.0124,2.00537,2.01181,93931.555807
2026-01-05 23:30:00+00:00,2.01396,2.01845,2.01198,2.01845,99818.728222
2026-01-05 23:35:00+00:00,2.01702,2.01749,2.00678,2.00701,149103.099737
2026-01-05 23:40:00+00:00,2.0073,2.0144,2.00657,2.0114,121011.237461
2026-01-05 23:45:00+00:00,2.0115,2.0183,2.01121,2.01761,44007.160103
2026-01-05 23:50:00+00:00,2.01029,2.01595,2.0044,2.0044,95766.809109
2026-01-05 23:55:00+00:00,2.00443,2.00685,2.0035,2.005,73922.429455
2026-01-06 00:00:00+00:00,2.00416,2.01523,2.00416,2.01303,34132.573211
2026-01-06 00:05:00+00:00,2.01299,2.01299,1.98858,1.99419,208321.159365
2026-01-06 00:10:00+00:00,1.99492,1.99633,1.9846,1.98696,39757.128095
2026-01-06 00:15:00+00:00,1.98578,1.98642,1.97756,1.98575,181488.159925
2026-01-06 00:20:00+00:00,1.98675,1.99692,1.98675,1.99692,188975.390739
2026-01-06 00:25:00+00:00,1.9926,2.015,1.9924,2.0147,47226.218614
2026-01-06 00:30:00+00:00,2.01419,2.01419,2.00208,2.00609,109524.148863
2026-01-06 00:35:00+00:00,2.00221,2.00397,1.99379,1.99615,98935.936191
2026-01-06 00:40:00+00:00,1.9966,2.00771,1.9962,2.0017,35938.067301
2026-01-06 00:45:00+00:00,2.00544,2.01235,2.00544,2.0121,127817.454788
2026-01-06 00:50:00+00:00,2.01415,2.01731,2.0086,2.0126,33489.491894
2026-01-06 00:55:00+00:00,2.01778,2.02674,2.01576,2.02674,58406.208798
2026-01-06 01:00:00+00:00,2.02635,2.05,2.02599,2.03709,734225.001885
2026-01-06 01:05:00+00:00,2.03573,2.03917,2.02851,2.03116,119943.079621
2026-01-06 01:10:00+00:00,2.02796,2.03196,2.02341,2.02943,58785.054765
2026-01-06 01:15:00+00:00,2.03091,2.04213,2.03091,2.04213,42994.238908
2026-01-06 01:20:00+00:00,2.04189,2.04331,2.03564,2.03581,30615.061146
2026-01-06 01:25:00+00:00,2.03585,2.04308,2.03385,2.04308,24480.114105
2026-01-06 01:30:00+00:00,2.04296,2.05359,2.03967,2.04016,231368.984415
2026-01-06 01:35:00+00:00,2.0439,2.0439,2.02514,2.02532,188337.646889
2026-01-06 01:40:00+00:00,2.02391,2.02879,2.02391,2.02488,55602.110689
2026-01-06 01:45:00+00:00,2.02326,2.02652,2.02008,2.02215,18117.849302
2026-01-06 01:50:00+00:00,2.02177,2.0228,2.01693,2.0208,42715.925102
2026-01-06 01:55:00+00:00,2.01945,2.02363,2.01679,2.02338,22751.960044
2026-01-06 02:00:00+00:00,2.02628,2.03351,2.0245,2.03279,74667.75385
2026-01-06 02:05:00+00:00,2.03248,2.03965,2.02864,2.02925,70109.223899
2026-01-06 02:10:00+00:00,2.0292,2.03709,2.0292,2.03709,21039.595329
2026-01-06 02:15:00+00:00,2.03489,2.03846,2.03056,2.0382,58043.903999
2026-01-06 02:20:00+00:00,2.03668,2.04933,2.03668,2.04643,50283.243508
2026-01-06 02:25:00+00:00,2.04972,2.06252,2.04905,2.05107,237279.278489
2026-01-06 02:30:00+00:00,2.05172,2.05361,2.045,2.0454,49836.153299
2026-01-06 02:35:00+00:00,2.044,2.05252,2.044,2.04752,85507.5901
2026-01-06 02:40:00+00:00,2.0461,2.05096,2.0444,2.04597,66977.233228
2026-01-06 02:45:00+00:00,2.04691,2.04691,2.03346,2.03741,73164.907628
2026-01-06 02:50:00+00:00,2.03718,2.04073,2.03582,2.0362,49934.25222
2026-01-06 02:55:00+00:00,2.0391,2.0411,2.03717,2.04016,24400.542617
2026-01-06 03:00:00+00:00,2.04016,2.04494,2.037,2.0396,51220.76707
2026-01-06 03:05:00+00:00,2.03977,2.04173,2.0352,2.04169,36181.082489
2026-01-06 03:10:00+00:00,2.04347,2.04543,2.04086,2.04529,39810.160353
2026-01-06 03:15:00+00:00,2.04379,2.047,2.04223,2.04505,4254.016047
2026-01-06 03:20:00+00:00,2.04321,2.044,2.03783,2.03783,4786.508464
2026-01-06 03:25:00+00:00,2.03723,2.03872,2.03356,2.0379,44744.034541
2026-01-06 03:30:00+00:00,2.0374,2.04003,2.0336,2.03615,18847.145801
2026-01-06 03:35:00+00:00,2.0371,2.04007,2.03445,2.0388,11479.272826
2026-01-06 03:40:00+00:00,2.03366,2.04047,2.03366,2.03869,70909.589404
2026-01-06 03:45:00+00:00,2.04018,2.04163,2.03493,2.0379,13252.767108
2026-01-06 03:50:00+00:00,2.03582,2.03582,2.03,2.0318,22289.359792
2026-01-06 03:55:00+00:00,2.02975,2.03491,2.02931,2.03491,8368.265837
2026-01-06 04:00:00+00:00,2.03441,2.03578,2.0279,2.02831,8294.098251
2026-01-06 04:05:00+00:00,2.0284,2.0284,2.02363,2.02714,35467.95224
2026-01-06 04:10:00+00:00,2.0262,2.029,2.02525,2.02661,8935.421202
2026-01-06 04:15:00+00:00,2.02784,2.03155,2.02692,2.03076,101550.070035
2026-01-06 04:20:00+00:00,2.02768,2.03087,2.02604,2.02604,11707.135874
2026-01-06 04:25:00+00:00,2.02448,2.02448,2.01741,2.02011,28975.92073
2026-01-06 04:30:00+00:00,2.01977,2.02835,2.01976,2.02701,21199.623451
2026-01-06 04:35:00+00:00,2.02867,2.03784,2.02831,2.03499,53223.302761
2026-01-06 04:40:00+00:00,2.03542,2.03929,2.03477,2.03929,29683.725051
2026-01-06 04:45:00+00:00,2.03876,2.0411,2.035,2.03668,13599.901122
2026-01-06 04:50:00+00:00,2.0368,2.0399,2.03622,2.03622,37440.730051
2026-01-06 04:55:00+00:00,2.03448,2.0374,2.03345,2.03464,15542.049509
2026-01-06 05:00:00+00:00,2.0356,2.04848,2.0356,2.04741,108266.675042
2026-01-06 05:05:00+00:00,2.04631,2.04941,2.04057,2.04451,169235.610381
2026-01-06 05:10:00+00:00,2.04451,2.05249,2.04397,2.04872,94015.152413
2026-01-06 05:15:00+00:00,2.04781,2.04905,2.0464,2.04716,33392.751359
2026-01-06 05:20:00+00:00,2.04769,2.04909,2.04239,2.04283,32335.322165
2026-01-06 05:25:00+00:00,2.04131,2.0421,2.039,2.04121,59924.217206
2026-01-06 05:30:00+00:00,2.04109,2.0414,2.03854,2.03956,17064.444922
2026-01-06 05:35:00+00:00,2.03939,2.04242,2.03734,2.04242,50947.226348
2026-01-06 05:40:00+00:00,2.04273,2.04481,2.0396,2.04061,48167.888126
2026-01-06 05:45:00+00:00,2.03584,2.04039,2.0322,2.0367,129722.019675
2026-01-06 05:50:00+00:00,2.035,2.0377,2.0343,2.0368,37760.350474
2026-01-06 05:55:00+00:00,2.0334,2.04,2.03168,2.03946,58786.160133
2026-01-06 06:00:00+00:00,2.0382,2.0464,2.0373,2.04317,123448.16761
2026-01-06 06:05:00+00:00,2.04284,2.04728,2.0384,2.03988,133920.736869
2026-01-06 06:10:00+00:00,2.03988,2.042,2.0365,2.042,94384.243882
2026-01-06 06:15:00+00:00,2.04147,2.04416,2.03277,2.0433,59514.607538
2026-01-06 06:20:00+00:00,2.032,2.03366,2.02638,2.02817,62008.936204
2026-01-06 06:25:00+00:00,2.02892,2.032,2.02861,2.0318,38204.277276
2026-01-06 06:30:00+00:00,2.03137,2.03211,2.02702,2.02821,61074.693834
2026-01-06 06:35:00+00:00,2.02845,2.02845,2.02487,2.0273,80446.910662
2026-01-06 06:40:00+00:00,2.02467,2.03531,2.02467,2.03483,100015.708816
2026-01-06 06:45:00+00:00,2.03192,2.03511,2.02875,2.02875,55012.761705
2026-01-06 06:50:00+00:00,2.02923,2.03169,2.0272,2.0286,38695.491263
2026-01-06 06:55:00+00:00,2.0277,2.02926,2.02491,2.0255,25134.262267
2026-01-06 07:00:00+00:00,2.02493,2.02599,2.02208,2.0225,25527.957491
2026-01-06 07:05:00+00:00,2.02279,2.02469,2.02049,2.02469,40249.833313
2026-01-06 07:10:00+00:00,2.02469,2.02509,2.02048,2.02434,177934.899253
2026-01-06 07:15:00+00:00,2.024,2.02444,2.01893,2.0202,63092.969365
2026-01-06 07:20:00+00:00,2.02002,2.02002,2.0,2.00155,356393.373522
2026-01-06 07:25:00+00:00,2.00807,2.00951,1.99819,2.00638,573447.223377
2026-01-06 07:30:00+00:00,2.00638,2.00638,1.999,2.00113,221442.282412
2026-01-06 07:35:00+00:00,2.00164,2.00439,1.98821,1.98955,280674.553638
2026-01-06 07:40:00+00:00,1.98931,1.99476,1.98883,1.99388,236699.905022
2026-01-06 07:45:00+00:00,1.99385,1.99398,1.98272,1.99023,203633.11897
2026-01-06 07:50:00+00:00,1.98461,1.98874,1.97833,1.98685,206833.071335
2026-01-06 07:55:00+00:00,1.98959,1.98979,1.98421,1.98675,102616.374829
2026-01-06 08:00:00+00:00,1.98719,1.99107,1.98395,1.98431,52215.57348
2026-01-06 08:05:00+00:00,1.98467,1.996,1.98418,1.99538,142204.118354
2026-01-06 08:10:00+00:00,1.99539,1.99909,1.99198,1.99281,56561.090431
2026-01-06 08:15:00+00:00,1.99319,1.99479,1.98648,1.9895,57880.353128
2026-01-06 08:20:00+00:00,1.992,1.99612,1.9907,1.99369,31830.638401
2026-01-06 08:25:00+00:00,1.99536,2.0,1.9926,1.9926,35891.735405
2026-01-06 08:30:00+00:00,1.99264,1.99745,1.9906,1.99522,20999.243806
2026-01-06 08:35:00+00:00,1.9962,1.9962,1.99168,1.992,79630.859066
2026-01-06 08:40:00+00:00,1.9922,1.99443,1.99029,1.99029,13585.503985
2026-01-06 08:45:00+00:00,1.98919,1.99232,1.98272,1.98309,90088.142893
2026-01-06 08:50:00+00:00,1.9823,1.99458,1.9823,1.99278,62276.945051
2026-01-06 08:55:00+00:00,1.9922,1.99483,1.98805,1.99337,34090.448151
2026-01-06 09:00:00+00:00,1.98804,2.00109,1.9872,2.00109,42219.25241
2026-01-06 09:05:00+00:00,2.00114,2.00562,1.99762,1.99869,146071.109322
2026-01-06 09:10:00+00:00,1.99819,2.0,1.99505,1.99505,27563.320328
2026-01-06 09:15:00+00:00,1.99506,2.00231,1.99501,1.9987,72302.550148
2026-01-06 09:20:00+00:00,2.00291,2.0036,2.00059,2.00164,107848.376437
2026-01-06 09:25:00+00:00,2.00145,2.00329,1.99914,2.00232,46848.288877
2026-01-06 09:30:00+00:00,2.0007,2.00321,1.99826,1.99826,37451.607852
2026-01-06 09:35:00+00:00,1.99912,2.00478,1.997,2.0003,601995.747002
2026-01-06 09:40:00+00:00,2.0,2.00509,2.0,2.00465,174715.345935
2026-01-06 09:45:00+00:00,2.0073,2.01068,2.00273,2.01068,155630.13211
2026-01-06 09:50:00+00:00,2.0109,2.01164,2.00631,2.009,145976.124884
2026-01-06 09:55:00+00:00,2.00841,2.01416,2.00693,2.01048,329430.028216
2026-01-06 10:00:00+00:00,2.00774,2.0088,2.00407,2.00717,207883.889771
2026-01-06 10:05:00+00:00,2.00747,2.00888,2.00495,2.00693,37786.485054
2026-01-06 10:10:00+00:00,2.00684,2.01259,2.00613,2.0117,56850.58573
2026-01-06 10:15:00+00:00,2.00949,2.01129,2.00727,2.00761,84500.402793
2026-01-06 10:20:00+00:00,2.00643,2.00761,2.00401,2.00658,58992.044193
2026-01-06 10:25:00+00:00,2.00641,2.00805,2.00535,2.00626,28764.342017
2026-01-06 10:30:00+00:00,2.00633,2.01092,2.00633,2.00849,22952.381238
2026-01-06 10:35:00+00:00,2.0092,2.0143,2.0092,2.01111,38825.063898
2026-01-06 10:40:00+00:00,2.01081,2.01266,2.00928,2.01171,29186.995229
2026-01-06 10:45:00+00:00,2.0127,2.01796,2.0127,2.0145,62617.516994
2026-01-06 10:50:00+00:00,2.01699,2.01993,2.01528,2.01829,75448.013506
2026-01-06 10:55:00+00:00,2.01688,2.01889,2.01546,2.01645,66889.919625
2026-01-06 11:00:00+00:00,2.0166,2.0209,2.01299,2.0201,76176.938196
2026-01-06 11:05:00+00:00,2.0199,2.0199,2.01509,2.01822,32030.568179
2026-01-06 11:10:00+00:00,2.0198,2.02491,2.0174,2.02334,105525.714229
2026-01-06 11:15:00+00:00,2.01996,2.025,2.01973,2.02386,29991.507504
2026-01-06 11:20:00+00:00,2.0238,2.0238,2.01943,2.01943,40384.830649
2026-01-06 11:25:00+00:00,2.0209,2.0218,2.01911,2.0218,26722.856904
2026-01-06 11:30:00+00:00,2.02143,2.02785,2.01983,2.0265,19460.18153
2026-01-06 11:35:00+00:00,2.0276,2.02888,2.02412,2.02867,49274.113527
2026-01-06 11:40:00+00:00,2.02898,2.03051,2.02565,2.02803,389373.714571
2026-01-06 11:45:00+00:00,2.02784,2.03097,2.02748,2.0298,68235.512827
2026-01-06 11:50:00+00:00,2.0298,2.02999,2.02657,2.02807,73818.961244
2026-01-06 11:55:00+00:00,2.02833,2.03206,2.02615,2.02717,32865.342199
2026-01-06 12:00:00+00:00,2.0316,2.04012,2.02963,2.03884,277956.365702
2026-01-06 12:05:00+00:00,2.03952,2.04675,2.03726,2.04293,153866.776377
2026-01-06 12:10:00+00:00,2.04284,2.04339,2.03885,2.03907,403106.880881
2026-01-06 12:15:00+00:00,2.04083,2.04244,2.03643,2.04174,162823.532421
2026-01-06 12:20:00+00:00,2.04091,2.04143,2.03303,2.03591,109704.710085
2026-01-06 12:25:00+00:00,2.0384,2.0399,2.03571,2.03902,38116.487695
2026-01-06 12:30:00+00:00,2.03929,2.04063,2.03351,2.03678,121910.743956
2026-01-06 12:35:00+00:00,2.0368,2.03788,2.02897,2.02929,43147.297882
2026-01-06 12:40:00+00:00,2.02914,2.0309,2.0246,2.02576,46278.227504
2026-01-06 12:45:00+00:00,2.02711,2.0328,2.02711,2.03209,27992.810177
2026-01-06 12:50:00+00:00,2.03143,2.03147,2.0256,2.02756,37008.402315
2026-01-06 12:55:00+00:00,2.0275,2.0323,2.0275,2.03053,35687.798523
2026-01-06 13:00:00+00:00,2.028,2.0294,2.02352,2.02475,72763.956297
2026-01-06 13:05:00+00:00,2.02434,2.03244,2.02287,2.03074,88609.72786
2026-01-06 13:10:00+00:00,2.0311,2.03169,2.0237,2.0279,21138.62202
2026-01-06 13:15:00+00:00,2.02429,2.0289,2.02381,2.02599,119753.552838
2026-01-06 13:20:00+00:00,2.02585,2.02985,2.02571,2.02683,41576.19838
2026-01-06 13:25:00+00:00,2.02537,2.02727,2.02233,2.0253,14086.520338
2026-01-06 13:30:00+00:00,2.02513,2.02789,2.0241,2.0266,36171.406648
2026-01-06 13:35:00+00:00,2.02649,2.02801,2.02457,2.02525,82451.17233
2026-01-06 13:40:00+00:00,2.02517,2.02592,2.02325,2.02417,93898.796524
2026-01-06 13:45:00+00:00,2.02482,2.02726,2.0248,2.02495,10755.800828
2026-01-06 13:50:00+00:00,2.0274,2.0297,2.02438,2.02783,47896.328475
2026-01-06 13:55:00+00:00,2.02412,2.02888,2.02401,2.02504,84265.150131
2026-01-06 14:00:00+00:00,2.02546,2.02662,2.0238,2.02662,29424.419784
2026-01-06 14:05:00+00:00,2.02643,2.032,2.02521,2.03166,149232.157672
2026-01-06 14:10:00+00:00,2.03087,2.03846,2.03017,2.03846,137012.814507
2026-01-06 14:15:00+00:00,2.03774,2.0469,2.03741,2.03938,313360.747064
2026-01-06 14:20:00+00:00,2.0396,2.043,2.03441,2.04028,132030.864126
2026-01-06 14:25:00+00:00,2.04283,2.04542,2.03843,2.0425,126744.48547
2026-01-06 14:30:00+00:00,2.04278,2.049,2.03202,2.0416,293854.204457
2026-01-06 14:35:00+00:00,2.04226,2.0434,2.035,2.04284,107368.685035
2026-01-06 14:40:00+00:00,2.0429,2.04544,2.03206,2.03339,72153.621475
2026-01-06 14:45:00+00:00,2.03015,2.03834,2.02679,2.03738,227326.445067
2026-01-06 14:50:00+00:00,2.03716,2.0443,2.02952,2.03107,195299.242787
2026-01-06 14:55:00+00:00,2.0314,2.03333,2.0256,2.03302,94575.558575
2026-01-06 15:00:00+00:00,2.0325,2.03875,2.02983,2.03447,130460.295128
2026-01-06 15:05:00+00:00,2.03435,2.03731,2.03049,2.03644,82064.380122
2026-01-06 15:10:00+00:00,2.0366,2.0383,2.03303,2.03649,43297.342834
2026-01-06 15:15:00+00:00,2.04178,2.04359,2.03698,2.0418,82093.656566
2026-01-06 15:20:00+00:00,2.04271,2.04669,2.0397,2.04272,33126.261421
2026-01-06 15:25:00+00:00,2.04287,2.04508,2.04,2.04402,64096.328257
2026-01-06 15:30:00+00:00,2.04224,2.04224,2.03525,2.03595,28834.861872
2026-01-06 15:35:00+00:00,2.03609,2.03706,2.01,2.01119,367687.765465
2026-01-06 15:40:00+00:00,2.01202,2.0184,2.0,2.00679,663834.572834
2026-01-06 15:45:00+00:00,2.00603,2.0141,2.0004,2.00954,216744.112149
2026-01-06 15:50:00+00:00,2.01047,2.01047,2.00126,2.00178,122778.201707
2026-01-06 15:55:00+00:00,2.00248,2.00886,1.99712,2.00737,272114.710786
2026-01-06 16:00:00+00:00,2.009,2.01382,2.00712,2.00945,83938.674074
2026-01-06 16:05:00+00:00,2.0102,2.01083,1.99377,1.99819,167909.794362
2026-01-06 16:10:00+00:00,1.99952,2.00338,1.99679,1.99878,245073.909734
2026-01-06 16:15:00+00:00,1.99694,2.00129,1.99578,1.99762,43422.251767
2026-01-06 16:20:00+00:00,1.99665,1.99727,1.9709,1.97708,582217.276579
2026-01-06 16:25:00+00:00,1.97701,1.97942,1.953,1.95761,1053115.060691
2026-01-06 16:30:00+00:00,1.95302,1.97055,1.95137,1.96375,703683.495034
2026-01-06 16:35:00+00:00,1.9655,1.96885,1.96049,1.96068,156197.390938
2026-01-06 16:40:00+00:00,1.961,1.96217,1.9453,1.94915,391815.182161
2026-01-06 16:45:00+00:00,1.9484,1.95054,1.93686,1.944,531664.207206
2026-01-06 16:50:00+00:00,1.94546,1.96988,1.9447,1.9588,653473.909258
2026-01-06 16:55:00+00:00,1.95885,1.95885,1.95137,1.95342,144939.953611
2026-01-06 17:00:00+00:00,1.95091,1.95302,1.94554,1.94902,191352.563346
2026-01-06 17:05:00+00:00,1.94961,1.9567,1.94723,1.94821,177228.848672
2026-01-06 17:10:00+00:00,1.94761,1.95284,1.9427,1.94826,111030.598732
2026-01-06 17:15:00+00:00,1.93737,1.95008,1.93607,1.93761,257263.820944
2026-01-06 17:20:00+00:00,1.93834,1.94972,1.93834,1.94674,82414.310517
2026-01-06 17:25:00+00:00,1.94709,1.9485,1.94405,1.94583,43550.649545
2026-01-06 17:30:00+00:00,1.94668,1.95223,1.94396,1.95168,37810.774121
2026-01-06 17:35:00+00:00,1.95233,1.95666,1.95,1.95481,178264.82544
2026-01-06 17:40:00+00:00,1.95497,1.95497,1.93748,1.94156,190409.932038
2026-01-06 17:45:00+00:00,1.94046,1.94145,1.90471,1.91123,481225.208231
2026-01-06 17:50:00+00:00,1.91281,1.93552,1.90336,1.9051,1528478.578979
2026-01-06 17:55:00+00:00,1.90539,1.90761,1.8863,1.8872,1158723.700674
2026-01-06 18:00:00+00:00,1.886,1.909,1.8825,1.909,837528.066145
2026-01-06 18:05:00+00:00,1.90882,1.91728,1.90354,1.9151,391271.170353
2026-01-06 18:10:00+00:00,1.91418,1.91946,1.914,1.91594,150109.632489
2026-01-06 18:15:00+00:00,1.91559,1.91838,1.9122,1.9122,106404.989507
2026-01-06 18:20:00+00:00,1.91391,1.92031,1.91301,1.91835,177783.081171
2026-01-06 18:25:00+00:00,1.91821,1.92829,1.91658,1.92434,135582.218599
2026-01-06 18:30:00+00:00,1.92352,1.92436,1.91972,1.9217,85631.479838
2026-01-06 18:35:00+00:00,1.922,1.92439,1.9164,1.91702,49580.253065
2026-01-06 18:40:00+00:00,1.9171,1.92141,1.9171,1.91921,35864.076866
2026-01-06 18:45:00+00:00,1.9192,1.92749,1.918,1.9229,95877.351724
2026-01-06 18:50:00+00:00,1.9228,1.92398,1.91977,1.92057,27073.965662
2026-01-06 18:55:00+00:00,1.92257,1.92257,1.91668,1.92103,60642.569046
2026-01-06 19:00:00+00:00,1.92251,1.92308,1.91876,1.92277,54008.783011
2026-01-06 19:05:00+00:00,1.92248,1.92866,1.92248,1.92753,52882.491248
2026-01-06 19:10:00+00:00,1.92742,1.93,1.92606,1.92867,86989.684859
2026-01-06 19:15:00+00:00,1.92969,1.93174,1.92531,1.92678,120295.93261
2026-01-06 19:20:00+00:00,1.92686,1.92741,1.91747,1.92741,94140.544779
2026-01-06 19:25:00+00:00,1.91891,1.91891,1.9151,1.9166,70882.970811
2026-01-06 19:30:00+00:00,1.91751,1.923,1.91695,1.91695,37045.820309
2026-01-06 19:35:00+00:00,1.91682,1.91682,1.91119,1.9131,165051.985679
2026-01-06 19:40:00+00:00,1.91313,1.91313,1.907,1.9081,247420.589943
2026-01-06 19:45:00+00:00,1.90825,1.91246,1.9079,1.9101,165729.197183
2026-01-06 19:50:00+00:00,1.9071,1.90974,1.90253,1.90283,75627.398389
2026-01-06 19:55:00+00:00,1.90329,1.90673,1.90329,1.90529,35209.503319
2026-01-06 20:00:00+00:00,1.9054,1.92,1.9054,1.90865,236634.206341
2026-01-06 20:05:00+00:00,1.92,1.92893,1.91946,1.92486,196982.217175
2026-01-06 20:10:00+00:00,1.9258,1.92781,1.92235,1.92629,47718.194898
2026-01-06 20:15:00+00:00,1.9262,1.9291,1.92482,1.9291,61851.163894
2026-01-06 20:20:00+00:00,1.92818,1.93832,1.92786,1.93051,168835.384613
2026-01-06 20:25:00+00:00,1.93738,1.93826,1.93289,1.9346,66484.882248
2026-01-06 20:30:00+00:00,1.93536,1.9393,1.9345,1.93738,97968.976631
2026-01-06 20:35:00+00:00,1.93652,1.93764,1.93254,1.93432,58573.08585
2026-01-06 20:40:00+00:00,1.9351,1.93746,1.93489,1.93547,69801.039289
2026-01-06 20:45:00+00:00,1.93549,1.93755,1.93341,1.93612,51359.124862
2026-01-06 20:50:00+00:00,1.93477,1.93643,1.92881,1.93268,138249.193809
2026-01-06 20:55:00+00:00,1.9332,1.9355,1.9295,1.93091,72042.263681
2026-01-06 21:00:00+00:00,1.93254,1.93847,1.93074,1.93074,42285.717978
2026-01-06 21:05:00+00:00,1.93028,1.93186,1.92486,1.92648,105888.257934
2026-01-06 21:10:00+00:00,1.92555,1.93998,1.92555,1.93721,49299.22395
2026-01-06 21:15:00+00:00,1.93638,1.95268,1.93638,1.9511,80513.143488
2026-01-06 21:20:00+00:00,1.94685,1.95284,1.94326,1.94693,89069.91231
2026-01-06 21:25:00+00:00,1.94516,1.95037,1.94314,1.95023,86820.168771
2026-01-06 21:30:00+00:00,1.95051,1.95996,1.95035,1.95391,171829.74254
2026-01-06 21:35:00+00:00,1.95914,1.96039,1.95216,1.95341,116701.102608
2026-01-06 21:40:00+00:00,1.95341,1.95682,1.95301,1.9564,77034.64052
2026-01-06 21:45:00+00:00,1.95666,1.95666,1.94698,1.95033,78873.341884
2026-01-06 21:50:00+00:00,1.94961,1.95171,1.94631,1.94639,51421.477744
2026-01-06 21:55:00+00:00,1.951,1.95604,1.951,1.95377,120811.076142
2026-01-06 22:00:00+00:00,1.95512,1.95877,1.95273,1.95858,46241.887052
2026-01-06 22:05:00+00:00,1.95978,1.96039,1.95038,1.95498,177505.524943
2026-01-06 22:10:00+00:00,1.95578,1.95578,1.95012,1.9506,64439.897905
2026-01-06 22:15:00+00:00,1.9511,1.95567,1.94714,1.94714,108905.760617
2026-01-06 22:20:00+00:00,1.9487,1.9518,1.94698,1.9518,28528.986399
2026-01-06 22:25:00+00:00,1.95281,1.95388,1.95132,1.95323,12294.185772
2026-01-06 22:30:00+00:00,1.95415,1.95595,1.95278,1.9536,20397.075194
2026-01-06 22:35:00+00:00,1.95325,1.95929,1.95325,1.95666,15461.521558
2026-01-06 22:40:00+00:00,1.9568,1.95972,1.95458,1.95972,44337.321263
2026-01-06 22:45:00+00:00,1.95975,1.9672,1.95948,1.9661,30340.632105
2026-01-06 22:50:00+00:00,1.96546,1.96554,1.95933,1.96346,84694.037996
2026-01-06 22:55:00+00:00,1.9617,1.96205,1.95942,1.96011,7535.537167
2026-01-06 23:00:00+00:00,1.9627,1.96369,1.95653,1.95977,93321.743794
2026-01-06 23:05:00+00:00,1.95917,1.96564,1.95917,1.96392,26685.6619
2026-01-06 23:10:00+00:00,1.9651,1.96644,1.96416,1.96585,27723.432868
2026-01-06 23:15:00+00:00,1.96552,1.9704,1.96552,1.96961,32345.910795
2026-01-06 23:20:00+00:00,1.96972,1.97113,1.96588,1.97024,24587.037556
2026-01-06 23:25:00+00:00,1.9662,1.96783,1.96551,1.96722,54936.181661
2026-01-06 23:30:00+00:00,1.96752,1.97199,1.96659,1.96667,11455.908249
2026-01-06 23:35:00+00:00,1.97191,1.97315,1.96999,1.9716,105949.187359
2026-01-06 23:40:00+00:00,1.97016,1.97023,1.9678,1.9698,88758.702737
2026-01-06 23:45:00+00:00,1.97054,1.97584,1.97038,1.97331,53605.685987
2026-01-06 23:50:00+00:00,1.97502,1.97713,1.97311,1.97327,60588.800261
2026-01-06 23:55:00+00:00,1.97318,1.97696,1.97074,1.97074,38347.250888
2026-01-07 00:00:00+00:00,1.96567,1.97201,1.96512,1.96835,85911.14883
2026-01-07 00:05:00+00:00,1.96901,1.97152,1.96663,1.97126,55310.460783
2026-01-07 00:10:00+00:00,1.97281,1.97567,1.97152,1.97404,32748.888021
2026-01-07 00:15:00+00:00,1.97446,1.98359,1.97439,1.9827,62160.367837
2026-01-07 00:20:00+00:00,1.98298,1.98474,1.97901,1.98322,22630.394293
2026-01-07 00:25:00+00:00,1.98205,1.98363,1.98,1.98095,36493.716831
2026-01-07 00:30:00+00:00,1.98158,1.98158,1.9761,1.97674,13803.486319
2026-01-07 00:35:00+00:00,1.97861,1.98129,1.97641,1.97953,26013.911489
2026-01-07 00:40:00+00:00,1.97702,1.97738,1.96867,1.97202,47702.42905
2026-01-07 00:45:00+00:00,1.97221,1.97264,1.96369,1.96369,50064.638654
2026-01-07 00:50:00+00:00,1.96547,1.96547,1.95921,1.96186,34249.302301
2026-01-07 00:55:00+00:00,1.95975,1.96459,1.9524,1.95249,69605.238747
2026-01-07 01:00:00+00:00,1.95972,1.96131,1.95283,1.95851,88826.266669
2026-01-07 01:05:00+00:00,1.95686,1.95732,1.9507,1.95153,28069.467718
2026-01-07 01:10:00+00:00,1.95171,1.95328,1.94596,1.94596,7604.724869
2026-01-07 01:15:00+00:00,1.945,1.945,1.93384,1.93487,82668.206545
2026-01-07 01:20:00+00:00,1.93362,1.94258,1.932,1.93889,130060.610689
2026-01-07 01:25:00+00:00,1.94113,1.94514,1.93897,1.93897,65399.49808
2026-01-07 01:30:00+00:00,1.93115,1.94039,1.92961,1.9316,62810.047923
2026-01-07 01:35:00+00:00,1.93107,1.93447,1.92891,1.93321,60335.886874
2026-01-07 01:40:00+00:00,1.93355,1.93407,1.93133,1.93257,37461.051707
2026-01-07 01:45:00+00:00,1.93286,1.93878,1.92979,1.93236,21733.065599
2026-01-07 01:50:00+00:00,1.93501,1.93501,1.92957,1.93353,19120.807742
2026-01-07 01:55:00+00:00,1.93346,1.93744,1.93333,1.9369,13467.304321
2026-01-07 02:00:00+00:00,1.93258,1.9385,1.93133,1.93377,9433.935381
2026-01-07 02:05:00+00:00,1.9339,1.9413,1.9339,1.93857,30674.965608
2026-01-07 02:10:00+00:00,1.93933,1.94366,1.93898,1.94346,20278.477537
2026-01-07 02:15:00+00:00,1.94198,1.94198,1.9357,1.9357,28816.64287
2026-01-07 02:20:00+00:00,1.93476,1.93658,1.93208,1.93224,3113.186195
2026-01-07 02:25:00+00:00,1.93285,1.9396,1.93285,1.93578,13743.187469
2026-01-07 02:30:00+00:00,1.93284,1.93803,1.93004,1.93157,23000.983754
2026-01-07 02:35:00+00:00,1.93739,1.94372,1.93482,1.94297,22103.595438
2026-01-07 02:40:00+00:00,1.93935,1.93987,1.93749,1.93987,2163.345024
2026-01-07 02:45:00+00:00,1.94121,1.94183,1.93896,1.94168,3743.773013
2026-01-07 02:50:00+00:00,1.94347,1.94347,1.94015,1.94299,3062.255566
2026-01-07 02:55:00+00:00,1.94327,1.9485,1.94246,1.94484,6612.308408
2026-01-07 03:00:00+00:00,1.94536,1.94622,1.94347,1.9448,1655.465666
2026-01-07 03:05:00+00:00,1.9422,1.943,1.93952,1.9426,5581.782868
2026-01-07 03:10:00+00:00,1.9439,1.94401,1.94153,1.94176,13674.751023
2026-01-07 03:15:00+00:00,1.9395,1.94676,1.9395,1.9464,8647.173651
2026-01-07 03:20:00+00:00,1.94694,1.94939,1.94694,1.9485,45688.724631
2026-01-07 03:25:00+00:00,1.94826,1.94826,1.94432,1.94446,3004.774957
2026-01-07 03:30:00+00:00,1.94309,1.94362,1.93646,1.93883,6419.396577
2026-01-07 03:35:00+00:00,1.93444,1.93618,1.93407,1.93606,13428.271396
2026-01-07 03:40:00+00:00,1.9344,1.93675,1.93305,1.93675,18033.819355
2026-01-07 03:45:00+00:00,1.93551,1.93666,1.9353,1.93666,10176.425248
2026-01-07 03:50:00+00:00,1.93389,1.93536,1.93389,1.93389,922.444661
2026-01-07 03:55:00+00:00,1.93636,1.93663,1.93535,1.93657,1182.409389
2026-01-07 04:00:00+00:00,1.9421,1.94332,1.93655,1.94332,15922.546158
2026-01-07 04:05:00+00:00,1.94268,1.94269,1.94051,1.94187,1257.225676
2026-01-07 04:10:00+00:00,1.93923,1.94087,1.93875,1.94033,1727.627269
2026-01-07 04:15:00+00:00,1.94024,1.94024,1.936,1.938,10728.558879
2026-01-07 04:20:00+00:00,1.9369,1.94008,1.93674,1.94008,48896.212279
2026-01-07 04:25:00+00:00,1.93785,1.93829,1.93677,1.93677,5873.619853
2026-01-07 04:30:00+00:00,1.93898,1.94051,1.93881,1.94051,2120.11696
2026-01-07 04:35:00+00:00,1.93644,1.93759,1.93162,1.93162,12913.335087
2026-01-07 04:40:00+00:00,1.93336,1.93782,1.93313,1.93782,4577.28004
2026-01-07 04:45:00+00:00,1.93611,1.93611,1.93249,1.93249,2616.943796
2026-01-07 04:50:00+00:00,1.93298,1.9332,1.93153,1.9332,3047.239365
2026-01-07 04:55:00+00:00,1.93075,1.9327,1.9306,1.93135,16052.565026
2026-01-07 05:00:00+00:00,1.93215,1.9324,1.92688,1.92688,5521.296284
2026-01-07 05:05:00+00:00,1.92761,1.92861,1.92707,1.92805,8626.261909
2026-01-07 05:10:00+00:00,1.92718,1.93045,1.9257,1.93045,14115.343818
2026-01-07 05:15:00+00:00,1.92881,1.93149,1.92881,1.93146,2248.599942
2026-01-07 05:20:00+00:00,1.9304,1.93112,1.92835,1.92849,3950.083284
2026-01-07 05:25:00+00:00,1.92852,1.9288,1.91945,1.92184,44728.908872
2026-01-07 05:30:00+00:00,1.92364,1.93446,1.92364,1.93301,27378.413599
2026-01-07 05:35:00+00:00,1.93424,1.93555,1.93123,1.93555,43513.044958
2026-01-07 05:40:00+00:00,1.93565,1.93635,1.93322,1.93322,15275.229285
2026-01-07 05:45:00+00:00,1.933,1.933,1.92648,1.92697,8134.984031
2026-01-07 05:50:00+00:00,1.92509,1.92614,1.92438,1.92438,43017.493149
2026-01-07 05:55:00+00:00,1.92475,1.92645,1.92335,1.9249,31044.848268
2026-01-07 06:00:00+00:00,1.92565,1.92858,1.92377,1.92858,11991.456644
2026-01-07 06:05:00+00:00,1.92842,1.92859,1.92681,1.92853,1286.749336
2026-01-07 06:10:00+00:00,1.92935,1.93259,1.9291,1.93107,12722.535729
2026-01-07 06:15:00+00:00,1.93108,1.93249,1.93069,1.93069,7393.292364
2026-01-07 06:20:00+00:00,1.93083,1.93527,1.93082,1.93493,16414.48713
2026-01-07 06:25:00+00:00,1.93582,1.9363,1.93515,1.93594,8085.343257
2026-01-07 06:30:00+00:00,1.93651,1.94023,1.93504,1.93537,51641.293497
2026-01-07 06:35:00+00:00,1.93234,1.93316,1.93046,1.93202,9207.044689
2026-01-07 06:40:00+00:00,1.93211,1.93394,1.93058,1.93182,15011.910668
2026-01-07 06:45:00+00:00,1.93216,1.93457,1.93216,1.93421,48430.064999
2026-01-07 06:50:00+00:00,1.93388,1.93409,1.93144,1.93241,23653.047709
2026-01-07 06:55:00+00:00,1.93226,1.93501,1.93201,1.93492,10117.475695
2026-01-07 07:00:00+00:00,1.93695,1.94715,1.93695,1.94715,54457.208558
2026-01-07 07:05:00+00:00,1.94418,1.94477,1.94213,1.9427,6266.724509
2026-01-07 07:10:00+00:00,1.94361,1.9449,1.94256,1.94289,31758.5625
2026-01-07 07:15:00+00:00,1.94375,1.94732,1.94325,1.94732,21895.261453
2026-01-07 07:20:00+00:00,1.94756,1.94845,1.94536,1.94582,38517.249609
2026-01-07 07:25:00+00:00,1.94553,1.94821,1.94553,1.94746,11991.510884
2026-01-07 07:30:00+00:00,1.94856,1.95172,1.94561,1.94886,23319.47701
2026-01-07 07:35:00+00:00,1.94778,1.95622,1.94776,1.95491,53469.871519
2026-01-07 07:40:00+00:00,1.95433,1.95651,1.95154,1.95168,121562.64066
2026-01-07 07:45:00+00:00,1.95173,1.95182,1.94903,1.94982,110015.016949
2026-01-07 07:50:00+00:00,1.94958,1.95026,1.9468,1.94781,15733.240894
2026-01-07 07:55:00+00:00,1.94797,1.95147,1.94789,1.95147,11526.578054
2026-01-07 08:00:00+00:00,1.95119,1.95569,1.95,1.9537,9233.47204
2026-01-07 08:05:00+00:00,1.95458,1.95606,1.95226,1.95527,8961.568279
2026-01-07 08:10:00+00:00,1.95557,1.95704,1.95152,1.95205,91703.217725
2026-01-07 08:15:00+00:00,1.95277,1.95593,1.95219,1.95247,13378.922314
2026-01-07 08:20:00+00:00,1.95329,1.95695,1.95151,1.95155,58725.759745
2026-01-07 08:25:00+00:00,1.95002,1.95301,1.94732,1.95301,9802.563194
2026-01-07 08:30:00+00:00,1.95175,1.95959,1.95172,1.95419,16926.908108
2026-01-07 08:35:00+00:00,1.95461,1.95461,1.95278,1.95332,57440.126566
2026-01-07 08:40:00+00:00,1.95335,1.95497,1.9507,1.95441,20430.480671
2026-01-07 08:45:00+00:00,1.95441,1.95508,1.95207,1.95207,72915.18576
2026-01-07 08:50:00+00:00,1.95131,1.96002,1.9508,1.95769,62652.397962
2026-01-07 08:55:00+00:00,1.95769,1.95818,1.95414,1.95772,12193.784998
2026-01-07 09:00:00+00:00,1.95414,1.95414,1.94731,1.95089,12973.719053
2026-01-07 09:05:00+00:00,1.94952,1.951,1.94322,1.9435,63648.538494
2026-01-07 09:10:00+00:00,1.94433,1.94433,1.93888,1.93972,30633.600569
2026-01-07 09:15:00+00:00,1.9393,1.94397,1.93546,1.93605,65691.013765
2026-01-07 09:20:00+00:00,1.93645,1.93815,1.93285,1.93312,58489.364367
2026-01-07 09:25:00+00:00,1.93182,1.93277,1.92821,1.93013,51316.130634
2026-01-07 09:30:00+00:00,1.93174,1.93174,1.91517,1.91743,68328.231054
2026-01-07 09:35:00+00:00,1.9177,1.92074,1.91536,1.91594,180844.888464
2026-01-07 09:40:00+00:00,1.91887,1.91887,1.9114,1.91644,153264.969531
2026-01-07 09:45:00+00:00,1.91626,1.91651,1.91005,1.91651,254451.068736
2026-01-07 09:50:00+00:00,1.91688,1.92169,1.91538,1.92083,113917.983576
2026-01-07 09:55:00+00:00,1.92011,1.9208,1.91712,1.91917,31015.83111
2026-01-07 10:00:00+00:00,1.9165,1.9174,1.91267,1.91404,99248.961169
2026-01-07 10:05:00+00:00,1.91429,1.92,1.91429,1.9155,36123.936792
2026-01-07 10:10:00+00:00,1.91812,1.91924,1.91654,1.91689,24268.009027
2026-01-07 10:15:00+00:00,1.91606,1.91918,1.91594,1.91708,21917.249332
2026-01-07 10:20:00+00:00,1.91671,1.91732,1.91287,1.9144,20719.923175
2026-01-07 10:25:00+00:00,1.91451,1.91655,1.9143,1.91461,13100.428687
2026-01-07 10:30:00+00:00,1.91476,1.91908,1.9141,1.91834,57941.208438
2026-01-07 10:35:00+00:00,1.9187,1.92319,1.91748,1.9208,44074.910564
2026-01-07 10:40:00+00:00,1.92076,1.9247,1.92076,1.92243,81677.864184
2026-01-07 10:45:00+00:00,1.92254,1.9259,1.92254,1.92371,36895.77539
2026-01-07 10:50:00+00:00,1.92585,1.92585,1.92,1.922,35864.297784
2026-01-07 10:55:00+00:00,1.92094,1.92568,1.9207,1.92378,54154.538925
2026-01-07 11:00:00+00:00,1.92316,1.92631,1.92188,1.92593,29347.471122
2026-01-07 11:05:00+00:00,1.92568,1.93074,1.925,1.92877,100243.453789
2026-01-07 11:10:00+00:00,1.9284,1.92871,1.92593,1.92802,46613.993516
2026-01-07 11:15:00+00:00,1.92825,1.92891,1.92626,1.9273,22346.678229
2026-01-07 11:20:00+00:00,1.9262,1.92719,1.92367,1.92719,122389.269487
2026-01-07 11:25:00+00:00,1.92838,1.92846,1.92564,1.92668,8009.760981
2026-01-07 11:30:00+00:00,1.92737,1.92812,1.9247,1.92692,42213.558808
2026-01-07 11:35:00+00:00,1.9287,1.93087,1.92681,1.92986,16272.276032
2026-01-07 11:40:00+00:00,1.93074,1.93112,1.92501,1.92538,41682.296844
2026-01-07 11:45:00+00:00,1.92542,1.92542,1.92248,1.92248,21549.765231
2026-01-07 11:50:00+00:00,1.92327,1.9256,1.92157,1.9248,27980.824113
2026-01-07 11:55:00+00:00,1.92582,1.92657,1.92438,1.925,6427.973779
2026-01-07 12:00:00+00:00,1.92548,1.92569,1.92259,1.9253,55056.990337
2026-01-07 12:05:00+00:00,1.92374,1.92734,1.91901,1.92312,34936.776908
2026-01-07 12:10:00+00:00,1.9231,1.92731,1.92259,1.92259,37945.331261
2026-01-07 12:15:00+00:00,1.9252,1.93,1.92505,1.92916,16281.51608
2026-01-07 12:20:00+00:00,1.92941,1.92941,1.92523,1.92523,19420.076809
2026-01-07 12:25:00+00:00,1.92185,1.92396,1.92138,1.92243,106604.112396
2026-01-07 12:30:00+00:00,1.92334,1.92565,1.91937,1.92002,26941.072464
2026-01-07 12:35:00+00:00,1.92151,1.92164,1.91988,1.92082,23434.048559
2026-01-07 12:40:00+00:00,1.92066,1.92397,1.91918,1.92333,53702.810994
2026-01-07 12:45:00+00:00,1.9234,1.92465,1.92163,1.92443,5554.370333
2026-01-07 12:50:00+00:00,1.92438,1.92519,1.92343,1.92468,12689.293344
2026-01-07 12:55:00+00:00,1.9245,1.9245,1.92165,1.92309,34427.414433
2026-01-07 13:00:00+00:00,1.9237,1.92501,1.92181,1.9243,9682.191248
2026-01-07 13:05:00+00:00,1.9234,1.92373,1.915,1.92195,38085.726419
2026-01-07 13:10:00+00:00,1.91483,1.9184,1.91439,1.91517,49999.715727
2026-01-07 13:15:00+00:00,1.91516,1.92117,1.91452,1.91963,10952.072002
2026-01-07 13:20:00+00:00,1.92079,1.92809,1.92079,1.92601,52286.837795
2026-01-07 13:25:00+00:00,1.9273,1.9291,1.92591,1.9283,24781.31554
2026-01-07 13:30:00+00:00,1.92566,1.92616,1.9227,1.92613,22203.65158
2026-01-07 13:35:00+00:00,1.92439,1.92696,1.9229,1.92528,41065.528446
2026-01-07 13:40:00+00:00,1.92567,1.92631,1.92401,1.92541,9231.165041
2026-01-07 13:45:00+00:00,1.92555,1.92715,1.92304,1.92485,8032.07063
2026-01-07 13:50:00+00:00,1.9243,1.9243,1.91813,1.9191,28177.214545
2026-01-07 13:55:00+00:00,1.91824,1.9202,1.91719,1.91895,35256.680134
2026-01-07 14:00:00+00:00,1.91838,1.91838,1.90329,1.90936,143618.657434
2026-01-07 14:05:00+00:00,1.90913,1.90913,1.90215,1.90294,150163.524347
2026-01-07 14:10:00+00:00,1.9028,1.90426,1.89798,1.90277,163000.213267
2026-01-07 14:15:00+00:00,1.9015,1.90371,1.89235,1.89308,218814.261599
2026-01-07 14:20:00+00:00,1.89321,1.89775,1.89321,1.89441,120342.241503
2026-01-07 14:25:00+00:00,1.89473,1.89568,1.89,1.89159,246401.865073
2026-01-07 14:30:00+00:00,1.89209,1.90018,1.88616,1.89931,463605.212889
2026-01-07 14:35:00+00:00,1.89943,1.9073,1.89766,1.90163,215394.966837
2026-01-07 14:40:00+00:00,1.9032,1.9114,1.9032,1.90635,82695.770801
2026-01-07 14:45:00+00:00,1.90647,1.91,1.90092,1.90092,99368.959859
2026-01-07 14:50:00+00:00,1.90063,1.90638,1.89947,1.90415,55495.714281
2026-01-07 14:55:00+00:00,1.90534,1.9111,1.90294,1.90535,82129.971973
2026-01-07 15:00:00+00:00,1.90577,1.90689,1.88722,1.89152,226342.532713
2026-01-07 15:05:00+00:00,1.89134,1.89527,1.88819,1.89324,142283.490198
2026-01-07 15:10:00+00:00,1.89224,1.89348,1.88837,1.88936,98126.92583
2026-01-07 15:15:00+00:00,1.88948,1.88948,1.87022,1.87563,589748.702815
2026-01-07 15:20:00+00:00,1.87543,1.88069,1.8678,1.87894,239983.315747
2026-01-07 15:25:00+00:00,1.8793,1.88017,1.87251,1.8735,169578.394516
2026-01-07 15:30:00+00:00,1.87721,1.87755,1.8708,1.8735,267022.254925
2026-01-07 15:35:00+00:00,1.87514,1.88524,1.87348,1.88128,120610.975698
2026-01-07 15:40:00+00:00,1.87714,1.88149,1.87704,1.88,89783.603773
2026-01-07 15:45:00+00:00,1.87937,1.88075,1.87713,1.88057,50684.816924
2026-01-07 15:50:00+00:00,1.8819,1.88279,1.87777,1.87836,36424.823826
2026-01-07 15:55:00+00:00,1.87815,1.8791,1.87531,1.87789,200147.377601
2026-01-07 16:00:00+00:00,1.87748,1.8825,1.87615,1.88018,45718.119812
2026-01-07 16:05:00+00:00,1.88333,1.89051,1.883,1.88498,62365.863247
2026-01-07 16:10:00+00:00,1.89029,1.89498,1.88827,1.89468,78428.511532
2026-01-07 16:15:00+00:00,1.89431,1.89575,1.89218,1.89396,43367.25866
2026-01-07 16:20:00+00:00,1.89308,1.90196,1.8909,1.89877,66537.618881
2026-01-07 16:25:00+00:00,1.89707,1.8979,1.8917,1.89467,61791.219285
2026-01-07 16:30:00+00:00,1.89482,1.89617,1.88585,1.88743,116404.011868
2026-01-07 16:35:00+00:00,1.88786,1.88809,1.88181,1.88686,97671.995196
2026-01-07 16:40:00+00:00,1.88672,1.89394,1.8856,1.89276,45830.855339
2026-01-07 16:45:00+00:00,1.89318,1.89495,1.8892,1.8896,35104.044217
2026-01-07 16:50:00+00:00,1.88964,1.88974,1.88315,1.88368,50952.163298
2026-01-07 16:55:00+00:00,1.8852,1.88644,1.88129,1.88254,44661.172562
2026-01-07 17:00:00+00:00,1.88382,1.88407,1.87567,1.87943,117401.635271
2026-01-07 17:05:00+00:00,1.88187,1.88224,1.87937,1.88039,36697.31444
2026-01-07 17:10:00+00:00,1.88084,1.88102,1.87758,1.87855,27663.207392
2026-01-07 17:15:00+00:00,1.87871,1.88307,1.8782,1.88251,12515.526213
2026-01-07 17:20:00+00:00,1.8827,1.88911,1.8827,1.88869,49506.821764
2026-01-07 17:25:00+00:00,1.88597,1.88934,1.885,1.88801,16301.021361
2026-01-07 17:30:00+00:00,1.88711,1.88909,1.885,1.8867,5551.608075
2026-01-07 17:35:00+00:00,1.88704,1.88903,1.88571,1.88585,29241.125795
2026-01-07 17:40:00+00:00,1.88856,1.88912,1.88043,1.88199,23280.969483
2026-01-07 17:45:00+00:00,1.8839,1.88398,1.87881,1.87892,30503.462562
2026-01-07 17:50:00+00:00,1.87889,1.87928,1.87103,1.87552,77794.05624
2026-01-07 17:55:00+00:00,1.87485,1.8777,1.87464,1.87502,44222.95321
2026-01-07 18:00:00+00:00,1.8767,1.87704,1.87399,1.87588,30466.050945
2026-01-07 18:05:00+00:00,1.87495,1.87876,1.87346,1.87765,18465.189535
2026-01-07 18:10:00+00:00,1.87612,1.87629,1.87347,1.87629,66536.192052
2026-01-07 18:15:00+00:00,1.8767,1.87733,1.87354,1.87672,49550.08074
2026-01-07 18:20:00+00:00,1.87625,1.87869,1.87436,1.87548,27764.872099
2026-01-07 18:25:00+00:00,1.87465,1.87861,1.86971,1.8758,139016.567138
2026-01-07 18:30:00+00:00,1.8786,1.88477,1.8786,1.88328,135704.418556
2026-01-07 18:35:00+00:00,1.87601,1.88303,1.876,1.87652,20051.717092
2026-01-07 18:40:00+00:00,1.87725,1.8804,1.87463,1.87498,15357.807711
2026-01-07 18:45:00+00:00,1.87447,1.87876,1.87243,1.87876,47138.829928
2026-01-07 18:50:00+00:00,1.87778,1.87845,1.87176,1.87176,20887.368528
2026-01-07 18:55:00+00:00,1.87082,1.87337,1.86674,1.87148,147637.83778
2026-01-07 19:00:00+00:00,1.8717,1.87745,1.8717,1.87745,26767.793316
2026-01-07 19:05:00+00:00,1.87379,1.87662,1.86966,1.86966,8347.684322
2026-01-07 19:10:00+00:00,1.86955,1.87047,1.8618,1.86419,203950.411894
2026-01-07 19:15:00+00:00,1.8656,1.86682,1.8603,1.86371,148706.774576
2026-01-07 19:20:00+00:00,1.86329,1.86358,1.85902,1.85964,57872.827174
2026-01-07 19:25:00+00:00,1.86153,1.86295,1.85759,1.86295,146051.893857
2026-01-07 19:30:00+00:00,1.86339,1.87539,1.86329,1.8751,51903.690563
2026-01-07 19:35:00+00:00,1.87325,1.87894,1.87301,1.87734,34655.792457
2026-01-07 19:40:00+00:00,1.8746,1.87605,1.87406,1.87436,28576.156582
2026-01-07 19:45:00+00:00,1.87408,1.8762,1.87406,1.87597,9991.416972
2026-01-07 19:50:00+00:00,1.87638,1.88045,1.87633,1.87866,88119.617513
2026-01-07 19:55:00+00:00,1.87647,1.88036,1.87634,1.87634,57512.094305
2026-01-07 20:00:00+00:00,1.87647,1.8808,1.87414,1.87626,27115.954741
2026-01-07 20:05:00+00:00,1.87719,1.87936,1.87501,1.87648,6640.59445
2026-01-07 20:10:00+00:00,1.87683,1.8772,1.87115,1.87142,19961.642137
2026-01-07 20:15:00+00:00,1.87011,1.87166,1.86827,1.8714,15297.821658
2026-01-07 20:20:00+00:00,1.87185,1.87222,1.86,1.86,51261.000807
2026-01-07 20:25:00+00:00,1.85977,1.86511,1.85977,1.86411,32328.226241
2026-01-07 20:30:00+00:00,1.86468,1.86977,1.86431,1.8673,56224.007417
2026-01-07 20:35:00+00:00,1.86651,1.86979,1.86396,1.86897,66246.653219
2026-01-07 20:40:00+00:00,1.86881,1.87011,1.86149,1.8617,78666.405385
2026-01-07 20:45:00+00:00,1.86154,1.86316,1.858,1.85858,71455.76421
2026-01-07 20:50:00+00:00,1.86,1.86523,1.86,1.86389,26276.841564
2026-01-07 20:55:00+00:00,1.8631,1.86629,1.85993,1.85993,121901.428272
2026-01-07 21:00:00+00:00,1.85985,1.86391,1.85963,1.86062,73167.934943
2026-01-07 21:05:00+00:00,1.86087,1.86323,1.85912,1.86244,52116.025695
2026-01-07 21:10:00+00:00,1.8613,1.869,1.85947,1.86763,74516.221492
2026-01-07 21:15:00+00:00,1.86832,1.86855,1.86466,1.86634,7171.977661
2026-01-07 21:20:00+00:00,1.86544,1.8663,1.86349,1.86465,23159.289203
2026-01-07 21:25:00+00:00,1.86705,1.86948,1.86676,1.86893,31163.350854
2026-01-07 21:30:00+00:00,1.86972,1.87076,1.86777,1.86849,51213.665869
2026-01-07 21:35:00+00:00,1.86553,1.86883,1.8648,1.86552,111524.028813
2026-01-07 21:40:00+00:00,1.8661,1.8696,1.8661,1.86838,10759.825486
2026-01-07 21:45:00+00:00,1.86878,1.86887,1.86593,1.86706,84585.749366
2026-01-07 21:50:00+00:00,1.86712,1.86716,1.86447,1.8665,73752.903376
2026-01-07 21:55:00+00:00,1.8665,1.86719,1.86434,1.86526,36899.701212
2026-01-07 22:00:00+00:00,1.86508,1.86508,1.86005,1.86246,171151.059094
2026-01-07 22:05:00+00:00,1.86091,1.86816,1.86045,1.86782,20509.12433
2026-01-07 22:10:00+00:00,1.86829,1.8686,1.86519,1.86618,33406.674282
2026-01-07 22:15:00+00:00,1.86673,1.86738,1.8642,1.86599,5343.969056
2026-01-07 22:20:00+00:00,1.86568,1.86848,1.86568,1.86741,20338.37252
2026-01-07 22:25:00+00:00,1.8668,1.8668,1.8645,1.86565,64103.001004
2026-01-07 22:30:00+00:00,1.86552,1.87608,1.86546,1.87054,70791.544596
2026-01-07 22:35:00+00:00,1.87053,1.87118,1.86647,1.8682,38964.916186
2026-01-07 22:40:00+00:00,1.86811,1.86896,1.86591,1.86687,65043.227092
2026-01-07 22:45:00+00:00,1.86675,1.86813,1.86562,1.86562,50407.522419
2026-01-07 22:50:00+00:00,1.86561,1.86561,1.85533,1.86229,164651.830606
2026-01-07 22:55:00+00:00,1.86108,1.86108,1.85778,1.85853,63918.996182
2026-01-07 23:00:00+00:00,1.85578,1.85758,1.84236,1.84269,233639.870283
2026-01-07 23:05:00+00:00,1.84415,1.85422,1.842,1.84932,132465.45159
2026-01-07 23:10:00+00:00,1.8502,1.85672,1.84842,1.85672,15926.145434
2026-01-07 23:15:00+00:00,1.8576,1.86709,1.8576,1.86709,226229.338113
2026-01-07 23:20:00+00:00,1.86589,1.86589,1.85979,1.86431,89937.153471
2026-01-07 23:25:00+00:00,1.86485,1.86571,1.86051,1.86221,29953.49363
2026-01-07 23:30:00+00:00,1.86251,1.86463,1.85997,1.86251,6271.894959
2026-01-07 23:35:00+00:00,1.8579,1.86133,1.8558,1.85851,12753.635289
2026-01-07 23:40:00+00:00,1.85854,1.85977,1.85545,1.85854,27080.039175
2026-01-07 23:45:00+00:00,1.85579,1.85616,1.85135,1.85538,21156.786418
2026-01-07 23:50:00+00:00,1.85416,1.8559,1.85404,1.8559,8700.131646
2026-01-07 23:55:00+00:00,1.85657,1.85798,1.85305,1.85378,5652.067093
2026-01-08 00:00:00+00:00,1.854,1.8562,1.84538,1.85034,329089.711668
2026-01-08 00:05:00+00:00,1.85113,1.85464,1.85011,1.8524,16202.418567
2026-01-08 00:10:00+00:00,1.85208,1.85503,1.85106,1.85358,8810.824347
2026-01-08 00:15:00+00:00,1.85254,1.85302,1.84701,1.8481,21833.683224
2026-01-08 00:20:00+00:00,1.84747,1.84771,1.838,1.84482,164206.762141
2026-01-08 00:25:00+00:00,1.84516,1.84516,1.84166,1.84254,26736.818278
2026-01-08 00:30:00+00:00,1.84226,1.84377,1.84,1.84198,78828.381044
2026-01-08 00:35:00+00:00,1.84202,1.84322,1.83853,1.84155,82693.719045
2026-01-08 00:40:00+00:00,1.84269,1.84727,1.84236,1.84639,9562.828917
2026-01-08 00:45:00+00:00,1.84888,1.85586,1.84888,1.85329,54411.642679
2026-01-08 00:50:00+00:00,1.85265,1.86051,1.8511,1.86051,18249.482914
2026-01-08 00:55:00+00:00,1.86037,1.86037,1.8569,1.8569,14430.418638
2026-01-08 01:00:00+00:00,1.8576,1.86056,1.85688,1.85802,15022.81074
2026-01-08 01:05:00+00:00,1.85864,1.86025,1.85864,1.85983,4436.060793
2026-01-08 01:10:00+00:00,1.86191,1.86593,1.85855,1.86429,43121.940616
2026-01-08 01:15:00+00:00,1.86414,1.86416,1.8571,1.85876,19037.105115
2026-01-08 01:20:00+00:00,1.86138,1.86629,1.86035,1.86629,5296.37367
2026-01-08 01:25:00+00:00,1.86634,1.87178,1.8662,1.86979,103112.186849
2026-01-08 01:30:00+00:00,1.86618,1.87064,1.86618,1.87064,51623.572837
2026-01-08 01:35:00+00:00,1.87062,1.87244,1.86984,1.87055,29170.916541
2026-01-08 01:40:00+00:00,1.87262,1.87408,1.87007,1.87383,13728.99773
2026-01-08 01:45:00+00:00,1.87285,1.87576,1.87202,1.87319,9463.693106
2026-01-08 01:50:00+00:00,1.87249,1.87249,1.86806,1.86903,521.914301
2026-01-08 01:55:00+00:00,1.86869,1.8703,1.86868,1.87029,2592.250605
2026-01-08 02:00:00+00:00,1.86641,1.86763,1.85898,1.86005,6227.496953
2026-01-08 02:05:00+00:00,1.8608,1.8672,1.85922,1.8656,96066.744141
2026-01-08 02:10:00+00:00,1.86381,1.86623,1.86355,1.86623,10209.272552
2026-01-08 02:15:00+00:00,1.86574,1.87653,1.86573,1.87263,19035.638788
2026-01-08 02:20:00+00:00,1.87113,1.87306,1.86182,1.86185,35491.485034
2026-01-08 02:25:00+00:00,1.85977,1.86428,1.85977,1.8616,2356.856783
2026-01-08 02:30:00+00:00,1.85943,1.86255,1.85631,1.8572,5353.162889
2026-01-08 02:35:00+00:00,1.85621,1.85621,1.84864,1.85126,13804.332323
2026-01-08 02:40:00+00:00,1.85385,1.85499,1.85004,1.85249,5573.720896
2026-01-08 02:45:00+00:00,1.85283,1.85283,1.84946,1.85212,23529.584948
2026-01-08 02:50:00+00:00,1.85403,1.85601,1.85136,1.85538,29913.907081
2026-01-08 02:55:00+00:00,1.85454,1.8553,1.85322,1.85466,5079.486081
2026-01-08 03:00:00+00:00,1.8563,1.85869,1.85342,1.85861,2259.521015
2026-01-08 03:05:00+00:00,1.85889,1.86156,1.8582,1.85875,11292.133708
2026-01-08 03:10:00+00:00,1.8574,1.85846,1.8574,1.85824,1673.468776
2026-01-08 03:15:00+00:00,1.85865,1.85878,1.85232,1.85312,19224.314355
2026-01-08 03:20:00+00:00,1.85343,1.85529,1.85306,1.85306,1476.368843
2026-01-08 03:25:00+00:00,1.84974,1.85005,1.84572,1.8466,8496.927274
2026-01-08 03:30:00+00:00,1.84734,1.85351,1.84719,1.85038,5279.630586
2026-01-08 03:35:00+00:00,1.84991,1.85094,1.84961,1.85094,1239.726359
2026-01-08 03:40:00+00:00,1.8505,1.8505,1.83549,1.84908,42995.318798
2026-01-08 03:45:00+00:00,1.84,1.84271,1.83779,1.84271,50721.587925
2026-01-08 03:50:00+00:00,1.84202,1.84375,1.83767,1.83819,26868.90648
2026-01-08 03:55:00+00:00,1.83816,1.84123,1.83698,1.83926,33073.200628
2026-01-08 04:00:00+00:00,1.84401,1.84403,1.83922,1.84403,2444.858108
2026-01-08 04:05:00+00:00,1.84499,1.84499,1.83736,1.83741,2787.43904
2026-01-08 04:10:00+00:00,1.84313,1.84313,1.83726,1.8418,3344.982487
2026-01-08 04:15:00+00:00,1.84232,1.84483,1.84144,1.84219,6487.282135
2026-01-08 04:20:00+00:00,1.84289,1.8464,1.84281,1.8464,759.693342
2026-01-08 04:25:00+00:00,1.84679,1.85555,1.84679,1.85419,57933.371378
2026-01-08 04:30:00+00:00,1.85522,1.85875,1.85361,1.856,41717.702936
2026-01-08 04:35:00+00:00,1.85653,1.85653,1.85212,1.85233,3525.027482
2026-01-08 04:40:00+00:00,1.85199,1.85278,1.85006,1.85006,5646.894253
2026-01-08 04:45:00+00:00,1.85326,1.85358,1.8483,1.85099,2650.353876
2026-01-08 04:50:00+00:00,1.85096,1.85096,1.84887,1.84989,1947.503578
2026-01-08 04:55:00+00:00,1.84884,1.85091,1.84878,1.84878,1860.169193
2026-01-08 05:00:00+00:00,1.84865,1.8516,1.84689,1.85107,3611.985139
2026-01-08 05:05:00+00:00,1.85254,1.85281,1.85038,1.85281,2091.218066
2026-01-08 05:10:00+00:00,1.85119,1.85119,1.84947,1.8505,1326.533716
2026-01-08 05:15:00+00:00,1.8496,1.85078,1.84853,1.84929,13176.287236
2026-01-08 05:20:00+00:00,1.84921,1.8506,1.84769,1.84849,22454.601754
2026-01-08 05:25:00+00:00,1.8475,1.8475,1.84313,1.84313,10983.639956
2026-01-08 05:30:00+00:00,1.84387,1.84445,1.84183,1.8422,17430.346232
2026-01-08 05:35:00+00:00,1.84196,1.84398,1.84162,1.84398,12303.944193
2026-01-08 05:40:00+00:00,1.83915,1.84153,1.83558,1.83745,50073.222786
2026-01-08 05:45:00+00:00,1.83859,1.83864,1.83481,1.83864,35207.959077
2026-01-08 05:50:00+00:00,1.83871,1.83871,1.83357,1.83422,23436.398656
2026-01-08 05:55:00+00:00,1.83339,1.83381,1.83035,1.83381,22141.033716
2026-01-08 06:00:00+00:00,1.83296,1.83594,1.82829,1.8327,95391.504209
2026-01-08 06:05:00+00:00,1.82869,1.82893,1.82143,1.82449,86060.532412
2026-01-08 06:10:00+00:00,1.82564,1.82565,1.8193,1.82277,144035.598229
2026-01-08 06:15:00+00:00,1.82262,1.82277,1.8149,1.81574,136321.942697
2026-01-08 06:20:00+00:00,1.81607,1.8236,1.81607,1.81719,66949.944947
2026-01-08 06:25:00+00:00,1.81636,1.82043,1.81636,1.81998,37472.96888
2026-01-08 06:30:00+00:00,1.8227,1.82474,1.8199,1.8227,30212.524641
2026-01-08 06:35:00+00:00,1.82183,1.82534,1.82001,1.82237,26764.374009
2026-01-08 06:40:00+00:00,1.8238,1.82428,1.8216,1.82231,27724.725061
2026-01-08 06:45:00+00:00,1.82186,1.82257,1.81061,1.81061,114596.305062
2026-01-08 06:50:00+00:00,1.81133,1.81486,1.80883,1.80951,212002.958117
2026-01-08 06:55:00+00:00,1.81,1.81105,1.80251,1.80251,147490.243856
2026-01-08 07:00:00+00:00,1.8003,1.80571,1.79339,1.79698,597587.001722
2026-01-08 07:05:00+00:00,1.79716,1.80609,1.79471,1.80419,127360.3586
2026-01-08 07:10:00+00:00,1.80831,1.81117,1.80457,1.80985,194380.775186
2026-01-08 07:15:00+00:00,1.80762,1.80992,1.80617,1.80888,54604.485499
2026-01-08 07:20:00+00:00,1.80718,1.80953,1.80328,1.8079,29213.81493
2026-01-08 07:25:00+00:00,1.80776,1.81116,1.8057,1.81094,58808.760191
2026-01-08 07:30:00+00:00,1.81123,1.81304,1.80845,1.81233,31979.881739
2026-01-08 07:35:00+00:00,1.8138,1.82227,1.80623,1.8071,375629.082063
2026-01-08 07:40:00+00:00,1.807,1.812,1.80524,1.81139,92261.801781
2026-01-08 07:45:00+00:00,1.81165,1.81389,1.80821,1.80821,91369.757779
2026-01-08 07:50:00+00:00,1.80832,1.8114,1.80816,1.81104,32052.7435
2026-01-08 07:55:00+00:00,1.81112,1.81443,1.80988,1.81323,70949.804175
2026-01-08 08:00:00+00:00,1.81547,1.81789,1.81292,1.81739,113889.877414
2026-01-08 08:05:00+00:00,1.8191,1.81989,1.81653,1.81852,84951.806159
2026-01-08 08:10:00+00:00,1.81981,1.82269,1.81842,1.8204,185272.962268
2026-01-08 08:15:00+00:00,1.82203,1.82503,1.82003,1.82471,103589.390239
2026-01-08 08:20:00+00:00,1.82555,1.82579,1.81922,1.82207,69885.355515
2026-01-08 08:25:00+00:00,1.82207,1.82451,1.82207,1.82386,87462.030686
2026-01-08 08:30:00+00:00,1.8238,1.82569,1.81574,1.816,67829.162224
2026-01-08 08:35:00+00:00,1.81781,1.81781,1.81218,1.81272,63405.275532
2026-01-08 08:40:00+00:00,1.81223,1.81451,1.812,1.81379,71422.545805
2026-01-08 08:45:00+00:00,1.8122,1.81351,1.80917,1.81006,42454.715921
2026-01-08 08:50:00+00:00,1.81014,1.8115,1.80432,1.80831,103343.45321
2026-01-08 08:55:00+00:00,1.80828,1.80884,1.8051,1.8079,26804.023616
2026-01-08 09:00:00+00:00,1.8091,1.81237,1.80574,1.8078,25595.519966
2026-01-08 09:05:00+00:00,1.80965,1.8157,1.80875,1.81514,24434.757334
2026-01-08 09:10:00+00:00,1.81218,1.81567,1.8106,1.8116,15234.376
2026-01-08 09:15:00+00:00,1.81088,1.81088,1.80085,1.80202,134531.927853
2026-01-08 09:20:00+00:00,1.80224,1.80224,1.7979,1.7995,65069.476867
2026-01-08 09:25:00+00:00,1.79948,1.8006,1.79862,1.79986,98877.260533
2026-01-08 09:30:00+00:00,1.80044,1.80396,1.80042,1.80369,48055.384123
2026-01-08 09:35:00+00:00,1.8041,1.8041,1.80208,1.80389,5632.066489
2026-01-08 09:40:00+00:00,1.8024,1.8024,1.8,1.8014,18664.126236
2026-01-08 09:45:00+00:00,1.80188,1.80438,1.79922,1.80423,7295.504319
2026-01-08 09:50:00+00:00,1.80441,1.80547,1.79825,1.799,26777.001284
2026-01-08 09:55:00+00:00,1.7997,1.80006,1.79227,1.79439,214683.320082
2026-01-08 10:00:00+00:00,1.78439,1.79483,1.78135,1.78505,364563.477906
2026-01-08 10:05:00+00:00,1.78508,1.79153,1.78508,1.78711,81436.835194
2026-01-08 10:10:00+00:00,1.7875,1.79156,1.78556,1.7884,73205.366793
2026-01-08 10:15:00+00:00,1.79063,1.79343,1.78948,1.79237,40642.076577
2026-01-08 10:20:00+00:00,1.79255,1.80076,1.79122,1.79966,66413.94085
2026-01-08 10:25:00+00:00,1.7994,1.80246,1.79852,1.7994,31201.157762
2026-01-08 10:30:00+00:00,1.7984,1.7995,1.79364,1.79364,42587.601233
2026-01-08 10:35:00+00:00,1.7965,1.79929,1.79482,1.79523,39015.161366
2026-01-08 10:40:00+00:00,1.79592,1.7985,1.79521,1.79554,99698.495491
2026-01-08 10:45:00+00:00,1.79613,1.80045,1.79598,1.79956,60047.212648
2026-01-08 10:50:00+00:00,1.799,1.80049,1.79755,1.79928,29613.042957
2026-01-08 10:55:00+00:00,1.79965,1.80272,1.79898,1.79962,72158.863656
2026-01-08 11:00:00+00:00,1.7993,1.80133,1.79889,1.79978,91929.428649
2026-01-08 11:05:00+00:00,1.7983,1.7983,1.7904,1.79065,50256.308982
2026-01-08 11:10:00+00:00,1.7917,1.7936,1.79111,1.79111,16790.13272
2026-01-08 11:15:00+00:00,1.79326,1.79723,1.79214,1.79376,137628.801259
2026-01-08 11:20:00+00:00,1.7907,1.79138,1.78522,1.79133,143732.191692
2026-01-08 11:25:00+00:00,1.791,1.79531,1.7897,1.79504,21174.427554
2026-01-08 11:30:00+00:00,1.79474,1.79585,1.78696,1.78788,159497.790292
2026-01-08 11:35:00+00:00,1.78792,1.78792,1.78216,1.78277,162646.068313
2026-01-08 11:40:00+00:00,1.78226,1.78703,1.78226,1.7834,45965.533442
2026-01-08 11:45:00+00:00,1.78302,1.78619,1.781,1.78619,104576.586312
2026-01-08 11:50:00+00:00,1.78698,1.79031,1.78614,1.78871,67013.586836
2026-01-08 11:55:00+00:00,1.78843,1.79082,1.78749,1.7897,34383.508939
2026-01-08 12:00:00+00:00,1.78971,1.78971,1.78371,1.78371,99964.802082
2026-01-08 12:05:00+00:00,1.7855,1.78571,1.7744,1.77764,391124.046952
2026-01-08 12:10:00+00:00,1.77736,1.78285,1.77641,1.77999,123245.703515
2026-01-08 12:15:00+00:00,1.7807,1.78434,1.78046,1.78303,73024.859157
2026-01-08 12:20:00+00:00,1.78387,1.78608,1.78284,1.78513,80652.947562
2026-01-08 12:25:00+00:00,1.78474,1.78578,1.78245,1.78343,28217.295432
2026-01-08 12:30:00+00:00,1.7833,1.78454,1.77789,1.77789,34625.741437
2026-01-08 12:35:00+00:00,1.77834,1.77947,1.7744,1.77817,37114.35746
2026-01-08 12:40:00+00:00,1.7769,1.78053,1.77592,1.7792,75722.890852
2026-01-08 12:45:00+00:00,1.77908,1.77981,1.77581,1.77605,78006.549482
2026-01-08 12:50:00+00:00,1.7758,1.78046,1.77409,1.77555,43020.672553
2026-01-08 12:55:00+00:00,1.7768,1.78181,1.7768,1.78157,66849.504302
2026-01-08 13:00:00+00:00,1.78099,1.7839,1.77987,1.78111,47098.248531
2026-01-08 13:05:00+00:00,1.78041,1.78222,1.77883,1.78188,80125.279087
2026-01-08 13:10:00+00:00,1.78159,1.78644,1.78159,1.78332,66732.217917
2026-01-08 13:15:00+00:00,1.78312,1.78483,1.78048,1.78409,55764.681188
2026-01-08 13:20:00+00:00,1.78321,1.7876,1.78235,1.78709,46986.102736
2026-01-08 13:25:00+00:00,1.7872,1.7906,1.7866,1.78938,83505.427455
2026-01-08 13:30:00+00:00,1.79,1.7924,1.78439,1.78671,58434.406307
2026-01-08 13:35:00+00:00,1.78633,1.78671,1.78354,1.78671,22366.181958
2026-01-08 13:40:00+00:00,1.78716,1.78994,1.7857,1.78892,28468.587959
2026-01-08 13:45:00+00:00,1.78901,1.79054,1.78696,1.7888,32421.099947
2026-01-08 13:50:00+00:00,1.78807,1.789,1.78536,1.7885,26119.325144
2026-01-08 13:55:00+00:00,1.78743,1.79106,1.78742,1.78819,16352.391819
2026-01-08 14:00:00+00:00,1.7878,1.78832,1.78278,1.7842,81410.604645
2026-01-08 14:05:00+00:00,1.7823,1.78958,1.77955,1.7841,100966.798359
2026-01-08 14:10:00+00:00,1.78808,1.79231,1.78741,1.7891,237060.685177
2026-01-08 14:15:00+00:00,1.78852,1.78945,1.78432,1.78451,39247.984716
2026-01-08 14:20:00+00:00,1.78399,1.7852,1.7806,1.78153,18420.425601
2026-01-08 14:25:00+00:00,1.78136,1.78136,1.77219,1.77933,120252.492047
2026-01-08 14:30:00+00:00,1.77914,1.7889,1.77503,1.7861,299581.531489
2026-01-08 14:35:00+00:00,1.7874,1.78799,1.77991,1.78269,28559.316333
2026-01-08 14:40:00+00:00,1.78117,1.78484,1.77229,1.77231,196023.816914
2026-01-08 14:45:00+00:00,1.77325,1.78848,1.7635,1.78604,932194.929197
2026-01-08 14:50:00+00:00,1.78341,1.79797,1.78321,1.79105,244246.821504
2026-01-08 14:55:00+00:00,1.79136,1.79319,1.78762,1.78945,91367.205265
2026-01-08 15:00:00+00:00,1.78636,1.78715,1.77625,1.77884,53461.369056
2026-01-08 15:05:00+00:00,1.7801,1.78924,1.77979,1.78062,316077.419429
2026-01-08 15:10:00+00:00,1.7879,1.80044,1.78738,1.79884,207625.393184
2026-01-08 15:15:00+00:00,1.79942,1.80453,1.79679,1.79793,241497.813825
2026-01-08 15:20:00+00:00,1.80291,1.80944,1.802,1.80703,333499.389689
2026-01-08 15:25:00+00:00,1.80808,1.81092,1.80668,1.80955,148918.881675
2026-01-08 15:30:00+00:00,1.80922,1.81316,1.80379,1.80415,166921.815626
2026-01-08 15:35:00+00:00,1.80411,1.80547,1.79967,1.80305,54254.599621
2026-01-08 15:40:00+00:00,1.8059,1.813,1.8059,1.80693,45985.574388
2026-01-08 15:45:00+00:00,1.80751,1.80966,1.80503,1.80849,30833.195161
2026-01-08 15:50:00+00:00,1.80905,1.81093,1.80805,1.80991,22625.443385
2026-01-08 15:55:00+00:00,1.81093,1.82321,1.81034,1.82273,215218.090213
2026-01-08 16:00:00+00:00,1.82316,1.82936,1.82277,1.8238,543692.043659
2026-01-08 16:05:00+00:00,1.82857,1.83225,1.8235,1.82671,337787.851968
2026-01-08 16:10:00+00:00,1.8276,1.8276,1.823,1.82469,100499.694989
2026-01-08 16:15:00+00:00,1.8242,1.82538,1.8135,1.82127,202239.144085
2026-01-08 16:20:00+00:00,1.81404,1.82265,1.81122,1.82156,84003.395384
2026-01-08 16:25:00+00:00,1.82197,1.82798,1.82032,1.82472,120017.350276
2026-01-08 16:30:00+00:00,1.82353,1.82353,1.81901,1.81901,101515.298174
2026-01-08 16:35:00+00:00,1.815,1.81888,1.81151,1.81534,46434.364995
2026-01-08 16:40:00+00:00,1.81543,1.83,1.81419,1.82756,56713.435733
2026-01-08 16:45:00+00:00,1.82731,1.83534,1.82731,1.82955,151626.77464
2026-01-08 16:50:00+00:00,1.83352,1.83754,1.83191,1.83571,172825.365729
2026-01-08 16:55:00+00:00,1.83522,1.83995,1.83285,1.83995,256195.916025
2026-01-08 17:00:00+00:00,1.84,1.84346,1.8352,1.84314,239679.677781
2026-01-08 17:05:00+00:00,1.84101,1.84862,1.8398,1.84797,242450.056363
2026-01-08 17:10:00+00:00,1.84799,1.85048,1.84507,1.84507,381130.630878
2026-01-08 17:15:00+00:00,1.8415,1.8477,1.84093,1.84248,235112.443308
2026-01-08 17:20:00+00:00,1.84223,1.84632,1.84001,1.84161,54942.243105
2026-01-08 17:25:00+00:00,1.84145,1.84278,1.83571,1.83624,64047.486614
2026-01-08 17:30:00+00:00,1.83601,1.8401,1.83597,1.8399,131790.64071
2026-01-08 17:35:00+00:00,1.84454,1.84575,1.84052,1.8443,75051.205462
2026-01-08 17:40:00+00:00,1.84532,1.84733,1.84371,1.84565,59990.47604
2026-01-08 17:45:00+00:00,1.84635,1.84942,1.84517,1.84718,123791.056617
2026-01-08 17:50:00+00:00,1.84784,1.8537,1.84766,1.85221,137675.284125
2026-01-08 17:55:00+00:00,1.85341,1.86178,1.8529,1.85677,241291.308468
2026-01-08 18:00:00+00:00,1.85643,1.85777,1.85219,1.8527,111504.102726
2026-01-08 18:05:00+00:00,1.85202,1.85292,1.84973,1.85151,157799.236789
2026-01-08 18:10:00+00:00,1.8526,1.85295,1.84282,1.84295,112412.659493
2026-01-08 18:15:00+00:00,1.83933,1.8427,1.83724,1.83937,206801.667616
2026-01-08 18:20:00+00:00,1.84203,1.84311,1.8366,1.8366,66518.143235
2026-01-08 18:25:00+00:00,1.83643,1.83961,1.83643,1.83961,16607.94257
2026-01-08 18:30:00+00:00,1.8402,1.84273,1.83183,1.8321,117804.867163
2026-01-08 18:35:00+00:00,1.83291,1.8348,1.82686,1.82686,128046.808486
2026-01-08 18:40:00+00:00,1.82721,1.82961,1.82252,1.82821,122433.765638
2026-01-08 18:45:00+00:00,1.82838,1.83501,1.82785,1.83091,95709.648873
2026-01-08 18:50:00+00:00,1.83464,1.83689,1.83432,1.83689,10632.87629
2026-01-08 18:55:00+00:00,1.8344,1.8345,1.8319,1.83383,29339.594643
2026-01-08 19:00:00+00:00,1.83526,1.83977,1.83045,1.83977,58830.042505
2026-01-08 19:05:00+00:00,1.83826,1.84327,1.83826,1.84005,78283.373819
2026-01-08 19:10:00+00:00,1.8391,1.84206,1.83807,1.84,50085.020264
2026-01-08 19:15:00+00:00,1.83472,1.83844,1.83089,1.83643,96820.974691
2026-01-08 19:20:00+00:00,1.83577,1.83996,1.83577,1.83786,43461.211075
2026-01-08 19:25:00+00:00,1.83743,1.83743,1.83501,1.83519,26439.937192
2026-01-08 19:30:00+00:00,1.83601,1.84424,1.83601,1.84424,81220.076309
2026-01-08 19:35:00+00:00,1.84382,1.84458,1.84208,1.84321,172625.988252
2026-01-08 19:40:00+00:00,1.84211,1.84269,1.83737,1.8389,165219.00385
2026-01-08 19:45:00+00:00,1.8391,1.84084,1.83688,1.83859,28179.361499
2026-01-08 19:50:00+00:00,1.84035,1.84091,1.8348,1.83496,21375.111297
2026-01-08 19:55:00+00:00,1.83428,1.83547,1.82845,1.83248,18414.285712
2026-01-08 20:00:00+00:00,1.83084,1.83084,1.81905,1.82,140198.753768
2026-01-08 20:05:00+00:00,1.82,1.82062,1.81643,1.81786,117801.367637
2026-01-08 20:10:00+00:00,1.82098,1.82335,1.81805,1.82086,113023.021774
2026-01-08 20:15:00+00:00,1.81756,1.8211,1.81734,1.81863,107192.682203
2026-01-08 20:20:00+00:00,1.8194,1.82023,1.81668,1.81746,58956.114605
2026-01-08 20:25:00+00:00,1.81573,1.81712,1.81301,1.81604,103096.943393
2026-01-08 20:30:00+00:00,1.81625,1.81899,1.81625,1.81843,46224.262266
2026-01-08 20:35:00+00:00,1.8196,1.8259,1.8196,1.82407,37634.296309
2026-01-08 20:40:00+00:00,1.82356,1.8256,1.82258,1.82281,34122.023922
2026-01-08 20:45:00+00:00,1.82301,1.82509,1.82257,1.82403,23943.4128
2026-01-08 20:50:00+00:00,1.821,1.82846,1.8205,1.82673,59507.591018
2026-01-08 20:55:00+00:00,1.82817,1.83104,1.82212,1.82616,32602.992221
2026-01-08 21:00:00+00:00,1.8251,1.82682,1.82253,1.82616,60823.225712
2026-01-08 21:05:00+00:00,1.82677,1.83,1.82643,1.82658,33833.956058
2026-01-08 21:10:00+00:00,1.8288,1.83108,1.826,1.82835,37444.639647
2026-01-08 21:15:00+00:00,1.8258,1.8296,1.82485,1.82712,34387.621275
2026-01-08 21:20:00+00:00,1.82698,1.82809,1.82473,1.82662,88705.823849
2026-01-08 21:25:00+00:00,1.8257,1.82854,1.82476,1.82569,154168.618826
2026-01-08 21:30:00+00:00,1.82578,1.83185,1.82466,1.83185,53548.24888
2026-01-08 21:35:00+00:00,1.83227,1.83901,1.83227,1.83408,29341.258805
2026-01-08 21:40:00+00:00,1.83755,1.83755,1.83323,1.83323,61098.053202
2026-01-08 21:45:00+00:00,1.83115,1.83348,1.82955,1.83072,26223.107813
2026-01-08 21:50:00+00:00,1.83041,1.8352,1.83041,1.8347,5594.37434
2026-01-08 21:55:00+00:00,1.83539,1.83684,1.83437,1.83444,26666.481288
2026-01-08 22:00:00+00:00,1.8344,1.8394,1.83276,1.83626,131649.734949
2026-01-08 22:05:00+00:00,1.83553,1.83678,1.83275,1.83421,66399.030195
2026-01-08 22:10:00+00:00,1.8335,1.8415,1.83258,1.83917,121238.93515
2026-01-08 22:15:00+00:00,1.83439,1.83911,1.83394,1.83451,27265.741948
2026-01-08 22:20:00+00:00,1.83463,1.8359,1.8323,1.8359,23236.018214
2026-01-08 22:25:00+00:00,1.8354,1.8354,1.83002,1.83375,8676.775765
2026-01-08 22:30:00+00:00,1.83321,1.83321,1.8279,1.82985,63049.095672
2026-01-08 22:35:00+00:00,1.82299,1.83004,1.8193,1.82021,64206.662242
2026-01-08 22:40:00+00:00,1.82077,1.82404,1.82077,1.822,46612.726798
2026-01-08 22:45:00+00:00,1.822,1.82671,1.82191,1.82558,57989.464891
2026-01-08 22:50:00+00:00,1.82775,1.82876,1.82701,1.8282,2261.747176
2026-01-08 22:55:00+00:00,1.82913,1.82934,1.82735,1.829,14141.717888
2026-01-08 23:00:00+00:00,1.82954,1.83105,1.82759,1.82856,44180.807173
2026-01-08 23:05:00+00:00,1.82973,1.83073,1.82709,1.82828,4260.980638
2026-01-08 23:10:00+00:00,1.82821,1.82821,1.8235,1.82401,40485.399988
2026-01-08 23:15:00+00:00,1.82678,1.8279,1.82468,1.82715,4916.08978
2026-01-08 23:20:00+00:00,1.82592,1.82774,1.82592,1.8276,732.656831
2026-01-08 23:25:00+00:00,1.82515,1.82813,1.82512,1.82813,1457.235282
2026-01-08 23:30:00+00:00,1.82784,1.82798,1.82384,1.82384,3234.441051
2026-01-08 23:35:00+00:00,1.8238,1.8257,1.82355,1.82479,29729.499428
2026-01-08 23:40:00+00:00,1.82539,1.8257,1.82514,1.82521,12972.800085
2026-01-08 23:45:00+00:00,1.82449,1.8255,1.82344,1.82421,23517.051641
2026-01-08 23:55:00+00:00,1.82096,1.82096,1.819,1.81993,3943.142317
2026-01-09 00:00:00+00:00,1.82003,1.822,1.81872,1.822,14393.23279
2026-01-09 00:05:00+00:00,1.82247,1.82247,1.82017,1.82155,53073.055459
2026-01-09 00:10:00+00:00,1.82067,1.82188,1.82004,1.82188,39740.500959
2026-01-09 00:15:00+00:00,1.82173,1.82321,1.82074,1.8224,11034.868905
2026-01-09 00:20:00+00:00,1.82289,1.82456,1.82194,1.82456,3757.732848
2026-01-09 00:25:00+00:00,1.82472,1.82492,1.8218,1.8218,4645.128518
2026-01-09 00:30:00+00:00,1.82223,1.82623,1.82223,1.82623,22296.577495
2026-01-09 00:35:00+00:00,1.82495,1.82793,1.82458,1.82782,2287.007466
2026-01-09 00:40:00+00:00,1.82793,1.8308,1.82773,1.8308,14898.775631
2026-01-09 00:45:00+00:00,1.83042,1.83213,1.83042,1.83185,4610.706086
2026-01-09 00:50:00+00:00,1.83132,1.832,1.82931,1.82931,2727.460269
2026-01-09 00:55:00+00:00,1.82856,1.83002,1.82807,1.82807,4626.259512
2026-01-09 01:00:00+00:00,1.82957,1.83039,1.82727,1.8303,20299.968209
2026-01-09 01:05:00+00:00,1.82935,1.82998,1.82718,1.82834,5931.908116
2026-01-09 01:10:00+00:00,1.8279,1.82805,1.82694,1.82805,3832.026322
2026-01-09 01:15:00+00:00,1.82772,1.83011,1.82762,1.82868,1231.229751
2026-01-09 01:20:00+00:00,1.8279,1.82859,1.82444,1.82444,1872.909348
2026-01-09 01:25:00+00:00,1.82338,1.83611,1.81705,1.83445,53015.497144
2026-01-09 01:30:00+00:00,1.83754,1.83754,1.82139,1.82139,67648.318561
2026-01-09 01:35:00+00:00,1.82166,1.82166,1.81469,1.81608,85168.525967
2026-01-09 01:40:00+00:00,1.81691,1.81691,1.812,1.8152,10167.509441
2026-01-09 01:45:00+00:00,1.81576,1.8187,1.81572,1.817,17043.540294
2026-01-09 01:50:00+00:00,1.8154,1.8154,1.80943,1.81282,69218.422489
2026-01-09 01:55:00+00:00,1.81273,1.8138,1.81073,1.81128,23238.778628
2026-01-09 02:00:00+00:00,1.81018,1.81954,1.80934,1.81836,57519.211729
2026-01-09 02:05:00+00:00,1.81997,1.82838,1.81997,1.82625,7882.844784
2026-01-09 02:10:00+00:00,1.82812,1.83222,1.8274,1.83163,64578.931931
2026-01-09 02:15:00+00:00,1.83134,1.83164,1.82754,1.82754,10245.30111
2026-01-09 02:20:00+00:00,1.8289,1.83052,1.8282,1.8289,4885.55978
2026-01-09 02:25:00+00:00,1.82862,1.82885,1.82715,1.82715,2298.908611
2026-01-09 02:30:00+00:00,1.82735,1.82735,1.82333,1.82369,3090.948325
2026-01-09 02:35:00+00:00,1.82406,1.82468,1.82375,1.82375,2720.179345
2026-01-09 02:40:00+00:00,1.8217,1.8241,1.8217,1.8241,4033.124247
2026-01-09 02:45:00+00:00,1.82528,1.82528,1.81922,1.81922,2407.555353
2026-01-09 02:50:00+00:00,1.81828,1.81828,1.8168,1.8168,2451.405998
2026-01-09 02:55:00+00:00,1.81622,1.81671,1.81622,1.81671,72.173888
2026-01-09 03:00:00+00:00,1.8174,1.8181,1.81546,1.8181,2668.713313
2026-01-09 03:05:00+00:00,1.8188,1.8215,1.8188,1.82142,51461.675384
2026-01-09 03:10:00+00:00,1.82099,1.824,1.82099,1.82225,9172.662455
2026-01-09 03:15:00+00:00,1.8238,1.82416,1.82112,1.82265,2154.028272
2026-01-09 03:20:00+00:00,1.8239,1.82569,1.82086,1.82087,2440.370957
2026-01-09 03:25:00+00:00,1.81787,1.81787,1.81701,1.81701,432.766361
2026-01-09 03:30:00+00:00,1.8175,1.81979,1.81736,1.81979,33324.601921
2026-01-09 03:35:00+00:00,1.81908,1.82446,1.81908,1.82387,35490.781295
2026-01-09 03:40:00+00:00,1.82358,1.82384,1.82236,1.82384,1699.749431
2026-01-09 03:45:00+00:00,1.82341,1.82877,1.82341,1.82877,1143.919959
2026-01-09 03:50:00+00:00,1.82778,1.8288,1.82693,1.8288,790.770292
2026-01-09 03:55:00+00:00,1.82913,1.83148,1.82913,1.83148,18044.163359
2026-01-09 04:00:00+00:00,1.82979,1.83214,1.82851,1.83015,9673.419395
2026-01-09 04:05:00+00:00,1.82877,1.82877,1.82585,1.82611,27403.492684
2026-01-09 04:10:00+00:00,1.8251,1.82672,1.82482,1.82482,8903.438105
2026-01-09 04:15:00+00:00,1.82424,1.82583,1.82424,1.82565,1563.714901
2026-01-09 04:20:00+00:00,1.82517,1.82627,1.82492,1.82555,9566.715741
2026-01-09 04:25:00+00:00,1.8274,1.82849,1.82724,1.82849,2446.984308
2026-01-09 04:30:00+00:00,1.82884,1.83046,1.82731,1.82731,31874.684904
2026-01-09 04:35:00+00:00,1.82662,1.82662,1.82397,1.82397,258.868449
2026-01-09 04:40:00+00:00,1.8261,1.82798,1.8246,1.82777,4872.312668
2026-01-09 04:45:00+00:00,1.82813,1.82814,1.82802,1.82814,2733.832231
2026-01-09 04:50:00+00:00,1.82687,1.82731,1.8246,1.8246,5762.845733
2026-01-09 04:55:00+00:00,1.8255,1.8255,1.82397,1.82446,6596.646266
2026-01-09 05:00:00+00:00,1.82587,1.82909,1.82587,1.82909,1256.162269
2026-01-09 05:05:00+00:00,1.8291,1.8295,1.82623,1.82805,3896.70518
2026-01-09 05:10:00+00:00,1.828,1.8294,1.82699,1.82713,19442.177636
2026-01-09 05:15:00+00:00,1.8291,1.8302,1.82414,1.82428,3623.535675
2026-01-09 05:20:00+00:00,1.82484,1.82541,1.82247,1.82484,2077.013084
2026-01-09 05:25:00+00:00,1.82608,1.82673,1.82605,1.82605,606.989441
2026-01-09 05:30:00+00:00,1.82633,1.83005,1.82633,1.8286,87099.682357
2026-01-09 05:35:00+00:00,1.828,1.829,1.82475,1.8285,2990.249613
2026-01-09 05:40:00+00:00,1.83027,1.8311,1.8282,1.82821,61043.543136
2026-01-09 05:45:00+00:00,1.82833,1.8307,1.82833,1.82926,4987.046579
2026-01-09 05:50:00+00:00,1.82909,1.83215,1.82884,1.83182,8369.865372
2026-01-09 05:55:00+00:00,1.83176,1.83378,1.83176,1.83341,13215.649449
2026-01-09 06:00:00+00:00,1.83358,1.83384,1.82968,1.82968,297.695385
2026-01-09 06:05:00+00:00,1.8301,1.8301,1.82744,1.82886,10021.612612
2026-01-09 06:10:00+00:00,1.82992,1.83092,1.82884,1.82935,88909.65909
2026-01-09 06:15:00+00:00,1.82935,1.83233,1.82932,1.83081,7077.484409
2026-01-09 06:20:00+00:00,1.82791,1.8324,1.82791,1.83007,4183.446773
2026-01-09 06:25:00+00:00,1.8301,1.83055,1.82866,1.82928,3690.149368
2026-01-09 06:30:00+00:00,1.82888,1.83554,1.82861,1.83544,9841.532536
2026-01-09 06:35:00+00:00,1.83604,1.83634,1.83518,1.83566,4829.722468
2026-01-09 06:40:00+00:00,1.83728,1.84162,1.83611,1.83995,20064.135782
2026-01-09 06:45:00+00:00,1.83906,1.83977,1.8374,1.83977,25759.356911
2026-01-09 06:50:00+00:00,1.83874,1.83967,1.83721,1.83721,6921.820426
2026-01-09 06:55:00+00:00,1.83906,1.83908,1.83768,1.83886,9663.146503
2026-01-09 07:00:00+00:00,1.83931,1.83984,1.8356,1.83583,86869.174574
2026-01-09 07:05:00+00:00,1.83648,1.83648,1.83195,1.83404,10060.309803
2026-01-09 07:10:00+00:00,1.83406,1.83637,1.83363,1.83529,9403.847499
2026-01-09 07:15:00+00:00,1.8348,1.8348,1.8335,1.83359,41496.989677
2026-01-09 07:20:00+00:00,1.83492,1.83705,1.83264,1.83505,31463.866961
2026-01-09 07:25:00+00:00,1.834,1.83405,1.83195,1.83404,13592.129071
2026-01-09 07:30:00+00:00,1.83435,1.83435,1.83,1.83,44793.368384
2026-01-09 07:35:00+00:00,1.8304,1.832,1.82935,1.83171,13198.569505
2026-01-09 07:40:00+00:00,1.83141,1.83141,1.82947,1.83086,10773.01699
2026-01-09 07:45:00+00:00,1.8288,1.8294,1.82629,1.8272,14391.808084
2026-01-09 07:50:00+00:00,1.82641,1.82721,1.825,1.825,65093.395656
2026-01-09 07:55:00+00:00,1.82523,1.82523,1.81844,1.81844,61855.728035
2026-01-09 08:00:00+00:00,1.81988,1.82131,1.81382,1.81571,169840.565477
2026-01-09 08:05:00+00:00,1.8151,1.81903,1.81448,1.81872,41847.173855
2026-01-09 08:10:00+00:00,1.8196,1.82035,1.81798,1.81988,22824.215966
2026-01-09 08:15:00+00:00,1.81702,1.81941,1.81686,1.81941,20643.863295
2026-01-09 08:20:00+00:00,1.81874,1.82207,1.81856,1.8219,11891.584118
2026-01-09 08:25:00+00:00,1.82181,1.82196,1.8152,1.8152,25712.435368
2026-01-09 08:30:00+00:00,1.81685,1.81712,1.80961,1.80981,133766.137199
2026-01-09 08:35:00+00:00,1.81062,1.81199,1.80518,1.806,177242.974733
2026-01-09 08:40:00+00:00,1.80575,1.80822,1.80134,1.80721,160850.210819
2026-01-09 08:45:00+00:00,1.80161,1.8027,1.78016,1.78351,422937.242974
2026-01-09 08:50:00+00:00,1.78255,1.78635,1.77805,1.77805,183533.085447
2026-01-09 08:55:00+00:00,1.78134,1.78821,1.7808,1.78733,125944.392872
2026-01-09 09:00:00+00:00,1.78804,1.7991,1.78804,1.79529,79118.379029
2026-01-09 09:05:00+00:00,1.7955,1.79831,1.7935,1.79735,33034.593999
2026-01-09 09:10:00+00:00,1.79837,1.79837,1.7957,1.7959,24218.811613
2026-01-09 09:15:00+00:00,1.7967,1.7967,1.79305,1.79502,44708.203972
2026-01-09 09:20:00+00:00,1.79644,1.79868,1.79526,1.797,13407.441097
2026-01-09 09:25:00+00:00,1.79522,1.80941,1.79493,1.80877,179829.184304
2026-01-09 09:30:00+00:00,1.80613,1.80613,1.8004,1.8023,33504.004087
2026-01-09 09:35:00+00:00,1.80219,1.80271,1.80025,1.80154,25704.150273
2026-01-09 09:40:00+00:00,1.80183,1.80578,1.80153,1.8048,18972.227776
2026-01-09 09:45:00+00:00,1.80359,1.80402,1.80105,1.80168,25175.635187
2026-01-09 09:50:00+00:00,1.80243,1.80401,1.8016,1.8026,6485.695663
2026-01-09 09:55:00+00:00,1.80286,1.80292,1.79819,1.79948,22518.894923
2026-01-09 10:00:00+00:00,1.79919,1.80012,1.79679,1.79729,7975.301779
2026-01-09 10:05:00+00:00,1.79941,1.80331,1.7994,1.80331,23839.009953
2026-01-09 10:10:00+00:00,1.80423,1.80476,1.80288,1.80292,12935.949871
2026-01-09 10:15:00+00:00,1.8031,1.80734,1.80296,1.80548,11313.354374
2026-01-09 10:20:00+00:00,1.807,1.809,1.80527,1.807,36880.597405
2026-01-09 10:25:00+00:00,1.80733,1.8074,1.80481,1.80486,29906.254197
2026-01-09 10:30:00+00:00,1.80328,1.80495,1.80234,1.80338,11561.099224
2026-01-09 10:35:00+00:00,1.80362,1.80541,1.80282,1.80529,4627.514682
2026-01-09 10:40:00+00:00,1.80538,1.8055,1.80436,1.80472,5219.104835
2026-01-09 10:45:00+00:00,1.80463,1.80601,1.8042,1.8043,11753.621912
2026-01-09 10:50:00+00:00,1.80453,1.8058,1.8031,1.80451,5962.028855
2026-01-09 10:55:00+00:00,1.8033,1.80366,1.80265,1.80293,4869.593587
2026-01-09 11:00:00+00:00,1.80265,1.80625,1.8022,1.80572,23097.432614
2026-01-09 11:05:00+00:00,1.8057,1.8058,1.8005,1.8005,5260.592311
2026-01-09 11:10:00+00:00,1.80071,1.8017,1.79961,1.79965,6474.991652
2026-01-09 11:15:00+00:00,1.8022,1.80724,1.8017,1.80724,5874.164529
2026-01-09 11:20:00+00:00,1.80602,1.80746,1.80451,1.80452,13819.934734
2026-01-09 11:25:00+00:00,1.80463,1.80594,1.804,1.8054,7171.587678
2026-01-09 11:30:00+00:00,1.805,1.81004,1.805,1.80895,20789.808313
2026-01-09 11:35:00+00:00,1.80809,1.80877,1.80306,1.80348,28904.619383
2026-01-09 11:40:00+00:00,1.80356,1.80468,1.80242,1.80343,13999.803551
2026-01-09 11:45:00+00:00,1.805,1.80638,1.80184,1.8063,29421.269633
2026-01-09 11:50:00+00:00,1.80715,1.80835,1.80548,1.80549,35207.680539
2026-01-09 11:55:00+00:00,1.80476,1.80476,1.80325,1.80464,15239.870628
2026-01-09 12:00:00+00:00,1.80382,1.80481,1.80296,1.80377,4640.439733
2026-01-09 12:05:00+00:00,1.8041,1.80559,1.80273,1.80273,46854.209123
2026-01-09 12:10:00+00:00,1.79851,1.80263,1.79737,1.79771,62098.178627
2026-01-09 12:15:00+00:00,1.79677,1.79677,1.79396,1.79501,14885.864281
2026-01-09 12:20:00+00:00,1.79569,1.79848,1.79526,1.79694,22096.313121
2026-01-09 12:25:00+00:00,1.79856,1.79856,1.7975,1.79846,45327.047215
2026-01-09 12:30:00+00:00,1.79998,1.8,1.79649,1.79947,27455.750372
2026-01-09 12:35:00+00:00,1.79903,1.7992,1.79617,1.79772,35532.684061
2026-01-09 12:40:00+00:00,1.79752,1.79965,1.79752,1.79864,5141.453258
2026-01-09 12:45:00+00:00,1.79718,1.80312,1.797,1.80293,115423.35491
2026-01-09 12:50:00+00:00,1.80175,1.80346,1.80134,1.80269,16072.974602
2026-01-09 12:55:00+00:00,1.80293,1.80293,1.79984,1.79994,28165.488799
2026-01-09 13:00:00+00:00,1.79934,1.80063,1.79786,1.79786,24907.817769
2026-01-09 13:05:00+00:00,1.7981,1.79816,1.79694,1.79804,7928.815894
2026-01-09 13:10:00+00:00,1.80003,1.80719,1.80003,1.80437,54890.372932
2026-01-09 13:15:00+00:00,1.80453,1.80508,1.8023,1.80348,2604.691881
2026-01-09 13:20:00+00:00,1.80402,1.8073,1.80313,1.80408,11713.151084
2026-01-09 13:25:00+00:00,1.80379,1.80978,1.80358,1.80712,55856.365995
2026-01-09 13:30:00+00:00,1.80733,1.81939,1.79953,1.80664,620302.475032
2026-01-09 13:35:00+00:00,1.80545,1.81138,1.80545,1.80903,77650.932713
2026-01-09 13:40:00+00:00,1.80836,1.81065,1.80537,1.80668,131414.882071
2026-01-09 13:45:00+00:00,1.80597,1.80751,1.80165,1.80179,41744.267334
2026-01-09 13:50:00+00:00,1.80243,1.80928,1.80236,1.80821,22309.101761
2026-01-09 13:55:00+00:00,1.80866,1.80866,1.80642,1.80694,5489.053478
2026-01-09 14:00:00+00:00,1.80727,1.80727,1.8044,1.8055,43024.257142
2026-01-09 14:05:00+00:00,1.80595,1.80615,1.79804,1.79804,25953.338756
2026-01-09 14:10:00+00:00,1.79776,1.79791,1.79396,1.79694,20400.616823
2026-01-09 14:15:00+00:00,1.7964,1.79766,1.79575,1.7974,38591.033958
2026-01-09 14:20:00+00:00,1.7962,1.79993,1.79459,1.7968,30158.54089
2026-01-09 14:25:00+00:00,1.79697,1.7999,1.79607,1.79884,18366.391719
2026-01-09 14:30:00+00:00,1.79934,1.80317,1.79081,1.79227,76546.312488
2026-01-09 14:35:00+00:00,1.7923,1.806,1.79,1.80016,128233.363301
2026-01-09 14:40:00+00:00,1.79351,1.7992,1.7905,1.79192,22433.234144
2026-01-09 14:45:00+00:00,1.79115,1.79597,1.78843,1.79262,122523.697497
2026-01-09 14:50:00+00:00,1.79199,1.79619,1.79135,1.79618,17631.202476
2026-01-09 14:55:00+00:00,1.79328,1.79707,1.79002,1.79569,37001.503349
2026-01-09 15:00:00+00:00,1.79879,1.80027,1.79255,1.79803,25404.625683
2026-01-09 15:05:00+00:00,1.79648,1.79783,1.78754,1.79783,143867.046268
2026-01-09 15:10:00+00:00,1.79845,1.80213,1.79425,1.80213,210738.222623
2026-01-09 15:15:00+00:00,1.80199,1.80663,1.80024,1.80453,41969.214254
2026-01-09 15:20:00+00:00,1.81751,1.82424,1.80374,1.82368,96019.818378
2026-01-09 15:25:00+00:00,1.82373,1.84579,1.82373,1.84504,101727.507067
2026-01-09 15:30:00+00:00,1.84516,1.85399,1.8391,1.84999,418760.860676
2026-01-09 15:35:00+00:00,1.851,1.85751,1.83414,1.83414,212111.687705
2026-01-09 15:40:00+00:00,1.83819,1.8383,1.81923,1.82419,176262.66737
2026-01-09 15:45:00+00:00,1.82241,1.83201,1.81782,1.82159,108339.300354
2026-01-09 15:50:00+00:00,1.8163,1.82444,1.81176,1.81176,46115.91924
2026-01-09 15:55:00+00:00,1.8102,1.81769,1.80471,1.81745,38529.505633
2026-01-09 16:00:00+00:00,1.81899,1.83576,1.81648,1.83291,446336.295201
2026-01-09 16:05:00+00:00,1.83264,1.83583,1.83252,1.83314,57114.919074
2026-01-09 16:10:00+00:00,1.84042,1.84104,1.83179,1.83963,93640.084681
2026-01-09 16:15:00+00:00,1.84025,1.84025,1.83385,1.8385,48265.63388
2026-01-09 16:20:00+00:00,1.83453,1.838,1.83372,1.83372,47644.082135
2026-01-09 16:25:00+00:00,1.83365,1.83472,1.82391,1.8251,252160.470934
2026-01-09 16:30:00+00:00,1.82549,1.82949,1.81705,1.82332,430605.398476
2026-01-09 16:35:00+00:00,1.82309,1.82372,1.81962,1.82372,67431.658357
2026-01-09 16:40:00+00:00,1.82384,1.82822,1.82133,1.82822,45435.442287
2026-01-09 16:45:00+00:00,1.82593,1.83156,1.825,1.83032,29494.870479
2026-01-09 16:50:00+00:00,1.82981,1.83216,1.8291,1.83164,54506.88917
2026-01-09 16:55:00+00:00,1.83124,1.8339,1.82993,1.83104,6180.596531
2026-01-09 17:00:00+00:00,1.83171,1.83171,1.82856,1.8294,34776.956186
2026-01-09 17:05:00+00:00,1.82988,1.83097,1.82658,1.82699,13481.313291
2026-01-09 17:10:00+00:00,1.82599,1.82603,1.81583,1.81705,77287.795514
2026-01-09 17:15:00+00:00,1.81589,1.81589,1.80671,1.80671,59841.410281
2026-01-09 17:20:00+00:00,1.80596,1.81072,1.8055,1.81072,22749.46036
2026-01-09 17:25:00+00:00,1.80959,1.80987,1.80384,1.80413,43249.808195
2026-01-09 17:30:00+00:00,1.80272,1.80868,1.80218,1.80297,36742.119117
2026-01-09 17:35:00+00:00,1.80307,1.80902,1.7978,1.8061,27782.554104
2026-01-09 17:40:00+00:00,1.806,1.80603,1.80322,1.80459,32052.350033
2026-01-09 17:45:00+00:00,1.80274,1.8111,1.80236,1.81106,52973.536884
2026-01-09 17:50:00+00:00,1.81091,1.81442,1.81041,1.81221,143989.158789
2026-01-09 17:55:00+00:00,1.8118,1.81297,1.81001,1.8108,38989.172509
2026-01-09 18:00:00+00:00,1.81,1.8113,1.80778,1.81056,20649.139096
2026-01-09 18:05:00+00:00,1.81048,1.81291,1.80854,1.80854,7713.467372
2026-01-09 18:10:00+00:00,1.80619,1.80638,1.80205,1.8035,80991.417806
2026-01-09 18:15:00+00:00,1.80267,1.80267,1.79232,1.80208,67198.851633
2026-01-09 18:20:00+00:00,1.79308,1.79416,1.78864,1.79123,114683.902473
2026-01-09 18:25:00+00:00,1.79144,1.79276,1.78736,1.79,50211.502884
2026-01-09 18:30:00+00:00,1.79084,1.79383,1.78369,1.793,127203.368035
2026-01-09 18:35:00+00:00,1.79338,1.79883,1.79338,1.79584,22424.427281
2026-01-09 18:40:00+00:00,1.79564,1.80089,1.79525,1.79869,20129.166159
2026-01-09 18:45:00+00:00,1.79943,1.80108,1.79653,1.80108,17361.170191
2026-01-09 18:50:00+00:00,1.7997,1.80159,1.7997,1.80048,6737.187706
2026-01-09 18:55:00+00:00,1.80083,1.80174,1.79699,1.79774,61361.561957
2026-01-09 19:00:00+00:00,1.7978,1.7978,1.79174,1.79361,74656.546
2026-01-09 19:05:00+00:00,1.7933,1.79409,1.79156,1.79198,28417.176064
2026-01-09 19:10:00+00:00,1.79146,1.79146,1.78803,1.78868,44651.775328
2026-01-09 19:15:00+00:00,1.78892,1.79008,1.78553,1.78803,88867.039686
2026-01-09 19:20:00+00:00,1.78818,1.79022,1.78575,1.78899,56770.543703
2026-01-09 19:25:00+00:00,1.78826,1.79042,1.78777,1.78998,20112.160135
2026-01-09 19:30:00+00:00,1.79043,1.79043,1.78582,1.78872,8437.942025
2026-01-09 19:35:00+00:00,1.7879,1.79224,1.7879,1.79025,3698.665216
2026-01-09 19:40:00+00:00,1.7912,1.79274,1.79059,1.79059,34253.861209
2026-01-09 19:45:00+00:00,1.79008,1.79613,1.78997,1.79093,12003.273016
2026-01-09 19:50:00+00:00,1.795,1.79765,1.7923,1.7923,18517.736111
2026-01-09 19:55:00+00:00,1.79152,1.7918,1.78965,1.79153,34792.065786
2026-01-09 20:00:00+00:00,1.78887,1.7912,1.78691,1.79026,15000.044551
2026-01-09 20:05:00+00:00,1.78977,1.7911,1.78814,1.7911,7773.775418
2026-01-09 20:10:00+00:00,1.79139,1.79253,1.7904,1.79232,1156.523534
2026-01-09 20:15:00+00:00,1.793,1.79399,1.79104,1.79288,10891.292819
2026-01-09 20:20:00+00:00,1.79374,1.79543,1.79268,1.79435,45391.608163
2026-01-09 20:25:00+00:00,1.79515,1.7952,1.793,1.7934,4116.38706
2026-01-09 20:30:00+00:00,1.79307,1.7961,1.79217,1.79584,15568.418936
2026-01-09 20:35:00+00:00,1.7961,1.79769,1.79542,1.79617,17690.227378
2026-01-09 20:40:00+00:00,1.79585,1.79585,1.79,1.79062,1543.588987
2026-01-09 20:45:00+00:00,1.79324,1.79376,1.79084,1.79354,3532.785592
2026-01-09 20:50:00+00:00,1.7946,1.7946,1.79256,1.79416,1187.906571
2026-01-09 20:55:00+00:00,1.79371,1.79501,1.78846,1.79501,37595.533219
2026-01-09 21:00:00+00:00,1.79234,1.79234,1.78692,1.78692,16255.259278
2026-01-09 21:05:00+00:00,1.78692,1.79177,1.784,1.79177,49336.972108
2026-01-09 21:10:00+00:00,1.7903,1.79072,1.78686,1.78753,24695.942596
2026-01-09 21:15:00+00:00,1.78737,1.7897,1.78682,1.78963,4537.406913
2026-01-09 21:20:00+00:00,1.79025,1.79308,1.79025,1.79271,21267.057319
2026-01-09 21:25:00+00:00,1.79404,1.79694,1.79398,1.79418,12655.172713
2026-01-09 21:30:00+00:00,1.79542,1.80039,1.7937,1.7937,124615.293609
2026-01-09 21:35:00+00:00,1.79409,1.79485,1.79304,1.79485,8864.234495
2026-01-09 21:40:00+00:00,1.79526,1.79526,1.79276,1.79475,5670.49606
2026-01-09 21:45:00+00:00,1.79393,1.79562,1.79375,1.79398,3962.150594
2026-01-09 21:50:00+00:00,1.79433,1.79696,1.79433,1.79696,3726.947621
2026-01-09 21:55:00+00:00,1.79652,1.79823,1.79649,1.79705,7169.923752
2026-01-09 22:00:00+00:00,1.79695,1.79711,1.79548,1.79555,11594.46451
2026-01-09 22:05:00+00:00,1.79501,1.79789,1.79339,1.79789,5303.748712
2026-01-09 22:10:00+00:00,1.79842,1.79873,1.79293,1.79395,2267.056598
2026-01-09 22:15:00+00:00,1.79525,1.79556,1.79329,1.79556,1581.909947
2026-01-09 22:20:00+00:00,1.7955,1.79841,1.7955,1.7969,108590.342394
2026-01-09 22:25:00+00:00,1.7942,1.79989,1.79405,1.79989,34169.228634
2026-01-09 22:30:00+00:00,1.8,1.80479,1.79917,1.8031,84739.632826
2026-01-09 22:35:00+00:00,1.80302,1.80352,1.80021,1.8016,14294.945399
2026-01-09 22:40:00+00:00,1.8013,1.8013,1.79743,1.79777,16328.819544
2026-01-09 22:45:00+00:00,1.79804,1.80022,1.79789,1.79804,7231.612197
2026-01-09 22:50:00+00:00,1.80035,1.80198,1.79934,1.80133,17726.443349
2026-01-09 22:55:00+00:00,1.80135,1.80246,1.80025,1.80178,42370.827659
2026-01-09 23:00:00+00:00,1.80132,1.8023,1.79925,1.80179,22858.057296
2026-01-09 23:05:00+00:00,1.80059,1.80151,1.79981,1.80111,4256.900879
2026-01-09 23:10:00+00:00,1.80023,1.801,1.79974,1.8005,3949.409953
2026-01-09 23:15:00+00:00,1.80079,1.80079,1.79659,1.80029,4115.234543
2026-01-09 23:20:00+00:00,1.79828,1.7997,1.79828,1.7997,5326.02
2026-01-09 23:25:00+00:00,1.79988,1.80064,1.7997,1.79991,2072.067756
2026-01-09 23:30:00+00:00,1.80033,1.80136,1.79955,1.80136,905.76059
2026-01-09 23:35:00+00:00,1.80152,1.8016,1.7988,1.79963,2159.897128
2026-01-09 23:40:00+00:00,1.79996,1.8011,1.79996,1.8011,6818.947281
2026-01-09 23:45:00+00:00,1.80163,1.80217,1.80022,1.80182,13717.314971
2026-01-09 23:50:00+00:00,1.80112,1.80133,1.79843,1.7988,859.836753
2026-01-09 23:55:00+00:00,1.79833,1.7998,1.79659,1.79799,33518.156745
2026-01-10 00:00:00+00:00,1.79962,1.79962,1.79856,1.79856,814.434878
2026-01-10 00:05:00+00:00,1.79892,1.8005,1.79883,1.8005,5853.435516
2026-01-10 00:10:00+00:00,1.8005,1.80102,1.79843,1.79843,1641.891984
2026-01-10 00:15:00+00:00,1.7971,1.7984,1.79675,1.79835,2272.427332
2026-01-10 00:20:00+00:00,1.79868,1.7993,1.79673,1.79905,6957.176993
2026-01-10 00:25:00+00:00,1.79725,1.79857,1.79725,1.79778,1964.548527
2026-01-10 00:30:00+00:00,1.79819,1.80082,1.79819,1.79941,1686.094479
2026-01-10 00:35:00+00:00,1.79849,1.79895,1.79819,1.79895,591.411148
2026-01-10 00:40:00+00:00,1.79884,1.79908,1.79527,1.79616,5594.575953
2026-01-10 00:45:00+00:00,1.79553,1.79645,1.79434,1.79568,3745.717331
2026-01-10 00:50:00+00:00,1.79569,1.79607,1.79489,1.79527,17189.740829
2026-01-10 00:55:00+00:00,1.79457,1.79745,1.79457,1.79546,639.872225
2026-01-10 01:00:00+00:00,1.7975,1.79787,1.79729,1.79767,1274.390793
2026-01-10 01:05:00+00:00,1.79767,1.79947,1.79703,1.7971,12591.046234
2026-01-10 01:10:00+00:00,1.79698,1.79698,1.7956,1.79575,11084.943978
2026-01-10 01:15:00+00:00,1.79631,1.79745,1.79631,1.797,684.409703
2026-01-10 01:20:00+00:00,1.79583,1.79868,1.79583,1.79769,3725.504146
2026-01-10 01:25:00+00:00,1.7989,1.79977,1.79719,1.79719,12758.126584
2026-01-10 01:30:00+00:00,1.7973,1.79856,1.79595,1.79829,3232.487154
2026-01-10 01:35:00+00:00,1.79794,1.79994,1.7975,1.79892,12142.485204
2026-01-10 01:40:00+00:00,1.79943,1.80065,1.79937,1.80018,815.946724
2026-01-10 01:45:00+00:00,1.80048,1.80108,1.80016,1.80016,855.272671
2026-01-10 01:50:00+00:00,1.80023,1.80023,1.79879,1.79912,749.426069
2026-01-10 01:55:00+00:00,1.80018,1.80018,1.79961,1.8,3412.88827
2026-01-10 02:00:00+00:00,1.80021,1.80155,1.80021,1.80123,934.780499
2026-01-10 02:05:00+00:00,1.8007,1.8012,1.8,1.8,7477.055734
2026-01-10 02:10:00+00:00,1.79947,1.8005,1.79915,1.80042,4813.348234
2026-01-10 02:15:00+00:00,1.79935,1.80052,1.79914,1.79914,1413.213518
2026-01-10 02:20:00+00:00,1.80025,1.8023,1.80025,1.8023,7320.553601
2026-01-10 02:25:00+00:00,1.80177,1.80395,1.80177,1.80273,1444.440109
2026-01-10 02:30:00+00:00,1.80449,1.80449,1.802,1.80354,2539.642807
2026-01-10 02:35:00+00:00,1.80304,1.80304,1.79875,1.79875,2020.573395
2026-01-10 02:40:00+00:00,1.79547,1.79711,1.79547,1.79711,71.982658
2026-01-10 02:45:00+00:00,1.79718,1.7985,1.79641,1.79641,1468.700222
2026-01-10 02:50:00+00:00,1.79814,1.79823,1.798,1.79822,737.665096
2026-01-10 02:55:00+00:00,1.79864,1.79889,1.79864,1.79866,146.501318
2026-01-10 03:00:00+00:00,1.79877,1.79877,1.79714,1.79727,779.852461
2026-01-10 03:05:00+00:00,1.79692,1.79692,1.79357,1.79357,244.982058
2026-01-10 03:10:00+00:00,1.79363,1.79493,1.79363,1.79481,2973.459073
2026-01-10 03:15:00+00:00,1.7961,1.79916,1.7961,1.79823,1862.436667
2026-01-10 03:20:00+00:00,1.799,1.7998,1.799,1.7998,243.999775
2026-01-10 03:25:00+00:00,1.80137,1.80183,1.8002,1.80107,9906.842068
2026-01-10 03:30:00+00:00,1.80122,1.80122,1.80122,1.80122,55.379131
2026-01-10 03:35:00+00:00,1.7967,1.79732,1.7967,1.79726,793.312884
2026-01-10 03:40:00+00:00,1.79727,1.798,1.79463,1.79483,7349.428957
2026-01-10 03:45:00+00:00,1.7949,1.79649,1.7949,1.79631,671.047976
2026-01-10 03:50:00+00:00,1.79513,1.7972,1.79513,1.7972,1704.137327
2026-01-10 03:55:00+00:00,1.79615,1.79651,1.79613,1.79613,1809.865304
2026-01-10 04:00:00+00:00,1.79565,1.7962,1.79372,1.79372,10578.131511
2026-01-10 04:05:00+00:00,1.79311,1.7936,1.78884,1.79026,21960.635026
2026-01-10 04:10:00+00:00,1.79012,1.79012,1.78943,1.78973,272.906047
2026-01-10 04:15:00+00:00,1.7895,1.79095,1.7895,1.79095,2348.541127
2026-01-10 04:20:00+00:00,1.7898,1.79103,1.7898,1.79103,3570.170882
2026-01-10 04:25:00+00:00,1.79067,1.79067,1.79067,1.79067,96.224439
2026-01-10 04:30:00+00:00,1.7906,1.79093,1.7906,1.79092,307.705029
2026-01-10 04:35:00+00:00,1.78957,1.7909,1.78866,1.7909,12632.853734
2026-01-10 04:40:00+00:00,1.792,1.79272,1.792,1.79269,1198.443967
2026-01-10 04:45:00+00:00,1.79241,1.79253,1.79241,1.79253,21.807978
2026-01-10 04:50:00+00:00,1.7934,1.79364,1.79339,1.79342,351.566124
2026-01-10 04:55:00+00:00,1.79113,1.79227,1.78991,1.79052,905.750138
2026-01-10 05:00:00+00:00,1.78865,1.78865,1.78677,1.78677,6907.424362
2026-01-10 05:05:00+00:00,1.78823,1.7888,1.78823,1.7888,339.96235
2026-01-10 05:10:00+00:00,1.7912,1.79286,1.7912,1.79165,25744.33211
2026-01-10 05:15:00+00:00,1.79208,1.79305,1.79203,1.79256,17870.34008
2026-01-10 05:20:00+00:00,1.79312,1.79312,1.79247,1.79247,172.806382
2026-01-10 05:25:00+00:00,1.7931,1.79384,1.79286,1.79325,1339.491026
2026-01-10 05:30:00+00:00,1.792,1.792,1.79155,1.79183,145.593469
2026-01-10 05:35:00+00:00,1.7935,1.7953,1.7935,1.79454,2960.75137
2026-01-10 05:40:00+00:00,1.79507,1.7968,1.79507,1.79664,5481.792156
2026-01-10 05:45:00+00:00,1.79664,1.79668,1.79641,1.7966,5949.407467
2026-01-10 05:50:00+00:00,1.796,1.79641,1.796,1.79632,902.758442
2026-01-10 05:55:00+00:00,1.79498,1.79625,1.79498,1.79523,4959.511388
2026-01-10 06:00:00+00:00,1.79522,1.79597,1.79522,1.79575,716.981464
2026-01-10 06:05:00+00:00,1.79576,1.79583,1.79576,1.79583,26.545131
2026-01-10 06:10:00+00:00,1.79672,1.7968,1.79522,1.79664,3275.785166
2026-01-10 06:15:00+00:00,1.79663,1.79663,1.7922,1.79249,16270.154675
2026-01-10 06:20:00+00:00,1.7917,1.79334,1.79147,1.79334,4000.802154
2026-01-10 06:25:00+00:00,1.79335,1.7947,1.79335,1.79466,14436.667448
2026-01-10 06:30:00+00:00,1.79501,1.7954,1.79387,1.79445,6774.708025
2026-01-10 06:35:00+00:00,1.79463,1.79568,1.79397,1.7942,9360.065245
2026-01-10 06:40:00+00:00,1.79475,1.79654,1.79475,1.79654,22271.115399
2026-01-10 06:45:00+00:00,1.79762,1.79848,1.7975,1.79806,2677.465661
2026-01-10 06:50:00+00:00,1.79898,1.79921,1.79842,1.7991,1552.942177
2026-01-10 06:55:00+00:00,1.79783,1.79815,1.79773,1.79773,1405.605878
2026-01-10 07:00:00+00:00,1.79747,1.79968,1.79747,1.79968,3515.466833
2026-01-10 07:05:00+00:00,1.8007,1.80162,1.79956,1.80122,4164.533154
2026-01-10 07:10:00+00:00,1.8013,1.80344,1.80098,1.80323,4620.481965
2026-01-10 07:15:00+00:00,1.80354,1.80416,1.80175,1.80186,13015.790588
2026-01-10 07:20:00+00:00,1.80175,1.80208,1.80105,1.80208,8232.166031
2026-01-10 07:25:00+00:00,1.8024,1.8024,1.801,1.80145,3114.154239
2026-01-10 07:30:00+00:00,1.80116,1.802,1.8,1.80188,3862.491883
2026-01-10 07:35:00+00:00,1.802,1.8041,1.80104,1.80104,12163.566306
2026-01-10 07:40:00+00:00,1.80071,1.80083,1.79942,1.80083,5404.903101
2026-01-10 07:45:00+00:00,1.80056,1.8028,1.80041,1.8025,8437.936136
2026-01-10 07:50:00+00:00,1.80239,1.80321,1.80239,1.80321,4361.291835
2026-01-10 07:55:00+00:00,1.80333,1.8045,1.80327,1.80429,1069.125557
2026-01-10 08:00:00+00:00,1.80433,1.80472,1.80333,1.80472,10012.720616
2026-01-10 08:05:00+00:00,1.8051,1.80598,1.80392,1.80431,22648.997793
2026-01-10 08:10:00+00:00,1.8039,1.80619,1.80386,1.80524,10978.96571
2026-01-10 08:15:00+00:00,1.805,1.805,1.80244,1.80358,17025.501578
2026-01-10 08:20:00+00:00,1.80332,1.8048,1.80329,1.80331,8925.921523
2026-01-10 08:25:00+00:00,1.80339,1.80455,1.80276,1.80318,3327.233573
2026-01-10 08:30:00+00:00,1.8033,1.8033,1.79959,1.80017,11630.903558
2026-01-10 08:35:00+00:00,1.79925,1.7995,1.79834,1.79838,373.503125
2026-01-10 08:40:00+00:00,1.79844,1.79886,1.79788,1.79827,7832.399438
2026-01-10 08:45:00+00:00,1.79915,1.79915,1.79758,1.79758,12710.766044
2026-01-10 08:50:00+00:00,1.79757,1.79788,1.7954,1.79615,6606.311206
2026-01-10 08:55:00+00:00,1.79615,1.7987,1.79601,1.79849,3140.231012
2026-01-10 09:00:00+00:00,1.79808,1.79919,1.79681,1.79749,3717.370402
2026-01-10 09:05:00+00:00,1.79752,1.79941,1.79701,1.79701,5925.531418
2026-01-10 09:10:00+00:00,1.79716,1.79747,1.79683,1.79743,3813.158661
2026-01-10 09:15:00+00:00,1.79747,1.79814,1.7972,1.798,2350.474431
2026-01-10 09:20:00+00:00,1.7989,1.79891,1.79768,1.79878,60237.231219
2026-01-10 09:25:00+00:00,1.79918,1.79974,1.79841,1.79917,8293.965112
2026-01-10 09:30:00+00:00,1.79931,1.79931,1.79702,1.7979,4013.992305
2026-01-10 09:35:00+00:00,1.79761,1.80167,1.79761,1.80153,3247.807121
2026-01-10 09:40:00+00:00,1.80099,1.80099,1.79958,1.80019,2348.799421
2026-01-10 09:45:00+00:00,1.80019,1.80276,1.79908,1.80127,16190.142777
2026-01-10 09:50:00+00:00,1.8009,1.80173,1.80002,1.80173,604.227757
2026-01-10 09:55:00+00:00,1.80106,1.80161,1.80075,1.80161,8759.537682
2026-01-10 10:00:00+00:00,1.80172,1.80192,1.80071,1.80192,1448.240665
2026-01-10 10:05:00+00:00,1.8015,1.80164,1.80036,1.8012,2728.901002
2026-01-10 10:10:00+00:00,1.80158,1.80158,1.80011,1.80158,4632.470239
2026-01-10 10:15:00+00:00,1.8019,1.80233,1.80095,1.8014,14163.817362
2026-01-10 10:20:00+00:00,1.80195,1.80211,1.80065,1.80206,7075.142831
2026-01-10 10:25:00+00:00,1.8016,1.80281,1.80105,1.8026,5131.403763
2026-01-10 10:30:00+00:00,1.80279,1.80407,1.80197,1.80407,3913.460991
2026-01-10 10:35:00+00:00,1.80394,1.80531,1.80368,1.80465,23154.072027
2026-01-10 10:40:00+00:00,1.80441,1.80553,1.80418,1.80496,11431.799656
2026-01-10 10:45:00+00:00,1.80431,1.80791,1.804,1.80791,31561.179661
2026-01-10 10:50:00+00:00,1.80793,1.80855,1.80663,1.80798,10637.084422
2026-01-10 10:55:00+00:00,1.80679,1.80824,1.80649,1.80769,11149.465672
2026-01-10 11:00:00+00:00,1.80729,1.80859,1.80585,1.80585,5580.669532
2026-01-10 11:05:00+00:00,1.80584,1.80605,1.80399,1.8051,22532.658893
2026-01-10 11:10:00+00:00,1.80508,1.80595,1.8049,1.80562,2731.610645
2026-01-10 11:15:00+00:00,1.8059,1.80668,1.8059,1.80623,2251.225564
2026-01-10 11:20:00+00:00,1.8059,1.80767,1.80566,1.8076,2648.429484
2026-01-10 11:25:00+00:00,1.80711,1.80812,1.80682,1.80748,2080.636617
2026-01-10 11:30:00+00:00,1.80691,1.80798,1.80691,1.80733,4794.097241
2026-01-10 11:35:00+00:00,1.80725,1.8074,1.80477,1.80611,2260.829529
2026-01-10 11:40:00+00:00,1.80615,1.80651,1.80511,1.80646,4098.347207
2026-01-10 11:45:00+00:00,1.80623,1.80623,1.80441,1.80441,3052.732878
2026-01-10 11:50:00+00:00,1.80427,1.80582,1.80372,1.804,41095.931458
2026-01-10 11:55:00+00:00,1.80477,1.80703,1.80477,1.8068,4904.245319
2026-01-10 12:00:00+00:00,1.8074,1.80765,1.80574,1.80645,17427.559176
2026-01-10 12:05:00+00:00,1.808,1.80816,1.80737,1.80816,2323.373975
2026-01-10 12:10:00+00:00,1.80827,1.81259,1.80822,1.81128,27236.512806
2026-01-10 12:15:00+00:00,1.81168,1.81291,1.81009,1.81095,18417.435177
2026-01-10 12:20:00+00:00,1.81133,1.81133,1.80959,1.80999,6869.585459
2026-01-10 12:25:00+00:00,1.80991,1.81129,1.80964,1.81108,5023.432792
2026-01-10 12:30:00+00:00,1.8104,1.8104,1.80742,1.80921,4118.317834
2026-01-10 12:35:00+00:00,1.80829,1.8093,1.80771,1.80863,1919.904374
2026-01-10 12:40:00+00:00,1.8083,1.8083,1.80504,1.80504,13272.781215
2026-01-10 12:45:00+00:00,1.80603,1.80703,1.80539,1.80684,5180.932276
2026-01-10 12:50:00+00:00,1.80556,1.80671,1.805,1.8065,21360.400915
2026-01-10 12:55:00+00:00,1.80665,1.80691,1.80519,1.80543,22273.838638
2026-01-10 13:00:00+00:00,1.80565,1.80565,1.80205,1.80462,9279.484699
2026-01-10 13:05:00+00:00,1.80171,1.80433,1.80171,1.8039,23647.077792
2026-01-10 13:10:00+00:00,1.80351,1.80397,1.80153,1.80205,6585.934312
2026-01-10 13:15:00+00:00,1.80209,1.80262,1.80162,1.80262,4552.488719
2026-01-10 13:20:00+00:00,1.80242,1.8029,1.80183,1.80227,6313.961724
2026-01-10 13:25:00+00:00,1.8018,1.8018,1.79942,1.79979,12863.490024
2026-01-10 13:30:00+00:00,1.80048,1.80154,1.79975,1.80154,868.216165
2026-01-10 13:35:00+00:00,1.80108,1.80265,1.8008,1.8023,5384.002609
2026-01-10 13:40:00+00:00,1.80295,1.80295,1.80089,1.80202,6635.667739
2026-01-10 13:45:00+00:00,1.80204,1.80307,1.80093,1.80093,6900.212246
2026-01-10 13:50:00+00:00,1.8014,1.80167,1.79966,1.80091,1877.232741
2026-01-10 13:55:00+00:00,1.7999,1.80035,1.79698,1.79752,40705.426137
2026-01-10 14:00:00+00:00,1.79726,1.79808,1.79661,1.79699,8140.638911
2026-01-10 14:05:00+00:00,1.79718,1.79823,1.79688,1.79749,3726.386187
2026-01-10 14:10:00+00:00,1.79753,1.79772,1.79398,1.79466,24088.971999
2026-01-10 14:15:00+00:00,1.79477,1.79708,1.79432,1.797,11571.263929
2026-01-10 14:20:00+00:00,1.79628,1.79835,1.79628,1.79733,10729.663714
2026-01-10 14:25:00+00:00,1.79714,1.79714,1.79615,1.79631,9703.592635
2026-01-10 14:30:00+00:00,1.79548,1.79626,1.79475,1.79547,5854.765894
2026-01-10 14:35:00+00:00,1.79521,1.79656,1.79501,1.79501,3633.406505
2026-01-10 14:40:00+00:00,1.79553,1.79601,1.79481,1.79523,2220.420997
2026-01-10 14:45:00+00:00,1.79551,1.79754,1.79502,1.7966,7364.730982
2026-01-10 14:50:00+00:00,1.79643,1.79715,1.79579,1.79694,10068.461653
2026-01-10 14:55:00+00:00,1.79593,1.79682,1.79532,1.79626,5812.962249
2026-01-10 15:00:00+00:00,1.79626,1.79778,1.79579,1.79687,9615.988528
2026-01-10 15:05:00+00:00,1.79674,1.7988,1.79573,1.7988,3131.759253
2026-01-10 15:10:00+00:00,1.79787,1.7985,1.7974,1.798,9222.351728
2026-01-10 15:15:00+00:00,1.79792,1.79845,1.7974,1.79774,3079.447516
2026-01-10 15:20:00+00:00,1.79808,1.7995,1.79753,1.7995,9846.643398
2026-01-10 15:25:00+00:00,1.79974,1.8,1.7975,1.79767,17486.097495
2026-01-10 15:30:00+00:00,1.7976,1.7997,1.79757,1.79786,12637.605806
2026-01-10 15:35:00+00:00,1.79982,1.8005,1.79873,1.80028,8824.764386
2026-01-10 15:40:00+00:00,1.79968,1.80039,1.79914,1.79982,4750.36714
2026-01-10 15:45:00+00:00,1.79918,1.79932,1.79835,1.79873,4703.593617
2026-01-10 15:50:00+00:00,1.7989,1.79982,1.79818,1.799,2415.413812
2026-01-10 15:55:00+00:00,1.798,1.79945,1.79791,1.79884,8354.024496
2026-01-10 16:00:00+00:00,1.79861,1.80209,1.79829,1.8006,2133.082892
2026-01-10 16:05:00+00:00,1.80186,1.80187,1.8008,1.80136,870.856884
2026-01-10 16:10:00+00:00,1.80089,1.80118,1.79869,1.79869,1352.596089
2026-01-10 16:15:00+00:00,1.79938,1.79938,1.79573,1.79656,606.829374
2026-01-10 16:20:00+00:00,1.7974,1.7984,1.79622,1.79798,4757.428067
2026-01-10 16:25:00+00:00,1.79798,1.7991,1.79798,1.79835,4341.555323
2026-01-10 16:30:00+00:00,1.79823,1.79934,1.79658,1.79753,4284.496933
2026-01-10 16:35:00+00:00,1.8002,1.80072,1.79957,1.8007,1321.814511
2026-01-10 16:40:00+00:00,1.80049,1.80106,1.79988,1.80106,7337.001321
2026-01-10 16:45:00+00:00,1.8011,1.80134,1.79962,1.80031,3692.701187
2026-01-10 16:50:00+00:00,1.79923,1.79991,1.799,1.79957,27696.51906
2026-01-10 16:55:00+00:00,1.79932,1.79972,1.79932,1.79972,1644.506456
2026-01-10 17:00:00+00:00,1.79961,1.8017,1.79917,1.80098,1295.500836
2026-01-10 17:05:00+00:00,1.8009,1.80226,1.8,1.8,12595.874701
2026-01-10 17:10:00+00:00,1.80008,1.80185,1.79956,1.80095,26678.484567
2026-01-10 17:15:00+00:00,1.8003,1.80148,1.8003,1.80148,3326.857462
2026-01-10 17:20:00+00:00,1.8017,1.80185,1.80108,1.80138,2198.478291
2026-01-10 17:25:00+00:00,1.8015,1.802,1.80103,1.80162,5990.771242
2026-01-10 17:30:00+00:00,1.80148,1.80148,1.79963,1.80003,91888.558741
2026-01-10 17:35:00+00:00,1.8002,1.80109,1.80019,1.80079,6360.405579
2026-01-10 17:40:00+00:00,1.80047,1.80047,1.8,1.80011,3587.24065
2026-01-10 17:45:00+00:00,1.80028,1.80102,1.7979,1.7979,7931.071765
2026-01-10 17:50:00+00:00,1.7979,1.79809,1.79508,1.79674,2309.746444
2026-01-10 17:55:00+00:00,1.79537,1.79646,1.795,1.79597,8559.491542
2026-01-10 18:00:00+00:00,1.79695,1.79785,1.79564,1.797,5841.141148
2026-01-10 18:05:00+00:00,1.79625,1.79701,1.79457,1.79539,4725.498209
2026-01-10 18:10:00+00:00,1.79527,1.79734,1.79386,1.79722,11169.934252
2026-01-10 18:15:00+00:00,1.79777,1.8,1.79581,1.8,4073.53422
2026-01-10 18:20:00+00:00,1.79991,1.80083,1.79967,1.80005,7161.963817
2026-01-10 18:25:00+00:00,1.80043,1.80182,1.80011,1.80182,3751.205697
2026-01-10 18:30:00+00:00,1.80189,1.80504,1.80189,1.80392,22246.928444
2026-01-10 18:35:00+00:00,1.80399,1.80539,1.80396,1.804,5167.348153
2026-01-10 18:40:00+00:00,1.80435,1.80435,1.80346,1.80391,1025.797051
2026-01-10 18:45:00+00:00,1.8035,1.80388,1.80243,1.80298,3208.421242
2026-01-10 18:50:00+00:00,1.8027,1.80302,1.80217,1.80265,811.200331
2026-01-10 18:55:00+00:00,1.80314,1.80406,1.80217,1.80217,1584.844156
2026-01-10 19:00:00+00:00,1.80245,1.80282,1.80224,1.80252,1853.872852
2026-01-10 19:05:00+00:00,1.80211,1.80243,1.80054,1.80054,2067.183536
2026-01-10 19:10:00+00:00,1.80071,1.80103,1.80019,1.80089,1411.404903
2026-01-10 19:15:00+00:00,1.80051,1.80193,1.8005,1.80116,7080.405034
2026-01-10 19:20:00+00:00,1.80294,1.80297,1.8016,1.80291,5200.739722
2026-01-10 19:25:00+00:00,1.80266,1.80317,1.80217,1.80217,1412.700438
2026-01-10 19:30:00+00:00,1.80201,1.80269,1.80125,1.80252,6026.494763
2026-01-10 19:35:00+00:00,1.80239,1.80339,1.8019,1.8031,3879.575298
2026-01-10 19:40:00+00:00,1.80284,1.80284,1.80039,1.80062,3957.589128
2026-01-10 19:45:00+00:00,1.80054,1.80058,1.79785,1.79858,7657.086771
2026-01-10 19:50:00+00:00,1.79855,1.79887,1.79813,1.7986,3048.007629
2026-01-10 19:55:00+00:00,1.79861,1.80005,1.7986,1.79964,4467.060803
2026-01-10 20:00:00+00:00,1.80005,1.80019,1.79868,1.79984,3150.695176
2026-01-10 20:05:00+00:00,1.79933,1.80079,1.79931,1.80015,7747.002785
2026-01-10 20:10:00+00:00,1.80029,1.8004,1.79956,1.80016,1867.741052
2026-01-10 20:15:00+00:00,1.79972,1.79972,1.799,1.79914,12214.793818
2026-01-10 20:20:00+00:00,1.79914,1.79914,1.79872,1.79879,690.152083
2026-01-10 20:25:00+00:00,1.7986,1.79948,1.7986,1.79884,2746.950064
2026-01-10 20:30:00+00:00,1.7988,1.79949,1.7978,1.7983,4337.47501
2026-01-10 20:35:00+00:00,1.79788,1.79846,1.79761,1.79764,4548.709291
2026-01-10 20:40:00+00:00,1.7976,1.79782,1.79718,1.7978,3948.414793
2026-01-10 20:45:00+00:00,1.79782,1.79808,1.79752,1.7978,1710.790472
2026-01-10 20:50:00+00:00,1.7986,1.79985,1.7986,1.79964,8318.598845
2026-01-10 20:55:00+00:00,1.7987,1.79896,1.79719,1.79719,3029.250093
2026-01-10 21:00:00+00:00,1.79673,1.79718,1.7957,1.7963,2053.925596
2026-01-10 21:05:00+00:00,1.79682,1.79682,1.79506,1.79514,4980.696341
2026-01-10 21:10:00+00:00,1.795,1.79675,1.795,1.79595,1897.937331
2026-01-10 21:15:00+00:00,1.7957,1.79603,1.79523,1.79523,2719.306346
2026-01-10 21:20:00+00:00,1.79521,1.79716,1.79487,1.79716,5310.092518
2026-01-10 21:25:00+00:00,1.79745,1.79746,1.79617,1.79617,2934.707193
2026-01-10 21:30:00+00:00,1.79597,1.79744,1.79597,1.7965,4670.596638
2026-01-10 21:35:00+00:00,1.79689,1.79716,1.79485,1.79485,3084.390379
2026-01-10 21:40:00+00:00,1.7948,1.79684,1.7948,1.79665,1666.829593
2026-01-10 21:45:00+00:00,1.79629,1.79703,1.79559,1.79628,2604.616363
2026-01-10 21:50:00+00:00,1.79628,1.79739,1.79618,1.79702,8408.130669
2026-01-10 21:55:00+00:00,1.79647,1.79781,1.79647,1.79739,3619.387203
2026-01-10 22:00:00+00:00,1.79652,1.79695,1.79596,1.79596,1534.904129
2026-01-10 22:05:00+00:00,1.79468,1.79734,1.79468,1.79725,5892.649876
2026-01-10 22:10:00+00:00,1.79761,1.80059,1.79754,1.79776,5849.383001
2026-01-10 22:15:00+00:00,1.79823,1.79969,1.79755,1.79861,12194.374079
2026-01-10 22:20:00+00:00,1.79818,1.79831,1.7975,1.79831,3022.856252
2026-01-10 22:25:00+00:00,1.79834,1.79853,1.79756,1.79792,1787.043154
2026-01-10 22:30:00+00:00,1.79818,1.79965,1.79818,1.79965,1992.045245
2026-01-10 22:35:00+00:00,1.80002,1.80054,1.79955,1.80054,13049.697037
2026-01-10 22:40:00+00:00,1.8004,1.8004,1.7994,1.79972,3517.753575
2026-01-10 22:45:00+00:00,1.79991,1.79991,1.79804,1.79804,5971.256395
2026-01-10 22:50:00+00:00,1.79748,1.79748,1.79571,1.79571,9846.270945
2026-01-10 22:55:00+00:00,1.79524,1.79662,1.7908,1.79146,31646.783287
2026-01-10 23:00:00+00:00,1.79296,1.79694,1.79255,1.79544,86810.015233
2026-01-10 23:05:00+00:00,1.79506,1.79692,1.79506,1.7963,4335.364104
2026-01-10 23:10:00+00:00,1.79662,1.79662,1.7946,1.79484,4923.466348
2026-01-10 23:15:00+00:00,1.79525,1.79587,1.79485,1.79499,945.028547
2026-01-10 23:20:00+00:00,1.7961,1.79756,1.79554,1.79635,2887.84551
2026-01-10 23:25:00+00:00,1.7973,1.79817,1.79724,1.79736,520.576458
2026-01-10 23:30:00+00:00,1.79743,1.79774,1.7952,1.79548,5698.965572
2026-01-10 23:35:00+00:00,1.79443,1.79616,1.79435,1.796,12357.197404
2026-01-10 23:40:00+00:00,1.79577,1.79722,1.79565,1.79669,4504.011928
2026-01-10 23:45:00+00:00,1.79627,1.79797,1.79582,1.7976,1236.155309
2026-01-10 23:50:00+00:00,1.7975,1.79824,1.79728,1.79747,4537.4504
2026-01-10 23:55:00+00:00,1.79768,1.79768,1.7964,1.79675,534.018863
2026-01-11 00:00:00+00:00,1.79622,1.79714,1.79515,1.79579,59374.532811
2026-01-11 00:05:00+00:00,1.79504,1.79614,1.79472,1.79614,20143.32952
2026-01-11 00:10:00+00:00,1.7959,1.7965,1.79482,1.79637,5201.546521
2026-01-11 00:15:00+00:00,1.79701,1.79995,1.79671,1.79702,12623.201889
2026-01-11 00:20:00+00:00,1.79573,1.79696,1.7953,1.79561,2540.853532
2026-01-11 00:25:00+00:00,1.79575,1.79695,1.79554,1.79554,11451.035911
2026-01-11 00:30:00+00:00,1.79535,1.79558,1.79472,1.79524,2828.076454
2026-01-11 00:35:00+00:00,1.79494,1.79523,1.7935,1.79487,2364.353729
2026-01-11 00:40:00+00:00,1.79485,1.79504,1.79378,1.79434,2841.857854
2026-01-11 00:45:00+00:00,1.79408,1.79717,1.79408,1.79669,1993.613632
2026-01-11 00:50:00+00:00,1.79651,1.79651,1.79457,1.7961,9009.364711
2026-01-11 00:55:00+00:00,1.79644,1.79681,1.7959,1.79644,2979.585583
2026-01-11 01:00:00+00:00,1.79563,1.796,1.7949,1.796,2451.001194
2026-01-11 01:05:00+00:00,1.7968,1.79697,1.79633,1.79646,643.030246
2026-01-11 01:10:00+00:00,1.79625,1.79625,1.79288,1.79495,7214.748716
2026-01-11 01:15:00+00:00,1.79537,1.79571,1.79525,1.79571,8053.78744
2026-01-11 01:20:00+00:00,1.79556,1.79556,1.79328,1.79333,1743.091061
2026-01-11 01:25:00+00:00,1.79344,1.79598,1.79323,1.7945,9711.851363
2026-01-11 01:30:00+00:00,1.7959,1.796,1.79455,1.79543,15915.94804
2026-01-11 01:35:00+00:00,1.79397,1.79455,1.79378,1.79401,391.819913
2026-01-11 01:40:00+00:00,1.79476,1.7972,1.79434,1.79712,11328.364986
2026-01-11 01:45:00+00:00,1.7976,1.79865,1.79715,1.79865,688.274749
2026-01-11 01:50:00+00:00,1.79731,1.799,1.79731,1.7975,13383.771223
2026-01-11 01:55:00+00:00,1.79786,1.79866,1.79786,1.79866,4826.066694
2026-01-11 02:00:00+00:00,1.79869,1.79881,1.79695,1.79695,1581.952271
2026-01-11 02:05:00+00:00,1.79628,1.79745,1.79614,1.79736,8461.363056
2026-01-11 02:10:00+00:00,1.79763,1.7987,1.79737,1.7987,1333.411721
2026-01-11 02:15:00+00:00,1.79857,1.79964,1.79851,1.79851,659.585727
2026-01-11 02:20:00+00:00,1.79801,1.79801,1.79801,1.79801,5.520983
2026-01-11 02:25:00+00:00,1.79919,1.7992,1.79844,1.79911,3499.155931
2026-01-11 02:30:00+00:00,1.7977,1.79802,1.79763,1.79795,1319.462107
2026-01-11 02:35:00+00:00,1.79804,1.79872,1.79782,1.79795,9497.13581
2026-01-11 02:40:00+00:00,1.7997,1.7997,1.79964,1.79964,401.387306
2026-01-11 02:45:00+00:00,1.801,1.801,1.80039,1.80091,3310.573309
2026-01-11 02:50:00+00:00,1.7999,1.7999,1.79921,1.79921,6410.122503
2026-01-11 02:55:00+00:00,1.79874,1.79964,1.79873,1.79874,3153.943612
2026-01-11 03:00:00+00:00,1.79895,1.8001,1.79895,1.79931,29901.447209
2026-01-11 03:05:00+00:00,1.79841,1.79875,1.79841,1.79841,425.864235
2026-01-11 03:10:00+00:00,1.79802,1.79841,1.79774,1.79797,10363.359584
2026-01-11 03:15:00+00:00,1.8,1.80072,1.8,1.80072,364.956659
2026-01-11 03:20:00+00:00,1.79996,1.80007,1.79956,1.79999,3493.067165
2026-01-11 03:25:00+00:00,1.79868,1.7994,1.79868,1.79868,31.651314
2026-01-11 03:30:00+00:00,1.79866,1.79866,1.79866,1.79866,5.576374
2026-01-11 03:35:00+00:00,1.79956,1.79964,1.79925,1.79929,1329.278255
2026-01-11 03:40:00+00:00,1.79986,1.80004,1.79986,1.80004,361.764339
2026-01-11 03:45:00+00:00,1.79995,1.79997,1.79807,1.79807,2127.430296
2026-01-11 03:50:00+00:00,1.79858,1.79936,1.79858,1.79936,6893.168582
2026-01-11 03:55:00+00:00,1.80038,1.80038,1.80038,1.80038,31.915484
2026-01-11 04:00:00+00:00,1.79969,1.79969,1.799,1.7995,370.027649
2026-01-11 04:05:00+00:00,1.8006,1.8006,1.79919,1.8003,370.046827
2026-01-11 04:10:00+00:00,1.8,1.8,1.79955,1.79955,226.144633
2026-01-11 04:15:00+00:00,1.79826,1.79826,1.79826,1.79826,62.411078
2026-01-11 04:20:00+00:00,1.79861,1.79861,1.79861,1.79861,147.675654
2026-01-11 04:25:00+00:00,1.7963,1.7963,1.7963,1.7963,2.772365
2026-01-11 04:30:00+00:00,1.79697,1.79697,1.7968,1.79685,579.923604
2026-01-11 04:35:00+00:00,1.7976,1.7987,1.7976,1.7987,703.717014
2026-01-11 04:40:00+00:00,1.79768,1.79802,1.79578,1.79588,2790.402788
2026-01-11 04:45:00+00:00,1.79564,1.79695,1.79564,1.79695,1264.290472
2026-01-11 04:50:00+00:00,1.79685,1.79885,1.79672,1.79861,1340.461705
2026-01-11 04:55:00+00:00,1.79821,1.79879,1.79821,1.79821,6386.178543
2026-01-11 05:00:00+00:00,1.79665,1.79729,1.79647,1.79729,7088.689335
2026-01-11 05:05:00+00:00,1.7978,1.7978,1.7978,1.7978,922.0
2026-01-11 05:10:00+00:00,1.79816,1.7985,1.79729,1.79729,12694.295097
2026-01-11 05:15:00+00:00,1.7973,1.79748,1.79701,1.79748,2024.188755
2026-01-11 05:20:00+00:00,1.79607,1.79628,1.79607,1.79628,687.504836
2026-01-11 05:25:00+00:00,1.79683,1.79683,1.7959,1.79682,163.659985
2026-01-11 05:30:00+00:00,1.79611,1.79761,1.79611,1.79761,278.074951
2026-01-11 05:35:00+00:00,1.79816,1.79854,1.79771,1.79771,7930.465584
2026-01-11 05:40:00+00:00,1.79918,1.79918,1.7982,1.7982,1105.679447
2026-01-11 05:45:00+00:00,1.79864,1.80043,1.79864,1.80023,45254.813263
2026-01-11 05:50:00+00:00,1.80083,1.80083,1.7995,1.79997,23163.527506
2026-01-11 05:55:00+00:00,1.8002,1.80107,1.79974,1.79974,6162.484033
2026-01-11 06:00:00+00:00,1.79966,1.8007,1.79941,1.8007,5424.068494
2026-01-11 06:05:00+00:00,1.8003,1.8003,1.7991,1.7991,151.300665
2026-01-11 06:10:00+00:00,1.80038,1.80047,1.80017,1.80017,377.846206
2026-01-11 06:15:00+00:00,1.80022,1.80022,1.79626,1.79626,30734.994044
2026-01-11 06:20:00+00:00,1.79591,1.79591,1.79402,1.79482,1028.086531
2026-01-11 06:25:00+00:00,1.79505,1.79505,1.79428,1.79469,733.67964
2026-01-11 06:30:00+00:00,1.79505,1.79505,1.79255,1.79368,2163.138505
2026-01-11 06:35:00+00:00,1.79413,1.79478,1.79329,1.79478,4467.707353
2026-01-11 06:40:00+00:00,1.79482,1.796,1.79482,1.79593,7382.90281
2026-01-11 06:45:00+00:00,1.79617,1.79695,1.7952,1.79604,2498.366804
2026-01-11 06:50:00+00:00,1.79596,1.79815,1.79563,1.79815,3286.908034
2026-01-11 06:55:00+00:00,1.7985,1.80028,1.7985,1.8001,13532.730969
2026-01-11 07:00:00+00:00,1.80069,1.80272,1.80065,1.80195,5177.274188
2026-01-11 07:05:00+00:00,1.80028,1.80188,1.80028,1.80028,1503.706627
2026-01-11 07:10:00+00:00,1.80004,1.80016,1.79984,1.8,653.715197
2026-01-11 07:15:00+00:00,1.80008,1.80008,1.80004,1.80004,349.017635
2026-01-11 07:20:00+00:00,1.79924,1.79924,1.798,1.7989,475.358361
2026-01-11 07:25:00+00:00,1.79924,1.79925,1.79723,1.79925,1911.647846
2026-01-11 07:30:00+00:00,1.79772,1.79887,1.7975,1.79887,4217.114117
2026-01-11 07:35:00+00:00,1.79706,1.79805,1.79642,1.7969,9536.669368
2026-01-11 07:40:00+00:00,1.79724,1.79794,1.79724,1.79784,2896.101404
2026-01-11 07:45:00+00:00,1.798,1.798,1.79699,1.79749,12906.340756
2026-01-11 07:50:00+00:00,1.79776,1.79802,1.79734,1.79776,2557.059426
2026-01-11 07:55:00+00:00,1.79834,1.79912,1.79828,1.79883,749.557927
2026-01-11 08:00:00+00:00,1.79827,1.79831,1.795,1.795,1893.075285
2026-01-11 08:05:00+00:00,1.795,1.79511,1.79399,1.79474,12834.937538
2026-01-11 08:10:00+00:00,1.79488,1.79547,1.7947,1.7947,540.782228
2026-01-11 08:15:00+00:00,1.79525,1.79674,1.79525,1.79605,1247.124271
2026-01-11 08:20:00+00:00,1.79622,1.79715,1.79562,1.79694,6153.984423
2026-01-11 08:25:00+00:00,1.79676,1.79722,1.79676,1.79719,1728.358868
2026-01-11 08:30:00+00:00,1.7974,1.79752,1.79672,1.79743,16181.966605
2026-01-11 08:35:00+00:00,1.79866,1.79937,1.7977,1.79859,2740.840089
2026-01-11 08:40:00+00:00,1.79759,1.79956,1.79759,1.79931,1326.012664
2026-01-11 08:45:00+00:00,1.79925,1.79966,1.79804,1.79966,41877.63932
2026-01-11 08:50:00+00:00,1.79987,1.79987,1.7986,1.79963,2497.275606
2026-01-11 08:55:00+00:00,1.79976,1.80242,1.79951,1.80181,9885.365518
2026-01-11 09:00:00+00:00,1.801,1.80157,1.80028,1.80028,8027.551054
2026-01-11 09:05:00+00:00,1.79996,1.80056,1.7997,1.80006,4031.837385
2026-01-11 09:10:00+00:00,1.80021,1.80087,1.80015,1.80051,14257.453789
2026-01-11 09:15:00+00:00,1.80098,1.8015,1.80059,1.8014,6651.047966
2026-01-11 09:20:00+00:00,1.80146,1.80184,1.80088,1.80131,798.178055
2026-01-11 09:25:00+00:00,1.80131,1.80132,1.7995,1.80032,6831.228082
2026-01-11 09:30:00+00:00,1.7995,1.79988,1.7992,1.7992,4916.491461
2026-01-11 09:35:00+00:00,1.79713,1.79782,1.7965,1.79724,4639.011506
2026-01-11 09:40:00+00:00,1.79651,1.79735,1.7965,1.7971,2948.558227
2026-01-11 09:45:00+00:00,1.7971,1.79872,1.7971,1.79846,51092.641493
2026-01-11 09:50:00+00:00,1.79835,1.79839,1.79791,1.79808,7865.017844
2026-01-11 09:55:00+00:00,1.79793,1.79802,1.7969,1.79732,11894.268162
2026-01-11 10:00:00+00:00,1.79699,1.79811,1.7965,1.79669,1657.755252
2026-01-11 10:05:00+00:00,1.7985,1.79912,1.79596,1.79912,5487.066059
2026-01-11 10:10:00+00:00,1.79917,1.80003,1.79895,1.80003,19447.040785
2026-01-11 10:15:00+00:00,1.79983,1.79983,1.79841,1.79851,970.506521
2026-01-11 10:20:00+00:00,1.79848,1.79894,1.79791,1.79892,8258.436918
2026-01-11 10:25:00+00:00,1.79667,1.79806,1.79639,1.79806,20273.554654
2026-01-11 10:30:00+00:00,1.79806,1.79906,1.79622,1.79906,89603.871415
2026-01-11 10:35:00+00:00,1.79884,1.79898,1.79791,1.79791,4041.203982
2026-01-11 10:40:00+00:00,1.79849,1.79886,1.79778,1.79779,1967.147329
2026-01-11 10:45:00+00:00,1.79763,1.79771,1.79695,1.79695,4370.874146
2026-01-11 10:50:00+00:00,1.79727,1.79847,1.79727,1.79757,5657.658173
2026-01-11 10:55:00+00:00,1.7976,1.79858,1.7976,1.79814,963.357927
2026-01-11 11:00:00+00:00,1.79839,1.79894,1.798,1.79815,6328.281675
2026-01-11 11:05:00+00:00,1.79816,1.79824,1.79724,1.79745,34652.697315
2026-01-11 11:10:00+00:00,1.79762,1.79893,1.79755,1.79837,6263.985016
2026-01-11 11:15:00+00:00,1.79771,1.7998,1.79744,1.79958,2119.52889
2026-01-11 11:20:00+00:00,1.79977,1.80012,1.79884,1.79988,3655.780461
2026-01-11 11:25:00+00:00,1.79999,1.80005,1.7991,1.79954,3837.206046
2026-01-11 11:30:00+00:00,1.7996,1.80087,1.79954,1.79999,6174.359197
2026-01-11 11:35:00+00:00,1.79998,1.8012,1.7998,1.80083,4063.071508
2026-01-11 11:40:00+00:00,1.80079,1.8014,1.8003,1.8003,25925.307945
2026-01-11 11:45:00+00:00,1.8,1.80064,1.79971,1.80064,2069.644775
2026-01-11 11:50:00+00:00,1.8,1.80079,1.79984,1.79985,9963.64168
2026-01-11 11:55:00+00:00,1.80004,1.80085,1.79988,1.80009,4287.200543
2026-01-11 12:00:00+00:00,1.80107,1.8015,1.8007,1.80142,14208.100958
2026-01-11 12:05:00+00:00,1.8015,1.80243,1.80134,1.80137,19794.469267
2026-01-11 12:10:00+00:00,1.80285,1.80285,1.80207,1.80232,16981.64919
2026-01-11 12:15:00+00:00,1.80226,1.8068,1.80176,1.8068,87540.704961
2026-01-11 12:20:00+00:00,1.80577,1.80577,1.80411,1.80419,14178.409743
2026-01-11 12:25:00+00:00,1.8041,1.8066,1.80366,1.80611,49810.676514
2026-01-11 12:30:00+00:00,1.80668,1.80668,1.80391,1.80391,14890.486098
2026-01-11 12:35:00+00:00,1.80443,1.8051,1.80368,1.80469,19766.247867
2026-01-11 12:40:00+00:00,1.80504,1.806,1.80465,1.806,37960.481426
2026-01-11 12:45:00+00:00,1.80554,1.8092,1.80543,1.80818,29807.71374
2026-01-11 12:50:00+00:00,1.8081,1.80887,1.807,1.80866,12841.306658
2026-01-11 12:55:00+00:00,1.80873,1.80886,1.80715,1.80762,73707.063058
2026-01-11 13:00:00+00:00,1.80779,1.80878,1.80584,1.80584,132653.165863
2026-01-11 13:05:00+00:00,1.80587,1.80716,1.80543,1.80679,34095.251476
2026-01-11 13:10:00+00:00,1.80599,1.80686,1.80565,1.80626,4549.668916
2026-01-11 13:15:00+00:00,1.80662,1.80739,1.80562,1.80667,11686.813774
2026-01-11 13:20:00+00:00,1.80689,1.80691,1.80408,1.80421,10264.621234
2026-01-11 13:25:00+00:00,1.80436,1.80478,1.80337,1.80478,17671.473372
2026-01-11 13:30:00+00:00,1.80457,1.80457,1.80232,1.80446,35665.9424
2026-01-11 13:35:00+00:00,1.80291,1.803,1.80202,1.80288,62172.685748
2026-01-11 13:40:00+00:00,1.80226,1.8032,1.79904,1.79904,6487.847012
2026-01-11 13:45:00+00:00,1.79932,1.80094,1.79932,1.80094,23567.917846
2026-01-11 13:50:00+00:00,1.80092,1.80253,1.8006,1.80253,2199.191052
2026-01-11 13:55:00+00:00,1.80256,1.80296,1.801,1.8022,15080.702348
2026-01-11 14:00:00+00:00,1.80223,1.80386,1.80178,1.80216,10381.667038
2026-01-11 14:05:00+00:00,1.804,1.80498,1.80348,1.80498,9143.377931
2026-01-11 14:10:00+00:00,1.80434,1.80513,1.80427,1.80434,17282.877526
2026-01-11 14:15:00+00:00,1.80459,1.80532,1.80401,1.80532,13164.22107
2026-01-11 14:20:00+00:00,1.80519,1.80533,1.8044,1.80473,9439.967673
2026-01-11 14:25:00+00:00,1.8055,1.80646,1.8055,1.8064,5347.888996
2026-01-11 14:30:00+00:00,1.80641,1.80842,1.8042,1.80617,103456.265267
2026-01-11 14:35:00+00:00,1.80571,1.80636,1.80517,1.80614,3160.62727
2026-01-11 14:40:00+00:00,1.80606,1.80643,1.80508,1.80643,51626.85251
2026-01-11 14:45:00+00:00,1.80666,1.80682,1.805,1.805,10344.956888
2026-01-11 14:50:00+00:00,1.80462,1.80847,1.80372,1.80847,14316.4324
2026-01-11 14:55:00+00:00,1.80813,1.81166,1.80779,1.81087,12810.301256
2026-01-11 15:00:00+00:00,1.80964,1.8117,1.80795,1.80861,17147.979272
2026-01-11 15:05:00+00:00,1.80706,1.80721,1.80569,1.80647,91509.388105
2026-01-11 15:10:00+00:00,1.80671,1.80676,1.80284,1.80606,16373.375483
2026-01-11 15:15:00+00:00,1.80271,1.8055,1.8025,1.80463,18020.034248
2026-01-11 15:20:00+00:00,1.80409,1.80493,1.80341,1.80491,12584.870827
2026-01-11 15:25:00+00:00,1.8049,1.80572,1.80398,1.80424,16044.250725
2026-01-11 15:30:00+00:00,1.80335,1.80494,1.8027,1.80272,16192.817677
2026-01-11 15:35:00+00:00,1.80326,1.80326,1.80234,1.8032,7534.081726
2026-01-11 15:40:00+00:00,1.8022,1.80371,1.7965,1.79657,155277.46748
2026-01-11 15:45:00+00:00,1.7967,1.79698,1.79073,1.79145,79257.190374
2026-01-11 15:50:00+00:00,1.79133,1.79419,1.79065,1.7937,38228.690454
2026-01-11 15:55:00+00:00,1.79294,1.79524,1.79231,1.79483,56171.244518
2026-01-11 16:00:00+00:00,1.79353,1.79688,1.79327,1.79688,20139.360476
2026-01-11 16:05:00+00:00,1.79646,1.79718,1.7957,1.7957,11808.932846
2026-01-11 16:10:00+00:00,1.79509,1.79509,1.79312,1.79438,60659.494271
2026-01-11 16:15:00+00:00,1.79354,1.79588,1.793,1.79588,37498.342113
2026-01-11 16:20:00+00:00,1.79603,1.7977,1.79583,1.7977,19111.672133
2026-01-11 16:25:00+00:00,1.79737,1.80045,1.79613,1.79862,21817.878539
2026-01-11 16:30:00+00:00,1.80251,1.80563,1.79858,1.80285,81453.035065
2026-01-11 16:35:00+00:00,1.80411,1.80486,1.80359,1.80359,32266.833893
2026-01-11 16:40:00+00:00,1.8041,1.8041,1.80253,1.8035,33268.489153
2026-01-11 16:45:00+00:00,1.80402,1.8044,1.7987,1.79895,25468.370043
2026-01-11 16:50:00+00:00,1.79944,1.79996,1.79695,1.79899,25295.781527
2026-01-11 16:55:00+00:00,1.7983,1.7987,1.79804,1.7987,1687.799698
2026-01-11 17:00:00+00:00,1.79882,1.8,1.79816,1.79903,14898.495816
2026-01-11 17:05:00+00:00,1.7991,1.80146,1.79885,1.80081,21311.731517
2026-01-11 17:10:00+00:00,1.80087,1.80168,1.79947,1.80153,15028.191173
2026-01-11 17:15:00+00:00,1.7975,1.79857,1.79619,1.79621,7965.576761
2026-01-11 17:20:00+00:00,1.79641,1.79778,1.79612,1.79725,8977.009575
2026-01-11 17:25:00+00:00,1.7965,1.79697,1.79629,1.79694,3975.251498
2026-01-11 17:30:00+00:00,1.79641,1.79765,1.79612,1.79744,5679.302905
2026-01-11 17:35:00+00:00,1.7975,1.79769,1.7908,1.7945,45986.072371
2026-01-11 17:40:00+00:00,1.79418,1.79522,1.79374,1.79522,2470.498325
2026-01-11 17:45:00+00:00,1.79496,1.79611,1.79481,1.79581,26137.42066
2026-01-11 17:50:00+00:00,1.79597,1.79787,1.79564,1.7978,2148.256635
2026-01-11 17:55:00+00:00,1.79836,1.79881,1.79737,1.79843,20293.968851
2026-01-11 18:00:00+00:00,1.79493,1.79874,1.7943,1.79446,9165.875268
2026-01-11 18:05:00+00:00,1.79447,1.7957,1.79435,1.79539,6828.682165
2026-01-11 18:10:00+00:00,1.7954,1.79589,1.79426,1.79573,3645.527248
2026-01-11 18:15:00+00:00,1.7965,1.7965,1.79422,1.79584,5792.265103
2026-01-11 18:20:00+00:00,1.79557,1.79723,1.79555,1.79689,1583.355442
2026-01-11 18:25:00+00:00,1.79606,1.79722,1.79499,1.79722,15352.446457
2026-01-11 18:30:00+00:00,1.7969,1.79757,1.79621,1.79658,4639.28865
2026-01-11 18:35:00+00:00,1.79613,1.79642,1.79342,1.79422,47925.824949
2026-01-11 18:40:00+00:00,1.79496,1.79582,1.79427,1.79582,3091.291008
2026-01-11 18:45:00+00:00,1.79554,1.79686,1.79554,1.79666,11992.974711
2026-01-11 18:50:00+00:00,1.79612,1.7987,1.79604,1.79815,16127.494773
2026-01-11 18:55:00+00:00,1.79935,1.7997,1.79698,1.7971,76225.74308
2026-01-11 19:00:00+00:00,1.79685,1.7972,1.7965,1.79711,5155.179402
2026-01-11 19:05:00+00:00,1.79735,1.79738,1.79643,1.79683,4887.795964
2026-01-11 19:10:00+00:00,1.79944,1.79999,1.79775,1.79988,9649.829293
2026-01-11 19:15:00+00:00,1.8,1.8,1.79724,1.79817,12849.090596
2026-01-11 19:20:00+00:00,1.79815,1.79858,1.79661,1.79669,8671.688431
2026-01-11 19:25:00+00:00,1.79671,1.79671,1.79529,1.79595,14237.464405
2026-01-11 19:30:00+00:00,1.79617,1.79652,1.7945,1.79573,7177.326036
2026-01-11 19:35:00+00:00,1.79451,1.79451,1.79326,1.79351,65258.558753
2026-01-11 19:40:00+00:00,1.79315,1.7944,1.79267,1.79267,12440.492646
2026-01-11 19:45:00+00:00,1.79286,1.79286,1.79,1.79261,62725.866511
2026-01-11 19:50:00+00:00,1.79238,1.79299,1.7918,1.79222,11717.054177
2026-01-11 19:55:00+00:00,1.79224,1.79293,1.79132,1.79159,13422.348424
2026-01-11 20:00:00+00:00,1.78444,1.79158,1.77923,1.7835,328703.202805
2026-01-11 20:05:00+00:00,1.78334,1.78334,1.76741,1.77134,335846.16226
2026-01-11 20:10:00+00:00,1.77203,1.77374,1.76835,1.77144,92847.282654
2026-01-11 20:15:00+00:00,1.77115,1.77115,1.75581,1.76047,449693.207884
2026-01-11 20:20:00+00:00,1.76096,1.76923,1.76096,1.76589,114342.957022
2026-01-11 20:25:00+00:00,1.76465,1.76807,1.76388,1.76509,50887.241986
2026-01-11 20:30:00+00:00,1.76527,1.7711,1.76512,1.7667,124562.734973
2026-01-11 20:35:00+00:00,1.77144,1.77321,1.77054,1.77216,59475.160956
2026-01-11 20:40:00+00:00,1.77063,1.772,1.76796,1.7698,79035.604841
2026-01-11 20:45:00+00:00,1.7697,1.77221,1.7697,1.77221,21705.279372
2026-01-11 20:50:00+00:00,1.77207,1.77305,1.7711,1.77201,47371.367683
2026-01-11 20:55:00+00:00,1.77171,1.77393,1.77153,1.77342,23132.478505
2026-01-11 21:00:00+00:00,1.7706,1.7729,1.76568,1.76654,54358.673199
2026-01-11 21:05:00+00:00,1.76557,1.7685,1.76523,1.76732,20765.35773
2026-01-11 21:10:00+00:00,1.767,1.76958,1.767,1.76793,28284.397955
2026-01-11 21:15:00+00:00,1.76868,1.77215,1.76849,1.7707,46857.246875
2026-01-11 21:20:00+00:00,1.77117,1.77198,1.76983,1.7715,33018.674397
2026-01-11 21:25:00+00:00,1.771,1.77112,1.76953,1.77,63338.166566
2026-01-11 21:30:00+00:00,1.7716,1.77416,1.7696,1.77226,86248.619995
2026-01-11 21:35:00+00:00,1.77329,1.77379,1.77271,1.77309,25104.611907
2026-01-11 21:40:00+00:00,1.77267,1.77499,1.77267,1.77452,13946.906704
2026-01-11 21:45:00+00:00,1.77469,1.78001,1.77446,1.77864,19132.695024
2026-01-11 21:50:00+00:00,1.77911,1.782,1.77857,1.77996,29094.231429
2026-01-11 21:55:00+00:00,1.7798,1.78217,1.7798,1.78114,18867.095633
2026-01-11 22:00:00+00:00,1.77996,1.7803,1.77369,1.77516,31097.450818
2026-01-11 22:05:00+00:00,1.77224,1.77351,1.76684,1.76875,95732.160174
2026-01-11 22:10:00+00:00,1.77029,1.77169,1.76762,1.76995,20106.943583
2026-01-11 22:15:00+00:00,1.7694,1.77168,1.76629,1.7683,20715.331193
2026-01-11 22:20:00+00:00,1.76805,1.77318,1.76805,1.77318,11963.659245
2026-01-11 22:25:00+00:00,1.77452,1.77579,1.77242,1.77272,75899.822348
2026-01-11 22:30:00+00:00,1.77319,1.77347,1.77071,1.77164,78043.495039
2026-01-11 22:35:00+00:00,1.77265,1.77265,1.76807,1.77169,13528.983208
2026-01-11 22:40:00+00:00,1.77206,1.77629,1.77158,1.7752,26819.781995
2026-01-11 22:45:00+00:00,1.77549,1.7779,1.77372,1.77373,14101.626422
2026-01-11 22:50:00+00:00,1.7738,1.77385,1.77042,1.7706,8057.166397
2026-01-11 22:55:00+00:00,1.77139,1.77331,1.77046,1.77046,4990.574747
2026-01-11 23:00:00+00:00,1.7685,1.7718,1.76084,1.76185,56520.59912
2026-01-11 23:05:00+00:00,1.76047,1.76775,1.75835,1.76775,44672.591675
2026-01-11 23:10:00+00:00,1.76906,1.77127,1.76809,1.77127,23039.937001
2026-01-11 23:15:00+00:00,1.77585,1.79651,1.77433,1.78462,452047.831329
2026-01-11 23:20:00+00:00,1.78448,1.78448,1.77661,1.77722,112278.431448
2026-01-11 23:25:00+00:00,1.77605,1.77866,1.77605,1.7779,15989.037692
2026-01-11 23:30:00+00:00,1.77585,1.7791,1.77573,1.77897,9042.434379
2026-01-11 23:35:00+00:00,1.77717,1.77717,1.77364,1.77514,17835.23182
2026-01-11 23:40:00+00:00,1.7767,1.78029,1.77653,1.78,6591.307671
2026-01-11 23:45:00+00:00,1.77974,1.78189,1.77882,1.78097,39510.19878
2026-01-11 23:50:00+00:00,1.7804,1.78253,1.7804,1.78222,11729.074154
2026-01-11 23:55:00+00:00,1.78297,1.783,1.78165,1.78227,3387.788214
2026-01-12 00:00:00+00:00,1.78204,1.78204,1.77837,1.782,26453.518554
2026-01-12 00:05:00+00:00,1.77513,1.77571,1.77278,1.77342,19468.348559
2026-01-12 00:10:00+00:00,1.77263,1.77346,1.77035,1.77312,39163.665518
2026-01-12 00:15:00+00:00,1.77391,1.77391,1.76472,1.76606,152774.010874
2026-01-12 00:20:00+00:00,1.76646,1.76839,1.76084,1.76739,92324.634121
2026-01-12 00:25:00+00:00,1.76645,1.76645,1.76357,1.7656,24135.740247
2026-01-12 00:30:00+00:00,1.76477,1.76697,1.75874,1.75874,50270.319475
2026-01-12 00:35:00+00:00,1.75857,1.75983,1.74527,1.75585,468667.971975
2026-01-12 00:40:00+00:00,1.74761,1.7562,1.746,1.74814,92112.827957
2026-01-12 00:45:00+00:00,1.74819,1.75188,1.7479,1.75144,41697.322898
2026-01-12 00:50:00+00:00,1.7506,1.75111,1.74461,1.74838,74469.983129
2026-01-12 00:55:00+00:00,1.75205,1.75963,1.7495,1.75876,58227.559343
2026-01-12 01:00:00+00:00,1.7724,1.77613,1.75998,1.77185,421596.234575
2026-01-12 01:05:00+00:00,1.77172,1.78,1.76801,1.76831,304537.289248
2026-01-12 01:10:00+00:00,1.76746,1.7718,1.76746,1.77029,15803.113969
2026-01-12 01:15:00+00:00,1.7705,1.7712,1.76782,1.77028,37618.793456
2026-01-12 01:20:00+00:00,1.76932,1.77514,1.76921,1.77465,20674.053805
2026-01-12 01:25:00+00:00,1.77436,1.77625,1.77296,1.77612,67849.846907
2026-01-12 01:30:00+00:00,1.77471,1.7777,1.76665,1.77093,113287.014697
2026-01-12 01:35:00+00:00,1.76431,1.7673,1.76233,1.76289,14871.980507
2026-01-12 01:40:00+00:00,1.76229,1.76627,1.76172,1.76385,18127.087444
2026-01-12 01:45:00+00:00,1.76635,1.7746,1.76635,1.77407,24135.616498
2026-01-12 01:50:00+00:00,1.77161,1.773,1.76996,1.76996,7000.270796
2026-01-12 01:55:00+00:00,1.77087,1.77087,1.76829,1.769,13520.923196
2026-01-12 02:00:00+00:00,1.76885,1.7738,1.7674,1.77127,27564.159218
2026-01-12 02:05:00+00:00,1.77197,1.77855,1.77146,1.77762,14935.952979
2026-01-12 02:10:00+00:00,1.77828,1.78431,1.77711,1.78282,28040.256404
2026-01-12 02:15:00+00:00,1.78613,1.78871,1.78302,1.78362,53475.849846
2026-01-12 02:20:00+00:00,1.78315,1.78315,1.77866,1.77924,7286.032138
2026-01-12 02:25:00+00:00,1.77924,1.78628,1.77924,1.78524,49139.735363
2026-01-12 02:30:00+00:00,1.78519,1.78537,1.78391,1.78496,5857.318343
2026-01-12 02:35:00+00:00,1.78413,1.79021,1.78413,1.78908,33256.537588
2026-01-12 02:40:00+00:00,1.7891,1.79261,1.78881,1.7924,34941.144112
2026-01-12 02:45:00+00:00,1.793,1.80006,1.793,1.7994,125719.511605
2026-01-12 02:50:00+00:00,1.80008,1.805,1.79938,1.79938,46474.949791
2026-01-12 02:55:00+00:00,1.8005,1.80363,1.79966,1.79966,18078.180118
2026-01-12 03:00:00+00:00,1.8012,1.8012,1.7969,1.7969,9559.108228
2026-01-12 03:05:00+00:00,1.79711,1.8002,1.79704,1.8002,7022.877278
2026-01-12 03:10:00+00:00,1.7999,1.80307,1.79957,1.801,20748.056629
2026-01-12 03:15:00+00:00,1.80202,1.8029,1.8002,1.80179,3353.240091
2026-01-12 03:20:00+00:00,1.80141,1.8037,1.80141,1.8029,13456.884872
2026-01-12 03:25:00+00:00,1.80297,1.80297,1.7997,1.80139,10630.911402
2026-01-12 03:30:00+00:00,1.80109,1.80111,1.79371,1.7945,14632.527926
2026-01-12 03:35:00+00:00,1.7959,1.79621,1.79233,1.79283,45095.303051
2026-01-12 03:40:00+00:00,1.79377,1.79377,1.78978,1.79118,8249.500337
2026-01-12 03:45:00+00:00,1.7917,1.79217,1.78922,1.78922,5977.556849
2026-01-12 03:50:00+00:00,1.78943,1.7898,1.7878,1.7879,16286.693394
2026-01-12 03:55:00+00:00,1.7899,1.7899,1.78217,1.78478,137229.991475
2026-01-12 04:00:00+00:00,1.78515,1.7875,1.78393,1.7854,44538.347692
2026-01-12 04:05:00+00:00,1.7864,1.7888,1.78579,1.78766,9093.825482
2026-01-12 04:10:00+00:00,1.78714,1.79248,1.78601,1.79209,20033.406435
2026-01-12 04:15:00+00:00,1.79227,1.7931,1.7913,1.79201,19650.795356
2026-01-12 04:20:00+00:00,1.79119,1.79147,1.79049,1.79098,3180.921365
2026-01-12 04:25:00+00:00,1.78946,1.79121,1.7891,1.7911,4399.218487
2026-01-12 04:30:00+00:00,1.79128,1.7922,1.79019,1.79205,10602.485179
2026-01-12 04:35:00+00:00,1.79324,1.79431,1.79192,1.79406,16112.445238
2026-01-12 04:40:00+00:00,1.79326,1.79462,1.79283,1.79283,8586.412616
2026-01-12 04:45:00+00:00,1.79374,1.79496,1.79371,1.79469,7558.499345
2026-01-12 04:50:00+00:00,1.79456,1.79456,1.79225,1.79311,10708.070562
2026-01-12 04:55:00+00:00,1.79242,1.79264,1.7904,1.7913,14136.392128
2026-01-12 05:00:00+00:00,1.7903,1.7903,1.78707,1.7898,16433.559629
2026-01-12 05:05:00+00:00,1.7889,1.79028,1.78846,1.79028,18606.061846
2026-01-12 05:10:00+00:00,1.79065,1.79152,1.78815,1.78826,12114.217204
2026-01-12 05:15:00+00:00,1.78705,1.78901,1.78649,1.78901,19140.364519
2026-01-12 05:20:00+00:00,1.7888,1.79076,1.78758,1.78758,34290.776716
2026-01-12 05:25:00+00:00,1.7876,1.79058,1.78746,1.79027,112192.88277
2026-01-12 05:30:00+00:00,1.79027,1.7909,1.78669,1.78837,33743.583029
2026-01-12 05:35:00+00:00,1.78707,1.78835,1.78614,1.78738,9972.042054
2026-01-12 05:40:00+00:00,1.78695,1.787,1.78261,1.7831,20626.899646
2026-01-12 05:45:00+00:00,1.78363,1.78372,1.7827,1.783,12136.296124
2026-01-12 05:50:00+00:00,1.78267,1.78385,1.78225,1.78357,11281.29218
2026-01-12 05:55:00+00:00,1.78357,1.78373,1.78263,1.78285,12134.774917
2026-01-12 06:00:00+00:00,1.7825,1.78257,1.77883,1.78,169193.37892
2026-01-12 06:05:00+00:00,1.77971,1.78486,1.77953,1.7832,25474.094611
2026-01-12 06:10:00+00:00,1.7824,1.78608,1.7824,1.78463,29754.927843
2026-01-12 06:15:00+00:00,1.78477,1.78538,1.78175,1.7849,21407.614934
2026-01-12 06:20:00+00:00,1.78285,1.78313,1.78144,1.78205,19643.473224
2026-01-12 06:25:00+00:00,1.78172,1.7819,1.77932,1.78008,14507.42047
2026-01-12 06:30:00+00:00,1.77972,1.77972,1.77541,1.77711,25671.853531
2026-01-12 06:35:00+00:00,1.7749,1.77718,1.77232,1.77403,21439.855672
2026-01-12 06:40:00+00:00,1.7741,1.77646,1.77391,1.77646,13669.001404
2026-01-12 06:45:00+00:00,1.77627,1.77627,1.77255,1.77452,30682.827403
2026-01-12 06:50:00+00:00,1.7745,1.7745,1.77093,1.77107,11035.731341
2026-01-12 06:55:00+00:00,1.7722,1.77395,1.7716,1.77242,9127.982405
2026-01-12 07:00:00+00:00,1.77257,1.7748,1.77232,1.7748,14737.17107
2026-01-12 07:05:00+00:00,1.77486,1.77699,1.77423,1.77449,13040.930468
2026-01-12 07:10:00+00:00,1.77411,1.77506,1.76899,1.76899,15890.74268
2026-01-12 07:15:00+00:00,1.7696,1.77139,1.7641,1.77111,19445.760393
2026-01-12 07:20:00+00:00,1.76452,1.76565,1.76408,1.76437,24875.834969
2026-01-12 07:25:00+00:00,1.764,1.76539,1.76192,1.76529,61714.121728
2026-01-12 07:30:00+00:00,1.76479,1.76506,1.75793,1.7586,60023.078576
2026-01-12 07:35:00+00:00,1.75783,1.75948,1.7558,1.75875,49124.895163
2026-01-12 07:40:00+00:00,1.75862,1.75937,1.75687,1.75773,38716.660442
2026-01-12 07:45:00+00:00,1.75576,1.75985,1.75576,1.75935,58679.703712
2026-01-12 07:50:00+00:00,1.75932,1.7599,1.7566,1.758,33662.23472
2026-01-12 07:55:00+00:00,1.75808,1.75964,1.75579,1.75579,31465.971987
2026-01-12 08:00:00+00:00,1.75555,1.75837,1.75415,1.75417,42310.688574
2026-01-12 08:05:00+00:00,1.75637,1.76122,1.75514,1.76071,51203.986223
2026-01-12 08:10:00+00:00,1.7607,1.76181,1.75917,1.75947,74262.474624
2026-01-12 08:15:00+00:00,1.75913,1.76154,1.75806,1.75962,49727.013213
2026-01-12 08:20:00+00:00,1.76085,1.76094,1.75766,1.75775,52046.079887
2026-01-12 08:25:00+00:00,1.75736,1.75919,1.75528,1.75738,124380.836083
2026-01-12 08:30:00+00:00,1.75739,1.75774,1.74941,1.75096,131947.149721
2026-01-12 08:35:00+00:00,1.74646,1.7505,1.74058,1.74821,199755.861431
2026-01-12 08:40:00+00:00,1.74774,1.74809,1.74364,1.74484,113742.355657
2026-01-12 08:45:00+00:00,1.74449,1.74898,1.74,1.74379,131580.724068
2026-01-12 08:50:00+00:00,1.74794,1.75182,1.74417,1.75182,38043.185784
2026-01-12 08:55:00+00:00,1.75016,1.75368,1.74999,1.7528,16003.21312
2026-01-12 09:00:00+00:00,1.75312,1.7536,1.74999,1.75264,6442.855944
2026-01-12 09:05:00+00:00,1.75214,1.75418,1.75043,1.75115,43222.315538
2026-01-12 09:10:00+00:00,1.75304,1.7534,1.7521,1.75281,10161.521096
2026-01-12 09:15:00+00:00,1.75358,1.75558,1.75145,1.75423,78375.238815
2026-01-12 09:20:00+00:00,1.75388,1.75553,1.75204,1.75266,40511.518313
2026-01-12 09:25:00+00:00,1.75194,1.75194,1.74806,1.74813,12812.217483
2026-01-12 09:30:00+00:00,1.74805,1.75011,1.74788,1.75006,27939.467315
2026-01-12 09:35:00+00:00,1.74974,1.75077,1.74789,1.7489,26887.226673
2026-01-12 09:40:00+00:00,1.74864,1.75082,1.74763,1.75,17565.849262
2026-01-12 09:45:00+00:00,1.75,1.75247,1.74981,1.75085,28590.818396
2026-01-12 09:50:00+00:00,1.75027,1.7509,1.74843,1.74995,13568.936825
2026-01-12 09:55:00+00:00,1.7496,1.7496,1.74686,1.74812,28914.157012
2026-01-12 10:00:00+00:00,1.74838,1.75072,1.7417,1.75058,338598.936614
2026-01-12 10:05:00+00:00,1.75063,1.75149,1.74881,1.74973,64412.156409
2026-01-12 10:10:00+00:00,1.74876,1.74989,1.74581,1.74664,30456.681044
2026-01-12 10:15:00+00:00,1.74605,1.748,1.74485,1.7458,21936.462101
2026-01-12 10:20:00+00:00,1.7477,1.7477,1.7446,1.74577,22413.124405
2026-01-12 10:25:00+00:00,1.74569,1.74569,1.74363,1.74415,26549.395743
2026-01-12 10:30:00+00:00,1.74432,1.74682,1.74379,1.74649,47191.50086
2026-01-12 10:35:00+00:00,1.74603,1.74701,1.74598,1.74679,11303.519143
2026-01-12 10:40:00+00:00,1.74628,1.7468,1.74418,1.74482,5966.375798
2026-01-12 10:45:00+00:00,1.74493,1.74578,1.74382,1.74509,24241.410442
2026-01-12 10:50:00+00:00,1.74408,1.74408,1.7405,1.74094,75876.893594
2026-01-12 10:55:00+00:00,1.74121,1.74251,1.74009,1.74127,180779.335966
2026-01-12 11:00:00+00:00,1.74071,1.74344,1.74003,1.74291,42551.634392
2026-01-12 11:05:00+00:00,1.74306,1.74507,1.74262,1.74443,53038.312698
2026-01-12 11:10:00+00:00,1.74405,1.74613,1.74405,1.7456,29463.366886
2026-01-12 11:15:00+00:00,1.74506,1.74558,1.74415,1.74445,16009.677103
2026-01-12 11:20:00+00:00,1.74415,1.74839,1.74378,1.74769,66533.459916
2026-01-12 11:25:00+00:00,1.74791,1.74965,1.74638,1.74679,17541.361087
2026-01-12 11:30:00+00:00,1.74634,1.74743,1.74559,1.74697,11361.073468
2026-01-12 11:35:00+00:00,1.74695,1.75049,1.74692,1.75037,70737.498995
2026-01-12 11:40:00+00:00,1.74791,1.74849,1.74683,1.74822,15405.306771
2026-01-12 11:45:00+00:00,1.74789,1.75054,1.74789,1.75021,15952.313622
2026-01-12 11:50:00+00:00,1.75127,1.75328,1.75052,1.75328,24013.559204
2026-01-12 11:55:00+00:00,1.75331,1.75332,1.75216,1.75287,10830.340452
2026-01-12 12:00:00+00:00,1.75296,1.7535,1.75136,1.75334,20295.468337
2026-01-12 12:05:00+00:00,1.7535,1.75564,1.75137,1.75179,18605.509217
2026-01-12 12:10:00+00:00,1.75179,1.75313,1.75176,1.75254,10334.849498
2026-01-12 12:15:00+00:00,1.75296,1.75616,1.7528,1.75603,146021.885927
2026-01-12 12:20:00+00:00,1.75481,1.75779,1.75481,1.75746,8732.735878
2026-01-12 12:25:00+00:00,1.75744,1.75766,1.75512,1.75553,25352.489981
2026-01-12 12:30:00+00:00,1.75524,1.75549,1.75389,1.75409,26171.256364
2026-01-12 12:35:00+00:00,1.75458,1.7549,1.75104,1.75188,18188.755505
2026-01-12 12:40:00+00:00,1.75159,1.75256,1.751,1.75157,4647.794708
2026-01-12 12:45:00+00:00,1.75217,1.75253,1.75061,1.75247,11377.39728
2026-01-12 12:50:00+00:00,1.75231,1.7545,1.75214,1.7542,7161.406589
2026-01-12 12:55:00+00:00,1.7545,1.75498,1.7517,1.75311,5113.031612
2026-01-12 13:00:00+00:00,1.75359,1.756,1.75181,1.7542,66100.253291
2026-01-12 13:05:00+00:00,1.75333,1.7535,1.74722,1.74835,27356.1824
2026-01-12 13:10:00+00:00,1.74832,1.74934,1.7468,1.74754,15100.002627
2026-01-12 13:15:00+00:00,1.74939,1.75104,1.74732,1.75019,47171.585165
2026-01-12 13:20:00+00:00,1.75,1.75305,1.75,1.751,4910.904939
2026-01-12 13:25:00+00:00,1.75,1.75246,1.74967,1.75203,16307.864049
2026-01-12 13:30:00+00:00,1.75179,1.75726,1.75179,1.75726,9371.268173
2026-01-12 13:35:00+00:00,1.75739,1.76,1.75552,1.75637,68997.276282
2026-01-12 13:40:00+00:00,1.75565,1.75591,1.75056,1.75171,24323.224193
2026-01-12 13:45:00+00:00,1.75175,1.7527,1.7488,1.75258,11385.840436
2026-01-12 13:50:00+00:00,1.75192,1.75524,1.75192,1.75484,11090.451078
2026-01-12 13:55:00+00:00,1.7546,1.755,1.7528,1.75366,22767.941432
2026-01-12 14:00:00+00:00,1.7534,1.75465,1.75099,1.7526,24078.587676
2026-01-12 14:05:00+00:00,1.7527,1.75499,1.7527,1.7548,12549.851046
2026-01-12 14:10:00+00:00,1.75471,1.75674,1.75421,1.75656,4575.183481
2026-01-12 14:15:00+00:00,1.75403,1.7583,1.74969,1.75458,83405.743744
2026-01-12 14:20:00+00:00,1.75348,1.75367,1.74533,1.7496,36629.848367
2026-01-12 14:25:00+00:00,1.74885,1.7601,1.74885,1.7601,34856.270464
2026-01-12 14:30:00+00:00,1.7603,1.7668,1.75814,1.75886,176826.439342
2026-01-12 14:35:00+00:00,1.76541,1.77034,1.75884,1.76898,88423.251436
2026-01-12 14:40:00+00:00,1.7699,1.7741,1.767,1.7741,29673.509612
2026-01-12 14:45:00+00:00,1.77435,1.77436,1.76704,1.76892,25457.704019
2026-01-12 14:50:00+00:00,1.77068,1.77676,1.76917,1.77007,39849.80786
2026-01-12 14:55:00+00:00,1.77053,1.77405,1.77053,1.77397,22740.840168
2026-01-12 15:00:00+00:00,1.77416,1.77466,1.77072,1.77153,45239.745734
2026-01-12 15:05:00+00:00,1.77694,1.77732,1.77249,1.7746,13046.954866
2026-01-12 15:10:00+00:00,1.77546,1.77734,1.7725,1.77684,26974.113939
2026-01-12 15:15:00+00:00,1.78296,1.7846,1.77583,1.78406,67977.326056
2026-01-12 15:20:00+00:00,1.78479,1.79,1.78101,1.78558,54574.68275
2026-01-12 15:25:00+00:00,1.78517,1.78764,1.78245,1.78525,40790.854392
2026-01-12 15:30:00+00:00,1.78604,1.78657,1.78181,1.78443,70944.877982
2026-01-12 15:35:00+00:00,1.78687,1.78937,1.78406,1.78798,32748.776103
2026-01-12 15:40:00+00:00,1.7875,1.78952,1.78424,1.78685,21253.821805
2026-01-12 15:45:00+00:00,1.78604,1.7881,1.78126,1.78452,22641.056941
2026-01-12 15:50:00+00:00,1.7857,1.78798,1.78324,1.78696,32467.033067
2026-01-12 15:55:00+00:00,1.7878,1.79115,1.7878,1.79088,58497.736025
2026-01-12 16:00:00+00:00,1.79051,1.79457,1.78962,1.7933,114786.850672
2026-01-12 16:05:00+00:00,1.79569,1.79611,1.79051,1.79511,92046.453818
2026-01-12 16:10:00+00:00,1.7955,1.7955,1.7915,1.79248,37105.538291
2026-01-12 16:15:00+00:00,1.79312,1.79666,1.78944,1.79091,79096.40932
2026-01-12 16:20:00+00:00,1.78987,1.7925,1.78482,1.7925,75642.049475
2026-01-12 16:25:00+00:00,1.79318,1.80297,1.79307,1.80263,121529.089346
2026-01-12 16:30:00+00:00,1.80363,1.8039,1.79355,1.79355,129226.75275
2026-01-12 16:35:00+00:00,1.79522,1.79568,1.78966,1.79171,33987.097435
2026-01-12 16:40:00+00:00,1.79234,1.7934,1.7904,1.79296,44777.380316
2026-01-12 16:45:00+00:00,1.79221,1.79358,1.78889,1.79012,21500.766192
2026-01-12 16:50:00+00:00,1.791,1.79435,1.7903,1.79396,38554.02289
2026-01-12 16:55:00+00:00,1.79344,1.79497,1.79201,1.79287,42344.04762
2026-01-12 17:00:00+00:00,1.79296,1.7967,1.79175,1.79461,71738.176163
2026-01-12 17:05:00+00:00,1.7946,1.79512,1.79022,1.79182,16432.04609
2026-01-12 17:10:00+00:00,1.78967,1.78993,1.78405,1.78735,88369.7375
2026-01-12 17:15:00+00:00,1.78734,1.78734,1.78542,1.78624,10242.826244
2026-01-12 17:20:00+00:00,1.78648,1.78683,1.77834,1.78061,47639.647838
2026-01-12 17:25:00+00:00,1.78005,1.78046,1.77527,1.77811,53628.101694
2026-01-12 17:30:00+00:00,1.77765,1.77765,1.76383,1.76439,110552.686594
2026-01-12 17:35:00+00:00,1.76432,1.77114,1.75888,1.77114,157542.499397
2026-01-12 17:40:00+00:00,1.77141,1.77398,1.76943,1.77038,78212.240338
2026-01-12 17:45:00+00:00,1.7702,1.7729,1.76942,1.7714,26203.37845
2026-01-12 17:50:00+00:00,1.7705,1.77201,1.76942,1.77143,10239.875554
2026-01-12 17:55:00+00:00,1.77142,1.77156,1.76878,1.7711,14072.10321
2026-01-12 18:00:00+00:00,1.77037,1.77444,1.77037,1.77238,20225.955643
2026-01-12 18:05:00+00:00,1.77297,1.77567,1.76906,1.77476,49873.374733
2026-01-12 18:10:00+00:00,1.77466,1.77784,1.77361,1.77362,40846.317532
2026-01-12 18:15:00+00:00,1.77358,1.7763,1.77358,1.77453,19221.957348
2026-01-12 18:20:00+00:00,1.77578,1.77895,1.77476,1.77642,57837.021823
2026-01-12 18:25:00+00:00,1.77654,1.7789,1.77466,1.77875,19702.582952
2026-01-12 18:30:00+00:00,1.77831,1.77848,1.76971,1.76971,22855.64962
2026-01-12 18:35:00+00:00,1.76886,1.76938,1.76367,1.76775,19592.30066
2026-01-12 18:40:00+00:00,1.76791,1.76908,1.76659,1.76878,19657.075363
2026-01-12 18:45:00+00:00,1.76902,1.77118,1.7681,1.76928,7623.401365
2026-01-12 18:50:00+00:00,1.76906,1.771,1.76813,1.76813,13159.963143
2026-01-12 18:55:00+00:00,1.76999,1.771,1.76895,1.76895,28387.295775
2026-01-12 19:00:00+00:00,1.76954,1.76956,1.76275,1.76318,17651.628777
2026-01-12 19:05:00+00:00,1.76365,1.77014,1.76255,1.77014,12482.005382
2026-01-12 19:10:00+00:00,1.76992,1.76996,1.76584,1.76691,20172.099148
2026-01-12 19:15:00+00:00,1.7672,1.7709,1.76704,1.77078,6146.306963
2026-01-12 19:20:00+00:00,1.76915,1.77182,1.76908,1.76975,2975.394395
2026-01-12 19:25:00+00:00,1.77063,1.77063,1.76701,1.76895,8391.06293
2026-01-12 19:30:00+00:00,1.76979,1.77122,1.76979,1.77014,4814.949034
2026-01-12 19:35:00+00:00,1.7704,1.77053,1.7687,1.76933,13338.744912
2026-01-12 19:40:00+00:00,1.76839,1.76964,1.76738,1.76738,3027.64175
2026-01-12 19:45:00+00:00,1.76734,1.76734,1.76543,1.76712,5299.373206
2026-01-12 19:50:00+00:00,1.76632,1.77445,1.76632,1.76693,14231.417712
2026-01-12 19:55:00+00:00,1.77285,1.77332,1.77221,1.77265,12810.747931
2026-01-12 20:00:00+00:00,1.77212,1.77584,1.77058,1.77553,5537.246668
2026-01-12 20:05:00+00:00,1.77537,1.77734,1.77291,1.77295,91749.852867
2026-01-12 20:10:00+00:00,1.77343,1.77471,1.77228,1.77423,18417.636115
2026-01-12 20:15:00+00:00,1.77381,1.77382,1.76947,1.77017,19475.064534
2026-01-12 20:20:00+00:00,1.76974,1.77241,1.76934,1.77146,17582.625384
2026-01-12 20:25:00+00:00,1.77205,1.77354,1.77067,1.77343,19724.447194
2026-01-12 20:30:00+00:00,1.77279,1.77279,1.76834,1.76854,29586.947835
2026-01-12 20:35:00+00:00,1.76935,1.76987,1.7677,1.76867,11404.386829
2026-01-12 20:40:00+00:00,1.76948,1.7704,1.76831,1.76937,18553.688759
2026-01-12 20:45:00+00:00,1.76964,1.77066,1.76697,1.77065,23815.052346
2026-01-12 20:50:00+00:00,1.76939,1.77033,1.76711,1.76852,29288.135459
2026-01-12 20:55:00+00:00,1.76888,1.77005,1.76738,1.76882,15457.236592
2026-01-12 21:00:00+00:00,1.76797,1.76862,1.75965,1.75985,57753.844728
2026-01-12 21:05:00+00:00,1.76022,1.76304,1.7595,1.76218,38653.913026
2026-01-12 21:10:00+00:00,1.76187,1.76418,1.76187,1.76418,18487.577061
2026-01-12 21:15:00+00:00,1.76191,1.7627,1.7605,1.7608,22809.781392
2026-01-12 21:20:00+00:00,1.76117,1.76143,1.75932,1.7597,12069.784317
2026-01-12 21:25:00+00:00,1.7578,1.7605,1.75648,1.75794,94043.932385
2026-01-12 21:30:00+00:00,1.75818,1.75854,1.75618,1.75837,59302.62587
2026-01-12 21:35:00+00:00,1.75857,1.7586,1.75599,1.75625,18415.524278
2026-01-12 21:40:00+00:00,1.75663,1.75676,1.75255,1.75332,25372.048052
2026-01-12 21:45:00+00:00,1.75302,1.75558,1.7507,1.752,46258.549676
2026-01-12 21:50:00+00:00,1.75038,1.75223,1.74772,1.74772,48241.292115
2026-01-12 21:55:00+00:00,1.74706,1.75621,1.74704,1.75621,145606.564248
2026-01-12 22:00:00+00:00,1.75575,1.75973,1.75575,1.7593,47895.568612
2026-01-12 22:05:00+00:00,1.7593,1.76376,1.75859,1.76201,61760.97231
2026-01-12 22:10:00+00:00,1.762,1.76259,1.76074,1.76117,47093.022518
2026-01-12 22:15:00+00:00,1.75997,1.76112,1.75815,1.76059,20040.149209
2026-01-12 22:20:00+00:00,1.76087,1.7616,1.76032,1.76032,9800.966306
2026-01-12 22:25:00+00:00,1.76161,1.7621,1.76011,1.76062,13928.774658
2026-01-12 22:30:00+00:00,1.75912,1.76176,1.75912,1.76146,6415.219187
2026-01-12 22:35:00+00:00,1.76161,1.76161,1.75759,1.76069,33108.058196
2026-01-12 22:40:00+00:00,1.75945,1.76106,1.75945,1.75985,1180.449626
2026-01-12 22:45:00+00:00,1.7603,1.7603,1.758,1.76001,950.245386
2026-01-12 22:50:00+00:00,1.75991,1.75991,1.75853,1.759,5150.517467
2026-01-12 22:55:00+00:00,1.75849,1.75975,1.75837,1.75837,8415.166821
2026-01-12 23:00:00+00:00,1.75933,1.75964,1.75457,1.75476,67690.761709
2026-01-12 23:05:00+00:00,1.75511,1.75541,1.75204,1.75344,16047.912444
2026-01-12 23:10:00+00:00,1.75368,1.7549,1.75295,1.75296,39251.515907
2026-01-12 23:15:00+00:00,1.75432,1.75687,1.75431,1.75687,2419.310378
2026-01-12 23:20:00+00:00,1.75625,1.75864,1.75605,1.75618,22175.399551
2026-01-12 23:25:00+00:00,1.75983,1.76218,1.75983,1.76051,6735.345737
2026-01-12 23:30:00+00:00,1.76003,1.76174,1.75852,1.75854,5038.099328
2026-01-12 23:35:00+00:00,1.75776,1.75947,1.75776,1.75947,8014.670839
2026-01-12 23:40:00+00:00,1.75861,1.75967,1.75766,1.75794,14456.242479
2026-01-12 23:45:00+00:00,1.75848,1.7599,1.75809,1.75922,6185.314738
2026-01-12 23:50:00+00:00,1.75973,1.76021,1.75932,1.75955,17842.022612
2026-01-12 23:55:00+00:00,1.75951,1.76003,1.75935,1.75957,5555.467773
2026-01-13 00:00:00+00:00,1.7589,1.76063,1.75851,1.76053,27730.740447
2026-01-13 00:05:00+00:00,1.76114,1.76123,1.75983,1.75983,48643.594047
2026-01-13 00:10:00+00:00,1.76129,1.76129,1.75875,1.75921,14020.298469
2026-01-13 00:15:00+00:00,1.7577,1.75973,1.7577,1.75973,968.899804
2026-01-13 00:20:00+00:00,1.75927,1.7629,1.75927,1.75977,7422.064715
2026-01-13 00:25:00+00:00,1.76363,1.76526,1.76211,1.76211,8211.845114
2026-01-13 00:30:00+00:00,1.76273,1.7637,1.76178,1.76227,3061.510245
2026-01-13 00:35:00+00:00,1.76279,1.7634,1.76141,1.76141,1767.746767
2026-01-13 00:40:00+00:00,1.75998,1.76002,1.75774,1.75889,3621.719975
2026-01-13 00:45:00+00:00,1.75974,1.76184,1.75967,1.76184,2081.942551
2026-01-13 00:50:00+00:00,1.76152,1.76285,1.76072,1.76072,2537.98977
2026-01-13 00:55:00+00:00,1.7626,1.76453,1.7626,1.76438,1499.340447
2026-01-13 01:00:00+00:00,1.76499,1.76499,1.76312,1.7634,3218.919301
2026-01-13 01:05:00+00:00,1.76382,1.76837,1.76382,1.7665,3030.941575
2026-01-13 01:10:00+00:00,1.76635,1.7669,1.76635,1.76654,1569.296283
2026-01-13 01:15:00+00:00,1.76603,1.76695,1.76508,1.76508,1396.524811
2026-01-13 01:20:00+00:00,1.76594,1.76594,1.76479,1.76479,2561.10702
2026-01-13 01:25:00+00:00,1.7651,1.76545,1.7615,1.76197,45964.527577
2026-01-13 01:30:00+00:00,1.76187,1.76254,1.75871,1.75871,370.347115
2026-01-13 01:35:00+00:00,1.75714,1.7581,1.75679,1.75679,1564.470707
2026-01-13 01:40:00+00:00,1.75595,1.7567,1.75563,1.75586,1426.764037
2026-01-13 01:45:00+00:00,1.75611,1.75802,1.75609,1.75774,944.205428
2026-01-13 01:50:00+00:00,1.7577,1.7577,1.75686,1.75714,17355.529266
2026-01-13 01:55:00+00:00,1.7592,1.76052,1.75843,1.75937,5379.877359
2026-01-13 02:00:00+00:00,1.7599,1.76393,1.7599,1.76393,13823.319669
2026-01-13 02:05:00+00:00,1.76485,1.76526,1.76119,1.76119,2788.99716
2026-01-13 02:10:00+00:00,1.76227,1.76249,1.76183,1.76183,603.266419
2026-01-13 02:15:00+00:00,1.76384,1.76415,1.7638,1.76388,2766.62443
2026-01-13 02:20:00+00:00,1.76561,1.76576,1.76561,1.76576,875.753807
2026-01-13 02:25:00+00:00,1.76457,1.76457,1.76457,1.76457,158.775168
2026-01-13 02:30:00+00:00,1.76442,1.76442,1.76387,1.764,6802.910166
2026-01-13 02:35:00+00:00,1.76421,1.76422,1.76,1.76039,14622.442248
2026-01-13 02:40:00+00:00,1.76042,1.76042,1.75694,1.75966,4539.038675
2026-01-13 02:45:00+00:00,1.75722,1.75893,1.75715,1.75845,43531.71952
2026-01-13 02:50:00+00:00,1.75861,1.75998,1.7575,1.7586,957.855633
2026-01-13 02:55:00+00:00,1.75969,1.76096,1.75835,1.75835,4492.408176
2026-01-13 03:00:00+00:00,1.75844,1.76022,1.75844,1.75869,9246.465629
2026-01-13 03:05:00+00:00,1.75909,1.75952,1.75509,1.75509,8119.570912
2026-01-13 03:10:00+00:00,1.75806,1.75906,1.75537,1.75845,3407.75122
2026-01-13 03:15:00+00:00,1.759,1.76102,1.75892,1.76057,404.971629
2026-01-13 03:20:00+00:00,1.76059,1.76284,1.76045,1.76284,692.062944
2026-01-13 03:25:00+00:00,1.76095,1.76095,1.76053,1.76053,431.724752
2026-01-13 03:30:00+00:00,1.76066,1.7613,1.75951,1.75951,1599.046647
2026-01-13 03:35:00+00:00,1.75822,1.75889,1.75627,1.75627,4334.110111
2026-01-13 03:40:00+00:00,1.75804,1.75804,1.75625,1.75804,1045.379694
2026-01-13 03:45:00+00:00,1.75682,1.75699,1.75527,1.7562,1951.62924
2026-01-13 03:50:00+00:00,1.75433,1.75603,1.75427,1.75459,7392.738953
2026-01-13 03:55:00+00:00,1.7555,1.75706,1.7555,1.75673,629.250947
2026-01-13 04:00:00+00:00,1.75683,1.7579,1.75653,1.7568,1570.535146
2026-01-13 04:05:00+00:00,1.75684,1.75781,1.75684,1.75765,879.736786
2026-01-13 04:10:00+00:00,1.75818,1.75878,1.75687,1.75818,13763.198905
2026-01-13 04:15:00+00:00,1.75749,1.76124,1.75749,1.76072,10594.275117
2026-01-13 04:20:00+00:00,1.76076,1.7624,1.75955,1.7624,335.50559
2026-01-13 04:25:00+00:00,1.75835,1.75881,1.75719,1.75728,1835.291418
2026-01-13 04:30:00+00:00,1.75751,1.75751,1.75676,1.75676,1408.104805
2026-01-13 04:35:00+00:00,1.75697,1.75855,1.75697,1.75855,6513.626935
2026-01-13 04:40:00+00:00,1.75897,1.75969,1.75861,1.75861,5293.870945
2026-01-13 04:45:00+00:00,1.75928,1.75928,1.75783,1.75783,270.094064
2026-01-13 04:50:00+00:00,1.75748,1.75883,1.75748,1.75767,3479.812331
2026-01-13 04:55:00+00:00,1.76026,1.76266,1.76026,1.76266,6733.852035
2026-01-13 05:00:00+00:00,1.76239,1.76724,1.76239,1.76529,6720.714096
2026-01-13 05:05:00+00:00,1.76524,1.7659,1.76449,1.76572,653.326389
2026-01-13 05:10:00+00:00,1.76533,1.76706,1.76533,1.76628,3323.631822
2026-01-13 05:15:00+00:00,1.76785,1.77514,1.76711,1.77438,17868.76491
2026-01-13 05:20:00+00:00,1.77602,1.78147,1.77316,1.77367,115282.183364
2026-01-13 05:25:00+00:00,1.77782,1.77782,1.77584,1.77584,4114.070449
2026-01-13 05:30:00+00:00,1.77631,1.77631,1.77084,1.77125,39115.381797
2026-01-13 05:35:00+00:00,1.76954,1.77166,1.7694,1.76984,41692.538196
2026-01-13 05:40:00+00:00,1.76938,1.7706,1.76896,1.7706,1851.144264
2026-01-13 05:45:00+00:00,1.76993,1.77271,1.76954,1.77271,6759.558546
2026-01-13 05:50:00+00:00,1.77214,1.77214,1.76791,1.7697,13358.912086
2026-01-13 05:55:00+00:00,1.76912,1.76912,1.76718,1.76784,18447.119783
2026-01-13 06:00:00+00:00,1.76816,1.77098,1.76816,1.76854,1377.132834
2026-01-13 06:05:00+00:00,1.76807,1.76818,1.76564,1.76759,5800.786589
2026-01-13 06:10:00+00:00,1.76784,1.76796,1.76583,1.76594,1300.444984
2026-01-13 06:15:00+00:00,1.76658,1.76773,1.76577,1.76577,1548.44248
2026-01-13 06:20:00+00:00,1.7657,1.7676,1.7657,1.76669,3007.633616
2026-01-13 06:25:00+00:00,1.76735,1.76763,1.765,1.765,3147.021125
2026-01-13 06:30:00+00:00,1.76435,1.7665,1.76435,1.76547,30731.094604
2026-01-13 06:35:00+00:00,1.76554,1.76844,1.76554,1.76844,6584.7457
2026-01-13 06:40:00+00:00,1.76821,1.76934,1.7658,1.7658,6306.784646
2026-01-13 06:45:00+00:00,1.76529,1.7662,1.7646,1.76562,28893.412225
2026-01-13 06:50:00+00:00,1.7657,1.77083,1.7657,1.76975,30775.42345
2026-01-13 06:55:00+00:00,1.76976,1.77002,1.76805,1.76806,51930.219229
2026-01-13 07:00:00+00:00,1.76663,1.76663,1.76521,1.7656,9882.719253
2026-01-13 07:05:00+00:00,1.76536,1.7659,1.76411,1.76486,7363.394676
2026-01-13 07:10:00+00:00,1.76509,1.76529,1.76444,1.76529,4718.18645
2026-01-13 07:15:00+00:00,1.76487,1.76487,1.76268,1.76367,23262.112881
2026-01-13 07:20:00+00:00,1.76315,1.76371,1.76203,1.76287,12254.542436
2026-01-13 07:25:00+00:00,1.76244,1.76356,1.762,1.762,4533.990244
2026-01-13 07:30:00+00:00,1.762,1.76282,1.762,1.76273,11308.588016
2026-01-13 07:35:00+00:00,1.76328,1.76433,1.7626,1.76312,6380.522621
2026-01-13 07:40:00+00:00,1.76249,1.76467,1.76249,1.76352,3714.7578
2026-01-13 07:45:00+00:00,1.76362,1.76362,1.759,1.75938,12561.085624
2026-01-13 07:50:00+00:00,1.75973,1.76173,1.75913,1.7592,11647.031781
2026-01-13 07:55:00+00:00,1.75943,1.75943,1.75839,1.75921,10571.19236
2026-01-13 08:00:00+00:00,1.7593,1.765,1.7593,1.765,23286.220224
2026-01-13 08:05:00+00:00,1.76523,1.76818,1.76443,1.76818,14457.459074
2026-01-13 08:10:00+00:00,1.76592,1.76629,1.76311,1.76401,4512.182947
2026-01-13 08:15:00+00:00,1.76467,1.76471,1.7635,1.7642,3182.611054
2026-01-13 08:20:00+00:00,1.76434,1.7648,1.76365,1.76453,11889.702711
2026-01-13 08:25:00+00:00,1.76395,1.76458,1.76302,1.76344,8922.624151
2026-01-13 08:30:00+00:00,1.76327,1.76387,1.76257,1.76334,11669.819724
2026-01-13 08:35:00+00:00,1.7639,1.76784,1.76368,1.76784,20731.84124
2026-01-13 08:40:00+00:00,1.76683,1.76811,1.7664,1.76811,11084.949849
2026-01-13 08:45:00+00:00,1.76795,1.77216,1.76756,1.77216,37041.327687
2026-01-13 08:50:00+00:00,1.77179,1.77248,1.76995,1.77015,3997.373277
2026-01-13 08:55:00+00:00,1.76953,1.76995,1.76884,1.76921,2543.646909
2026-01-13 09:00:00+00:00,1.76904,1.7718,1.76834,1.7718,17287.237396
2026-01-13 09:05:00+00:00,1.77191,1.77196,1.76768,1.7687,12431.126929
2026-01-13 09:10:00+00:00,1.76845,1.771,1.76796,1.77089,25104.679454
2026-01-13 09:15:00+00:00,1.7717,1.77279,1.76858,1.77251,24603.431485
2026-01-13 09:20:00+00:00,1.77114,1.77689,1.77114,1.77502,26770.677306
2026-01-13 09:25:00+00:00,1.77384,1.77495,1.7732,1.77409,35555.92101
2026-01-13 09:30:00+00:00,1.77477,1.7757,1.7723,1.7723,39106.838382
2026-01-13 09:35:00+00:00,1.77125,1.7721,1.76928,1.77145,5935.096921
2026-01-13 09:40:00+00:00,1.77146,1.77146,1.76383,1.76768,21039.722392
2026-01-13 09:45:00+00:00,1.76828,1.7705,1.76739,1.76997,34155.892824
2026-01-13 09:50:00+00:00,1.76962,1.7705,1.76805,1.76834,5255.510322
2026-01-13 09:55:00+00:00,1.7676,1.76882,1.76716,1.7676,15758.135948
2026-01-13 10:00:00+00:00,1.76824,1.77093,1.76668,1.77044,7620.736954
2026-01-13 10:05:00+00:00,1.77036,1.77181,1.76881,1.77055,7522.602208
2026-01-13 10:10:00+00:00,1.77113,1.77177,1.7684,1.76886,16505.653031
2026-01-13 10:15:00+00:00,1.76807,1.76884,1.76752,1.76765,9697.547705
2026-01-13 10:20:00+00:00,1.76771,1.76994,1.76762,1.76994,3268.669181
2026-01-13 10:25:00+00:00,1.76894,1.76894,1.7679,1.76869,1300.544696
2026-01-13 10:30:00+00:00,1.7689,1.76895,1.76673,1.767,24291.480246
2026-01-13 10:35:00+00:00,1.76666,1.76729,1.76615,1.76681,2803.66795
2026-01-13 10:40:00+00:00,1.76623,1.76623,1.76253,1.76309,5637.873151
2026-01-13 10:45:00+00:00,1.76205,1.76395,1.76205,1.76327,32488.153587
2026-01-13 10:50:00+00:00,1.76362,1.76471,1.76327,1.76333,9563.559005
2026-01-13 10:55:00+00:00,1.76437,1.76504,1.76399,1.764,19737.778563
2026-01-13 11:00:00+00:00,1.76497,1.76497,1.76214,1.76222,7341.742459
2026-01-13 11:05:00+00:00,1.7632,1.76428,1.763,1.7639,15168.140418
2026-01-13 11:10:00+00:00,1.76446,1.76503,1.76353,1.76391,1958.345915
2026-01-13 11:15:00+00:00,1.76499,1.76532,1.76387,1.76394,16490.950805
2026-01-13 11:20:00+00:00,1.76373,1.76629,1.76349,1.76629,7386.098716
2026-01-13 11:25:00+00:00,1.76591,1.7662,1.76554,1.76607,5320.140066
2026-01-13 11:30:00+00:00,1.76604,1.76626,1.76476,1.76478,3307.605785
2026-01-13 11:35:00+00:00,1.76492,1.76598,1.76444,1.76577,14060.332623
2026-01-13 11:40:00+00:00,1.76529,1.76611,1.76445,1.76452,37233.909877
2026-01-13 11:45:00+00:00,1.76395,1.76485,1.76303,1.7639,19262.181349
2026-01-13 11:50:00+00:00,1.76396,1.76533,1.7637,1.76533,22118.010123
2026-01-13 11:55:00+00:00,1.76498,1.7667,1.76439,1.76439,10971.495089
2026-01-13 12:00:00+00:00,1.76412,1.76434,1.76243,1.7627,5043.678702
2026-01-13 12:05:00+00:00,1.76326,1.76353,1.76086,1.76333,20698.133384
2026-01-13 12:10:00+00:00,1.76361,1.76398,1.76102,1.76147,13339.415669
2026-01-13 12:15:00+00:00,1.76155,1.76471,1.76155,1.76241,1331.171839
2026-01-13 12:20:00+00:00,1.76477,1.76572,1.76431,1.76555,3650.050557
2026-01-13 12:25:00+00:00,1.76306,1.76532,1.76304,1.76517,26771.369486
2026-01-13 12:30:00+00:00,1.76507,1.76678,1.76507,1.76672,11184.629087
2026-01-13 12:35:00+00:00,1.76639,1.76707,1.76559,1.7663,4302.44886
2026-01-13 12:40:00+00:00,1.76609,1.76791,1.76588,1.7674,16950.449769
2026-01-13 12:45:00+00:00,1.76741,1.76753,1.76635,1.76682,23584.951578
2026-01-13 12:50:00+00:00,1.76747,1.76895,1.76658,1.76871,5851.935902
2026-01-13 12:55:00+00:00,1.76834,1.76854,1.76725,1.76854,23793.101425
2026-01-13 13:00:00+00:00,1.7678,1.7678,1.76582,1.76593,9163.961089
2026-01-13 13:05:00+00:00,1.76612,1.76948,1.76612,1.76833,28325.022294
2026-01-13 13:10:00+00:00,1.76812,1.76817,1.76632,1.76704,9046.985914
2026-01-13 13:15:00+00:00,1.76668,1.76702,1.76585,1.76591,8449.592509
2026-01-13 13:20:00+00:00,1.76603,1.76835,1.76584,1.7674,8334.015565
2026-01-13 13:25:00+00:00,1.76866,1.77035,1.76665,1.76923,6933.807509
2026-01-13 13:30:00+00:00,1.76986,1.77896,1.76986,1.77257,763650.563173
2026-01-13 13:35:00+00:00,1.7726,1.77783,1.76978,1.77242,84600.728695
2026-01-13 13:40:00+00:00,1.77089,1.77405,1.7697,1.7737,35117.824269
2026-01-13 13:45:00+00:00,1.77395,1.7761,1.77224,1.77329,34952.107778
2026-01-13 13:50:00+00:00,1.77632,1.77632,1.77,1.77417,26253.33194
2026-01-13 13:55:00+00:00,1.77376,1.7738,1.77133,1.77185,18543.534064
2026-01-13 14:00:00+00:00,1.77202,1.77202,1.765,1.76857,62317.432463
2026-01-13 14:05:00+00:00,1.769,1.7721,1.769,1.7721,5437.249132
2026-01-13 14:10:00+00:00,1.77196,1.77385,1.77196,1.77385,11358.403678
2026-01-13 14:15:00+00:00,1.7746,1.77944,1.7746,1.77638,14924.560215
2026-01-13 14:20:00+00:00,1.7777,1.7835,1.77769,1.78278,75119.903009
2026-01-13 14:25:00+00:00,1.78264,1.78568,1.7814,1.78568,28671.287046
2026-01-13 14:30:00+00:00,1.785,1.78971,1.78352,1.78971,46400.973371
2026-01-13 14:35:00+00:00,1.78954,1.796,1.78939,1.7922,75142.634787
2026-01-13 14:40:00+00:00,1.79272,1.79684,1.79,1.79092,46489.546692
2026-01-13 14:45:00+00:00,1.7894,1.79279,1.78372,1.78437,48663.41677
2026-01-13 14:50:00+00:00,1.784,1.7866,1.77987,1.77999,129140.325524
2026-01-13 14:55:00+00:00,1.77958,1.78245,1.77909,1.78017,51832.525381
2026-01-13 15:00:00+00:00,1.78023,1.78256,1.77359,1.77703,123018.481114
2026-01-13 15:05:00+00:00,1.77834,1.78408,1.77695,1.77933,7922.531756
2026-01-13 15:10:00+00:00,1.77985,1.78182,1.77742,1.78148,17998.36302
2026-01-13 15:15:00+00:00,1.77684,1.78136,1.77145,1.77444,88768.735596
2026-01-13 15:20:00+00:00,1.7755,1.77676,1.77208,1.77544,51152.022805
2026-01-13 15:25:00+00:00,1.77713,1.77938,1.776,1.77666,23140.225906
2026-01-13 15:30:00+00:00,1.77905,1.79006,1.77893,1.78848,98465.385301
2026-01-13 15:35:00+00:00,1.7886,1.795,1.78743,1.79278,99185.317909
2026-01-13 15:40:00+00:00,1.79236,1.79271,1.78847,1.78922,88273.577343
2026-01-13 15:45:00+00:00,1.78828,1.7911,1.78575,1.7862,24626.966603
2026-01-13 15:50:00+00:00,1.78589,1.79226,1.785,1.79226,18282.037386
2026-01-13 15:55:00+00:00,1.80088,1.80225,1.79289,1.80048,276705.826364
2026-01-13 16:00:00+00:00,1.80014,1.80718,1.80014,1.80559,293112.018376
2026-01-13 16:05:00+00:00,1.80505,1.80985,1.804,1.80423,105955.886016
2026-01-13 16:10:00+00:00,1.804,1.80541,1.79844,1.799,94085.356395
2026-01-13 16:15:00+00:00,1.79805,1.80055,1.79498,1.79534,67613.714493
2026-01-13 16:20:00+00:00,1.7981,1.80336,1.79752,1.7983,39457.586212
2026-01-13 16:25:00+00:00,1.7979,1.80026,1.79359,1.80026,107249.206058
2026-01-13 16:30:00+00:00,1.79891,1.80981,1.79833,1.8092,161421.241762
2026-01-13 16:35:00+00:00,1.8094,1.81043,1.80402,1.80506,81536.148294
2026-01-13 16:40:00+00:00,1.80424,1.81345,1.80274,1.80833,263134.429438
2026-01-13 16:45:00+00:00,1.80845,1.814,1.80762,1.8115,49276.821823
2026-01-13 16:50:00+00:00,1.81358,1.81391,1.80945,1.81148,145758.98146
2026-01-13 16:55:00+00:00,1.81012,1.81456,1.80636,1.80639,156140.354254
2026-01-13 17:00:00+00:00,1.80762,1.80929,1.80616,1.80699,19789.111831
2026-01-13 17:05:00+00:00,1.8071,1.8071,1.8008,1.8008,117440.741521
2026-01-13 17:10:00+00:00,1.80003,1.80031,1.79498,1.79716,152220.113406
2026-01-13 17:15:00+00:00,1.79717,1.79826,1.7894,1.79315,101890.7817
2026-01-13 17:20:00+00:00,1.79366,1.79805,1.79129,1.79793,15927.510044
2026-01-13 17:25:00+00:00,1.79919,1.79981,1.79527,1.79906,76696.412309
2026-01-13 17:30:00+00:00,1.79896,1.80007,1.79414,1.79919,87854.841058
2026-01-13 17:35:00+00:00,1.79893,1.79893,1.79422,1.79422,15068.3676
2026-01-13 17:40:00+00:00,1.7937,1.8008,1.7937,1.79734,8925.058726
2026-01-13 17:45:00+00:00,1.79634,1.799,1.79566,1.79706,17192.650611
2026-01-13 17:50:00+00:00,1.79746,1.79853,1.79491,1.79657,9073.337545
2026-01-13 17:55:00+00:00,1.79676,1.79676,1.79364,1.79565,19931.545711
2026-01-13 18:00:00+00:00,1.795,1.79874,1.79207,1.79781,47129.35141
2026-01-13 18:05:00+00:00,1.79825,1.80218,1.79739,1.80089,78284.25165
2026-01-13 18:10:00+00:00,1.80049,1.80474,1.79945,1.80402,50171.817146
2026-01-13 18:15:00+00:00,1.80409,1.8083,1.80377,1.8083,52173.35801
2026-01-13 18:20:00+00:00,1.80694,1.8114,1.80578,1.80829,103145.756261
2026-01-13 18:25:00+00:00,1.80801,1.80839,1.80548,1.8055,27803.440877
2026-01-13 18:30:00+00:00,1.80617,1.80967,1.80603,1.80864,10393.060766
2026-01-13 18:35:00+00:00,1.8091,1.8114,1.80801,1.80882,34416.925735
2026-01-13 18:40:00+00:00,1.80878,1.80878,1.80464,1.80848,15550.299979
2026-01-13 18:45:00+00:00,1.81273,1.8129,1.8082,1.80898,42435.075042
2026-01-13 18:50:00+00:00,1.80843,1.80843,1.80492,1.8058,27736.638403
2026-01-13 18:55:00+00:00,1.80578,1.8071,1.80514,1.80708,39796.150992
2026-01-13 19:00:00+00:00,1.80743,1.80893,1.80519,1.80641,86479.851952
2026-01-13 19:05:00+00:00,1.8074,1.8083,1.80533,1.80815,44048.079412
2026-01-13 19:10:00+00:00,1.80835,1.81116,1.80813,1.80831,43943.051358
2026-01-13 19:15:00+00:00,1.80878,1.81029,1.80782,1.80782,30477.088492
2026-01-13 19:20:00+00:00,1.80987,1.8114,1.80913,1.80944,20620.45587
2026-01-13 19:25:00+00:00,1.80958,1.81363,1.8095,1.81287,22771.164827
2026-01-13 19:30:00+00:00,1.81266,1.82039,1.8122,1.8179,212603.43722
2026-01-13 19:35:00+00:00,1.81699,1.82233,1.81656,1.81969,80049.388698
2026-01-13 19:40:00+00:00,1.81954,1.82165,1.81849,1.82072,153898.451704
2026-01-13 19:45:00+00:00,1.8206,1.82305,1.82,1.82305,44889.184474
2026-01-13 19:50:00+00:00,1.82288,1.83557,1.8227,1.83166,293174.891027
2026-01-13 19:55:00+00:00,1.83157,1.83628,1.8305,1.83357,220359.244318
2026-01-13 20:00:00+00:00,1.83614,1.842,1.83614,1.83898,272023.489512
2026-01-13 20:05:00+00:00,1.839,1.84078,1.83502,1.83592,149060.510161
2026-01-13 20:10:00+00:00,1.835,1.84022,1.83057,1.84022,53926.157269
2026-01-13 20:15:00+00:00,1.83888,1.84432,1.83663,1.83906,130427.014102
2026-01-13 20:20:00+00:00,1.83852,1.84246,1.83852,1.84221,93807.380937
2026-01-13 20:25:00+00:00,1.8422,1.8422,1.83335,1.83713,174906.198148
2026-01-13 20:30:00+00:00,1.83787,1.83894,1.828,1.82908,182276.170178
2026-01-13 20:35:00+00:00,1.82914,1.82914,1.82182,1.8246,152590.130927
2026-01-13 20:40:00+00:00,1.8248,1.826,1.81896,1.82476,155201.613824
2026-01-13 20:45:00+00:00,1.82546,1.83113,1.82494,1.82812,93235.966098
2026-01-13 20:50:00+00:00,1.82434,1.82735,1.82431,1.82608,32076.079248
2026-01-13 20:55:00+00:00,1.83145,1.83442,1.82432,1.83129,44536.209905
2026-01-13 21:00:00+00:00,1.8312,1.83836,1.83092,1.838,26091.154583
2026-01-13 21:05:00+00:00,1.83783,1.83852,1.83199,1.83357,121833.308228
2026-01-13 21:10:00+00:00,1.83357,1.83357,1.8285,1.82996,108146.471378
2026-01-13 21:15:00+00:00,1.82862,1.8341,1.82806,1.8304,45982.836766
2026-01-13 21:20:00+00:00,1.83134,1.8344,1.83134,1.83288,48351.939016
2026-01-13 21:25:00+00:00,1.833,1.833,1.828,1.82874,64536.06501
2026-01-13 21:30:00+00:00,1.82838,1.82911,1.82568,1.82568,21287.889511
2026-01-13 21:35:00+00:00,1.82587,1.82712,1.82406,1.82478,77219.904363
2026-01-13 21:40:00+00:00,1.82468,1.82468,1.822,1.82334,106162.153447
2026-01-13 21:45:00+00:00,1.82356,1.8266,1.82281,1.82643,31415.49894
2026-01-13 21:50:00+00:00,1.8267,1.82689,1.82017,1.82201,27530.945436
2026-01-13 21:55:00+00:00,1.82247,1.82248,1.82007,1.82007,15715.101178
2026-01-13 22:00:00+00:00,1.82099,1.8233,1.82095,1.82198,16459.412119
2026-01-13 22:05:00+00:00,1.82216,1.8447,1.82062,1.8447,306731.384603
2026-01-13 22:10:00+00:00,1.84362,1.86409,1.84339,1.85402,1228837.848644
2026-01-13 22:15:00+00:00,1.85586,1.86483,1.85,1.86095,380960.715535
2026-01-13 22:20:00+00:00,1.86037,1.8631,1.85478,1.86026,93455.329816
2026-01-13 22:25:00+00:00,1.8544,1.85924,1.8531,1.8531,67539.891093
2026-01-13 22:30:00+00:00,1.8551,1.85741,1.8526,1.8526,108282.074559
2026-01-13 22:35:00+00:00,1.8524,1.85623,1.845,1.85539,100935.946477
2026-01-13 22:40:00+00:00,1.85481,1.86166,1.85465,1.86117,143468.850937
2026-01-13 22:45:00+00:00,1.86204,1.87286,1.86164,1.86614,584818.826638
2026-01-13 22:50:00+00:00,1.86546,1.86745,1.86062,1.86253,55125.955276
2026-01-13 22:55:00+00:00,1.8626,1.86679,1.86231,1.86648,72432.753122
2026-01-13 23:00:00+00:00,1.86718,1.87498,1.8668,1.87478,142413.749573
2026-01-13 23:05:00+00:00,1.87179,1.87224,1.86766,1.87,181484.113012
2026-01-13 23:10:00+00:00,1.8697,1.8711,1.86745,1.86954,37005.031653
2026-01-13 23:15:00+00:00,1.87057,1.87283,1.8685,1.8716,72555.382133
2026-01-13 23:20:00+00:00,1.87227,1.87264,1.86509,1.86573,83697.906831
2026-01-13 23:25:00+00:00,1.8647,1.8647,1.85529,1.85823,203348.035531
2026-01-13 23:30:00+00:00,1.85821,1.86133,1.85276,1.85276,90402.639082
2026-01-13 23:35:00+00:00,1.85426,1.85426,1.84566,1.84722,39315.67416
2026-01-13 23:40:00+00:00,1.84886,1.85268,1.84886,1.85204,32299.396809
2026-01-13 23:45:00+00:00,1.852,1.853,1.8472,1.84869,57515.533832
2026-01-13 23:50:00+00:00,1.84841,1.85604,1.8478,1.8478,64059.117376
2026-01-14 00:00:00+00:00,1.8601,1.86236,1.85565,1.85641,22188.445816
2026-01-14 00:05:00+00:00,1.85618,1.85951,1.85475,1.85951,22365.995601
2026-01-14 00:10:00+00:00,1.8593,1.8613,1.85501,1.85593,11518.498949
2026-01-14 00:15:00+00:00,1.85623,1.8579,1.85295,1.85361,39800.93666
2026-01-14 00:20:00+00:00,1.85497,1.85862,1.85482,1.85506,24594.906848
2026-01-14 00:25:00+00:00,1.85826,1.86,1.85619,1.85696,29574.250085
2026-01-14 00:30:00+00:00,1.85434,1.85642,1.85176,1.85282,36224.448327
2026-01-14 00:35:00+00:00,1.85501,1.8579,1.85216,1.85775,50160.631522
2026-01-14 00:40:00+00:00,1.85787,1.8694,1.85787,1.86709,8535.705811
2026-01-14 00:45:00+00:00,1.86629,1.86874,1.85936,1.85937,13262.857637
2026-01-14 00:50:00+00:00,1.85917,1.86291,1.85665,1.85815,35647.280056
2026-01-14 00:55:00+00:00,1.86108,1.8627,1.85774,1.859,25606.654884
2026-01-14 01:00:00+00:00,1.85959,1.86174,1.85798,1.85831,36918.651458
2026-01-14 01:05:00+00:00,1.8624,1.86546,1.86084,1.86253,30153.534415
2026-01-14 01:10:00+00:00,1.86274,1.86603,1.86262,1.86551,16849.875958
2026-01-14 01:15:00+00:00,1.86531,1.86812,1.86474,1.86474,16135.055905
2026-01-14 01:20:00+00:00,1.86326,1.86336,1.86176,1.8633,1531.934621
2026-01-14 01:25:00+00:00,1.86336,1.86581,1.86211,1.86277,25432.672212
2026-01-14 01:30:00+00:00,1.864,1.86434,1.8634,1.8634,42509.338009
2026-01-14 01:35:00+00:00,1.86469,1.86539,1.85671,1.85671,5898.780863
2026-01-14 01:40:00+00:00,1.85597,1.86077,1.85433,1.86,39416.800922
2026-01-14 01:45:00+00:00,1.86112,1.86413,1.86112,1.86204,14156.748624
2026-01-14 01:50:00+00:00,1.86231,1.86853,1.86231,1.8643,3359.80912
2026-01-14 01:55:00+00:00,1.86757,1.86807,1.86643,1.86803,12182.956766
2026-01-14 02:00:00+00:00,1.86648,1.86779,1.86622,1.86648,21245.237881
2026-01-14 02:05:00+00:00,1.86855,1.86906,1.86706,1.86775,5373.633976
2026-01-14 02:10:00+00:00,1.86696,1.8721,1.86696,1.87177,19450.414927
2026-01-14 02:15:00+00:00,1.87153,1.88201,1.87153,1.87273,96757.742192
2026-01-14 02:20:00+00:00,1.87242,1.87385,1.8716,1.87236,27078.629703
2026-01-14 02:25:00+00:00,1.87022,1.87034,1.86519,1.8669,17932.546285
2026-01-14 02:30:00+00:00,1.86625,1.86793,1.86542,1.86766,4547.529743
2026-01-14 02:35:00+00:00,1.86724,1.87026,1.86712,1.869,17011.667262
2026-01-14 02:40:00+00:00,1.8676,1.8698,1.867,1.8687,4637.535633
2026-01-14 02:45:00+00:00,1.86868,1.86936,1.86712,1.86804,7215.486587
2026-01-14 02:50:00+00:00,1.86748,1.86748,1.86017,1.86152,103806.411128
2026-01-14 02:55:00+00:00,1.86237,1.86389,1.86185,1.86367,5572.763601
2026-01-14 03:00:00+00:00,1.86362,1.86518,1.86281,1.8644,6953.338594
2026-01-14 03:05:00+00:00,1.8633,1.86488,1.8612,1.86377,2922.440692
2026-01-14 03:10:00+00:00,1.86128,1.86674,1.85994,1.86558,44991.516485
2026-01-14 03:15:00+00:00,1.8652,1.8652,1.86482,1.86491,8946.062197
2026-01-14 03:20:00+00:00,1.86442,1.86442,1.85865,1.86273,86621.186386
2026-01-14 03:25:00+00:00,1.86106,1.86106,1.85963,1.86019,41884.802014
2026-01-14 03:30:00+00:00,1.85993,1.86564,1.85993,1.86055,16587.972023
2026-01-14 03:35:00+00:00,1.86513,1.86965,1.86513,1.86931,52599.268453
2026-01-14 03:40:00+00:00,1.86903,1.87057,1.86725,1.86863,50301.281625
2026-01-14 03:45:00+00:00,1.86816,1.86904,1.86736,1.86904,679.080481
2026-01-14 03:50:00+00:00,1.86851,1.87222,1.86807,1.8713,152211.712124
2026-01-14 03:55:00+00:00,1.87121,1.87381,1.87112,1.87321,48423.295277
2026-01-14 04:00:00+00:00,1.87433,1.87433,1.87101,1.872,46044.077428
2026-01-14 04:05:00+00:00,1.8712,1.8712,1.86363,1.86421,36432.383544
2026-01-14 04:10:00+00:00,1.86369,1.86506,1.86275,1.86434,14361.3377
2026-01-14 04:15:00+00:00,1.86477,1.86591,1.86275,1.86413,157409.467203
2026-01-14 04:20:00+00:00,1.86507,1.86809,1.86311,1.86705,12392.115212
2026-01-14 04:25:00+00:00,1.8686,1.8686,1.86626,1.86626,11160.614508
2026-01-14 04:30:00+00:00,1.86538,1.86538,1.86294,1.86294,16807.927736
2026-01-14 04:35:00+00:00,1.86361,1.86376,1.8611,1.86224,8891.909906
2026-01-14 04:40:00+00:00,1.86081,1.86136,1.85908,1.86056,55934.813297
2026-01-14 04:45:00+00:00,1.85984,1.86169,1.85984,1.8613,5124.073783
2026-01-14 04:50:00+00:00,1.86074,1.86074,1.85663,1.85788,67955.19994
2026-01-14 04:55:00+00:00,1.85771,1.8583,1.85589,1.85599,83194.515538
2026-01-14 05:00:00+00:00,1.85561,1.85561,1.85206,1.85369,28328.96647
2026-01-14 05:05:00+00:00,1.85466,1.85466,1.85044,1.85044,68326.590922
2026-01-14 05:10:00+00:00,1.85067,1.8533,1.85013,1.8533,31478.033365
2026-01-14 05:15:00+00:00,1.85337,1.85615,1.85308,1.85615,95165.51145
2026-01-14 05:20:00+00:00,1.84983,1.85661,1.84741,1.84853,60603.104665
2026-01-14 05:25:00+00:00,1.8488,1.8509,1.84823,1.85071,107612.729848
2026-01-14 05:30:00+00:00,1.85115,1.85214,1.84862,1.85214,11559.797062
2026-01-14 05:35:00+00:00,1.85208,1.85609,1.85095,1.85425,8952.869046
2026-01-14 05:40:00+00:00,1.85431,1.85497,1.84831,1.84831,41322.386025
2026-01-14 05:45:00+00:00,1.84825,1.85042,1.84723,1.84723,24311.508504
2026-01-14 05:50:00+00:00,1.84684,1.85221,1.84679,1.85154,100809.294462
2026-01-14 05:55:00+00:00,1.84836,1.84879,1.84721,1.84721,41373.437032
2026-01-14 06:00:00+00:00,1.84675,1.84675,1.84326,1.844,115048.884615
2026-01-14 06:05:00+00:00,1.84417,1.84417,1.83459,1.83967,314872.510578
2026-01-14 06:10:00+00:00,1.83995,1.84377,1.8388,1.84148,57767.394573
2026-01-14 06:15:00+00:00,1.8417,1.84271,1.83904,1.83915,67333.133245
2026-01-14 06:20:00+00:00,1.83859,1.83918,1.83585,1.83771,28854.082401
2026-01-14 06:25:00+00:00,1.837,1.83787,1.83507,1.83523,96762.019033
2026-01-14 06:30:00+00:00,1.83214,1.83632,1.83057,1.83164,51263.789088
2026-01-14 06:35:00+00:00,1.83182,1.83591,1.83016,1.8359,67998.608353
2026-01-14 06:40:00+00:00,1.83528,1.83966,1.83528,1.83955,27149.822312
2026-01-14 06:45:00+00:00,1.83973,1.8413,1.83958,1.84073,57363.942697
2026-01-14 06:50:00+00:00,1.8424,1.84242,1.84044,1.84234,17103.060452
2026-01-14 06:55:00+00:00,1.84213,1.84437,1.84208,1.84348,22560.815131
2026-01-14 07:00:00+00:00,1.84352,1.84611,1.84185,1.84326,21635.434556
2026-01-14 07:05:00+00:00,1.84611,1.84964,1.84611,1.84822,56316.305914
2026-01-14 07:10:00+00:00,1.84726,1.84775,1.84486,1.84576,95572.86448
2026-01-14 07:15:00+00:00,1.84509,1.84784,1.84214,1.84313,10718.170043
2026-01-14 07:20:00+00:00,1.84431,1.84613,1.84359,1.84485,8130.465012
2026-01-14 07:25:00+00:00,1.8444,1.84443,1.83973,1.84,34596.486329
2026-01-14 07:30:00+00:00,1.8402,1.84135,1.8385,1.83982,106747.712186
2026-01-14 07:35:00+00:00,1.84159,1.84159,1.8358,1.83784,48436.62689
2026-01-14 07:40:00+00:00,1.83798,1.83995,1.83736,1.83907,19821.658867
2026-01-14 07:45:00+00:00,1.83918,1.84394,1.83918,1.84246,17914.684609
2026-01-14 07:50:00+00:00,1.84328,1.84394,1.84239,1.84282,44091.019116
2026-01-14 07:55:00+00:00,1.84271,1.84402,1.84266,1.84331,34375.505073
2026-01-14 08:00:00+00:00,1.84415,1.84431,1.84143,1.84378,39231.500905
2026-01-14 08:05:00+00:00,1.8439,1.8454,1.84135,1.84236,27599.609047
2026-01-14 08:10:00+00:00,1.84213,1.84491,1.84162,1.84491,10501.98006
2026-01-14 08:15:00+00:00,1.84564,1.84744,1.8444,1.8444,12520.631395
2026-01-14 08:20:00+00:00,1.84515,1.84688,1.84407,1.8451,57004.487579
2026-01-14 08:25:00+00:00,1.84477,1.84532,1.84402,1.84414,24541.316167
2026-01-14 08:30:00+00:00,1.84407,1.8457,1.84289,1.84506,16674.837277
2026-01-14 08:35:00+00:00,1.84403,1.84412,1.84123,1.84157,20185.151083
2026-01-14 08:40:00+00:00,1.84157,1.84255,1.84045,1.8414,22709.76321
2026-01-14 08:45:00+00:00,1.84155,1.84188,1.84042,1.84042,12273.466666
2026-01-14 08:50:00+00:00,1.84157,1.84212,1.84,1.8406,39574.528727
2026-01-14 08:55:00+00:00,1.8406,1.8406,1.83802,1.83823,30147.225801
2026-01-14 09:00:00+00:00,1.83805,1.83924,1.8378,1.83791,29990.849125
2026-01-14 09:05:00+00:00,1.8378,1.84313,1.83751,1.84244,47073.204685
2026-01-14 09:10:00+00:00,1.84211,1.84794,1.84211,1.84741,26243.909161
2026-01-14 09:15:00+00:00,1.84721,1.84728,1.84461,1.84472,181502.092856
2026-01-14 09:20:00+00:00,1.84517,1.84656,1.84437,1.84478,28477.935955
2026-01-14 09:25:00+00:00,1.84508,1.84638,1.84261,1.84303,42573.948874
2026-01-14 09:30:00+00:00,1.84315,1.84632,1.84267,1.84536,61547.232318
2026-01-14 09:35:00+00:00,1.84655,1.84809,1.84343,1.84428,116822.81578
2026-01-14 09:40:00+00:00,1.84383,1.84455,1.84374,1.84415,32026.403606
2026-01-14 09:45:00+00:00,1.84418,1.84539,1.84392,1.84472,12823.38165
2026-01-14 09:50:00+00:00,1.84255,1.84466,1.84059,1.84292,54360.826129
2026-01-14 09:55:00+00:00,1.84271,1.84343,1.84165,1.84185,10400.110186
2026-01-14 10:00:00+00:00,1.84212,1.84298,1.84196,1.84226,24884.372223
2026-01-14 10:05:00+00:00,1.84253,1.84293,1.84146,1.84293,5629.52867
2026-01-14 10:10:00+00:00,1.84235,1.8431,1.84165,1.84273,8937.839312
2026-01-14 10:15:00+00:00,1.84256,1.8437,1.83956,1.83956,10561.562113
2026-01-14 10:20:00+00:00,1.83437,1.8382,1.83225,1.83418,57185.648622
2026-01-14 10:25:00+00:00,1.8336,1.83437,1.82989,1.8315,142548.032399
2026-01-14 10:30:00+00:00,1.83122,1.83535,1.8309,1.83122,59508.788234
2026-01-14 10:35:00+00:00,1.8309,1.83524,1.82578,1.83514,61980.688484
2026-01-14 10:40:00+00:00,1.83479,1.83584,1.83435,1.83439,10444.063409
2026-01-14 10:45:00+00:00,1.83454,1.83454,1.83311,1.83327,48574.916201
2026-01-14 10:50:00+00:00,1.83348,1.83565,1.8333,1.83383,41561.240589
2026-01-14 10:55:00+00:00,1.8327,1.8327,1.83133,1.83168,26010.63671
2026-01-14 11:00:00+00:00,1.8312,1.8312,1.82707,1.82801,63573.546551
2026-01-14 11:05:00+00:00,1.82803,1.82822,1.82525,1.82706,21171.051766
2026-01-14 11:10:00+00:00,1.82647,1.82648,1.82255,1.82487,35357.390424
2026-01-14 11:15:00+00:00,1.82414,1.8248,1.82087,1.8221,47642.886817
2026-01-14 11:20:00+00:00,1.82525,1.82683,1.8227,1.82586,23478.039499
2026-01-14 11:25:00+00:00,1.82549,1.82644,1.82486,1.825,10077.172359
2026-01-14 11:30:00+00:00,1.8254,1.82595,1.82367,1.82459,25469.713259
2026-01-14 11:35:00+00:00,1.82537,1.82548,1.82224,1.82292,6167.606807
2026-01-14 11:40:00+00:00,1.82144,1.82144,1.8195,1.82103,62125.303043
2026-01-14 11:45:00+00:00,1.82145,1.82145,1.81784,1.81971,33475.316215
2026-01-14 11:50:00+00:00,1.81716,1.81741,1.8145,1.81518,55457.01718
2026-01-14 11:55:00+00:00,1.81497,1.8162,1.81218,1.81506,80729.648338
2026-01-14 12:00:00+00:00,1.8149,1.81666,1.81208,1.81639,32566.697873
2026-01-14 12:05:00+00:00,1.8175,1.81814,1.81609,1.81609,63419.797677
2026-01-14 12:10:00+00:00,1.81725,1.81898,1.81725,1.81898,19109.52098
2026-01-14 12:15:00+00:00,1.81846,1.81942,1.8177,1.81811,20695.289365
2026-01-14 12:20:00+00:00,1.8181,1.82138,1.81807,1.82056,30655.446523
2026-01-14 12:25:00+00:00,1.82027,1.82212,1.82027,1.82169,32653.606996
2026-01-14 12:30:00+00:00,1.8212,1.82201,1.82058,1.82149,39096.878427
2026-01-14 12:35:00+00:00,1.82225,1.82502,1.82224,1.82479,60284.598545
2026-01-14 12:40:00+00:00,1.82444,1.82541,1.82233,1.82236,30498.939953
2026-01-14 12:45:00+00:00,1.82227,1.82302,1.8212,1.82242,35102.417891
2026-01-14 12:50:00+00:00,1.82154,1.823,1.82154,1.823,9679.160395
2026-01-14 12:55:00+00:00,1.823,1.82397,1.82215,1.82224,9660.503915
2026-01-14 13:00:00+00:00,1.82239,1.82239,1.81897,1.81902,9042.15925
2026-01-14 13:05:00+00:00,1.81707,1.81989,1.81689,1.81983,10510.250976
2026-01-14 13:10:00+00:00,1.81885,1.82071,1.81846,1.81931,10469.598018
2026-01-14 13:15:00+00:00,1.81959,1.82083,1.8189,1.82014,4365.710459
2026-01-14 13:20:00+00:00,1.82018,1.82633,1.82018,1.82551,13528.70324
2026-01-14 13:25:00+00:00,1.82429,1.82697,1.82408,1.82591,17978.062872
2026-01-14 13:30:00+00:00,1.8275,1.8293,1.824,1.82565,76800.249394
2026-01-14 13:35:00+00:00,1.82665,1.82842,1.82174,1.82174,37980.277716
2026-01-14 13:40:00+00:00,1.82212,1.82338,1.82168,1.82168,19157.352055
2026-01-14 13:45:00+00:00,1.8234,1.8234,1.8158,1.8158,9635.703484
2026-01-14 13:50:00+00:00,1.81587,1.81587,1.81273,1.81493,45540.407515
2026-01-14 13:55:00+00:00,1.81414,1.8161,1.8134,1.8159,10550.025633
2026-01-14 14:00:00+00:00,1.81535,1.82241,1.81535,1.82139,56560.342801
2026-01-14 14:05:00+00:00,1.82403,1.82988,1.82298,1.82873,73820.75531
2026-01-14 14:10:00+00:00,1.82906,1.83296,1.8278,1.83077,47642.681643
2026-01-14 14:15:00+00:00,1.83033,1.83669,1.82903,1.83211,89810.910509
2026-01-14 14:20:00+00:00,1.83203,1.83931,1.83081,1.83931,37038.559727
2026-01-14 14:25:00+00:00,1.8384,1.83917,1.8341,1.83532,27928.608042
2026-01-14 14:30:00+00:00,1.83458,1.83925,1.83,1.83703,197402.378057
2026-01-14 14:35:00+00:00,1.83644,1.84255,1.83331,1.834,105062.782127
2026-01-14 14:40:00+00:00,1.84,1.84326,1.83821,1.84064,170284.962695
2026-01-14 14:45:00+00:00,1.84197,1.8543,1.84125,1.85272,206241.383011
2026-01-14 14:50:00+00:00,1.85265,1.86081,1.85174,1.85989,254954.654203
2026-01-14 14:55:00+00:00,1.85749,1.86007,1.84997,1.853,157899.57782
2026-01-14 15:00:00+00:00,1.85263,1.85263,1.84191,1.846,378738.709829
2026-01-14 15:05:00+00:00,1.84634,1.85127,1.84382,1.84549,71611.260381
2026-01-14 15:10:00+00:00,1.85119,1.86318,1.85054,1.86175,69855.203913
2026-01-14 15:15:00+00:00,1.8613,1.86737,1.85769,1.8634,404554.930381
2026-01-14 15:20:00+00:00,1.864,1.86625,1.86027,1.86319,100699.358376
2026-01-14 15:25:00+00:00,1.86444,1.86567,1.86069,1.86069,111439.361175
2026-01-14 15:30:00+00:00,1.86047,1.86047,1.85201,1.85782,118638.921253
2026-01-14 15:35:00+00:00,1.8567,1.8586,1.84256,1.84519,148994.14408
2026-01-14 15:40:00+00:00,1.84552,1.84588,1.84115,1.84277,85233.777061
2026-01-14 15:45:00+00:00,1.84302,1.84571,1.83901,1.84564,115452.27972
2026-01-14 15:50:00+00:00,1.84575,1.84687,1.83982,1.846,98521.771699
2026-01-14 15:55:00+00:00,1.84678,1.85044,1.84623,1.84887,35052.248335
2026-01-14 16:00:00+00:00,1.8498,1.8561,1.8498,1.85502,62541.390668
2026-01-14 16:05:00+00:00,1.85355,1.85796,1.85062,1.85734,102771.711616
2026-01-14 16:10:00+00:00,1.85774,1.86349,1.85721,1.86212,149851.432448
2026-01-14 16:15:00+00:00,1.86238,1.86518,1.85775,1.86326,49670.125302
2026-01-14 16:20:00+00:00,1.86435,1.86587,1.85617,1.85874,133048.11692
2026-01-14 16:25:00+00:00,1.85866,1.85919,1.85725,1.85836,20486.129929
2026-01-14 16:30:00+00:00,1.85777,1.86744,1.85673,1.85673,60660.330131
2026-01-14 16:35:00+00:00,1.85444,1.86151,1.85148,1.86125,78227.4149
2026-01-14 16:40:00+00:00,1.86045,1.86216,1.8575,1.85854,88031.686083
2026-01-14 16:45:00+00:00,1.85948,1.86439,1.85872,1.86041,88844.803345
2026-01-14 16:50:00+00:00,1.86096,1.86096,1.85642,1.85768,90396.883495
2026-01-14 16:55:00+00:00,1.85618,1.85618,1.85071,1.85244,214512.053255
2026-01-14 17:00:00+00:00,1.85333,1.85719,1.85187,1.8544,36579.49571
2026-01-14 17:05:00+00:00,1.85552,1.858,1.85376,1.85658,94899.46389
2026-01-14 17:10:00+00:00,1.85608,1.85961,1.85584,1.85808,85593.581822
2026-01-14 17:15:00+00:00,1.85729,1.85865,1.85494,1.85569,119667.313573
2026-01-14 17:20:00+00:00,1.85426,1.85674,1.85213,1.85288,75642.589556
2026-01-14 17:25:00+00:00,1.85349,1.8567,1.85344,1.85477,53483.595742
2026-01-14 17:30:00+00:00,1.85338,1.85338,1.84448,1.84497,161081.99828
2026-01-14 17:35:00+00:00,1.84531,1.84674,1.84039,1.8415,187958.881952
2026-01-14 17:40:00+00:00,1.8417,1.8462,1.84114,1.84436,123290.398875
2026-01-14 17:45:00+00:00,1.84449,1.85,1.84375,1.84868,88290.132064
2026-01-14 17:50:00+00:00,1.84678,1.84678,1.83521,1.83564,171529.13272
2026-01-14 17:55:00+00:00,1.83539,1.83913,1.835,1.83892,126202.005238
2026-01-14 18:00:00+00:00,1.83615,1.83921,1.83358,1.83921,122818.356788
2026-01-14 18:05:00+00:00,1.84321,1.84358,1.83921,1.84145,106496.05857
2026-01-14 18:10:00+00:00,1.8423,1.84293,1.83777,1.83987,107981.493254
2026-01-14 18:15:00+00:00,1.83968,1.83968,1.83051,1.83877,72734.77822
2026-01-14 18:20:00+00:00,1.83929,1.84374,1.8383,1.84367,58320.773772
2026-01-14 18:25:00+00:00,1.84402,1.84822,1.84325,1.84581,22781.644722
2026-01-14 18:30:00+00:00,1.84755,1.84915,1.83,1.83,37405.407948
2026-01-14 18:35:00+00:00,1.82882,1.83112,1.82584,1.8269,120125.029389
2026-01-14 18:40:00+00:00,1.82764,1.83274,1.82692,1.82876,51640.062348
2026-01-14 18:45:00+00:00,1.82875,1.83438,1.8258,1.83438,179223.210869
2026-01-14 18:50:00+00:00,1.83403,1.83937,1.83384,1.8384,42014.749832
2026-01-14 18:55:00+00:00,1.8398,1.84171,1.83803,1.84,24076.090659
2026-01-14 19:00:00+00:00,1.83728,1.83973,1.83345,1.83964,173229.379227
2026-01-14 19:05:00+00:00,1.83773,1.84259,1.83507,1.84259,51493.572347
2026-01-14 19:10:00+00:00,1.84204,1.84326,1.84029,1.84326,49151.504885
2026-01-14 19:15:00+00:00,1.84383,1.847,1.84361,1.84425,164789.213544
2026-01-14 19:20:00+00:00,1.84621,1.85024,1.84422,1.84903,132312.615595
2026-01-14 19:25:00+00:00,1.84784,1.85788,1.84629,1.85773,165495.851474
2026-01-14 19:30:00+00:00,1.85757,1.8602,1.84915,1.8505,97930.994889
2026-01-14 19:35:00+00:00,1.85026,1.854,1.84792,1.84852,48173.013893
2026-01-14 19:40:00+00:00,1.8539,1.8554,1.85186,1.85204,19651.079731
2026-01-14 19:45:00+00:00,1.85134,1.85314,1.85029,1.85129,14429.159937
2026-01-14 19:50:00+00:00,1.85125,1.85241,1.84521,1.84591,14495.465909
2026-01-14 19:55:00+00:00,1.84591,1.84597,1.84312,1.84339,27464.179627
2026-01-14 20:00:00+00:00,1.84435,1.84851,1.84193,1.84631,112220.25204
2026-01-14 20:05:00+00:00,1.84476,1.85325,1.84476,1.85208,20417.292108
2026-01-14 20:10:00+00:00,1.85166,1.856,1.84976,1.85089,35558.333254
2026-01-14 20:15:00+00:00,1.85072,1.8508,1.84617,1.84946,12427.704619
2026-01-14 20:20:00+00:00,1.84821,1.8504,1.84728,1.84891,44698.466606
2026-01-14 20:25:00+00:00,1.84409,1.84693,1.84058,1.84094,14454.436876
2026-01-14 20:30:00+00:00,1.84056,1.84648,1.84056,1.84434,9786.464695
2026-01-14 20:35:00+00:00,1.84242,1.84795,1.84155,1.84704,29088.719748
2026-01-14 20:40:00+00:00,1.84669,1.848,1.84326,1.84326,140721.432833
2026-01-14 20:45:00+00:00,1.842,1.8439,1.83907,1.83991,27536.161617
2026-01-14 20:50:00+00:00,1.84036,1.84265,1.838,1.84143,22875.480301
2026-01-14 20:55:00+00:00,1.84165,1.84579,1.84144,1.84364,10573.733145
2026-01-14 21:00:00+00:00,1.84596,1.84602,1.843,1.84458,29913.041078
2026-01-14 21:05:00+00:00,1.84398,1.8458,1.84233,1.84534,6226.710654
2026-01-14 21:10:00+00:00,1.84133,1.8437,1.84101,1.8418,20150.351092
2026-01-14 21:15:00+00:00,1.84189,1.84332,1.84094,1.84296,8504.715098
2026-01-14 21:20:00+00:00,1.84299,1.84672,1.84267,1.84641,17317.192951
2026-01-14 21:25:00+00:00,1.84591,1.84898,1.84342,1.84898,7735.421702
2026-01-14 21:30:00+00:00,1.84814,1.85124,1.84793,1.84974,28365.182672
2026-01-14 21:35:00+00:00,1.84978,1.85045,1.84839,1.84973,13416.260793
2026-01-14 21:40:00+00:00,1.84856,1.84918,1.84586,1.84702,3249.996476
2026-01-14 21:45:00+00:00,1.84701,1.84724,1.8451,1.84535,8512.283096
2026-01-14 21:50:00+00:00,1.8454,1.84678,1.84071,1.84116,47114.722391
2026-01-14 21:55:00+00:00,1.84158,1.84502,1.83981,1.84275,53969.693855
2026-01-14 22:00:00+00:00,1.84456,1.84456,1.84158,1.84174,18473.828852
2026-01-14 22:05:00+00:00,1.84369,1.84398,1.84024,1.84123,35846.106293
2026-01-14 22:10:00+00:00,1.84188,1.8428,1.841,1.84115,23340.614616
2026-01-14 22:15:00+00:00,1.84176,1.84267,1.84135,1.84168,8729.340418
2026-01-14 22:20:00+00:00,1.84328,1.84359,1.84115,1.84115,14290.615064
2026-01-14 22:25:00+00:00,1.83784,1.8412,1.83776,1.83784,19371.606141
2026-01-14 22:30:00+00:00,1.838,1.83992,1.833,1.83531,55891.004119
2026-01-14 22:35:00+00:00,1.83568,1.8372,1.83281,1.83281,64376.369039
2026-01-14 22:40:00+00:00,1.8332,1.8332,1.8306,1.83259,70259.697694
2026-01-14 22:45:00+00:00,1.8338,1.83822,1.8338,1.83757,8976.535244
2026-01-14 22:50:00+00:00,1.83787,1.8381,1.83483,1.83522,109531.620959
2026-01-14 22:55:00+00:00,1.83519,1.83577,1.83164,1.83404,68346.038408
2026-01-14 23:00:00+00:00,1.83391,1.83965,1.83391,1.8387,67326.927701
2026-01-14 23:05:00+00:00,1.83836,1.84,1.8375,1.84,10081.624091
2026-01-14 23:10:00+00:00,1.8408,1.8408,1.83877,1.83991,26323.714607
2026-01-14 23:15:00+00:00,1.83989,1.84297,1.83826,1.83919,19844.038927
2026-01-14 23:20:00+00:00,1.83877,1.83881,1.8348,1.8348,5178.322064
2026-01-14 23:25:00+00:00,1.83477,1.83592,1.83206,1.83282,27841.617665
2026-01-14 23:30:00+00:00,1.83251,1.83331,1.8305,1.83331,7191.380735
2026-01-14 23:35:00+00:00,1.83525,1.83541,1.8334,1.83541,8889.521061
2026-01-14 23:40:00+00:00,1.83518,1.83573,1.83514,1.83516,885.855864
2026-01-14 23:45:00+00:00,1.83537,1.83702,1.83536,1.83637,4524.254963
2026-01-14 23:50:00+00:00,1.83642,1.84049,1.83642,1.83688,39900.873988
2026-01-14 23:55:00+00:00,1.83701,1.83852,1.83636,1.83661,8817.820535
2026-01-15 00:00:00+00:00,1.83751,1.83751,1.8353,1.8358,6404.862092
2026-01-15 00:05:00+00:00,1.83964,1.83964,1.83591,1.83963,18378.473043
2026-01-15 00:10:00+00:00,1.8399,1.8408,1.83958,1.84042,6597.146887
2026-01-15 00:15:00+00:00,1.84047,1.8411,1.83402,1.83402,6279.756743
2026-01-15 00:20:00+00:00,1.8344,1.83502,1.83206,1.83403,8991.798263
2026-01-15 00:25:00+00:00,1.83262,1.83444,1.832,1.832,3748.986825
2026-01-15 00:30:00+00:00,1.83241,1.83359,1.83034,1.83104,11340.021549
2026-01-15 00:35:00+00:00,1.83037,1.8309,1.82955,1.83055,6598.903879
2026-01-15 00:40:00+00:00,1.8323,1.8353,1.83202,1.83492,4771.470603
2026-01-15 00:45:00+00:00,1.83477,1.83515,1.82926,1.8321,39143.130879
2026-01-15 00:50:00+00:00,1.8322,1.8322,1.83094,1.83203,148.752331
2026-01-15 00:55:00+00:00,1.83092,1.83129,1.83092,1.83129,420.409767
2026-01-15 01:00:00+00:00,1.83365,1.8381,1.83323,1.83772,2706.880445
2026-01-15 01:05:00+00:00,1.83821,1.83887,1.83817,1.83817,11473.245687
2026-01-15 01:10:00+00:00,1.83673,1.83678,1.83388,1.83489,472.435356
2026-01-15 01:15:00+00:00,1.83288,1.83288,1.83065,1.83065,4662.320524
2026-01-15 01:20:00+00:00,1.83093,1.83093,1.82495,1.8267,12254.231434
2026-01-15 01:25:00+00:00,1.82705,1.8296,1.82693,1.8296,77440.583501
2026-01-15 01:30:00+00:00,1.82619,1.82619,1.82041,1.8206,5428.879474
2026-01-15 01:35:00+00:00,1.82056,1.8276,1.81904,1.82548,113783.693549
2026-01-15 01:40:00+00:00,1.82387,1.82399,1.82301,1.82301,304.963148
2026-01-15 01:45:00+00:00,1.82228,1.82251,1.82211,1.82251,2758.304592
2026-01-15 01:50:00+00:00,1.81971,1.8227,1.8196,1.8227,21188.861903
2026-01-15 01:55:00+00:00,1.82103,1.82206,1.81972,1.8205,39986.14309
2026-01-15 02:00:00+00:00,1.82093,1.82217,1.82028,1.82028,1497.886202
2026-01-15 02:05:00+00:00,1.8226,1.82637,1.8226,1.82573,13697.0802
2026-01-15 02:10:00+00:00,1.82478,1.82478,1.81943,1.81943,8654.457449
2026-01-15 02:15:00+00:00,1.8201,1.82447,1.81889,1.82447,2370.730245
2026-01-15 02:20:00+00:00,1.82406,1.82406,1.81948,1.81994,3208.602749
2026-01-15 02:25:00+00:00,1.8215,1.82224,1.82082,1.82082,756.834914
2026-01-15 02:30:00+00:00,1.82472,1.82484,1.8175,1.8175,4118.871958
2026-01-15 02:35:00+00:00,1.8171,1.81724,1.81092,1.81442,84160.611114
2026-01-15 02:40:00+00:00,1.8169,1.81797,1.81647,1.81649,4874.927952
2026-01-15 02:45:00+00:00,1.8136,1.8142,1.80776,1.81174,52374.362563
2026-01-15 02:50:00+00:00,1.81109,1.81221,1.80376,1.80567,199976.409948
2026-01-15 02:55:00+00:00,1.8065,1.80837,1.8065,1.80803,9558.585755
2026-01-15 03:00:00+00:00,1.80863,1.81044,1.80712,1.80712,25593.085346
2026-01-15 03:05:00+00:00,1.80657,1.80959,1.80532,1.8063,21402.831494
2026-01-15 03:10:00+00:00,1.80704,1.80988,1.80621,1.80796,26837.473947
2026-01-15 03:15:00+00:00,1.80726,1.81117,1.80057,1.80057,59559.011354
2026-01-15 03:20:00+00:00,1.80127,1.80289,1.79576,1.80112,322322.814616
2026-01-15 03:25:00+00:00,1.80107,1.80107,1.79206,1.79206,138589.577678
2026-01-15 03:30:00+00:00,1.79235,1.79584,1.79159,1.79428,51283.550162
2026-01-15 03:35:00+00:00,1.79536,1.7975,1.78888,1.78945,43462.541521
2026-01-15 03:40:00+00:00,1.78987,1.79427,1.78875,1.79047,25096.21385
2026-01-15 03:45:00+00:00,1.79249,1.79589,1.79187,1.79449,34750.399952
2026-01-15 03:50:00+00:00,1.79331,1.79544,1.79266,1.79463,16210.001312
2026-01-15 03:55:00+00:00,1.79472,1.7959,1.79432,1.79436,4589.913999
2026-01-15 04:00:00+00:00,1.79244,1.8,1.79244,1.8,83160.84362
2026-01-15 04:05:00+00:00,1.79999,1.80018,1.79898,1.79898,13265.815659
2026-01-15 04:10:00+00:00,1.80055,1.80212,1.80055,1.80109,14545.635193
2026-01-15 04:15:00+00:00,1.802,1.80258,1.79991,1.80193,3806.821073
2026-01-15 04:20:00+00:00,1.80176,1.80851,1.8005,1.80773,72666.272824
2026-01-15 04:25:00+00:00,1.80753,1.80753,1.80209,1.80209,26358.213986
2026-01-15 04:30:00+00:00,1.80205,1.80525,1.80115,1.804,18001.603871
2026-01-15 04:35:00+00:00,1.80493,1.80651,1.80432,1.80505,16145.277155
2026-01-15 04:40:00+00:00,1.80447,1.80593,1.80431,1.8049,16888.425706
2026-01-15 04:45:00+00:00,1.80638,1.8064,1.80418,1.80532,8171.209554
2026-01-15 04:50:00+00:00,1.80603,1.8071,1.80524,1.80622,14508.393663
2026-01-15 04:55:00+00:00,1.80682,1.8072,1.80479,1.80516,57184.570358
2026-01-15 05:00:00+00:00,1.80734,1.81,1.80566,1.80566,12871.469598
2026-01-15 05:05:00+00:00,1.80635,1.80635,1.8047,1.8047,13009.808739
2026-01-15 05:10:00+00:00,1.80495,1.8051,1.804,1.80469,7116.195388
2026-01-15 05:15:00+00:00,1.8032,1.80507,1.80302,1.80497,10748.104156
2026-01-15 05:20:00+00:00,1.80521,1.80545,1.80201,1.80235,13086.184542
2026-01-15 05:25:00+00:00,1.80232,1.80386,1.8023,1.80276,20756.886748
2026-01-15 05:30:00+00:00,1.80374,1.80671,1.80374,1.80384,4277.281098
2026-01-15 05:35:00+00:00,1.80409,1.80809,1.80395,1.80731,3314.075766
2026-01-15 05:40:00+00:00,1.80617,1.80674,1.80449,1.80606,24381.227762
2026-01-15 05:45:00+00:00,1.806,1.80815,1.8053,1.80795,8710.637049
2026-01-15 05:50:00+00:00,1.80739,1.80748,1.80448,1.80448,25650.048714
2026-01-15 05:55:00+00:00,1.80491,1.806,1.80429,1.80429,50465.487927
2026-01-15 06:00:00+00:00,1.80421,1.80649,1.80373,1.8059,15189.591216
2026-01-15 06:05:00+00:00,1.80643,1.80652,1.80319,1.80349,24117.26317
2026-01-15 06:10:00+00:00,1.80294,1.80403,1.8023,1.8036,8433.692574
2026-01-15 06:15:00+00:00,1.80318,1.80454,1.80153,1.80454,12094.446635
2026-01-15 06:20:00+00:00,1.80356,1.80384,1.8,1.80223,8269.426205
2026-01-15 06:25:00+00:00,1.80259,1.80273,1.80124,1.8015,11379.07866
2026-01-15 06:30:00+00:00,1.80047,1.8012,1.79901,1.79954,16984.543843
2026-01-15 06:35:00+00:00,1.79898,1.79898,1.79608,1.79628,67035.343435
2026-01-15 06:40:00+00:00,1.79698,1.79773,1.79639,1.79697,13916.406013
2026-01-15 06:45:00+00:00,1.79655,1.79979,1.79619,1.7996,12455.321049
2026-01-15 06:50:00+00:00,1.79954,1.8011,1.79836,1.7985,70802.70315
2026-01-15 06:55:00+00:00,1.79892,1.79982,1.79864,1.79864,24010.654422
2026-01-15 07:00:00+00:00,1.79599,1.79949,1.79595,1.79949,22054.337705
2026-01-15 07:05:00+00:00,1.79944,1.8,1.79817,1.79871,5305.071078
2026-01-15 07:10:00+00:00,1.79971,1.80118,1.79912,1.8001,19921.938007
2026-01-15 07:15:00+00:00,1.7997,1.80291,1.7997,1.80169,9304.312009
2026-01-15 07:20:00+00:00,1.80153,1.807,1.80153,1.80696,156262.152358
2026-01-15 07:25:00+00:00,1.8065,1.8079,1.80561,1.80708,30221.778713
2026-01-15 07:30:00+00:00,1.80699,1.80817,1.80605,1.80744,34516.942554
2026-01-15 07:35:00+00:00,1.80602,1.8086,1.80428,1.80859,82859.480777
2026-01-15 07:40:00+00:00,1.81004,1.81062,1.80806,1.80943,121436.704
2026-01-15 07:45:00+00:00,1.80961,1.8114,1.80895,1.80895,79355.303752
2026-01-15 07:50:00+00:00,1.80869,1.80877,1.80507,1.80662,112139.419689
2026-01-15 07:55:00+00:00,1.80682,1.80717,1.80517,1.80717,29562.932637
2026-01-15 08:00:00+00:00,1.80739,1.81032,1.80557,1.80608,55838.007306
2026-01-15 08:05:00+00:00,1.81019,1.81065,1.80514,1.80533,48746.278729
2026-01-15 08:10:00+00:00,1.8044,1.80591,1.80329,1.8049,112819.653552
2026-01-15 08:15:00+00:00,1.8053,1.80634,1.80446,1.80585,25614.619868
2026-01-15 08:20:00+00:00,1.8061,1.80886,1.80605,1.80772,32791.684822
2026-01-15 08:25:00+00:00,1.80749,1.80749,1.8022,1.8022,38535.282488
2026-01-15 08:30:00+00:00,1.80267,1.8037,1.80195,1.80261,14930.368099
2026-01-15 08:35:00+00:00,1.80367,1.80522,1.80344,1.80515,11704.215271
2026-01-15 08:40:00+00:00,1.8047,1.80604,1.80425,1.80473,88692.789507
2026-01-15 08:45:00+00:00,1.80521,1.807,1.80502,1.807,6090.250374
2026-01-15 08:50:00+00:00,1.807,1.80876,1.807,1.80789,5295.591142
2026-01-15 08:55:00+00:00,1.80764,1.80956,1.80764,1.80956,12466.208062
2026-01-15 09:00:00+00:00,1.80783,1.80917,1.80748,1.80761,29400.643473
2026-01-15 09:05:00+00:00,1.80717,1.80829,1.80562,1.80829,6850.395335
2026-01-15 09:10:00+00:00,1.80896,1.80896,1.80435,1.80574,16742.782162
2026-01-15 09:15:00+00:00,1.80424,1.80523,1.80318,1.8048,10803.615417
2026-01-15 09:20:00+00:00,1.80498,1.80651,1.8048,1.80621,5758.79577
2026-01-15 09:25:00+00:00,1.80576,1.80993,1.80576,1.80858,51995.513249
2026-01-15 09:30:00+00:00,1.80877,1.80926,1.80606,1.80799,12603.636169
2026-01-15 09:35:00+00:00,1.80761,1.815,1.80754,1.815,57695.553905
2026-01-15 09:40:00+00:00,1.81462,1.82045,1.81441,1.81895,88812.725443
2026-01-15 09:45:00+00:00,1.81991,1.8334,1.81861,1.82039,343710.238043
2026-01-15 09:50:00+00:00,1.82038,1.8238,1.82038,1.82328,68795.230106
2026-01-15 09:55:00+00:00,1.82391,1.82391,1.81974,1.82024,69315.361218
2026-01-15 10:00:00+00:00,1.82065,1.82228,1.81978,1.82085,23476.498254
2026-01-15 10:05:00+00:00,1.81992,1.823,1.81884,1.81884,35805.589987
2026-01-15 10:10:00+00:00,1.81888,1.81912,1.81584,1.81763,89166.607946
2026-01-15 10:15:00+00:00,1.81666,1.81803,1.81506,1.81601,106575.956807
2026-01-15 10:20:00+00:00,1.81605,1.81937,1.81605,1.81778,18155.560157
2026-01-15 10:25:00+00:00,1.81746,1.81768,1.81285,1.81367,23397.288093
2026-01-15 10:30:00+00:00,1.81335,1.81861,1.81187,1.8136,46526.205243
2026-01-15 10:35:00+00:00,1.81759,1.81775,1.81495,1.81562,14334.860718
2026-01-15 10:40:00+00:00,1.81379,1.81578,1.81311,1.81578,10627.739174
2026-01-15 10:45:00+00:00,1.81589,1.81853,1.81589,1.81624,7384.436524
2026-01-15 10:50:00+00:00,1.81629,1.81759,1.81619,1.81717,4129.189995
2026-01-15 10:55:00+00:00,1.81725,1.81838,1.81635,1.81838,17266.813451
2026-01-15 11:00:00+00:00,1.8184,1.81999,1.81784,1.8195,12106.227222
2026-01-15 11:05:00+00:00,1.81825,1.81963,1.81732,1.8181,13955.269598
2026-01-15 11:10:00+00:00,1.81751,1.82389,1.81741,1.82006,86170.849347
2026-01-15 11:15:00+00:00,1.82274,1.82274,1.81846,1.8201,2311.467237
2026-01-15 11:20:00+00:00,1.82081,1.82183,1.81995,1.82151,10437.409405
2026-01-15 11:25:00+00:00,1.82183,1.8231,1.82097,1.82186,24602.689215
2026-01-15 11:30:00+00:00,1.8198,1.8233,1.817,1.81723,24433.111755
2026-01-15 11:35:00+00:00,1.81728,1.81758,1.81584,1.81663,5067.726819
2026-01-15 11:40:00+00:00,1.81621,1.81709,1.81506,1.81506,12463.958169
2026-01-15 11:45:00+00:00,1.81641,1.81737,1.81373,1.81373,6088.182409
2026-01-15 11:50:00+00:00,1.81469,1.81668,1.81469,1.81618,17926.973232
2026-01-15 11:55:00+00:00,1.81609,1.81664,1.81563,1.81584,5521.745593
2026-01-15 12:00:00+00:00,1.81716,1.81805,1.81527,1.81734,18591.979704
2026-01-15 12:05:00+00:00,1.8179,1.81798,1.81627,1.8174,6208.795836
2026-01-15 12:10:00+00:00,1.81673,1.81903,1.81673,1.81772,26112.603265
2026-01-15 12:15:00+00:00,1.8174,1.8177,1.81207,1.81223,26686.606161
2026-01-15 12:20:00+00:00,1.81298,1.81372,1.81139,1.81294,43154.443397
2026-01-15 12:25:00+00:00,1.81352,1.8141,1.81252,1.81252,3581.457913
2026-01-15 12:30:00+00:00,1.81188,1.81437,1.8116,1.81285,17552.287297
2026-01-15 12:35:00+00:00,1.81413,1.81472,1.81394,1.81394,2920.070342
2026-01-15 12:40:00+00:00,1.81443,1.81694,1.8134,1.81531,1428.655707
2026-01-15 12:45:00+00:00,1.8164,1.81826,1.8164,1.81762,2161.756479
2026-01-15 12:50:00+00:00,1.81784,1.82279,1.81733,1.82279,5615.821944
2026-01-15 12:55:00+00:00,1.82271,1.82286,1.82148,1.82286,10386.985325
2026-01-15 13:00:00+00:00,1.8223,1.82303,1.82148,1.82246,42031.067651
2026-01-15 13:05:00+00:00,1.82227,1.8227,1.82086,1.82119,3933.73824
2026-01-15 13:10:00+00:00,1.8208,1.82139,1.82038,1.82108,4081.146384
2026-01-15 13:15:00+00:00,1.82097,1.8255,1.82075,1.8255,30391.709295
2026-01-15 13:20:00+00:00,1.82527,1.82704,1.82493,1.82642,22524.295408
2026-01-15 13:25:00+00:00,1.82624,1.82833,1.82624,1.82833,6982.168135
2026-01-15 13:30:00+00:00,1.82432,1.82871,1.82206,1.82248,36731.569818
2026-01-15 13:35:00+00:00,1.82303,1.82698,1.82241,1.8255,22897.963123
2026-01-15 13:40:00+00:00,1.82771,1.82884,1.82554,1.8274,9420.714663
2026-01-15 13:45:00+00:00,1.82872,1.83303,1.82872,1.8317,18412.029563
2026-01-15 13:50:00+00:00,1.83163,1.83754,1.82953,1.83624,54643.234199
2026-01-15 13:55:00+00:00,1.83653,1.83735,1.8338,1.83534,21914.405414
2026-01-15 14:00:00+00:00,1.83517,1.8381,1.83417,1.83703,19319.194162
2026-01-15 14:05:00+00:00,1.8377,1.83851,1.83406,1.83723,19919.354959
2026-01-15 14:10:00+00:00,1.83556,1.83691,1.8327,1.83399,13499.01156
2026-01-15 14:15:00+00:00,1.83324,1.83435,1.83195,1.83305,17698.142129
2026-01-15 14:20:00+00:00,1.83302,1.83302,1.8301,1.83036,67696.250791
2026-01-15 14:25:00+00:00,1.83,1.8313,1.82567,1.8273,91874.779943
2026-01-15 14:30:00+00:00,1.8273,1.82936,1.81973,1.82252,130393.404379
2026-01-15 14:35:00+00:00,1.8205,1.82152,1.80977,1.81159,91912.331536
2026-01-15 14:40:00+00:00,1.81113,1.81342,1.807,1.807,102689.433835
2026-01-15 14:45:00+00:00,1.80827,1.81422,1.80111,1.81336,108022.212732
2026-01-15 14:50:00+00:00,1.81206,1.8131,1.80816,1.81215,129215.215819
2026-01-15 14:55:00+00:00,1.81246,1.814,1.80513,1.8066,43086.542956
2026-01-15 15:00:00+00:00,1.80855,1.8108,1.80625,1.807,77988.418715
2026-01-15 15:05:00+00:00,1.80596,1.81383,1.80466,1.81383,29070.244716
2026-01-15 15:10:00+00:00,1.80965,1.815,1.80929,1.8099,17499.466746
2026-01-15 15:15:00+00:00,1.8101,1.81234,1.80847,1.8101,22417.097968
2026-01-15 15:20:00+00:00,1.81041,1.81041,1.80231,1.80294,39249.896179
2026-01-15 15:25:00+00:00,1.80204,1.80204,1.79694,1.80045,76864.130905
2026-01-15 15:30:00+00:00,1.79951,1.80327,1.79906,1.80249,15207.863714
2026-01-15 15:35:00+00:00,1.80128,1.80332,1.79172,1.79432,165274.901478
2026-01-15 15:40:00+00:00,1.79543,1.79751,1.79247,1.79513,81153.038952
2026-01-15 15:45:00+00:00,1.79496,1.79796,1.78221,1.78374,414069.082504
2026-01-15 15:50:00+00:00,1.78399,1.78973,1.78399,1.78785,43473.598185
2026-01-15 15:55:00+00:00,1.78774,1.8066,1.7864,1.8066,364270.964696
2026-01-15 16:00:00+00:00,1.8063,1.81897,1.79926,1.80187,409679.424321
2026-01-15 16:05:00+00:00,1.80503,1.80503,1.79869,1.80094,15374.092087
2026-01-15 16:10:00+00:00,1.80124,1.8055,1.80037,1.80146,16805.151916
2026-01-15 16:15:00+00:00,1.80258,1.80708,1.80216,1.80254,14497.913512
2026-01-15 16:20:00+00:00,1.80401,1.8059,1.80296,1.80548,31949.810454
2026-01-15 16:25:00+00:00,1.80532,1.80532,1.79586,1.79766,162905.854578
2026-01-15 16:30:00+00:00,1.79666,1.80075,1.79619,1.79619,47078.240199
2026-01-15 16:35:00+00:00,1.79622,1.79898,1.79509,1.79839,12550.66195
2026-01-15 16:40:00+00:00,1.79894,1.80413,1.79677,1.80043,28583.58485
2026-01-15 16:45:00+00:00,1.80104,1.80518,1.8004,1.80401,18043.525907
2026-01-15 16:50:00+00:00,1.80359,1.80373,1.80073,1.80102,1671.142759
2026-01-15 16:55:00+00:00,1.80103,1.80411,1.80086,1.80192,61006.033342
2026-01-15 17:00:00+00:00,1.80149,1.8043,1.80037,1.80067,73156.519656
2026-01-15 17:05:00+00:00,1.80051,1.80104,1.78773,1.79451,337679.469808
2026-01-15 17:10:00+00:00,1.79451,1.79823,1.79443,1.79526,69469.398611
2026-01-15 17:15:00+00:00,1.79584,1.79832,1.79367,1.7967,51854.196924
2026-01-15 17:20:00+00:00,1.79675,1.797,1.79415,1.79505,18399.418441
2026-01-15 17:25:00+00:00,1.79526,1.79917,1.7945,1.79908,58193.386454
2026-01-15 17:30:00+00:00,1.79942,1.801,1.79828,1.7997,99677.411573
2026-01-15 17:35:00+00:00,1.80056,1.80279,1.79962,1.80256,23181.834176
2026-01-15 17:40:00+00:00,1.80257,1.80647,1.80249,1.80485,30569.691429
2026-01-15 17:45:00+00:00,1.80553,1.80584,1.7995,1.7995,22738.485007
2026-01-15 17:50:00+00:00,1.79948,1.80182,1.795,1.7956,98170.768143
2026-01-15 17:55:00+00:00,1.79522,1.79525,1.79061,1.79261,70951.42352
2026-01-15 18:00:00+00:00,1.79235,1.79386,1.7915,1.79283,30909.381848
2026-01-15 18:05:00+00:00,1.79118,1.7931,1.78955,1.79011,12481.11698
2026-01-15 18:10:00+00:00,1.79009,1.79009,1.78365,1.78658,125230.312228
2026-01-15 18:15:00+00:00,1.78658,1.78668,1.78352,1.7842,36161.653218
2026-01-15 18:20:00+00:00,1.78417,1.78767,1.78351,1.786,45747.850287
2026-01-15 18:25:00+00:00,1.78637,1.78977,1.78592,1.7896,116988.445178
2026-01-15 18:30:00+00:00,1.78905,1.79022,1.78497,1.78557,26748.446709
2026-01-15 18:35:00+00:00,1.78549,1.78663,1.78191,1.78616,42853.613125
2026-01-15 18:40:00+00:00,1.78261,1.78344,1.77822,1.78229,156151.5333
2026-01-15 18:45:00+00:00,1.78244,1.78286,1.78043,1.78203,23757.230103
2026-01-15 18:50:00+00:00,1.78128,1.78432,1.77863,1.78364,50448.923007
2026-01-15 18:55:00+00:00,1.78471,1.786,1.78148,1.7824,17298.06566
2026-01-15 19:00:00+00:00,1.78189,1.78198,1.7739,1.77763,119928.414342
2026-01-15 19:05:00+00:00,1.77926,1.78165,1.77706,1.78069,32222.848985
2026-01-15 19:10:00+00:00,1.7805,1.78333,1.77906,1.77907,12626.609068
2026-01-15 19:15:00+00:00,1.77775,1.78289,1.77741,1.78289,18479.191717
2026-01-15 19:20:00+00:00,1.78176,1.78182,1.77737,1.77785,97385.316893
2026-01-15 19:25:00+00:00,1.77746,1.77871,1.77425,1.77519,41779.211137
2026-01-15 19:30:00+00:00,1.77532,1.77711,1.77063,1.77711,100350.150101
2026-01-15 19:35:00+00:00,1.77496,1.7762,1.77052,1.77052,100646.47426
2026-01-15 19:40:00+00:00,1.77043,1.77252,1.76796,1.77226,67510.376218
2026-01-15 19:45:00+00:00,1.77387,1.77746,1.77114,1.77746,42514.715607
2026-01-15 19:50:00+00:00,1.77783,1.78181,1.77783,1.77783,23854.356176
2026-01-15 19:55:00+00:00,1.77802,1.77893,1.77736,1.77873,22878.804304
2026-01-15 20:00:00+00:00,1.77802,1.7808,1.7769,1.78031,34241.321214
2026-01-15 20:05:00+00:00,1.78194,1.78292,1.77959,1.78177,43031.2356
2026-01-15 20:10:00+00:00,1.78045,1.78225,1.78045,1.78092,32780.806724
2026-01-15 20:15:00+00:00,1.77967,1.78165,1.7763,1.7763,33988.612065
2026-01-15 20:20:00+00:00,1.77544,1.77644,1.7744,1.77496,15027.978219
2026-01-15 20:25:00+00:00,1.77532,1.77583,1.77359,1.77393,34064.048915
2026-01-15 20:30:00+00:00,1.77406,1.7772,1.77394,1.7772,14950.582703
2026-01-15 20:35:00+00:00,1.77961,1.78019,1.77633,1.77633,16819.393424
2026-01-15 20:40:00+00:00,1.776,1.77749,1.77528,1.77528,31217.174051
2026-01-15 20:45:00+00:00,1.77563,1.77635,1.77369,1.774,19099.273985
2026-01-15 20:50:00+00:00,1.77378,1.78007,1.77278,1.78007,44401.51211
2026-01-15 20:55:00+00:00,1.77922,1.78124,1.77568,1.7757,37211.667389
2026-01-15 21:00:00+00:00,1.77655,1.7819,1.77655,1.78043,73054.812668
2026-01-15 21:05:00+00:00,1.78039,1.78083,1.7788,1.7807,53248.086132
2026-01-15 21:10:00+00:00,1.77982,1.78158,1.77982,1.7812,8302.640062
2026-01-15 21:15:00+00:00,1.78253,1.78436,1.78116,1.7835,10033.252508
2026-01-15 21:20:00+00:00,1.78311,1.78652,1.78275,1.78512,7864.705281
2026-01-15 21:25:00+00:00,1.78517,1.78645,1.7851,1.78554,12323.886662
2026-01-15 21:30:00+00:00,1.78562,1.78584,1.78406,1.78584,21328.782211
2026-01-15 21:35:00+00:00,1.78529,1.78696,1.78512,1.78549,12720.301561
2026-01-15 21:40:00+00:00,1.78468,1.7851,1.7836,1.78454,3867.134104
2026-01-15 21:45:00+00:00,1.78535,1.78611,1.78482,1.786,12593.13923
2026-01-15 21:50:00+00:00,1.78548,1.786,1.7844,1.78505,6683.653439
2026-01-15 21:55:00+00:00,1.78519,1.78776,1.78519,1.7868,11590.811222
2026-01-15 22:00:00+00:00,1.78661,1.78742,1.78475,1.78696,13907.588038
2026-01-15 22:05:00+00:00,1.78659,1.78723,1.78613,1.78683,11270.461096
2026-01-15 22:10:00+00:00,1.78682,1.78685,1.7817,1.78397,6508.499206
2026-01-15 22:15:00+00:00,1.78379,1.78603,1.78308,1.78603,41259.230453
2026-01-15 22:20:00+00:00,1.7864,1.7877,1.7863,1.7877,11404.831334
2026-01-15 22:25:00+00:00,1.78627,1.78839,1.78627,1.78839,7193.498044
2026-01-15 22:30:00+00:00,1.78858,1.79161,1.78801,1.7902,6837.87204
2026-01-15 22:35:00+00:00,1.78983,1.7906,1.78793,1.78873,3703.672991
2026-01-15 22:40:00+00:00,1.79071,1.79143,1.78954,1.78954,11836.202295
2026-01-15 22:45:00+00:00,1.7901,1.7901,1.78846,1.78981,3141.435744
2026-01-15 22:50:00+00:00,1.78916,1.78991,1.78821,1.78861,5207.319144
2026-01-15 22:55:00+00:00,1.78824,1.78862,1.787,1.78816,4077.375513
2026-01-15 23:00:00+00:00,1.78686,1.78847,1.78617,1.78618,16118.389547
2026-01-15 23:05:00+00:00,1.78466,1.78619,1.78395,1.7847,39514.100307
2026-01-15 23:10:00+00:00,1.78569,1.78916,1.78569,1.78899,35293.978279
2026-01-15 23:15:00+00:00,1.79044,1.79217,1.78975,1.79217,6588.301665
2026-01-15 23:20:00+00:00,1.79147,1.79203,1.78958,1.79011,3322.535617
2026-01-15 23:25:00+00:00,1.79065,1.79065,1.7895,1.7895,4012.497001
2026-01-15 23:30:00+00:00,1.78844,1.78909,1.78794,1.78846,6046.032618
2026-01-15 23:35:00+00:00,1.78749,1.78835,1.78682,1.78739,1719.702921
2026-01-15 23:40:00+00:00,1.7881,1.7881,1.78654,1.7878,1831.775314
2026-01-15 23:45:00+00:00,1.78734,1.78958,1.787,1.78728,8028.161877
2026-01-15 23:50:00+00:00,1.78967,1.79128,1.78967,1.79128,4786.813127
2026-01-15 23:55:00+00:00,1.79075,1.79082,1.79027,1.79071,912.646135
2026-01-16 00:00:00+00:00,1.79039,1.79136,1.78921,1.79126,2094.782012
2026-01-16 00:05:00+00:00,1.7919,1.7927,1.79007,1.791,31262.111658
2026-01-16 00:10:00+00:00,1.78997,1.78997,1.78825,1.78921,11869.58969
2026-01-16 00:15:00+00:00,1.7895,1.79285,1.7895,1.78993,57309.655407
2026-01-16 00:20:00+00:00,1.79068,1.79069,1.78898,1.79008,4212.559965
2026-01-16 00:25:00+00:00,1.79102,1.79158,1.79093,1.79158,1233.916055
2026-01-16 00:30:00+00:00,1.793,1.79594,1.793,1.79594,3999.784365
2026-01-16 00:35:00+00:00,1.79588,1.7973,1.79586,1.7973,12077.563589
2026-01-16 00:40:00+00:00,1.7975,1.7975,1.7959,1.7959,1670.816546
2026-01-16 00:45:00+00:00,1.79678,1.79705,1.79574,1.79701,3374.39465
2026-01-16 00:50:00+00:00,1.79755,1.79779,1.79641,1.79689,1786.763133
2026-01-16 00:55:00+00:00,1.79652,1.7967,1.79432,1.79432,15457.561734
2026-01-16 01:00:00+00:00,1.79447,1.79457,1.79349,1.7939,4334.793763
2026-01-16 01:05:00+00:00,1.79301,1.79302,1.79091,1.7919,19726.773324
2026-01-16 01:10:00+00:00,1.78949,1.78993,1.78824,1.78984,62191.870354
2026-01-16 01:15:00+00:00,1.79024,1.7917,1.79024,1.7917,6170.935434
2026-01-16 01:20:00+00:00,1.79011,1.79079,1.78803,1.79079,1416.130213
2026-01-16 01:25:00+00:00,1.79056,1.79194,1.79047,1.7918,1325.479477
2026-01-16 01:30:00+00:00,1.7929,1.79574,1.7929,1.79472,17762.161801
2026-01-16 01:35:00+00:00,1.79226,1.79365,1.79207,1.79321,896.805582
2026-01-16 01:40:00+00:00,1.79167,1.79211,1.79148,1.79164,1612.965768
2026-01-16 01:45:00+00:00,1.79227,1.79277,1.7922,1.79237,2380.968092
2026-01-16 01:50:00+00:00,1.79129,1.79129,1.79038,1.79048,610.145835
2026-01-16 01:55:00+00:00,1.7911,1.7911,1.78949,1.78964,4383.904665
2026-01-16 02:00:00+00:00,1.78851,1.78851,1.7862,1.7869,1794.008811
2026-01-16 02:05:00+00:00,1.78603,1.78603,1.7838,1.78402,1116.957542
2026-01-16 02:10:00+00:00,1.7838,1.78443,1.783,1.783,3498.483494
2026-01-16 02:15:00+00:00,1.78296,1.7836,1.78175,1.78218,38571.605443
2026-01-16 02:20:00+00:00,1.78252,1.78301,1.78053,1.78228,3321.068909
2026-01-16 02:25:00+00:00,1.7832,1.7871,1.7832,1.7871,17580.601928
2026-01-16 02:30:00+00:00,1.78372,1.78417,1.78308,1.78308,591.729173
2026-01-16 02:35:00+00:00,1.78338,1.78338,1.7804,1.78338,4527.386896
2026-01-16 02:40:00+00:00,1.7806,1.7809,1.77971,1.7809,1550.553317
2026-01-16 02:45:00+00:00,1.7826,1.78442,1.7814,1.78442,8108.199151
2026-01-16 02:50:00+00:00,1.78312,1.78456,1.78302,1.78456,4608.784209
2026-01-16 02:55:00+00:00,1.7848,1.7875,1.7848,1.7875,6330.551729
2026-01-16 03:00:00+00:00,1.78818,1.78935,1.78778,1.78809,3333.190322
2026-01-16 03:05:00+00:00,1.78805,1.79013,1.78805,1.7895,14228.380625
2026-01-16 03:10:00+00:00,1.79032,1.7907,1.79,1.7907,1040.394463
2026-01-16 03:15:00+00:00,1.78936,1.78936,1.78748,1.78775,16065.439697
2026-01-16 03:20:00+00:00,1.78812,1.7894,1.78812,1.7894,8259.910366
2026-01-16 03:25:00+00:00,1.78668,1.78668,1.78524,1.78533,1414.073262
2026-01-16 03:30:00+00:00,1.7843,1.7843,1.78058,1.78184,23103.576246
2026-01-16 03:35:00+00:00,1.78114,1.78189,1.78114,1.78189,1472.018586
2026-01-16 03:40:00+00:00,1.78047,1.78096,1.78031,1.78096,5152.889592
2026-01-16 03:45:00+00:00,1.78023,1.78136,1.78023,1.78106,2778.184705
2026-01-16 03:50:00+00:00,1.77998,1.78098,1.77998,1.78098,3358.939262
2026-01-16 03:55:00+00:00,1.77889,1.77953,1.7773,1.7773,1565.416899
2026-01-16 04:00:00+00:00,1.7785,1.78006,1.77829,1.78006,4780.178378
2026-01-16 04:05:00+00:00,1.7804,1.78067,1.77962,1.78001,1578.05935
2026-01-16 04:10:00+00:00,1.78009,1.78009,1.77981,1.77987,1589.887285
2026-01-16 04:15:00+00:00,1.77995,1.78232,1.77995,1.78232,4339.555572
2026-01-16 04:20:00+00:00,1.78201,1.78261,1.78134,1.78261,727.955027
2026-01-16 04:25:00+00:00,1.78329,1.78358,1.7797,1.7797,12404.61402
2026-01-16 04:30:00+00:00,1.7793,1.77961,1.7764,1.77679,25393.80389
2026-01-16 04:35:00+00:00,1.77431,1.7773,1.77319,1.77478,49318.3333
2026-01-16 04:40:00+00:00,1.7755,1.7755,1.77319,1.77441,20764.920801
2026-01-16 04:45:00+00:00,1.7748,1.77645,1.7748,1.77555,13855.499522
2026-01-16 04:50:00+00:00,1.77317,1.77369,1.772,1.77271,17203.285366
2026-01-16 04:55:00+00:00,1.77278,1.77719,1.772,1.7766,14944.585477
2026-01-16 05:00:00+00:00,1.77747,1.77903,1.77544,1.77564,20338.957372
2026-01-16 05:05:00+00:00,1.77863,1.77881,1.7748,1.77863,1388.735887
2026-01-16 05:10:00+00:00,1.779,1.78015,1.779,1.77956,16912.587439
2026-01-16 05:15:00+00:00,1.77932,1.77932,1.77718,1.77812,1471.865106
2026-01-16 05:20:00+00:00,1.77641,1.77808,1.77641,1.77694,35814.413097
2026-01-16 05:25:00+00:00,1.77707,1.77922,1.77707,1.77922,498.685426
2026-01-16 05:30:00+00:00,1.7785,1.77992,1.77795,1.77841,36396.718682
2026-01-16 05:35:00+00:00,1.78224,1.78304,1.77846,1.78293,30773.751563
2026-01-16 05:40:00+00:00,1.78228,1.7834,1.78119,1.7834,7743.696574
2026-01-16 05:45:00+00:00,1.78382,1.78515,1.78347,1.78398,19302.196343
2026-01-16 05:50:00+00:00,1.786,1.78649,1.78444,1.78531,11965.770886
2026-01-16 05:55:00+00:00,1.78454,1.78548,1.78454,1.78494,7814.516987
2026-01-16 06:00:00+00:00,1.78485,1.78555,1.78441,1.78466,6599.326868
2026-01-16 06:05:00+00:00,1.7844,1.7844,1.78266,1.78266,8198.030259
2026-01-16 06:10:00+00:00,1.78208,1.78219,1.78064,1.78172,13578.46182
2026-01-16 06:15:00+00:00,1.7821,1.7822,1.7814,1.78175,458.013662
2026-01-16 06:20:00+00:00,1.78154,1.78433,1.78154,1.78382,7950.651032
2026-01-16 06:25:00+00:00,1.78418,1.78418,1.78315,1.78394,3415.420078
2026-01-16 06:30:00+00:00,1.78354,1.78574,1.78348,1.78511,12195.161722
2026-01-16 06:35:00+00:00,1.78518,1.78587,1.78444,1.78523,8630.682734
2026-01-16 06:40:00+00:00,1.786,1.7875,1.786,1.78714,7522.520941
2026-01-16 06:45:00+00:00,1.78738,1.78801,1.787,1.78723,22229.876214
2026-01-16 06:50:00+00:00,1.78715,1.78715,1.78427,1.78427,15152.664731
2026-01-16 06:55:00+00:00,1.78437,1.7856,1.78432,1.78498,5959.359573
2026-01-16 07:00:00+00:00,1.78574,1.7859,1.78513,1.7859,2845.286443
2026-01-16 07:05:00+00:00,1.7862,1.7865,1.78384,1.785,16836.077156
2026-01-16 07:10:00+00:00,1.78608,1.78659,1.78552,1.78606,7629.659578
2026-01-16 07:15:00+00:00,1.78553,1.78797,1.7852,1.78793,7519.121059
2026-01-16 07:20:00+00:00,1.78795,1.78965,1.78722,1.78736,4561.983136
2026-01-16 07:25:00+00:00,1.78758,1.78791,1.78504,1.78504,11018.721016
2026-01-16 07:30:00+00:00,1.78516,1.78544,1.7841,1.78468,4613.892228
2026-01-16 07:35:00+00:00,1.78475,1.78475,1.78183,1.78195,1459.043886
2026-01-16 07:40:00+00:00,1.7824,1.78279,1.78196,1.78279,4744.36002
2026-01-16 07:45:00+00:00,1.78277,1.78508,1.78254,1.78507,26284.464086
2026-01-16 07:50:00+00:00,1.78543,1.78543,1.78313,1.78389,5651.700132
2026-01-16 07:55:00+00:00,1.78413,1.78542,1.78369,1.78533,15000.655599
2026-01-16 08:00:00+00:00,1.78525,1.78673,1.7849,1.78554,15451.348159
2026-01-16 08:05:00+00:00,1.78492,1.78716,1.78491,1.78647,18345.396415
2026-01-16 08:10:00+00:00,1.78864,1.79161,1.78772,1.79066,57849.09233
2026-01-16 08:15:00+00:00,1.79065,1.79093,1.78927,1.78937,4552.806535
2026-01-16 08:20:00+00:00,1.78912,1.78912,1.78756,1.78784,22575.250737
2026-01-16 08:25:00+00:00,1.788,1.78901,1.7877,1.7887,52605.308895
2026-01-16 08:30:00+00:00,1.78921,1.78957,1.78689,1.78895,84798.962244
2026-01-16 08:35:00+00:00,1.78699,1.78699,1.78425,1.78501,25921.503773
2026-01-16 08:40:00+00:00,1.78575,1.7878,1.78528,1.7878,5717.578631
2026-01-16 08:45:00+00:00,1.78741,1.78822,1.78634,1.78634,29893.164605
2026-01-16 08:50:00+00:00,1.78812,1.78812,1.78572,1.78794,11068.523467
2026-01-16 08:55:00+00:00,1.78706,1.78799,1.78646,1.78646,7077.740385
2026-01-16 09:00:00+00:00,1.78624,1.78872,1.783,1.783,96856.157995
2026-01-16 09:05:00+00:00,1.78337,1.78533,1.78279,1.78396,18630.169487
2026-01-16 09:10:00+00:00,1.78422,1.78494,1.78353,1.78433,10271.588316
2026-01-16 09:15:00+00:00,1.78436,1.78436,1.78113,1.7818,22800.106037
2026-01-16 09:20:00+00:00,1.78175,1.78211,1.78006,1.78079,3047.479461
2026-01-16 09:25:00+00:00,1.78062,1.78215,1.78041,1.78189,21515.36647
2026-01-16 09:30:00+00:00,1.78202,1.7822,1.78056,1.78066,10206.280976
2026-01-16 09:35:00+00:00,1.78084,1.78209,1.78084,1.78166,5486.367847
2026-01-16 09:40:00+00:00,1.78158,1.78203,1.78116,1.78165,8782.850653
2026-01-16 09:45:00+00:00,1.78148,1.7815,1.77982,1.78095,11832.794118
2026-01-16 09:50:00+00:00,1.78058,1.78148,1.78012,1.78051,4712.970569
2026-01-16 09:55:00+00:00,1.78032,1.78117,1.77973,1.77999,11323.261427
2026-01-16 10:00:00+00:00,1.78023,1.78023,1.77899,1.77946,26187.625501
2026-01-16 10:05:00+00:00,1.77936,1.77936,1.7782,1.7789,6849.746246
2026-01-16 10:10:00+00:00,1.77925,1.7796,1.77844,1.77916,13564.46454
2026-01-16 10:15:00+00:00,1.77852,1.77852,1.7761,1.777,28714.961314
2026-01-16 10:20:00+00:00,1.778,1.77835,1.7768,1.77779,7041.402566
2026-01-16 10:25:00+00:00,1.7779,1.77865,1.77777,1.77777,8144.595878
2026-01-16 10:30:00+00:00,1.77762,1.77762,1.77658,1.77684,2562.246629
2026-01-16 10:35:00+00:00,1.77675,1.77692,1.77516,1.77516,10496.935879
2026-01-16 10:40:00+00:00,1.7754,1.77602,1.77472,1.77556,13033.129736
2026-01-16 10:45:00+00:00,1.77576,1.77587,1.77462,1.77517,4264.058861
2026-01-16 10:50:00+00:00,1.77411,1.77562,1.77212,1.77364,25630.56334
2026-01-16 10:55:00+00:00,1.7737,1.7752,1.7737,1.77444,64980.223178
2026-01-16 11:00:00+00:00,1.77419,1.77443,1.77378,1.77397,9177.860041
2026-01-16 11:05:00+00:00,1.77392,1.77615,1.77392,1.77488,3240.487567
2026-01-16 11:10:00+00:00,1.77601,1.77642,1.77243,1.77262,8544.675921
2026-01-16 11:15:00+00:00,1.77293,1.77557,1.77103,1.77527,14359.625461
2026-01-16 11:20:00+00:00,1.77471,1.77569,1.77413,1.77569,6234.608188
2026-01-16 11:25:00+00:00,1.77548,1.77645,1.77501,1.77602,4118.660921
2026-01-16 11:30:00+00:00,1.77503,1.77713,1.7747,1.77678,4489.449653
2026-01-16 11:35:00+00:00,1.77716,1.77717,1.77524,1.77659,1973.660103
2026-01-16 11:40:00+00:00,1.77559,1.77653,1.77381,1.77381,11967.22209
2026-01-16 11:45:00+00:00,1.77381,1.77674,1.77328,1.77616,4686.905626
2026-01-16 11:50:00+00:00,1.77691,1.77759,1.77614,1.77684,7947.310879
2026-01-16 11:55:00+00:00,1.77652,1.77702,1.7757,1.77696,11172.788523
2026-01-16 12:00:00+00:00,1.77733,1.778,1.77653,1.77654,22416.910199
2026-01-16 12:05:00+00:00,1.77738,1.77738,1.77602,1.77627,7521.623003
2026-01-16 12:10:00+00:00,1.77791,1.77791,1.77559,1.77624,30124.146604
2026-01-16 12:15:00+00:00,1.77763,1.77834,1.77712,1.77825,1821.192618
2026-01-16 12:20:00+00:00,1.77862,1.77866,1.77727,1.7774,5572.410863
2026-01-16 12:25:00+00:00,1.77857,1.7802,1.7758,1.77737,92282.270582
2026-01-16 12:30:00+00:00,1.77706,1.77715,1.77443,1.77529,12735.54522
2026-01-16 12:35:00+00:00,1.7741,1.77489,1.77373,1.77489,5207.558806
2026-01-16 12:40:00+00:00,1.77507,1.77548,1.77452,1.775,11099.24325
2026-01-16 12:45:00+00:00,1.7751,1.77616,1.77394,1.77449,31050.578709
2026-01-16 12:50:00+00:00,1.77448,1.77636,1.77366,1.7751,12537.69009
2026-01-16 12:55:00+00:00,1.77543,1.77627,1.77514,1.77581,5739.368257
2026-01-16 13:00:00+00:00,1.77527,1.77563,1.773,1.77409,4956.334026
2026-01-16 13:05:00+00:00,1.77327,1.77428,1.77256,1.77391,11430.201378
2026-01-16 13:10:00+00:00,1.7747,1.7753,1.77358,1.7753,9664.107176
2026-01-16 13:15:00+00:00,1.77553,1.7758,1.77456,1.77456,4951.609711
2026-01-16 13:20:00+00:00,1.77439,1.77513,1.77387,1.77484,10347.833696
2026-01-16 13:25:00+00:00,1.77444,1.7749,1.774,1.7749,9638.1166
2026-01-16 13:30:00+00:00,1.77425,1.77551,1.76922,1.77105,15377.212575
2026-01-16 13:35:00+00:00,1.77052,1.77089,1.76697,1.76697,66632.455381
2026-01-16 13:40:00+00:00,1.7691,1.77161,1.76658,1.77131,11846.014774
2026-01-16 13:45:00+00:00,1.77135,1.7725,1.77135,1.77195,8787.976216
2026-01-16 13:50:00+00:00,1.77153,1.77265,1.77045,1.77152,10371.240475
2026-01-16 13:55:00+00:00,1.77114,1.77223,1.77114,1.77144,6078.166615
2026-01-16 14:00:00+00:00,1.77192,1.77727,1.77192,1.7763,37841.486775
2026-01-16 14:05:00+00:00,1.7751,1.7756,1.77214,1.77217,10131.321061
2026-01-16 14:10:00+00:00,1.7723,1.77302,1.77104,1.77127,7158.639892
2026-01-16 14:15:00+00:00,1.77248,1.77264,1.77116,1.77264,4434.862731
2026-01-16 14:20:00+00:00,1.77236,1.77377,1.7717,1.77314,29162.196332
2026-01-16 14:25:00+00:00,1.7731,1.77721,1.77219,1.7772,58847.140551
2026-01-16 14:30:00+00:00,1.77806,1.77894,1.77388,1.77574,62470.047023
2026-01-16 14:35:00+00:00,1.77691,1.77761,1.7708,1.77103,8566.623651
2026-01-16 14:40:00+00:00,1.77232,1.77356,1.77093,1.77267,6641.582795
2026-01-16 14:45:00+00:00,1.77214,1.77658,1.77116,1.77168,28426.546972
2026-01-16 14:50:00+00:00,1.77085,1.77215,1.76922,1.77181,21415.949523
2026-01-16 14:55:00+00:00,1.77258,1.77354,1.76961,1.76961,16133.411446
2026-01-16 15:00:00+00:00,1.7688,1.77008,1.76418,1.76987,87289.596137
2026-01-16 15:05:00+00:00,1.7684,1.77421,1.76838,1.77394,11515.14986
2026-01-16 15:10:00+00:00,1.77302,1.77622,1.773,1.77349,18381.233604
2026-01-16 15:15:00+00:00,1.77321,1.77321,1.76161,1.76161,77953.514195
2026-01-16 15:20:00+00:00,1.7628,1.76926,1.76021,1.76636,111762.76599
2026-01-16 15:25:00+00:00,1.7667,1.76779,1.76049,1.76088,117517.323824
2026-01-16 15:30:00+00:00,1.76115,1.762,1.75206,1.75478,258914.213378
2026-01-16 15:35:00+00:00,1.75576,1.76337,1.75315,1.7622,88794.441418
2026-01-16 15:40:00+00:00,1.75683,1.76245,1.7558,1.75716,98488.923965
2026-01-16 15:45:00+00:00,1.75669,1.75744,1.74769,1.75208,341118.00919
2026-01-16 15:50:00+00:00,1.75198,1.75504,1.74921,1.75149,94774.68459
2026-01-16 15:55:00+00:00,1.75485,1.75586,1.75295,1.75304,40729.718769
2026-01-16 16:00:00+00:00,1.75252,1.7541,1.75022,1.75223,101963.550932
2026-01-16 16:05:00+00:00,1.75265,1.75853,1.75265,1.75738,141304.586872
2026-01-16 16:10:00+00:00,1.75484,1.7576,1.75382,1.7576,55050.956665
2026-01-16 16:15:00+00:00,1.75809,1.76307,1.75466,1.76307,91634.02903
2026-01-16 16:20:00+00:00,1.76187,1.76364,1.75878,1.76036,46902.341808
2026-01-16 16:25:00+00:00,1.76025,1.76199,1.76025,1.76099,15211.573786
2026-01-16 16:30:00+00:00,1.76081,1.76157,1.75687,1.75691,20245.913335
2026-01-16 16:35:00+00:00,1.75747,1.76186,1.75747,1.76186,34496.906271
2026-01-16 16:40:00+00:00,1.76261,1.76329,1.76128,1.7622,30291.523108
2026-01-16 16:45:00+00:00,1.7622,1.7634,1.76011,1.76311,212420.820993
2026-01-16 16:50:00+00:00,1.76267,1.7655,1.762,1.76374,152589.204836
2026-01-16 16:55:00+00:00,1.76362,1.76375,1.7604,1.76269,23206.668565
2026-01-16 17:00:00+00:00,1.76225,1.7637,1.76181,1.76257,17873.951052
2026-01-16 17:05:00+00:00,1.76188,1.76197,1.75804,1.75865,4985.206046
2026-01-16 17:10:00+00:00,1.7596,1.76115,1.75671,1.75751,34386.898196
2026-01-16 17:15:00+00:00,1.76122,1.76284,1.76107,1.76248,12587.872699
2026-01-16 17:20:00+00:00,1.76252,1.76289,1.76056,1.76103,5080.162918
2026-01-16 17:25:00+00:00,1.75917,1.76293,1.75778,1.7628,6581.83303
2026-01-16 17:30:00+00:00,1.76299,1.76753,1.76277,1.76646,11433.080041
2026-01-16 17:35:00+00:00,1.76562,1.76627,1.7644,1.76558,15533.647495
2026-01-16 17:40:00+00:00,1.76564,1.76929,1.76555,1.76904,11270.01318
2026-01-16 17:45:00+00:00,1.76882,1.76882,1.76747,1.76752,8173.778244
2026-01-16 17:50:00+00:00,1.76778,1.76778,1.76549,1.76691,16495.731477
2026-01-16 17:55:00+00:00,1.76721,1.7709,1.76664,1.7709,7709.407563
2026-01-16 18:00:00+00:00,1.77014,1.77148,1.76841,1.76883,6528.411586
2026-01-16 18:05:00+00:00,1.76841,1.7701,1.7682,1.7688,50532.171789
2026-01-16 18:10:00+00:00,1.76678,1.76899,1.76556,1.76563,12033.462531
2026-01-16 18:15:00+00:00,1.76563,1.77002,1.76502,1.76824,20430.4139
2026-01-16 18:20:00+00:00,1.76824,1.76913,1.7678,1.7683,4382.81957
2026-01-16 18:25:00+00:00,1.76887,1.77096,1.76887,1.76931,21333.98422
2026-01-16 18:30:00+00:00,1.76958,1.76989,1.7684,1.76937,18519.138004
2026-01-16 18:35:00+00:00,1.76983,1.76983,1.76716,1.76763,11457.746219
2026-01-16 18:40:00+00:00,1.76758,1.76994,1.76698,1.76956,44788.520341
2026-01-16 18:45:00+00:00,1.76984,1.77001,1.76533,1.76674,23666.424384
2026-01-16 18:50:00+00:00,1.76814,1.76874,1.76662,1.76859,15576.130176
2026-01-16 18:55:00+00:00,1.76885,1.76885,1.76718,1.76789,3668.038249
2026-01-16 19:00:00+00:00,1.76652,1.76674,1.76459,1.76459,12266.886019
2026-01-16 19:05:00+00:00,1.76461,1.76461,1.76189,1.76268,8985.341887
2026-01-16 19:10:00+00:00,1.76408,1.7649,1.76294,1.76397,7812.701043
2026-01-16 19:15:00+00:00,1.7642,1.7649,1.76247,1.76456,30563.092983
2026-01-16 19:20:00+00:00,1.76418,1.7651,1.76221,1.7651,11742.302329
2026-01-16 19:25:00+00:00,1.76544,1.76686,1.7646,1.7646,13344.265825
2026-01-16 19:30:00+00:00,1.76487,1.77091,1.76433,1.77091,12199.430997
2026-01-16 19:35:00+00:00,1.77201,1.77302,1.77061,1.77061,30148.859863
2026-01-16 19:40:00+00:00,1.77078,1.77249,1.77078,1.77133,24449.235688
2026-01-16 19:45:00+00:00,1.77119,1.77278,1.77119,1.77243,20509.308238
2026-01-16 19:50:00+00:00,1.77322,1.77322,1.77123,1.77236,65170.21627
2026-01-16 19:55:00+00:00,1.77193,1.77201,1.77078,1.7715,11625.853621
2026-01-16 20:00:00+00:00,1.7719,1.7719,1.76778,1.76825,22330.563976
2026-01-16 20:05:00+00:00,1.76766,1.7679,1.7658,1.7661,16650.168006
2026-01-16 20:10:00+00:00,1.76641,1.77086,1.76623,1.77055,72216.625214
2026-01-16 20:15:00+00:00,1.77025,1.77379,1.76965,1.77379,21264.047733
2026-01-16 20:20:00+00:00,1.77373,1.77566,1.77298,1.77363,26315.197163
2026-01-16 20:25:00+00:00,1.77368,1.77753,1.77313,1.77717,54913.60668
2026-01-16 20:30:00+00:00,1.77775,1.78258,1.7773,1.78008,65704.261303
2026-01-16 20:35:00+00:00,1.77958,1.78287,1.77958,1.78138,30216.499818
2026-01-16 20:40:00+00:00,1.78562,1.78562,1.7818,1.78559,59667.413882
2026-01-16 20:45:00+00:00,1.78555,1.78648,1.78456,1.78596,55876.662502
2026-01-16 20:50:00+00:00,1.78554,1.78917,1.78554,1.78904,37819.826591
2026-01-16 20:55:00+00:00,1.78988,1.79283,1.78925,1.7918,38521.55907
2026-01-16 21:00:00+00:00,1.79278,1.79278,1.78654,1.79071,98977.487517
2026-01-16 21:05:00+00:00,1.79088,1.79142,1.78904,1.78981,17477.143118
2026-01-16 21:10:00+00:00,1.79196,1.79224,1.78349,1.78408,196066.666366
2026-01-16 21:15:00+00:00,1.78434,1.78724,1.78256,1.78432,87360.107452
2026-01-16 21:20:00+00:00,1.78449,1.78711,1.78439,1.78705,47097.53889
2026-01-16 21:25:00+00:00,1.78735,1.7906,1.7867,1.78989,10781.348928
2026-01-16 21:30:00+00:00,1.78992,1.79083,1.78897,1.79005,10305.237423
2026-01-16 21:35:00+00:00,1.7904,1.7908,1.78866,1.7907,49787.47423
2026-01-16 21:40:00+00:00,1.79158,1.7916,1.79055,1.79111,6511.380769
2026-01-16 21:45:00+00:00,1.7908,1.79101,1.7895,1.78952,12440.231106
2026-01-16 21:50:00+00:00,1.78947,1.79028,1.78807,1.78817,3170.200605
2026-01-16 21:55:00+00:00,1.78817,1.78891,1.78703,1.78777,48863.548603
2026-01-16 22:00:00+00:00,1.78778,1.7886,1.78525,1.78737,41230.837295
2026-01-16 22:05:00+00:00,1.7866,1.78958,1.78619,1.7873,34500.076428
2026-01-16 22:10:00+00:00,1.78708,1.7876,1.7839,1.78742,27137.002664
2026-01-16 22:15:00+00:00,1.78687,1.78898,1.7868,1.78739,10786.551442
2026-01-16 22:20:00+00:00,1.78647,1.78879,1.78611,1.78866,3568.964407
2026-01-16 22:25:00+00:00,1.78912,1.78994,1.78769,1.7892,6623.414688
2026-01-16 22:30:00+00:00,1.78579,1.78876,1.78579,1.78795,10357.815017
2026-01-16 22:35:00+00:00,1.78736,1.78736,1.78462,1.78462,4651.990153
2026-01-16 22:40:00+00:00,1.78454,1.78554,1.78266,1.78554,5784.067719
2026-01-16 22:45:00+00:00,1.78573,1.78637,1.78523,1.7859,2801.522586
2026-01-16 22:50:00+00:00,1.78624,1.7886,1.78614,1.78675,17888.58259
2026-01-16 22:55:00+00:00,1.78693,1.78806,1.78679,1.78784,2863.121134
2026-01-16 23:00:00+00:00,1.78654,1.78738,1.78511,1.78544,3416.855597
2026-01-16 23:05:00+00:00,1.78618,1.7864,1.78435,1.78435,2192.742875
2026-01-16 23:10:00+00:00,1.78441,1.78524,1.784,1.78473,2372.13152
2026-01-16 23:15:00+00:00,1.7855,1.7855,1.78329,1.78329,535.547772
2026-01-16 23:20:00+00:00,1.78381,1.78389,1.7834,1.78368,234.120917
2026-01-16 23:25:00+00:00,1.78519,1.78624,1.78476,1.78501,41572.089043
2026-01-16 23:30:00+00:00,1.78485,1.78577,1.78468,1.78525,1044.336671
2026-01-16 23:35:00+00:00,1.78476,1.78476,1.7829,1.78388,1497.205904
2026-01-16 23:40:00+00:00,1.78395,1.78403,1.78224,1.78257,8748.132128
2026-01-16 23:45:00+00:00,1.78299,1.78526,1.78265,1.78286,3629.60533
2026-01-16 23:50:00+00:00,1.78289,1.78359,1.78238,1.78359,2846.969022
2026-01-16 23:55:00+00:00,1.78307,1.78363,1.78186,1.78186,318.953235
2026-01-17 00:00:00+00:00,1.78236,1.78252,1.78121,1.78195,2187.090738
2026-01-17 00:05:00+00:00,1.78118,1.78136,1.77988,1.77988,1407.827972
2026-01-17 00:10:00+00:00,1.7808,1.78151,1.7808,1.78101,2242.279984
2026-01-17 00:15:00+00:00,1.78141,1.78239,1.78094,1.78199,9148.276446
2026-01-17 00:20:00+00:00,1.78145,1.78232,1.78143,1.78168,2471.69491
2026-01-17 00:25:00+00:00,1.78263,1.78343,1.78263,1.78263,1189.021835
2026-01-17 00:30:00+00:00,1.78228,1.78228,1.7802,1.7802,13867.470681
2026-01-17 00:35:00+00:00,1.78001,1.7802,1.77904,1.77905,696.506909
2026-01-17 00:40:00+00:00,1.77949,1.78051,1.77858,1.78051,9197.356876
2026-01-17 00:45:00+00:00,1.77925,1.78059,1.77865,1.7794,31140.702616
2026-01-17 00:50:00+00:00,1.77991,1.77991,1.7778,1.7778,659.363816
2026-01-17 00:55:00+00:00,1.78026,1.78027,1.77867,1.77951,698.852976
2026-01-17 01:00:00+00:00,1.77909,1.78002,1.77843,1.7789,32300.706311
2026-01-17 01:05:00+00:00,1.77798,1.7793,1.77797,1.7793,1902.311915
2026-01-17 01:10:00+00:00,1.77947,1.7802,1.77872,1.77915,12676.536817
2026-01-17 01:15:00+00:00,1.77986,1.78111,1.7794,1.77959,166.644411
2026-01-17 01:20:00+00:00,1.78232,1.78323,1.78232,1.78243,882.818101
2026-01-17 01:25:00+00:00,1.7819,1.78243,1.78176,1.78224,1234.621793
2026-01-17 01:30:00+00:00,1.78269,1.78269,1.78092,1.78216,247.189181
2026-01-17 01:35:00+00:00,1.78203,1.78203,1.78053,1.78053,4483.721673
2026-01-17 01:40:00+00:00,1.77966,1.781,1.77943,1.781,1413.601074
2026-01-17 01:45:00+00:00,1.78094,1.78187,1.78066,1.78089,3932.248444
2026-01-17 01:50:00+00:00,1.78122,1.78157,1.78108,1.78157,448.503026
2026-01-17 01:55:00+00:00,1.7821,1.7821,1.78114,1.78161,435.23968
2026-01-17 02:00:00+00:00,1.77998,1.77998,1.77914,1.77937,371.025161
2026-01-17 02:05:00+00:00,1.77916,1.77944,1.7773,1.7773,11921.471781
2026-01-17 02:10:00+00:00,1.77713,1.77742,1.777,1.77737,25992.009338
2026-01-17 02:15:00+00:00,1.77814,1.77824,1.77794,1.7781,9996.032719
2026-01-17 02:20:00+00:00,1.77785,1.77785,1.77641,1.7771,129.630157
2026-01-17 02:25:00+00:00,1.7775,1.77758,1.77662,1.77758,332.937087
2026-01-17 02:30:00+00:00,1.77693,1.77693,1.77488,1.77591,11502.382301
2026-01-17 02:35:00+00:00,1.776,1.7762,1.776,1.7762,844.398737
2026-01-17 02:40:00+00:00,1.77707,1.77707,1.77563,1.77563,1913.756965
2026-01-17 02:45:00+00:00,1.77589,1.77589,1.7754,1.7754,956.821977
2026-01-17 02:50:00+00:00,1.77552,1.77767,1.77552,1.77767,8734.6711
2026-01-17 02:55:00+00:00,1.7779,1.7779,1.77727,1.7779,446.049576
2026-01-17 03:00:00+00:00,1.77789,1.77826,1.77719,1.77719,5010.176177
2026-01-17 03:05:00+00:00,1.77801,1.77804,1.77749,1.77768,513.278889
2026-01-17 03:10:00+00:00,1.77788,1.77788,1.77684,1.77684,1112.115553
2026-01-17 03:15:00+00:00,1.77738,1.77752,1.77687,1.77727,1462.161014
2026-01-17 03:20:00+00:00,1.7774,1.7774,1.77705,1.7774,1465.705493
2026-01-17 03:25:00+00:00,1.77684,1.77684,1.7762,1.7762,180.789309
2026-01-17 03:30:00+00:00,1.77473,1.77473,1.77391,1.77399,3374.302064
2026-01-17 03:35:00+00:00,1.77401,1.77401,1.77324,1.77324,1718.35644
2026-01-17 03:40:00+00:00,1.77311,1.77311,1.77146,1.77146,8659.075654
2026-01-17 03:45:00+00:00,1.77111,1.77142,1.7702,1.7702,2650.386008
2026-01-17 03:50:00+00:00,1.77158,1.7718,1.77131,1.77168,6841.417631
2026-01-17 03:55:00+00:00,1.7722,1.77369,1.77172,1.77231,7004.443127
2026-01-17 04:00:00+00:00,1.77177,1.77324,1.77171,1.77295,25222.396177
2026-01-17 04:05:00+00:00,1.77284,1.77284,1.77163,1.77254,2161.935165
2026-01-17 04:10:00+00:00,1.77253,1.775,1.77253,1.77397,5111.047511
2026-01-17 04:15:00+00:00,1.77396,1.77472,1.77195,1.77247,14791.059544
2026-01-17 04:20:00+00:00,1.77365,1.77524,1.77364,1.775,589.186244
2026-01-17 04:25:00+00:00,1.77626,1.77626,1.77491,1.77613,3380.883468
2026-01-17 04:30:00+00:00,1.77768,1.77913,1.77748,1.77793,5219.301354
2026-01-17 04:35:00+00:00,1.77698,1.77716,1.77693,1.77703,3657.803622
2026-01-17 04:40:00+00:00,1.77655,1.77655,1.77621,1.77621,55.854437
2026-01-17 04:45:00+00:00,1.77856,1.77868,1.7783,1.7783,419.790188
2026-01-17 04:50:00+00:00,1.77856,1.77932,1.77835,1.77932,6523.543946
2026-01-17 04:55:00+00:00,1.77932,1.78059,1.77932,1.78039,11049.804282
2026-01-17 05:00:00+00:00,1.78005,1.78005,1.77819,1.77868,39394.342656
2026-01-17 05:05:00+00:00,1.77811,1.77889,1.778,1.77823,2734.902243
2026-01-17 05:10:00+00:00,1.7776,1.77776,1.77749,1.77776,4263.309832
2026-01-17 05:15:00+00:00,1.77723,1.77723,1.77611,1.77669,5178.189825
2026-01-17 05:20:00+00:00,1.77646,1.77825,1.77646,1.77802,9283.34758
2026-01-17 05:25:00+00:00,1.77841,1.77841,1.77841,1.77841,143.228904
2026-01-17 05:30:00+00:00,1.77793,1.77958,1.77695,1.77958,4615.230841
2026-01-17 05:35:00+00:00,1.77949,1.77952,1.77884,1.77952,9426.199218
2026-01-17 05:40:00+00:00,1.77966,1.7807,1.77966,1.7807,681.239729
2026-01-17 05:45:00+00:00,1.78046,1.78109,1.78046,1.78109,427.715772
2026-01-17 05:50:00+00:00,1.78023,1.78035,1.7793,1.7795,856.916441
2026-01-17 05:55:00+00:00,1.77911,1.77962,1.77883,1.77883,72.442373
2026-01-17 06:00:00+00:00,1.77879,1.77912,1.77829,1.77829,1292.339969
2026-01-17 06:05:00+00:00,1.77804,1.77824,1.77794,1.77794,2765.675399
2026-01-17 06:10:00+00:00,1.77801,1.77844,1.77738,1.77741,1815.956605
2026-01-17 06:15:00+00:00,1.77736,1.77791,1.77736,1.77736,905.371775
2026-01-17 06:20:00+00:00,1.77685,1.77721,1.77663,1.77663,297.532613
2026-01-17 06:25:00+00:00,1.7769,1.77717,1.7767,1.77715,1663.962114
2026-01-17 06:30:00+00:00,1.77656,1.77756,1.776,1.77711,1903.02548
2026-01-17 06:35:00+00:00,1.77784,1.77784,1.77784,1.77784,82.175263
2026-01-17 06:40:00+00:00,1.77784,1.77862,1.77784,1.77796,7413.701902
2026-01-17 06:45:00+00:00,1.77642,1.77642,1.77465,1.77508,5657.357281
2026-01-17 06:50:00+00:00,1.77543,1.7761,1.77517,1.77608,2485.558752
2026-01-17 06:55:00+00:00,1.77672,1.77672,1.77592,1.77657,2039.867761
2026-01-17 07:00:00+00:00,1.77553,1.77553,1.7721,1.7729,38715.365674
2026-01-17 07:05:00+00:00,1.77293,1.77361,1.77285,1.7736,7250.908026
2026-01-17 07:10:00+00:00,1.77368,1.77428,1.77282,1.77362,11569.411125
2026-01-17 07:15:00+00:00,1.77365,1.7746,1.77283,1.77449,2875.728305
2026-01-17 07:20:00+00:00,1.77407,1.77459,1.77347,1.77454,4781.353097
2026-01-17 07:25:00+00:00,1.77479,1.77601,1.77479,1.77575,10371.357883
2026-01-17 07:30:00+00:00,1.77588,1.77633,1.77572,1.77608,1748.550406
2026-01-17 07:35:00+00:00,1.77627,1.77656,1.77599,1.776,4335.528062
2026-01-17 07:40:00+00:00,1.77577,1.77624,1.77577,1.77597,240.521757
2026-01-17 07:45:00+00:00,1.77597,1.7768,1.77554,1.7768,3621.824351
2026-01-17 07:50:00+00:00,1.7751,1.77583,1.7747,1.77493,3032.067598
2026-01-17 07:55:00+00:00,1.77473,1.77506,1.77383,1.7743,6896.316426
2026-01-17 08:00:00+00:00,1.77362,1.77559,1.77362,1.77498,10866.888647
2026-01-17 08:05:00+00:00,1.77561,1.77629,1.77494,1.77605,6035.806801
2026-01-17 08:10:00+00:00,1.77504,1.77614,1.77497,1.77612,2883.873442
2026-01-17 08:15:00+00:00,1.776,1.77674,1.77579,1.77579,4849.518864
2026-01-17 08:20:00+00:00,1.77638,1.77704,1.77554,1.77569,2325.027165
2026-01-17 08:25:00+00:00,1.77689,1.77693,1.77493,1.77649,7979.541124
2026-01-17 08:30:00+00:00,1.77603,1.77646,1.77542,1.77574,4276.62126
2026-01-17 08:35:00+00:00,1.7765,1.77736,1.77576,1.77677,1179.416113
2026-01-17 08:40:00+00:00,1.77652,1.7768,1.77538,1.77541,10972.829768
2026-01-17 08:45:00+00:00,1.77504,1.77746,1.77504,1.77702,18475.556305
2026-01-17 08:50:00+00:00,1.777,1.77814,1.77662,1.7777,7582.502607
2026-01-17 08:55:00+00:00,1.77775,1.77791,1.77738,1.77766,6298.698757
2026-01-17 09:00:00+00:00,1.77783,1.77899,1.77762,1.77855,57565.004867
2026-01-17 09:05:00+00:00,1.77898,1.78,1.7786,1.7786,6614.862168
2026-01-17 09:10:00+00:00,1.7788,1.7788,1.77735,1.77735,3378.04722
2026-01-17 09:15:00+00:00,1.77741,1.77885,1.77702,1.77859,7181.809451
2026-01-17 09:20:00+00:00,1.77892,1.77894,1.77747,1.77838,4962.013341
2026-01-17 09:25:00+00:00,1.77846,1.77964,1.77846,1.77935,3812.235536
2026-01-17 09:30:00+00:00,1.77961,1.78001,1.77797,1.77797,14656.413781
2026-01-17 09:35:00+00:00,1.7787,1.7803,1.77852,1.7803,7793.230262
2026-01-17 09:40:00+00:00,1.78023,1.78079,1.77923,1.78016,52912.010947
2026-01-17 09:45:00+00:00,1.78069,1.78192,1.7806,1.78192,23123.356483
2026-01-17 09:50:00+00:00,1.78047,1.78058,1.77923,1.77943,14303.147961
2026-01-17 09:55:00+00:00,1.77948,1.77967,1.7785,1.77936,2113.038028
2026-01-17 10:00:00+00:00,1.77884,1.77908,1.77764,1.77835,3946.408275
2026-01-17 10:05:00+00:00,1.7794,1.78005,1.7794,1.78,5405.188061
2026-01-17 10:10:00+00:00,1.77914,1.78085,1.77903,1.78085,3860.11926
2026-01-17 10:15:00+00:00,1.78044,1.78241,1.78044,1.7823,5449.8228
2026-01-17 10:20:00+00:00,1.78215,1.78246,1.78121,1.78158,4717.738817
2026-01-17 10:25:00+00:00,1.7815,1.78212,1.78075,1.78187,14432.449708
2026-01-17 10:30:00+00:00,1.78216,1.7822,1.78098,1.78121,2934.174687
2026-01-17 10:35:00+00:00,1.78119,1.78164,1.77953,1.77996,52830.201657
2026-01-17 10:40:00+00:00,1.78012,1.7804,1.77921,1.77921,3146.588114
2026-01-17 10:45:00+00:00,1.77894,1.77894,1.77709,1.77746,11481.059955
2026-01-17 10:50:00+00:00,1.7771,1.77734,1.77631,1.77734,11366.355491
2026-01-17 10:55:00+00:00,1.77758,1.77805,1.77712,1.77727,1617.738779
2026-01-17 11:00:00+00:00,1.7772,1.7772,1.77507,1.77621,6244.919926
2026-01-17 11:05:00+00:00,1.77559,1.77585,1.77298,1.7745,14408.70892
2026-01-17 11:10:00+00:00,1.775,1.77598,1.775,1.77584,5376.584936
2026-01-17 11:15:00+00:00,1.77569,1.77709,1.77569,1.77709,18280.673935
2026-01-17 11:20:00+00:00,1.77677,1.7792,1.77665,1.7789,20689.264471
2026-01-17 11:25:00+00:00,1.77812,1.77938,1.77805,1.77938,953.260686
2026-01-17 11:30:00+00:00,1.77961,1.77981,1.77901,1.77967,1714.439833
2026-01-17 11:35:00+00:00,1.77892,1.77931,1.77749,1.77861,1467.765043
2026-01-17 11:40:00+00:00,1.77883,1.77889,1.77681,1.77707,3291.48495
2026-01-17 11:45:00+00:00,1.77721,1.778,1.77586,1.77778,2095.756788
2026-01-17 11:50:00+00:00,1.77874,1.77923,1.77835,1.77887,5764.625847
2026-01-17 11:55:00+00:00,1.77864,1.77887,1.77764,1.77774,1269.206097
2026-01-17 12:00:00+00:00,1.77738,1.778,1.77653,1.7773,3065.095021
2026-01-17 12:05:00+00:00,1.7773,1.77905,1.7773,1.77869,4848.309114
2026-01-17 12:10:00+00:00,1.77841,1.77997,1.77841,1.7793,2656.819106
2026-01-17 12:15:00+00:00,1.7796,1.78017,1.7772,1.7772,3687.7508
2026-01-17 12:20:00+00:00,1.77787,1.77827,1.77674,1.77759,4862.014558
2026-01-17 12:25:00+00:00,1.77718,1.77798,1.77641,1.77696,4107.554374
2026-01-17 12:30:00+00:00,1.77696,1.77763,1.77696,1.77722,3496.713569
2026-01-17 12:35:00+00:00,1.7768,1.77755,1.77619,1.77654,7780.450826
2026-01-17 12:40:00+00:00,1.7764,1.77677,1.77517,1.77529,3086.680487
2026-01-17 12:45:00+00:00,1.77521,1.7762,1.77514,1.77574,3571.218027
2026-01-17 12:50:00+00:00,1.77568,1.7761,1.77562,1.7757,15866.578704
2026-01-17 12:55:00+00:00,1.77584,1.77648,1.77578,1.77648,1497.988238
2026-01-17 13:00:00+00:00,1.77615,1.77615,1.77523,1.77587,1835.262802
2026-01-17 13:05:00+00:00,1.7753,1.77665,1.77481,1.77637,6465.823574
2026-01-17 13:10:00+00:00,1.77649,1.77794,1.77649,1.77779,12577.171313
2026-01-17 13:15:00+00:00,1.77779,1.77965,1.77723,1.77857,11720.8286
2026-01-17 13:20:00+00:00,1.77801,1.77947,1.7775,1.77778,3293.5348
2026-01-17 13:25:00+00:00,1.77779,1.77845,1.77754,1.77823,1404.480274
2026-01-17 13:30:00+00:00,1.77836,1.77946,1.77776,1.77854,7665.845051
2026-01-17 13:35:00+00:00,1.77819,1.77819,1.77643,1.7778,7072.432899
2026-01-17 13:40:00+00:00,1.7785,1.77954,1.77771,1.77923,2699.027985
2026-01-17 13:45:00+00:00,1.77886,1.77971,1.77836,1.77942,6750.615873
2026-01-17 13:50:00+00:00,1.77914,1.77924,1.77805,1.77807,957.415688
2026-01-17 13:55:00+00:00,1.77822,1.77876,1.77779,1.778,1608.069982
2026-01-17 14:00:00+00:00,1.7777,1.7783,1.77485,1.77585,6053.203573
2026-01-17 14:05:00+00:00,1.77674,1.7772,1.77613,1.77697,1659.032352
2026-01-17 14:10:00+00:00,1.77688,1.779,1.7767,1.779,5315.916628
2026-01-17 14:15:00+00:00,1.78037,1.78244,1.78,1.78242,57131.769244
2026-01-17 14:20:00+00:00,1.78142,1.78271,1.77967,1.78008,2042.630335
2026-01-17 14:25:00+00:00,1.78037,1.78194,1.78023,1.78119,4375.108455
2026-01-17 14:30:00+00:00,1.78168,1.7853,1.78089,1.78413,18884.280712
2026-01-17 14:35:00+00:00,1.78499,1.78911,1.78499,1.78862,14516.978093
2026-01-17 14:40:00+00:00,1.78939,1.79247,1.78935,1.7898,21434.691871
2026-01-17 14:45:00+00:00,1.78841,1.78932,1.78742,1.7878,26742.848903
2026-01-17 14:50:00+00:00,1.78798,1.7891,1.78797,1.78798,10843.860032
2026-01-17 14:55:00+00:00,1.78942,1.78963,1.78751,1.78841,12203.148474
2026-01-17 15:00:00+00:00,1.78775,1.78999,1.78733,1.78807,4736.842437
2026-01-17 15:05:00+00:00,1.78788,1.78925,1.78624,1.78761,167765.944486
2026-01-17 15:10:00+00:00,1.78781,1.79201,1.78595,1.78984,204457.497473
2026-01-17 15:15:00+00:00,1.78996,1.79517,1.78914,1.79504,82451.678826
2026-01-17 15:20:00+00:00,1.79477,1.79477,1.78747,1.79145,44479.006976
2026-01-17 15:25:00+00:00,1.78866,1.79157,1.78866,1.79093,5632.747344
2026-01-17 15:30:00+00:00,1.78973,1.79098,1.78925,1.79084,12552.320296
2026-01-17 15:35:00+00:00,1.79092,1.79271,1.78991,1.79248,7961.934972
2026-01-17 15:40:00+00:00,1.79191,1.7933,1.7909,1.79304,60511.108612
2026-01-17 15:45:00+00:00,1.79273,1.79307,1.79155,1.79256,1958.338052
2026-01-17 15:50:00+00:00,1.79202,1.7952,1.7902,1.79118,9840.599272
2026-01-17 15:55:00+00:00,1.79435,1.79538,1.79396,1.79466,30516.771875
2026-01-17 16:00:00+00:00,1.79253,1.7951,1.79242,1.7945,41974.122422
2026-01-17 16:05:00+00:00,1.7939,1.79479,1.79177,1.79269,5811.157975
2026-01-17 16:10:00+00:00,1.79189,1.79272,1.79189,1.79208,3008.052461
2026-01-17 16:15:00+00:00,1.79218,1.79218,1.78952,1.79018,15366.994557
2026-01-17 16:20:00+00:00,1.78802,1.79012,1.7866,1.78741,13793.697044
2026-01-17 16:25:00+00:00,1.78702,1.78874,1.78633,1.78874,29541.865146
2026-01-17 16:30:00+00:00,1.78799,1.78799,1.78406,1.787,208154.495167
2026-01-17 16:35:00+00:00,1.78608,1.78655,1.78461,1.78549,37149.908095
2026-01-17 16:40:00+00:00,1.7855,1.7877,1.7855,1.78708,23042.057009
2026-01-17 16:45:00+00:00,1.78686,1.78834,1.78491,1.78521,10313.745621
2026-01-17 16:50:00+00:00,1.78557,1.78832,1.78456,1.78768,46654.728981
2026-01-17 16:55:00+00:00,1.78768,1.78911,1.78737,1.78819,46317.324981
2026-01-17 17:00:00+00:00,1.78807,1.78899,1.78722,1.78868,12396.958883
2026-01-17 17:05:00+00:00,1.7877,1.78992,1.7877,1.78938,17595.126645
2026-01-17 17:10:00+00:00,1.78937,1.79237,1.78937,1.79041,23892.451134
2026-01-17 17:15:00+00:00,1.79021,1.79183,1.79021,1.79183,56154.503084
2026-01-17 17:20:00+00:00,1.79187,1.79187,1.79041,1.79118,10326.606335
2026-01-17 17:25:00+00:00,1.79094,1.79169,1.79073,1.79166,8049.905687
2026-01-17 17:30:00+00:00,1.79107,1.79158,1.78961,1.79158,4844.230278
2026-01-17 17:35:00+00:00,1.7909,1.7925,1.7909,1.7925,23712.185848
2026-01-17 17:40:00+00:00,1.7925,1.7936,1.7922,1.7936,11663.532925
2026-01-17 17:45:00+00:00,1.79359,1.79359,1.79111,1.79111,7518.625346
2026-01-17 17:50:00+00:00,1.79112,1.79127,1.78743,1.78926,35602.595016
2026-01-17 17:55:00+00:00,1.78821,1.79665,1.78794,1.79665,172612.725834
2026-01-17 18:00:00+00:00,1.78997,1.79728,1.78972,1.79101,200741.645273
2026-01-17 18:05:00+00:00,1.79121,1.79149,1.78848,1.79064,15883.929306
2026-01-17 18:10:00+00:00,1.79054,1.79071,1.7894,1.7894,18273.072228
2026-01-17 18:15:00+00:00,1.78965,1.79152,1.78926,1.79106,11483.087856
2026-01-17 18:20:00+00:00,1.79096,1.79174,1.79026,1.7906,6326.409105
2026-01-17 18:25:00+00:00,1.79236,1.79236,1.79114,1.79134,10175.484589
2026-01-17 18:30:00+00:00,1.79044,1.79199,1.79044,1.79085,6727.786743
2026-01-17 18:35:00+00:00,1.79047,1.79218,1.79047,1.79137,12177.410746
2026-01-17 18:40:00+00:00,1.79118,1.7915,1.78988,1.79027,15223.979443
2026-01-17 18:45:00+00:00,1.79048,1.79089,1.78984,1.78987,9884.874853
2026-01-17 18:50:00+00:00,1.78972,1.78994,1.789,1.78915,48429.441695
2026-01-17 18:55:00+00:00,1.78999,1.79181,1.7892,1.79181,99724.381496
2026-01-17 19:00:00+00:00,1.79,1.79146,1.78927,1.79026,80181.707247
2026-01-17 19:05:00+00:00,1.79051,1.79129,1.78989,1.79121,5439.078539
2026-01-17 19:10:00+00:00,1.79112,1.7922,1.79112,1.7922,13313.37452
2026-01-17 19:15:00+00:00,1.79241,1.79241,1.79095,1.7913,24494.962341
2026-01-17 19:20:00+00:00,1.79079,1.79079,1.78957,1.78957,2963.693326
2026-01-17 19:25:00+00:00,1.78975,1.79009,1.78867,1.79009,49694.522285
2026-01-17 19:30:00+00:00,1.79027,1.79077,1.7895,1.79077,1125.105029
2026-01-17 19:35:00+00:00,1.79077,1.79262,1.79073,1.79251,6586.937509
2026-01-17 19:40:00+00:00,1.7923,1.7924,1.79059,1.79083,35591.807721
2026-01-17 19:45:00+00:00,1.79072,1.79106,1.79028,1.79063,456.429815
2026-01-17 19:50:00+00:00,1.79058,1.79063,1.7885,1.7885,38149.644876
2026-01-17 19:55:00+00:00,1.78932,1.78969,1.78932,1.78969,262.831332
2026-01-17 20:00:00+00:00,1.78767,1.78893,1.78721,1.78746,69100.706797
2026-01-17 20:05:00+00:00,1.78743,1.78852,1.787,1.78829,47213.146932
2026-01-17 20:10:00+00:00,1.78813,1.78918,1.78745,1.7886,6808.867404
2026-01-17 20:15:00+00:00,1.78864,1.78967,1.7885,1.78902,5315.720495
2026-01-17 20:20:00+00:00,1.79014,1.79088,1.7898,1.7898,10756.614973
2026-01-17 20:25:00+00:00,1.78964,1.78964,1.78837,1.78865,5329.754092
2026-01-17 20:30:00+00:00,1.78857,1.78865,1.78772,1.78828,3943.386811
2026-01-17 20:35:00+00:00,1.78762,1.78803,1.78733,1.78761,10929.03063
2026-01-17 20:40:00+00:00,1.78747,1.7875,1.78719,1.78728,634.275927
2026-01-17 20:45:00+00:00,1.78733,1.78872,1.78733,1.78866,21465.945066
2026-01-17 20:50:00+00:00,1.78835,1.78889,1.78723,1.78819,6395.67667
2026-01-17 20:55:00+00:00,1.78819,1.78837,1.78735,1.78778,2626.876934
2026-01-17 21:00:00+00:00,1.78801,1.78801,1.78689,1.78689,7800.992881
2026-01-17 21:05:00+00:00,1.78709,1.7871,1.78668,1.78707,6593.306393
2026-01-17 21:10:00+00:00,1.78661,1.78661,1.78534,1.78534,3419.918471
2026-01-17 21:15:00+00:00,1.78501,1.78602,1.78432,1.78432,3986.747832
2026-01-17 21:20:00+00:00,1.78439,1.78467,1.78374,1.78462,19349.710784
2026-01-17 21:25:00+00:00,1.78443,1.785,1.78443,1.78498,7015.473343
2026-01-17 21:30:00+00:00,1.78504,1.78504,1.7827,1.7827,12433.259115
2026-01-17 21:35:00+00:00,1.78347,1.78446,1.78279,1.78287,5532.19471
2026-01-17 21:40:00+00:00,1.78271,1.78473,1.78263,1.78448,16764.784017
2026-01-17 21:45:00+00:00,1.78465,1.78675,1.78465,1.78628,6738.079796
2026-01-17 21:50:00+00:00,1.78628,1.78642,1.7842,1.78453,20989.607987
2026-01-17 21:55:00+00:00,1.78385,1.78481,1.78385,1.78465,4908.556275
2026-01-17 22:00:00+00:00,1.78473,1.78499,1.78388,1.78388,2257.237508
2026-01-17 22:05:00+00:00,1.78398,1.7851,1.78398,1.78466,6334.243063
2026-01-17 22:10:00+00:00,1.78419,1.78455,1.78181,1.78273,7425.713425
2026-01-17 22:15:00+00:00,1.78383,1.78538,1.78362,1.7844,973.626341
2026-01-17 22:20:00+00:00,1.78381,1.78453,1.78323,1.78323,31912.066866
2026-01-17 22:25:00+00:00,1.7838,1.78383,1.7816,1.78196,6631.572708
2026-01-17 22:30:00+00:00,1.78208,1.7822,1.77993,1.7822,25537.359776
2026-01-17 22:35:00+00:00,1.78152,1.78152,1.77667,1.77695,106821.061102
2026-01-17 22:40:00+00:00,1.77806,1.78051,1.77806,1.77975,29512.234312
2026-01-17 22:45:00+00:00,1.77861,1.77987,1.77661,1.77963,2121.196972
2026-01-17 22:50:00+00:00,1.78,1.78176,1.78,1.78149,60935.815253
2026-01-17 22:55:00+00:00,1.7813,1.78352,1.78009,1.78104,39325.866026
2026-01-17 23:00:00+00:00,1.7806,1.78234,1.78034,1.78131,7172.754986
2026-01-17 23:05:00+00:00,1.78099,1.78267,1.78099,1.7817,5174.704999
2026-01-17 23:10:00+00:00,1.78189,1.78353,1.78162,1.78263,26739.77115
2026-01-17 23:15:00+00:00,1.78199,1.78281,1.78156,1.78161,29309.997356
2026-01-17 23:20:00+00:00,1.78104,1.78104,1.77911,1.78026,21551.710982
2026-01-17 23:25:00+00:00,1.77971,1.77992,1.77921,1.77937,3317.445971
2026-01-17 23:30:00+00:00,1.77957,1.78165,1.77957,1.78139,4810.064033
2026-01-17 23:35:00+00:00,1.78159,1.78216,1.78029,1.78029,4082.72521
2026-01-17 23:40:00+00:00,1.78107,1.78136,1.78074,1.78126,628.616735
2026-01-17 23:45:00+00:00,1.78091,1.78091,1.77926,1.77938,2623.679388
2026-01-17 23:50:00+00:00,1.77972,1.78039,1.77927,1.77927,13356.041157
2026-01-17 23:55:00+00:00,1.77923,1.7805,1.7791,1.7805,2457.807522
2026-01-18 00:00:00+00:00,1.77891,1.77998,1.77868,1.77921,3336.750097
2026-01-18 00:05:00+00:00,1.77973,1.78106,1.7791,1.781,1077.05705
2026-01-18 00:10:00+00:00,1.78121,1.78321,1.78121,1.78259,53860.017381
2026-01-18 00:15:00+00:00,1.78412,1.78412,1.78316,1.78354,7462.143554
2026-01-18 00:20:00+00:00,1.78316,1.78316,1.78228,1.78315,2674.42989
2026-01-18 00:25:00+00:00,1.7834,1.78348,1.78146,1.78146,7031.685924
2026-01-18 00:30:00+00:00,1.78075,1.78149,1.78024,1.78075,7246.232501
2026-01-18 00:35:00+00:00,1.78075,1.78195,1.78009,1.7805,13277.442079
2026-01-18 00:40:00+00:00,1.77699,1.77864,1.77699,1.77864,2550.74534
2026-01-18 00:45:00+00:00,1.77818,1.77881,1.777,1.77737,2096.436796
2026-01-18 00:50:00+00:00,1.77737,1.77777,1.77724,1.77777,168.777778
2026-01-18 00:55:00+00:00,1.77711,1.778,1.77711,1.77776,5426.570507
2026-01-18 01:00:00+00:00,1.77688,1.77709,1.77453,1.777,5791.688786
2026-01-18 01:05:00+00:00,1.77585,1.77621,1.7725,1.77348,114241.390126
2026-01-18 01:10:00+00:00,1.7729,1.77455,1.77269,1.77363,17522.633037
2026-01-18 01:15:00+00:00,1.77339,1.7759,1.77283,1.7758,3494.069012
2026-01-18 01:20:00+00:00,1.77522,1.77615,1.77486,1.77589,3485.994013
2026-01-18 01:25:00+00:00,1.77625,1.7765,1.77519,1.7765,1272.112731
2026-01-18 01:30:00+00:00,1.7765,1.77777,1.77502,1.77551,4115.649529
2026-01-18 01:35:00+00:00,1.77628,1.77635,1.77522,1.77576,5006.382018
2026-01-18 01:40:00+00:00,1.7754,1.7754,1.77375,1.77411,5425.913012
2026-01-18 01:45:00+00:00,1.77371,1.77371,1.77056,1.77083,4484.569504
2026-01-18 01:50:00+00:00,1.77133,1.77142,1.76739,1.76804,61456.704597
2026-01-18 01:55:00+00:00,1.76909,1.76992,1.76864,1.76992,2819.242499
2026-01-18 02:00:00+00:00,1.77,1.77258,1.77,1.77249,6084.578703
2026-01-18 02:05:00+00:00,1.77203,1.77397,1.77195,1.77397,7710.778212
2026-01-18 02:10:00+00:00,1.77288,1.77288,1.77288,1.77288,11.309283
2026-01-18 02:15:00+00:00,1.77437,1.7745,1.77228,1.77249,4269.189022
2026-01-18 02:20:00+00:00,1.77211,1.77211,1.77117,1.77143,2152.126295
2026-01-18 02:25:00+00:00,1.77142,1.77174,1.77142,1.77174,46.25029
2026-01-18 02:30:00+00:00,1.77122,1.77159,1.76876,1.76914,1964.403815
2026-01-18 02:35:00+00:00,1.76955,1.7697,1.7676,1.7697,9168.654169
2026-01-18 02:40:00+00:00,1.76898,1.771,1.76883,1.77028,2236.66266
2026-01-18 02:45:00+00:00,1.77107,1.77133,1.77072,1.77072,2441.723064
2026-01-18 02:50:00+00:00,1.77013,1.7716,1.77012,1.7716,3056.733542
2026-01-18 02:55:00+00:00,1.7719,1.7719,1.7719,1.7719,331.478303
2026-01-18 03:00:00+00:00,1.77135,1.7736,1.77135,1.7732,38228.209279
2026-01-18 03:05:00+00:00,1.77376,1.774,1.77247,1.77247,7395.08386
2026-01-18 03:10:00+00:00,1.77307,1.77308,1.77041,1.77043,39003.729631
2026-01-18 03:15:00+00:00,1.77083,1.77349,1.77083,1.77094,15510.259134
2026-01-18 03:20:00+00:00,1.77217,1.77238,1.77175,1.77222,10540.271599
2026-01-18 03:25:00+00:00,1.7728,1.77431,1.7728,1.7743,2182.782245
2026-01-18 03:30:00+00:00,1.775,1.77814,1.775,1.77799,2216.639255
2026-01-18 03:35:00+00:00,1.77639,1.77788,1.77631,1.77788,1773.037959
2026-01-18 03:40:00+00:00,1.77756,1.77768,1.77742,1.77742,215.158551
2026-01-18 03:45:00+00:00,1.77728,1.77735,1.77675,1.77718,13113.966776
2026-01-18 03:50:00+00:00,1.77629,1.77714,1.77624,1.77662,3621.288928
2026-01-18 03:55:00+00:00,1.77582,1.77606,1.77532,1.77532,3268.312705
2026-01-18 04:05:00+00:00,1.77489,1.7749,1.77399,1.77399,1460.267046
2026-01-18 04:10:00+00:00,1.7726,1.7726,1.7726,1.7726,319.848469
2026-01-18 04:15:00+00:00,1.77168,1.77316,1.77168,1.772,5754.674067
2026-01-18 04:20:00+00:00,1.7735,1.77403,1.77271,1.77271,625.384344
2026-01-18 04:25:00+00:00,1.77353,1.7737,1.77254,1.7737,2881.736722
2026-01-18 04:30:00+00:00,1.77283,1.77283,1.77135,1.77142,2423.805214
2026-01-18 04:35:00+00:00,1.77238,1.7727,1.77238,1.7727,752.706336
2026-01-18 04:40:00+00:00,1.77314,1.7736,1.77314,1.77347,1873.81621
2026-01-18 04:45:00+00:00,1.77289,1.7738,1.77289,1.7738,586.989271
2026-01-18 04:50:00+00:00,1.77442,1.77482,1.77347,1.77347,5213.980168
2026-01-18 04:55:00+00:00,1.77327,1.77419,1.77327,1.77419,1492.63312
2026-01-18 05:00:00+00:00,1.77131,1.77153,1.77131,1.77144,2844.432325
2026-01-18 05:05:00+00:00,1.77152,1.77156,1.77122,1.77152,1144.402946
2026-01-18 05:10:00+00:00,1.77152,1.77283,1.77152,1.77283,1844.802617
2026-01-18 05:15:00+00:00,1.7734,1.77366,1.77331,1.7734,3369.211232
2026-01-18 05:20:00+00:00,1.77352,1.77352,1.77194,1.77194,3031.828329
2026-01-18 05:25:00+00:00,1.77156,1.77234,1.77092,1.7717,21926.334976
2026-01-18 05:30:00+00:00,1.77123,1.77177,1.76786,1.76833,76526.979309
2026-01-18 05:35:00+00:00,1.76773,1.76979,1.76766,1.76979,26843.466201
2026-01-18 05:40:00+00:00,1.77008,1.7739,1.76945,1.7739,74767.707691
2026-01-18 05:45:00+00:00,1.77308,1.77463,1.77306,1.77416,25266.414949
2026-01-18 05:50:00+00:00,1.773,1.77317,1.7719,1.77278,1688.287472
2026-01-18 05:55:00+00:00,1.77294,1.77327,1.7729,1.7729,24336.329422
2026-01-18 06:00:00+00:00,1.7724,1.7734,1.7721,1.77319,2488.354997
2026-01-18 06:05:00+00:00,1.77336,1.77336,1.77247,1.77313,4625.167392
2026-01-18 06:10:00+00:00,1.77459,1.77569,1.77459,1.77569,17023.294343
2026-01-18 06:15:00+00:00,1.77526,1.77526,1.7739,1.77526,3476.054521
2026-01-18 06:20:00+00:00,1.77375,1.77517,1.77375,1.77504,1840.040568
2026-01-18 06:25:00+00:00,1.77522,1.77522,1.77451,1.77502,89.246592
2026-01-18 06:30:00+00:00,1.77404,1.77529,1.77404,1.77529,345.802759
2026-01-18 06:35:00+00:00,1.77607,1.77607,1.77543,1.77576,4108.173734
2026-01-18 06:40:00+00:00,1.7766,1.7766,1.77578,1.77578,1364.161248
2026-01-18 06:45:00+00:00,1.77622,1.77627,1.77622,1.77622,5.631019
2026-01-18 06:50:00+00:00,1.7763,1.7763,1.7755,1.7755,641.541118
2026-01-18 06:55:00+00:00,1.77587,1.77603,1.77501,1.77603,870.002079
2026-01-18 07:00:00+00:00,1.77574,1.777,1.77541,1.777,4586.884269
2026-01-18 07:05:00+00:00,1.77726,1.77726,1.775,1.77664,1987.136945
2026-01-18 07:10:00+00:00,1.77366,1.77366,1.77206,1.77265,5536.719778
2026-01-18 07:15:00+00:00,1.77237,1.77313,1.7723,1.77284,16618.540914
2026-01-18 07:20:00+00:00,1.77289,1.77313,1.77227,1.77287,4550.057711
2026-01-18 07:25:00+00:00,1.774,1.77414,1.773,1.77368,4672.257226
2026-01-18 07:30:00+00:00,1.7735,1.77362,1.77198,1.77198,3019.761614
2026-01-18 07:35:00+00:00,1.7716,1.7716,1.76995,1.77047,36697.619782
2026-01-18 07:40:00+00:00,1.77149,1.77253,1.77137,1.77247,3662.278607
2026-01-18 07:45:00+00:00,1.77226,1.7732,1.77226,1.77297,1294.581791
2026-01-18 07:50:00+00:00,1.77333,1.77333,1.77168,1.77245,1300.840594
2026-01-18 07:55:00+00:00,1.77244,1.77273,1.77095,1.7725,12021.827844
2026-01-18 08:00:00+00:00,1.7709,1.77129,1.76955,1.76955,9351.242879
2026-01-18 08:05:00+00:00,1.76969,1.77027,1.76941,1.7699,21746.033913
2026-01-18 08:10:00+00:00,1.77061,1.77079,1.76941,1.77051,4063.289159
2026-01-18 08:15:00+00:00,1.77031,1.77064,1.76969,1.76996,18658.798966
2026-01-18 08:20:00+00:00,1.77054,1.77188,1.77053,1.77174,2230.5288
2026-01-18 08:25:00+00:00,1.7724,1.77343,1.7724,1.773,8851.16086
2026-01-18 08:30:00+00:00,1.7731,1.77421,1.77273,1.77394,7516.088545
2026-01-18 08:35:00+00:00,1.77334,1.77568,1.77306,1.77568,34446.046345
2026-01-18 08:40:00+00:00,1.77534,1.77666,1.77532,1.77554,15591.072589
2026-01-18 08:45:00+00:00,1.77572,1.77609,1.77431,1.77432,4784.127655
2026-01-18 08:50:00+00:00,1.77608,1.77667,1.77581,1.77626,6238.444584
2026-01-18 08:55:00+00:00,1.77604,1.77636,1.77513,1.77515,5336.271038
2026-01-18 09:00:00+00:00,1.77477,1.77524,1.77442,1.77493,1418.013389
2026-01-18 09:05:00+00:00,1.77449,1.77575,1.7734,1.77537,3240.94157
2026-01-18 09:10:00+00:00,1.77526,1.77578,1.7744,1.7744,1810.279259
2026-01-18 09:15:00+00:00,1.77411,1.77495,1.77411,1.77487,5797.553479
2026-01-18 09:20:00+00:00,1.77509,1.77583,1.77491,1.77541,6281.200156
2026-01-18 09:25:00+00:00,1.77346,1.77549,1.77344,1.774,2404.530996
2026-01-18 09:30:00+00:00,1.7755,1.77651,1.77515,1.77637,9660.013021
2026-01-18 09:35:00+00:00,1.77625,1.77732,1.77625,1.77636,10366.713263
2026-01-18 09:40:00+00:00,1.77626,1.77722,1.77596,1.77596,32845.089019
2026-01-18 09:45:00+00:00,1.77597,1.77749,1.77597,1.77709,9509.758567
2026-01-18 09:50:00+00:00,1.77803,1.779,1.77782,1.77898,4095.437713
2026-01-18 09:55:00+00:00,1.77886,1.779,1.77752,1.77819,11199.764252
2026-01-18 10:00:00+00:00,1.77602,1.77625,1.77393,1.77393,2558.144623
2026-01-18 10:05:00+00:00,1.77365,1.7742,1.77273,1.77273,10176.396778
2026-01-18 10:10:00+00:00,1.77375,1.77478,1.77277,1.77436,2435.249789
2026-01-18 10:15:00+00:00,1.77407,1.7743,1.77333,1.77421,2979.775671
2026-01-18 10:20:00+00:00,1.77408,1.77433,1.7736,1.7736,20546.082533
2026-01-18 10:25:00+00:00,1.77369,1.77369,1.77266,1.7732,3690.025414
2026-01-18 10:30:00+00:00,1.77322,1.7743,1.77314,1.77406,2874.721077
2026-01-18 10:35:00+00:00,1.77483,1.77521,1.7731,1.77328,6863.06428
2026-01-18 10:40:00+00:00,1.77308,1.77456,1.77286,1.77335,12950.276515
2026-01-18 10:45:00+00:00,1.77399,1.774,1.77288,1.77349,2385.078909
2026-01-18 10:50:00+00:00,1.77329,1.77616,1.77329,1.77565,5389.465631
2026-01-18 10:55:00+00:00,1.77554,1.77576,1.77506,1.77576,7686.442972
2026-01-18 11:00:00+00:00,1.77461,1.775,1.77319,1.77319,14289.259829
2026-01-18 11:05:00+00:00,1.77379,1.77463,1.7736,1.7736,2055.721758
2026-01-18 11:10:00+00:00,1.7735,1.77403,1.77287,1.77343,19480.031633
2026-01-18 11:15:00+00:00,1.77433,1.77459,1.7734,1.77386,32272.721177
2026-01-18 11:20:00+00:00,1.77403,1.77426,1.77263,1.77284,4292.847821
2026-01-18 11:25:00+00:00,1.77256,1.77329,1.77126,1.77272,47962.296166
2026-01-18 11:30:00+00:00,1.7707,1.77271,1.77069,1.77271,29074.148914
2026-01-18 11:35:00+00:00,1.7716,1.77248,1.7715,1.7722,17684.48622
2026-01-18 11:40:00+00:00,1.7725,1.77329,1.77198,1.77317,1784.687852
2026-01-18 11:45:00+00:00,1.77222,1.77414,1.77192,1.77365,8795.715317
2026-01-18 11:50:00+00:00,1.77354,1.77383,1.77264,1.77306,9636.682515
2026-01-18 11:55:00+00:00,1.77209,1.77374,1.77169,1.77318,3415.895096
2026-01-18 12:00:00+00:00,1.77294,1.77298,1.77161,1.77224,1979.887851
2026-01-18 12:05:00+00:00,1.77134,1.77218,1.7706,1.77198,33352.637585
2026-01-18 12:10:00+00:00,1.77219,1.77283,1.77147,1.77221,2997.707738
2026-01-18 12:15:00+00:00,1.77197,1.7721,1.77106,1.77187,3926.690444
2026-01-18 12:20:00+00:00,1.77218,1.77221,1.7716,1.7716,6956.69612
2026-01-18 12:25:00+00:00,1.7717,1.7735,1.77159,1.77289,4945.722778
2026-01-18 12:30:00+00:00,1.77361,1.77363,1.77232,1.77261,8132.197316
2026-01-18 12:35:00+00:00,1.77401,1.77421,1.77265,1.77384,6440.44186
2026-01-18 12:40:00+00:00,1.77364,1.77376,1.77272,1.77362,3088.644465
2026-01-18 12:45:00+00:00,1.77409,1.77409,1.77299,1.77362,1643.874044
2026-01-18 12:50:00+00:00,1.7733,1.7733,1.77177,1.77177,7486.747318
2026-01-18 12:55:00+00:00,1.7721,1.77213,1.77039,1.77091,10336.97045
2026-01-18 13:00:00+00:00,1.77,1.77089,1.76949,1.76999,25462.822601
2026-01-18 13:05:00+00:00,1.76805,1.77035,1.76636,1.76777,68888.268208
2026-01-18 13:10:00+00:00,1.76835,1.76876,1.76806,1.76876,4422.146375
2026-01-18 13:15:00+00:00,1.7688,1.77,1.7688,1.76952,5019.336971
2026-01-18 13:20:00+00:00,1.7693,1.7693,1.76627,1.76742,5538.672634
2026-01-18 13:25:00+00:00,1.76622,1.76847,1.7662,1.76832,10140.890502
2026-01-18 13:30:00+00:00,1.76801,1.76849,1.767,1.767,5054.28179
2026-01-18 13:35:00+00:00,1.76715,1.76881,1.76715,1.7679,13247.153665
2026-01-18 13:40:00+00:00,1.76847,1.77192,1.76845,1.77186,19066.171234
2026-01-18 13:45:00+00:00,1.77112,1.7719,1.77075,1.77114,5125.995067
2026-01-18 13:50:00+00:00,1.77112,1.77123,1.7703,1.7704,8695.154374
2026-01-18 13:55:00+00:00,1.77011,1.77086,1.76948,1.7704,26916.557361
2026-01-18 14:00:00+00:00,1.77032,1.77033,1.76837,1.76887,3930.256902
2026-01-18 14:05:00+00:00,1.76837,1.76984,1.76837,1.76935,3148.803611
2026-01-18 14:10:00+00:00,1.76975,1.77336,1.76926,1.77316,51394.616374
2026-01-18 14:15:00+00:00,1.7733,1.77724,1.77316,1.77487,30691.174696
2026-01-18 14:20:00+00:00,1.7756,1.77606,1.77435,1.77606,5950.872995
2026-01-18 14:25:00+00:00,1.77626,1.77626,1.77477,1.77531,3695.520192
2026-01-18 14:30:00+00:00,1.77558,1.7765,1.77558,1.77559,10699.502448
2026-01-18 14:35:00+00:00,1.77559,1.77561,1.77252,1.77298,33080.788901
2026-01-18 14:40:00+00:00,1.77265,1.77297,1.77151,1.77151,3266.181817
2026-01-18 14:45:00+00:00,1.77109,1.77149,1.76945,1.77105,2535.365538
2026-01-18 14:50:00+00:00,1.77132,1.77162,1.77065,1.77132,24514.80785
2026-01-18 14:55:00+00:00,1.7712,1.7712,1.7677,1.76791,33652.256383
2026-01-18 15:00:00+00:00,1.76897,1.7692,1.76423,1.7679,29837.233873
2026-01-18 15:05:00+00:00,1.76718,1.76752,1.76583,1.7663,4224.69778
2026-01-18 15:10:00+00:00,1.76649,1.76769,1.76632,1.76735,11183.728211
2026-01-18 15:15:00+00:00,1.76691,1.76916,1.76669,1.76863,2209.402425
2026-01-18 15:20:00+00:00,1.7692,1.77095,1.7692,1.77041,18786.446452
2026-01-18 15:25:00+00:00,1.77051,1.77051,1.76862,1.76882,32220.806468
2026-01-18 15:30:00+00:00,1.76868,1.76918,1.76744,1.7688,27007.554752
2026-01-18 15:35:00+00:00,1.7688,1.7694,1.76815,1.76826,10771.295705
2026-01-18 15:40:00+00:00,1.76869,1.76982,1.76833,1.76861,15099.67871
2026-01-18 15:45:00+00:00,1.76826,1.76914,1.76815,1.76852,16170.018436
2026-01-18 15:50:00+00:00,1.76823,1.76837,1.76702,1.76824,16313.676235
2026-01-18 15:55:00+00:00,1.76829,1.76873,1.76749,1.76872,9125.714997
2026-01-18 16:00:00+00:00,1.76873,1.77106,1.7668,1.77051,31882.362368
2026-01-18 16:05:00+00:00,1.77063,1.77305,1.77046,1.77214,28084.553885
2026-01-18 16:10:00+00:00,1.7719,1.77282,1.77127,1.77198,5472.973512
2026-01-18 16:15:00+00:00,1.77223,1.773,1.7712,1.77164,5604.815165
2026-01-18 16:20:00+00:00,1.77121,1.77252,1.77111,1.77155,2490.738009
2026-01-18 16:25:00+00:00,1.77141,1.77141,1.76944,1.77046,30546.399799
2026-01-18 16:30:00+00:00,1.77027,1.7715,1.77001,1.77038,19072.207268
2026-01-18 16:35:00+00:00,1.77041,1.77239,1.77009,1.77106,5095.385177
2026-01-18 16:40:00+00:00,1.771,1.774,1.77083,1.77341,113220.91331
2026-01-18 16:45:00+00:00,1.77355,1.7748,1.77288,1.77412,16457.703726
2026-01-18 16:50:00+00:00,1.77253,1.77431,1.77253,1.77431,2732.069348
2026-01-18 16:55:00+00:00,1.77399,1.77438,1.76737,1.76749,205848.136186
2026-01-18 17:00:00+00:00,1.76795,1.77274,1.76759,1.77255,127427.464552
2026-01-18 17:05:00+00:00,1.77284,1.77423,1.77195,1.77195,36081.447069
2026-01-18 17:10:00+00:00,1.77132,1.77154,1.76913,1.76921,13708.794726
2026-01-18 17:15:00+00:00,1.76925,1.76972,1.76889,1.76912,6254.014783
2026-01-18 17:20:00+00:00,1.7691,1.77074,1.7691,1.76923,5057.235458
2026-01-18 17:25:00+00:00,1.77073,1.77073,1.77008,1.77018,11147.188513
2026-01-18 17:30:00+00:00,1.76964,1.76986,1.76862,1.76933,5653.264724
2026-01-18 17:35:00+00:00,1.76883,1.76887,1.76618,1.7671,10027.686718
2026-01-18 17:40:00+00:00,1.76578,1.76635,1.76502,1.7653,9215.880723
2026-01-18 17:45:00+00:00,1.76565,1.76673,1.76565,1.76632,8832.8996
2026-01-18 17:50:00+00:00,1.76617,1.76711,1.76601,1.76632,6602.778881
2026-01-18 17:55:00+00:00,1.7665,1.76929,1.76638,1.76781,24129.101947
2026-01-18 18:00:00+00:00,1.76669,1.76821,1.76538,1.76543,36424.193917
2026-01-18 18:05:00+00:00,1.76538,1.76712,1.76538,1.76712,32227.577253
2026-01-18 18:10:00+00:00,1.76712,1.76857,1.76583,1.76616,17323.764863
2026-01-18 18:15:00+00:00,1.76843,1.76923,1.768,1.76831,64117.235645
2026-01-18 18:20:00+00:00,1.7683,1.77087,1.76801,1.76886,28464.723097
2026-01-18 18:25:00+00:00,1.77053,1.77796,1.77053,1.77796,598139.719576
2026-01-18 18:30:00+00:00,1.77805,1.77999,1.77669,1.77961,51448.496077
2026-01-18 18:35:00+00:00,1.7791,1.77937,1.77609,1.77609,45898.332514
2026-01-18 18:40:00+00:00,1.77732,1.77739,1.7755,1.77555,91766.488984
2026-01-18 18:45:00+00:00,1.77619,1.78104,1.77619,1.78055,62989.534454
2026-01-18 18:50:00+00:00,1.78055,1.78055,1.77889,1.78011,22288.73727
2026-01-18 18:55:00+00:00,1.77987,1.78084,1.77711,1.77746,99979.967198
2026-01-18 19:00:00+00:00,1.77956,1.77994,1.77801,1.77899,12262.776943
2026-01-18 19:05:00+00:00,1.77899,1.77933,1.77596,1.77608,24527.64547
2026-01-18 19:10:00+00:00,1.77569,1.77634,1.77546,1.77629,4223.66124
2026-01-18 19:15:00+00:00,1.77586,1.77611,1.77351,1.77473,10389.384753
2026-01-18 19:20:00+00:00,1.77478,1.77481,1.77338,1.77427,11316.005031
2026-01-18 19:25:00+00:00,1.77442,1.77509,1.7737,1.77378,6043.117259
2026-01-18 19:30:00+00:00,1.7737,1.77404,1.77243,1.77353,9970.118845
2026-01-18 19:35:00+00:00,1.77334,1.77454,1.7729,1.77454,2071.917711
2026-01-18 19:40:00+00:00,1.77456,1.7756,1.77432,1.77455,13809.480663
2026-01-18 19:45:00+00:00,1.77422,1.77434,1.77,1.77027,8101.033082
2026-01-18 19:50:00+00:00,1.7704,1.77089,1.76962,1.77011,15137.242178
2026-01-18 19:55:00+00:00,1.77088,1.77151,1.76998,1.77091,11632.19963
2026-01-18 20:00:00+00:00,1.7696,1.77095,1.76893,1.7696,15979.032884
2026-01-18 20:05:00+00:00,1.76961,1.77073,1.76899,1.76915,1945.423994
2026-01-18 20:10:00+00:00,1.76957,1.77071,1.76895,1.76951,14894.480292
2026-01-18 20:15:00+00:00,1.7709,1.77165,1.7702,1.77149,65084.054328
2026-01-18 20:20:00+00:00,1.77162,1.77357,1.77064,1.77156,55635.332343
2026-01-18 20:25:00+00:00,1.77339,1.77605,1.77323,1.77605,8471.227019
2026-01-18 20:30:00+00:00,1.77644,1.77674,1.77549,1.77558,7818.859781
2026-01-18 20:35:00+00:00,1.77612,1.77641,1.77289,1.77289,14929.912457
2026-01-18 20:40:00+00:00,1.77343,1.77475,1.77189,1.77425,63319.017938
2026-01-18 20:45:00+00:00,1.77346,1.7744,1.7723,1.77339,78247.124793
2026-01-18 20:50:00+00:00,1.77336,1.77387,1.77232,1.77335,45752.094469
2026-01-18 20:55:00+00:00,1.77217,1.77392,1.77208,1.77392,12119.288406
2026-01-18 21:00:00+00:00,1.77392,1.77481,1.77391,1.7741,10318.624846
2026-01-18 21:05:00+00:00,1.77527,1.77531,1.77391,1.77391,12054.396167
2026-01-18 21:10:00+00:00,1.77508,1.77683,1.77422,1.7763,21027.06813
2026-01-18 21:15:00+00:00,1.77617,1.77617,1.77478,1.77549,2160.109898
2026-01-18 21:20:00+00:00,1.7757,1.7757,1.77389,1.77533,53372.079075
2026-01-18 21:25:00+00:00,1.77402,1.77432,1.77353,1.77379,3326.870681
2026-01-18 21:30:00+00:00,1.77412,1.77507,1.77392,1.77507,4400.341282
2026-01-18 21:35:00+00:00,1.77515,1.77515,1.77365,1.7743,2566.058915
2026-01-18 21:40:00+00:00,1.77482,1.775,1.77399,1.77451,7007.050722
2026-01-18 21:45:00+00:00,1.77527,1.77682,1.77527,1.77678,3088.246007
2026-01-18 21:50:00+00:00,1.77603,1.77603,1.77324,1.77501,8106.044839
2026-01-18 21:55:00+00:00,1.7748,1.7748,1.77347,1.77467,25064.929172
2026-01-18 22:00:00+00:00,1.77458,1.77642,1.77385,1.77457,24497.844421
2026-01-18 22:05:00+00:00,1.77615,1.77834,1.7761,1.77834,59503.218383
2026-01-18 22:10:00+00:00,1.7783,1.78137,1.77676,1.7782,62888.2576
2026-01-18 22:15:00+00:00,1.77987,1.78024,1.77862,1.77891,3579.358687
2026-01-18 22:20:00+00:00,1.77906,1.77914,1.77694,1.77814,2649.684789
2026-01-18 22:25:00+00:00,1.7768,1.77729,1.7761,1.7761,5754.37214
2026-01-18 22:30:00+00:00,1.77525,1.7759,1.7747,1.77505,8407.375253
2026-01-18 22:35:00+00:00,1.77497,1.77653,1.77488,1.7762,4250.615042
2026-01-18 22:40:00+00:00,1.77824,1.77841,1.77714,1.77788,12497.059654
2026-01-18 22:45:00+00:00,1.778,1.77838,1.77738,1.77753,9823.738113
2026-01-18 22:50:00+00:00,1.77731,1.77819,1.77722,1.77726,612.098527
2026-01-18 22:55:00+00:00,1.77791,1.77859,1.77773,1.7784,5722.651964
2026-01-18 23:00:00+00:00,1.77554,1.7772,1.765,1.76564,63842.479264
2026-01-18 23:05:00+00:00,1.76579,1.76579,1.75779,1.75896,147006.59265
2026-01-18 23:10:00+00:00,1.75943,1.76318,1.75802,1.76134,37794.376549
2026-01-18 23:15:00+00:00,1.76027,1.76157,1.75899,1.76157,64728.147844
2026-01-18 23:20:00+00:00,1.76176,1.76255,1.74664,1.75883,263694.207474
2026-01-18 23:25:00+00:00,1.7513,1.75158,1.73865,1.74036,260372.52561
2026-01-18 23:30:00+00:00,1.74208,1.74484,1.73244,1.73468,117917.883882
2026-01-18 23:35:00+00:00,1.73498,1.7375,1.73161,1.73238,187167.349397
2026-01-18 23:40:00+00:00,1.73122,1.7328,1.72397,1.72814,271704.504555
2026-01-18 23:45:00+00:00,1.7275,1.7275,1.70824,1.71405,512966.660922
2026-01-18 23:50:00+00:00,1.7115,1.71716,1.71122,1.71378,101374.197465
